InChI,InChIKey,SMILES,Synonyms,PUBCHEM_CID,Molecular formula,Major Isotope Mass,ALogP,Lipinski_Violations,Insecticide_Likeness_Violations,Post_Em_Herbicide_Likeness_Violations,Metabolite ID,cdk:Title,Reaction,Reaction ID,Enzyme(s),Biosystem,Precursor ID,Precursor SMILES,Precursor InChI,Precursor InChIKey,Precursor ALogP,Precursor Major Isotope Mass
"InChI=1S/C15H12O5/c16-9-3-1-8(2-4-9)13-7-12(19)15-11(18)5-10(17)6-14(15)20-13/h1-7,12,16-19H",TWLIHXQWVLTBCS-UHFFFAOYSA-N,O1C=2C(C(O)C=C1C3=CC=C(O)C=C3)=C(O)C=C(O)C2,"2-(4-hydroxyphenyl)-4H-chromene-4,5,7-triol",86574168,C15H12O5,272.068473484,1.9377999999999997,0,1,1,BTM00001,BTM00001,Reduction of carbonyl,BTMR0368,EC 1.1.1.184,HUMAN,5280443,O1C=2C(C(=O)C=C1C3=CC=C(O)C=C3)=C(O)C=C(O)C2,"InChI=1S/C15H10O5/c16-9-3-1-8(2-4-9)13-7-12(19)15-11(18)5-10(17)6-14(15)20-13/h1-7,16-18H",KZNIFHPLKGYRTM-UHFFFAOYSA-N,,270.0528
"InChI=1S/C21H18O11/c22-9-3-1-8(2-4-9)13-7-12(24)15-11(23)5-10(6-14(15)31-13)30-21-18(27)16(25)17(26)19(32-21)20(28)29/h1-7,16-19,21-23,25-27H,(H,28,29)",JBFOLLJCGUCDQP-UHFFFAOYSA-N,O1C=2C(C(=O)C=C1C3=CC=C(O)C=C3)=C(O)C=C(OC4OC(C(O)=O)C(C(C4O)O)O)C2,"3,4,5-trihydroxy-6-[5-hydroxy-2-(4-hydroxyphenyl)-4-oxochromen-7-yl]oxyoxane-2-carboxylic acid
3,4,5-Trihydroxy-6-(5-hydroxy-2-(4-hydroxyphenyl)-4-oxochromen-7-yl)oxyoxane-2-carboxylic acid
RefChem:1065674
APIGENIN-7-O-GLUCRONIDE
NSC622811
Apigenin 7-O-|A-glucuronide
CHEMBL1980748
SCHEMBL12955450
CHEBI:182306
NSC-622811
NCI60_006773",5387370,C21H18O11,446.084911396,1.3314999999999988,1,1,1,BTM00002,BTM00002,Aromatic OH-glucuronidation,BTMR0166,EC 2.4.1.17,HUMAN,5280443,O1C=2C(C(=O)C=C1C3=CC=C(O)C=C3)=C(O)C=C(O)C2,"InChI=1S/C15H10O5/c16-9-3-1-8(2-4-9)13-7-12(19)15-11(18)5-10(17)6-14(15)20-13/h1-7,16-18H",KZNIFHPLKGYRTM-UHFFFAOYSA-N,,270.0528
"InChI=1S/C21H18O11/c22-9-3-1-8(2-4-9)12-7-11(24)15-13(30-12)5-10(23)6-14(15)31-21-18(27)16(25)17(26)19(32-21)20(28)29/h1-7,16-19,21-23,25-27H,(H,28,29)",FNSVTQFRLNQDTR-UHFFFAOYSA-N,O1C=2C(C(=O)C=C1C3=CC=C(O)C=C3)=C(OC4OC(C(O)=O)C(C(C4O)O)O)C=C(O)C2,"Compound NP-025192
AKOS040736835",77642193,C21H18O11,446.084911396,1.3314999999999988,1,1,1,BTM00003,BTM00003,Aromatic OH-glucuronidation,BTMR0166,EC 2.4.1.17,HUMAN,5280443,O1C=2C(C(=O)C=C1C3=CC=C(O)C=C3)=C(O)C=C(O)C2,"InChI=1S/C15H10O5/c16-9-3-1-8(2-4-9)13-7-12(19)15-11(18)5-10(17)6-14(15)20-13/h1-7,16-18H",KZNIFHPLKGYRTM-UHFFFAOYSA-N,,270.0528
"InChI=1S/C21H18O11/c22-9-5-11(23)15-12(24)7-13(31-14(15)6-9)8-1-3-10(4-2-8)30-21-18(27)16(25)17(26)19(32-21)20(28)29/h1-7,16-19,21-23,25-27H,(H,28,29)",NKRGFKAFZUDVES-UHFFFAOYSA-N,O1C=2C(C(=O)C=C1C3=CC=C(OC4OC(C(O)=O)C(C(C4O)O)O)C=C3)=C(O)C=C(O)C2,,,C21H18O11,446.084911396,1.3314999999999988,1,1,1,BTM00004,BTM00004,Aromatic OH-glucuronidation,BTMR0166,EC 2.4.1.17,HUMAN,5280443,O1C=2C(C(=O)C=C1C3=CC=C(O)C=C3)=C(O)C=C(O)C2,"InChI=1S/C15H10O5/c16-9-3-1-8(2-4-9)13-7-12(19)15-11(18)5-10(17)6-14(15)20-13/h1-7,16-18H",KZNIFHPLKGYRTM-UHFFFAOYSA-N,,270.0528
"InChI=1S/C16H12O5/c1-20-11-6-12(18)16-13(19)8-14(21-15(16)7-11)9-2-4-10(17)5-3-9/h2-8,17-18H,1H3",JPMYFOBNRRGFNO-UHFFFAOYSA-N,O1C=2C(C(=O)C=C1C3=CC=C(O)C=C3)=C(O)C=C(OC)C2,"Genkwanin
437-64-9
Gengkwanin
7-O-Methylapigenin
7-Methylapigenin
7-Methoxyapigenin
Apigenin 7-methyl ether
5,4'-Dihydroxy-7-methoxyflavone
5-hydroxy-2-(4-hydroxyphenyl)-7-methoxychromen-4-one
5K3I5D6B2B
DTXSID80195908
CHEBI:75718
5,4'-dihydroxy-7-methoxy-flavone
RefChem:142883
DTXCID80118399
4',5-Dihydroxy-7-methoxyflavone
Puddumetin
5-Hydroxy-2-(4-hydroxyphenyl)-7-methoxy-4H-chromen-4-one
4H-1-Benzopyran-4-one, 5-hydroxy-2-(4-hydroxyphenyl)-7-methoxy-
MFCD00017452
CHEMBL210635
5-hydroxy-2-(4-hydroxyphenyl)-7-methoxy-chromen-4-one
UNII-5K3I5D6B2B
Gonkwanin
Henquanin
4'',5-dihydroxy-7-methoxyflavone
7'O-methyl-apigenin
Genkwanin (Standard)
apigenin 7-methylether
Spectrum_000330
SpecPlus_000835
Spectrum2_001355
Spectrum3_001401
Spectrum4_001667
Spectrum5_000573
BSPBio_003042
KBioGR_002193
KBioSS_000810
DivK1c_006931
Genkwanin, analytical standard
SCHEMBL866123
SPBio_001569
orb1300267
4,5-Dihydroxy-7-methoxyflavone
Genkwanin, >=98% (HPLC)
SCHEMBL29445006
HY-N0731R
KBio1_001875
KBio2_000810
KBio2_003378
KBio2_005946
KBio3_002262
5-Hydroxy-2-(4-hydroxyphenyl)-7-methoxy-4H-1-benzopyran-4-one
HY-N0731
4'',5-dihydroxy-7-methoxy flavone
BDBM50187658
CCG-38838
LMPK12111018
MSK158067
s9287
AKOS015896775
Flavone, 4',5-dihydroxy-7-methoxy-
EBC-457056
FG23656
NCGC00178332-01
NCGC00178332-02
AC-34953
AS-60761
ST057642
DB-051163
CS-0009744
NS00083543
4',5-Dihydroxy-7-methoxyflavone, AldrichCPR
C10046
Q3050376
BRD-K29160894-001-02-9
5-Hydroxy-2-(4-hydroxyphenyl)-7-methoxy-4H-chromen-4-one #",5281617,C16H12O5,284.068473484,3.278000000000001,0,0,0,BTM00005,BTM00005,Methylation of phenolic compound,BTMR1377,EC 2.1.1.25,HUMAN,5280443,O1C=2C(C(=O)C=C1C3=CC=C(O)C=C3)=C(O)C=C(O)C2,"InChI=1S/C15H10O5/c16-9-3-1-8(2-4-9)13-7-12(19)15-11(18)5-10(17)6-14(15)20-13/h1-7,16-18H",KZNIFHPLKGYRTM-UHFFFAOYSA-N,,270.0528
"InChI=1S/C16H12O5/c1-20-14-6-11(18)7-15-16(14)12(19)8-13(21-15)9-2-4-10(17)5-3-9/h2-8,17-18H,1H3",YQABHAHJGSNVQR-UHFFFAOYSA-N,O1C=2C(C(=O)C=C1C3=CC=C(O)C=C3)=C(OC)C=C(O)C2,"Thevetiaflavone
29376-68-9
7-hydroxy-2-(4-hydroxyphenyl)-5-methoxychromen-4-one
RefChem:189228
5-o-methylapigenin
apigenin-5-methyl ether
4H-1-Benzopyran-4-one, 7-hydroxy-2-(4-hydroxyphenyl)-5-methoxy-
NSC719158
2-Genistein-5-methyl ether
CHEMBL182265
orb1707799
SCHEMBL2874033
5-methoxy-7,4'-dihydroxyflavone
7-hydroxy-2-(4-hydroxyphenyl)-5-methoxy-4H-chromen-4-one
HY-N1157
LMPK12110956
7,4'-dihydroxy-5-methoxy-isoflavone
AKOS040740935
NSC-719158
(2S)-7,4'-dihydroxy-5-methoxyflavone
FT139054
MS-24040
NCI60_040953
PD100264
DB-229427
CS-0016447
E88819
7-hydroxy-2-(4-hydroxyphenyl)-5-methoxy-chromen-4-one",5315202,C16H12O5,284.068473484,3.278000000000001,0,0,0,BTM00006,BTM00006,Methylation of phenolic compound,BTMR1377,EC 2.1.1.25,HUMAN,5280443,O1C=2C(C(=O)C=C1C3=CC=C(O)C=C3)=C(O)C=C(O)C2,"InChI=1S/C15H10O5/c16-9-3-1-8(2-4-9)13-7-12(19)15-11(18)5-10(17)6-14(15)20-13/h1-7,16-18H",KZNIFHPLKGYRTM-UHFFFAOYSA-N,,270.0528
"InChI=1S/C16H12O5/c1-20-11-4-2-9(3-5-11)14-8-13(19)16-12(18)6-10(17)7-15(16)21-14/h2-8,17-18H,1H3",DANYIYRPLHHOCZ-UHFFFAOYSA-N,O1C=2C(C(=O)C=C1C3=CC=C(OC)C=C3)=C(O)C=C(O)C2,"acacetin
480-44-4
Linarigenin
5,7-Dihydroxy-4'-methoxyflavone
5,7-dihydroxy-2-(4-methoxyphenyl)chromen-4-one
4'-Methoxy-5,7-dihydroxyflavone
KWI7J0A2CC
DTXSID00197383
NSC-76061
CHEBI:15335
RefChem:551426
DTXCID10119874
207-552-3
Buddleoflavonol
5,7-Dihydroxy-2-(4-methoxyphenyl)-4H-chromen-4-one
4'-Methoxyapigenin
Acacetine
Linarisenin
Apigenin 4'-methyl ether
Akatsetin
5,7-Dioxy-4'-methoxyflavone
Apisenin 4'-methyl ether
Apigenin 4'-dimethyl ether
4H-1-BENZOPYRAN-4-ONE, 5,7-DIHYDROXY-2-(4-METHOXYPHENYL)-
4'-O-Methylapigenin
MFCD00016936
NSC 76061
Flavone, 5,7-dihydroxy-4'-methoxy-
ACAETIN
NSC76061
5,7-dihydroxy-2-(4-methoxyphenyl)-4h-1-benzopyran-4-one
5,7-Dihydroxy-2-(4-methoxyphenyl)-4-benzopyrone
MLS002693970
CHEMBL243664
2-(4-Methoxyphenyl)-5,7-dihydroxy-4H-1-benzopyran-4-one
SMR001233299
SR-01000841189
EINECS 207-552-3
UNII-KWI7J0A2CC
accacetin
BRN 0277879
Acaceztin
Acacetin?
4'-Methylapigenin
Prestwick_49
Acacetin (Standard)
4'-O-methyl apigenin
4'-O-methyl-apigenin
Kinome_3212
Spectrum_000135
ACACETIN [MI]
Prestwick0_000695
Prestwick1_000695
Prestwick2_000695
Prestwick3_000695
Spectrum5_000930
Acacetin, analytical standard
BSPBio_000849
KBioSS_000595
SPECTRUM200499
5-18-04-00575 (Beilstein Handbook Reference)
MLS002153960
DivK1c_000878
SCHEMBL107712
SPBio_002770
BPBio1_000935
orb1303480
SCHEMBL29387049
BCBcMAP01_000082
BDBM23415
GTPL13776
HMS502L20
HY-N0451R
KBio1_000878
KBio2_000595
KBio2_003163
KBio2_005731
APIGENIN-4'-METHYL ETHER
Flavone,7-dihydroxy-4'-methoxy-
NINDS_000878
HMS1570K11
HMS1922P12
HMS2097K11
HMS2234J17
HMS3374F03
Acacetin, >=97.0% (HPLC)
HY-N0451
MSK15637
LMPK12110468
s5318
AKOS015903365
CCG-208517
CS-5336
EBC-444074
FA16905
IDI1_000878
SMP1_000001
NCGC00016458-01
NCGC00016458-02
NCGC00016458-03
NCGC00016458-04
NCGC00016458-05
NCGC00095213-01
NCGC00095213-02
NCGC00095213-03
NCGC00179402-01
AC-33976
AS-70345
CAS-480-44-4
ST066889
SY067185
WLN: T66 BO EVJ CR DO1& GQ IQ
DB-051509
A3013
NS00031752
C01470
480A444
F241167
Q2822213
SR-01000841189-3
SR-01000841189-4
BRD-K77685744-001-03-6
BRD-K77685744-001-07-7
5,7-Dihydroxy-2-(4-methoxyphenyl)-4H-chromen-4-one #
4H-1-Benzopyran-4-one,7-dihydroxy-2-(4-methoxyphenyl)-
BE7185D3-6331-4E84-8C8E-5D10E505E37A",5280442,C16H12O5,284.068473484,3.278000000000001,0,0,0,BTM00007,BTM00007,Methylation of phenolic compound,BTMR1377,EC 2.1.1.25,HUMAN,5280443,O1C=2C(C(=O)C=C1C3=CC=C(O)C=C3)=C(O)C=C(O)C2,"InChI=1S/C15H10O5/c16-9-3-1-8(2-4-9)13-7-12(19)15-11(18)5-10(17)6-14(15)20-13/h1-7,16-18H",KZNIFHPLKGYRTM-UHFFFAOYSA-N,,270.0528
"InChI=1S/C15H10O6/c16-8-4-11(19)15-12(20)6-13(21-14(15)5-8)7-1-2-9(17)10(18)3-7/h1-6,16-19H",IQPNAANSBPBGFQ-UHFFFAOYSA-N,O1C=2C(C(=O)C=C1C3=CC=C(O)C(=C3)O)=C(O)C=C(O)C2,"luteolin
491-70-3
3',4',5,7-Tetrahydroxyflavone
Digitoflavone
Luteolol
2-(3,4-Dihydroxyphenyl)-5,7-dihydroxy-4H-chromen-4-one
Flacitran
Luteoline
Salifazide
Yama kariyasu
Weld Lake
5,7,3',4'-Tetrahydroxyflavone
Cyanidenon-1470
2-(3,4-dihydroxyphenyl)-5,7-dihydroxychromen-4-one
4H-1-Benzopyran-4-one, 2-(3,4-dihydroxyphenyl)-5,7-dihydroxy-
2-(3,4-Dihydroxyphenyl)-5,7-dihydroxy-4-benzopyrone
KUX1ZNC9J2
DTXSID4074988
CHEBI:15864
3',4',5,7-Tetrahydroxy-Flavone
RefChem:6458
DTXCID6040668
207-741-0
Cyanidenon 1470
Bismite
MFCD00017309
Luteolin (Standard)
2-(3,4-dihydroxyphenyl)-5,7-dihydroxy-4H-1-benzopyran-4-one
CHEMBL151
2-(3,4-dihydroxyphenyl)-5,7-dihydroxy-chromen-4-one
FLAVONE, 3',4',5,7-TETRAHYDROXY-
2-(3,4-Dihydroxyphenyl)-5,7-dihydroxy-4-chromenone
1318-21-4
C.I. Natural Yellow 2
SMR000326896
7-Tetrahydroxyflavone
CCRIS 3790
SR-01000779333
EINECS 207-741-0
UNII-KUX1ZNC9J2
BRN 0292084
Luteoin
Daphneflavonol;
Digitoflavone;
Lutl
Flavopurpol;
Luteolin?
C.I. 75590
4dew
4dgn
4hkn
LU2
Prestwick_122
DIOSMETIN_met006
LUTEOLIN [MI]
Prestwick0_000870
Prestwick1_000870
Prestwick2_000870
Prestwick3_000870
LUTEOLIN [WHO-DD]
BIDD:PXR0059
Lopac0_000660
Oprea1_849964
SCHEMBL20426
BSPBio_000919
Luteolin, analytical standard
MLS000697655
MLS000860038
MLS002154043
MLS006011917
BIDD:ER0122
SPBio_002840
BDBM7459
BPBio1_001011
GTPL5215
MEGxp0_000143
orb1310014
SCHEMBL29352380
SCHEMBL29376494
SCHEMBL30045580
ACon1_000223
cid_5280445
HY-N0162R
GLXC-06558
HMS1570N21
HMS2097N21
HMS2220C06
HMS3356L02
HMS3561N09
HMS3649N21
HMS3656A05
HMS3714N21
HMS5080H10
Luteolin, >=99.0% (TLC)
BB_NC-01244
HY-N0162
MSK40243
TNP00073
Luteolin, >=98% (TLC), powder
BBL027837
EBC-11086
LMPK12110006
s2320
SBB066117
STK801923
AKOS002140588
AC-1125
CCG-208309
CS-4611
DB15584
FL24959
KS-5202
Luteolin 100 microg/mL in Acetonitrile
SMP2_000042
NCGC00016467-01
NCGC00016467-02
NCGC00016467-03
NCGC00016467-04
NCGC00016467-05
NCGC00016467-06
NCGC00016467-07
NCGC00016467-08
NCGC00016467-12
NCGC00016467-21
NCGC00142375-01
NCGC00142375-02
NCGC00142375-03
NCGC00179375-01
NCGC00179375-02
CAS-491-70-3
ST024703
SY030155
CS-0694839
NS00015143
SW196433-3
T2682
91L703
C01514
L 9283
S00110
EN300-1659559
AM-721/20737006
F079506
Luteolin, primary pharmaceutical reference standard
Q415011
SR-01000779333-4
SR-01000779333-5
SR-01000779333-7
BRD-K05236810-001-05-9
BRD-K05236810-001-19-0
23A002A4-B47B-46CD-848C-65042EACF3FF
Z1741977179
2-(3,4-Dihydroxyphenyl)-5,7-dihydroxy-4H-benzopyrone-4-one
2-(3,4-Dihydroxyphenyl)-5,7-dihydroxy-4H-chromen-4-one #
4H-Benzopyran-4-one, 2-(3,4-dihydroxyphenyl)-5,7-dihydroxy-
Luteolin (Digitoflavone; Daphneflavonol; Flavopurpol; Luteolol)",5280445,C15H10O6,286.04773803999996,2.7596,0,1,1,BTM00008,BTM00008,"2-Hydroxylation of 1,4-disubstituted benzene",BTMR0037,CYP1A2,HUMAN,5280443,O1C=2C(C(=O)C=C1C3=CC=C(O)C=C3)=C(O)C=C(O)C2,"InChI=1S/C15H10O5/c16-9-3-1-8(2-4-9)13-7-12(19)15-11(18)5-10(17)6-14(15)20-13/h1-7,16-18H",KZNIFHPLKGYRTM-UHFFFAOYSA-N,,270.0528
"InChI=1S/C15H10O6/c16-8-3-1-7(2-4-8)15-14(21-15)13(19)12-10(18)5-9(17)6-11(12)20-15/h1-6,14,16-18H",MTOGFTXTNQUYJX-UHFFFAOYSA-N,O1C=2C(C(=O)C3C1(C4=CC=C(O)C=C4)O3)=C(O)C=C(O)C2,SCHEMBL30696551,129650827,C15H10O6,286.04773804,2.1288000000000005,0,1,1,BTM00009,BTM00009,Epoxidation of vinyl ether,BTMR1026,"CYP1A2
CYP3A4",HUMAN,5280443,O1C=2C(C(=O)C=C1C3=CC=C(O)C=C3)=C(O)C=C(O)C2,"InChI=1S/C15H10O5/c16-9-3-1-8(2-4-9)13-7-12(19)15-11(18)5-10(17)6-14(15)20-13/h1-7,16-18H",KZNIFHPLKGYRTM-UHFFFAOYSA-N,,270.0528
"InChI=1S/C15H12O5/c16-9-3-1-8(2-4-9)13-7-12(19)15-11(18)5-10(17)6-14(15)20-13/h1-6,13,16-18H,7H2",FTVWIRXFELQLPI-UHFFFAOYSA-N,O1C=2C(C(=O)CC1C3=CC=C(O)C=C3)=C(O)C=C(O)C2,"67604-48-2
5,7-Dihydroxy-2-(4-hydroxyphenyl)chroman-4-one
DTXSID50274239
(+-)-naringenin
RefChem:528240
GlyTouCan:G03288QY
DTXCID50196624
G03288QY
266-769-1
(+/-)-Naringenin
4',5,7-Trihydroxyflavanone
rac Naringenin
93602-28-9
( inverted exclamation markA)-Naringenin
(R,S)-Naringenin
(-)-Naringenin
5,7-dihydroxy-2-(4-hydroxyphenyl)-2,3-dihydrochromen-4-one
(+)-naringenin
MFCD00006844
5,7-dihydroxy-2-(4-hydroxyphenyl)-3,4-dihydro-2H-1-benzopyran-4-one
CHEMBL32571
rac-Naringenin
MLS000028739
MLS000738094
NSC11855
NSC34875
SMR000059039
4',7-Trihydroxyflavanone
NSC 34875
Flavanone,5,7-trihydroxy-
(+/-)-2,3-Dihydro-5,7-dihydroxy-2-(4-hydroxyphenyl)-4H-1-benzopyran-4-one
Naringenin?
CCRIS 8135
MFCD00870553
4H-1-Benzopyran-4-one,3-dihydro-5,7-dihydroxy-2-(4-hydroxyphenyl)-
(?-Naringenin
4H-1-Benzopyran-4-one,3-dihydro-5,7-dihydroxy-2-(4-hydroxyphenyl)-, (S)-
4H-1-Benzopyran-4-one, 2,3-dihydro-5,7-dihydroxy-2-(4-hydroxyphenyl)-, (S)-
Naringenin (NAR)
Prestwick_531
(??)-Naringenin
EINECS 266-769-1
Opera_ID_106
Prestwick0_000466
Prestwick1_000466
Prestwick2_000466
Prestwick3_000466
(R,S)-Naringenin 1000 microg/mL in Acetone
Oprea1_194140
SCHEMBL20571
BSPBio_000572
MLS001146907
SPBio_002511
5,7-Dihydroxy-2-(4-hydroxyphenyl)-2,3-dihydro-4H-chromen-4-one
BPBio1_000630
MEGxp0_000358
orb1297626
SCHEMBL25894738
ACon1_000582
BDBM19461
GTPL10298
4',5,7-trihydroxyflavan-4-one
(+/-)-Naringenin, >=95%
HMS1569M14
HMS2096M14
HMS2231O18
HMS3352B08
HMS3373N07
HMS3656G15
Naringenin, natural (US), 98%
HY-W011641R
EBC-03890
NSC815094
SBB006461
5,7-Dihydroxy-2-(4-hydroxyphenyl)-2,3-dihydro-4H-1-benzopyran-4-one
AKOS015895052
(+/-)-Naringenin, analytical standard
CS-W012357
FN01176
HY-W011641
KS-5142
NSC-815094
SB17305
(+/-)-Naringenin, ~95% (HPCE)
SMP1_000060
NCGC00017346-02
NCGC00017346-03
NCGC00017346-04
NCGC00017346-09
NCGC00095963-01
NCGC00095963-02
NCGC00095963-03
AC-20273
ST057236
SY049933
SY075819
DB-057415
N0072
NS00003069
EN300-717813
S00279
AE-848/32605045
F320310
( inverted exclamation markA)-Naringenin (Standard)
5,7-Dihydroxy-2-(4-hydroxy-phenyl)-chroman-4-one
BRD-A94669766-001-02-6
BRD-A94669766-001-04-2
Q57826857
Z1741982267
EC19096C-4404-4A16-9BF9-92F9F358E005
( )-Naringenin;   4?,5,7-Trihydroxyflavanone; H-1-benzopyran-4-one
5,7-Dihydroxy-2-(4-hydroxyphenyl)-2,3-dihydro-4H-chromen-4-one, (S)- #
(+/-)-2,3-Dihydro-5,7-dihydroxy-2-(4-hydroxyphenyl)-4H-1-benzopyran-4- one",932,C15H12O5,272.068473484,2.2977000000000007,0,1,1,BTM00010,BTM00010,Flavonoid C-ring reduction,BTMR0255,Unspecified gut bacterial enzyme,GUTMICRO,5280443,O1C=2C(C(=O)C=C1C3=CC=C(O)C=C3)=C(O)C=C(O)C2,"InChI=1S/C15H10O5/c16-9-3-1-8(2-4-9)13-7-12(19)15-11(18)5-10(17)6-14(15)20-13/h1-7,16-18H",KZNIFHPLKGYRTM-UHFFFAOYSA-N,,270.0528
"InChI=1S/C15H10O4/c16-10-6-11(17)15-12(18)8-13(19-14(15)7-10)9-4-2-1-3-5-9/h1-8,16-17H",RTIXKCRFFJGDFG-UHFFFAOYSA-N,O1C=2C(C(=O)C=C1C3=CC=CC=C3)=C(O)C=C(O)C2,"chrysin
480-40-0
5,7-Dihydroxyflavone
Chrysine
5,7-dihydroxy-2-phenylchromen-4-one
4H-1-Benzopyran-4-one, 5,7-dihydroxy-2-phenyl-
5,7-Dihydroxy-2-phenyl-4H-1-benzopyran-4-one
FLAVONE, 5,7-DIHYDROXY-
NSC-407436
DTXSID1022396
3CN01F5ZJ5
DTXCID902396
CHEBI:75095
5,7-dihydroxy-flavone
RefChem:5686
207-549-7
5,7-Dihydroxy-2-phenyl-4H-chromen-4-one
MFCD00006834
5,7-Dihydroxy-2-phenyl-chromen-4-one
NSC407436
CHEMBL117
Crysin
5,7-Dihydroxy-2-phenyl-4H-benzo(b)pyran-4-one
Chrysin 99+%
CAS-480-40-0
Chrysinic acid
SMR000112318
SR-01000765660
EINECS 207-549-7
NSC 407436
BRN 0233276
UNII-3CN01F5ZJ5
Chrysinic acid;
3ebo
4des
5,7-flavonone
57D
Chrysin (Standard)
5,7-diOH-Flavone
Flavone,7-dihydroxy-
Chrysin, 97%
5,7-dihydroxy flavone
Ois 3
Spectrum_000245
CHRYSIN [MI]
Prestwick0_000889
Prestwick1_000889
Prestwick2_000889
Prestwick3_000889
Spectrum2_000753
Spectrum3_001399
Spectrum4_000780
Spectrum5_001503
Chrysin, analytical standard
Oprea1_045160
SCHEMBL44474
BSPBio_000678
BSPBio_002514
BSPBio_003018
KBioGR_001200
KBioSS_000725
5-18-04-00076 (Beilstein Handbook Reference)
MLS000697728
MLS001074879
MLS006011841
BIDD:ER0484
DivK1c_000614
SPECTRUM1500709
SPECTRUM1505144
SPBio_000766
SPBio_002897
AKOS NCG1-0026
BDBM7461
BPBio1_000746
GTPL8789
MEGxp0_001416
orb1304954
SCHEMBL28586240
SCHEMBL29383577
ACon1_000087
cid_5281607
HMS501O16
KBio1_000614
KBio2_000725
KBio2_003293
KBio2_005861
KBio3_002238
MSK7407
NINDS_000614
HMS1570B20
HMS1921E20
HMS2097B20
HMS2268I23
HMS3468N08
HMS3655L20
ALBB-015581
BB_NC-01015
Tox21_302335
BBL010449
CCG-40148
EBC-13872
HY-14589R
LMPK12110189
NSC818102
s2281
SBB012459
STK801609
AKOS000275936
CS-7531
DB15581
FD30010
GS-0927
NSC-818102
SDCCGMLS-0066586.P001
IDI1_000614
SMP1_000070
NCGC00016456-01
NCGC00016456-02
NCGC00016456-03
NCGC00016456-04
NCGC00016456-05
NCGC00016456-06
NCGC00016456-07
NCGC00016456-08
NCGC00016456-09
NCGC00016456-10
NCGC00016456-12
NCGC00094842-01
NCGC00094842-02
NCGC00094842-03
NCGC00094842-04
NCGC00094842-05
NCGC00168807-01
NCGC00168807-02
NCGC00168807-03
NCGC00168807-04
NCGC00255307-01
AC-10052
HY-14589
NCI60_003886
ST069324
SY050125
AB00513947
C1652
NS00008874
SW197197-2
5,7-Dihydroxy-2-phenyl-4H-chromen-4-one #
4H-1-Benzopyran-4-one,7-dihydroxy-2-phenyl-
80C400
EN300-303044
S00112
Chrysin 1000 microg/mL in Acetonitrile:Methanol
AK-693/40848576
F370625
Q973741
SR-01000765660-3
SR-01000765660-4
34B3B4AD-EEDD-4943-A1C6-8857D2FAA8E0
5,7-Dihydroxy-2-phenyl-4H-1-benzopyran-4-one, 9CI
BRD-K22861715-001-07-5
BRD-K22861715-001-12-5
BRD-K22861715-001-17-4
Z1824566175",5281607,C15H10O4,254.0579088,3.2944000000000004,0,0,0,BTM00011,BTM00011,4'-Dehydroxylation of substituted benzene,BTMR1012,Unspecified bacterial dehydroxylase,GUTMICRO,5280443,O1C=2C(C(=O)C=C1C3=CC=C(O)C=C3)=C(O)C=C(O)C2,"InChI=1S/C15H10O5/c16-9-3-1-8(2-4-9)13-7-12(19)15-11(18)5-10(17)6-14(15)20-13/h1-7,16-18H",KZNIFHPLKGYRTM-UHFFFAOYSA-N,,270.0528
"InChI=1S/C21H20O11/c22-9-3-1-8(2-4-9)13-7-12(24)15-11(23)5-10(6-14(15)31-13)30-21-18(27)16(25)17(26)19(32-21)20(28)29/h1-7,12,16-19,21-27H,(H,28,29)",WLDZDDVFASLPMX-UHFFFAOYSA-N,O1C=2C(C(O)C=C1C3=CC=C(O)C=C3)=C(O)C=C(OC4OC(C(O)=O)C(C(C4O)O)O)C2,,,C21H20O11,448.10056146,0.24229999999999802,1,1,1,BTM00012,BTM00012,Aromatic OH-glucuronidation,BTMR0166,EC 2.4.1.17,HUMAN,BTM00001,O1C=2C(C(O)C=C1C3=CC=C(O)C=C3)=C(O)C=C(O)C2,"InChI=1S/C15H12O5/c16-9-3-1-8(2-4-9)13-7-12(19)15-11(18)5-10(17)6-14(15)20-13/h1-7,12,16-19H",TWLIHXQWVLTBCS-UHFFFAOYSA-N,1.9377999999999997,272.068473484
"InChI=1S/C21H20O11/c22-9-3-1-8(2-4-9)12-7-11(24)15-13(30-12)5-10(23)6-14(15)31-21-18(27)16(25)17(26)19(32-21)20(28)29/h1-7,11,16-19,21-27H,(H,28,29)",OEVFFUQQIJOZOX-UHFFFAOYSA-N,O1C=2C(C(O)C=C1C3=CC=C(O)C=C3)=C(OC4OC(C(O)=O)C(C(C4O)O)O)C=C(O)C2,,,C21H20O11,448.10056146,0.24229999999999802,1,1,1,BTM00013,BTM00013,Aromatic OH-glucuronidation,BTMR0166,EC 2.4.1.17,HUMAN,BTM00001,O1C=2C(C(O)C=C1C3=CC=C(O)C=C3)=C(O)C=C(O)C2,"InChI=1S/C15H12O5/c16-9-3-1-8(2-4-9)13-7-12(19)15-11(18)5-10(17)6-14(15)20-13/h1-7,12,16-19H",TWLIHXQWVLTBCS-UHFFFAOYSA-N,1.9377999999999997,272.068473484
"InChI=1S/C21H20O11/c22-9-5-11(23)15-12(24)7-13(31-14(15)6-9)8-1-3-10(4-2-8)30-21-18(27)16(25)17(26)19(32-21)20(28)29/h1-7,12,16-19,21-27H,(H,28,29)",YXMFVTRSMAHAJE-UHFFFAOYSA-N,O1C=2C(C(O)C=C1C3=CC=C(OC4OC(C(O)=O)C(C(C4O)O)O)C=C3)=C(O)C=C(O)C2,,,C21H20O11,448.10056146,0.24229999999999802,1,1,1,BTM00014,BTM00014,Aromatic OH-glucuronidation,BTMR0166,EC 2.4.1.17,HUMAN,BTM00001,O1C=2C(C(O)C=C1C3=CC=C(O)C=C3)=C(O)C=C(O)C2,"InChI=1S/C15H12O5/c16-9-3-1-8(2-4-9)13-7-12(19)15-11(18)5-10(17)6-14(15)20-13/h1-7,12,16-19H",TWLIHXQWVLTBCS-UHFFFAOYSA-N,1.9377999999999997,272.068473484
"InChI=1S/C15H12O8S/c16-9-3-1-8(2-4-9)13-7-12(18)15-11(17)5-10(6-14(15)22-13)23-24(19,20)21/h1-7,12,16-18H,(H,19,20,21)",ULHIYYOJVAQGNW-UHFFFAOYSA-N,O1C=2C(C(O)C=C1C3=CC=C(O)C=C3)=C(O)C=C(OS(O)(=O)=O)C2,,,C15H12O8S,352.02528834400005,1.2009999999999996,0,1,1,BTM00015,BTM00015,Sulfonation of phenolic compound,BTMR1376,EC 2.8.2.1,HUMAN,BTM00001,O1C=2C(C(O)C=C1C3=CC=C(O)C=C3)=C(O)C=C(O)C2,"InChI=1S/C15H12O5/c16-9-3-1-8(2-4-9)13-7-12(19)15-11(18)5-10(17)6-14(15)20-13/h1-7,12,16-19H",TWLIHXQWVLTBCS-UHFFFAOYSA-N,1.9377999999999997,272.068473484
"InChI=1S/C15H12O8S/c16-9-3-1-8(2-4-9)12-7-11(18)15-13(22-12)5-10(17)6-14(15)23-24(19,20)21/h1-7,11,16-18H,(H,19,20,21)",WFCPJZDGDWSXDV-UHFFFAOYSA-N,O1C=2C(C(O)C=C1C3=CC=C(O)C=C3)=C(OS(O)(=O)=O)C=C(O)C2,,,C15H12O8S,352.025288344,1.2009999999999996,0,1,1,BTM00016,BTM00016,Sulfonation of phenolic compound,BTMR1376,EC 2.8.2.1,HUMAN,BTM00001,O1C=2C(C(O)C=C1C3=CC=C(O)C=C3)=C(O)C=C(O)C2,"InChI=1S/C15H12O5/c16-9-3-1-8(2-4-9)13-7-12(19)15-11(18)5-10(17)6-14(15)20-13/h1-7,12,16-19H",TWLIHXQWVLTBCS-UHFFFAOYSA-N,1.9377999999999997,272.068473484
"InChI=1S/C15H12O8S/c16-9-5-11(17)15-12(18)7-13(22-14(15)6-9)8-1-3-10(4-2-8)23-24(19,20)21/h1-7,12,16-18H,(H,19,20,21)",ZKTAFGUNTUVPFQ-UHFFFAOYSA-N,O1C=2C(C(O)C=C1C3=CC=C(OS(O)(=O)=O)C=C3)=C(O)C=C(O)C2,,,C15H12O8S,352.025288344,1.2009999999999996,0,1,1,BTM00017,BTM00017,Sulfonation of phenolic compound,BTMR1376,EC 2.8.2.1,HUMAN,BTM00001,O1C=2C(C(O)C=C1C3=CC=C(O)C=C3)=C(O)C=C(O)C2,"InChI=1S/C15H12O5/c16-9-3-1-8(2-4-9)13-7-12(19)15-11(18)5-10(17)6-14(15)20-13/h1-7,12,16-19H",TWLIHXQWVLTBCS-UHFFFAOYSA-N,1.9377999999999997,272.068473484
"InChI=1S/C15H12O8S/c16-9-3-1-8(2-4-9)12-7-14(23-24(19,20)21)15-11(18)5-10(17)6-13(15)22-12/h1-7,14,16-18H,(H,19,20,21)",PQHZVTLKEINPFZ-UHFFFAOYSA-N,O1C=2C(C(OS(O)(=O)=O)C=C1C3=CC=C(O)C=C3)=C(O)C=C(O)C2,,,C15H12O8S,352.025288344,1.3584999999999998,0,1,1,BTM00018,BTM00018,Sulfation of secondary alcohol,BTMR0502,EC 2.8.2.2,HUMAN,BTM00001,O1C=2C(C(O)C=C1C3=CC=C(O)C=C3)=C(O)C=C(O)C2,"InChI=1S/C15H12O5/c16-9-3-1-8(2-4-9)13-7-12(19)15-11(18)5-10(17)6-14(15)20-13/h1-7,12,16-19H",TWLIHXQWVLTBCS-UHFFFAOYSA-N,1.9377999999999997,272.068473484
"InChI=1S/C16H14O5/c1-20-11-6-12(18)16-13(19)8-14(21-15(16)7-11)9-2-4-10(17)5-3-9/h2-8,13,17-19H,1H3",ZKYNKKHUVIDQKT-UHFFFAOYSA-N,O1C=2C(C(O)C=C1C3=CC=C(O)C=C3)=C(O)C=C(OC)C2,,,C16H14O5,286.084123548,2.1887999999999996,0,1,1,BTM00019,BTM00019,Methylation of phenolic compound,BTMR1377,EC 2.1.1.25,HUMAN,BTM00001,O1C=2C(C(O)C=C1C3=CC=C(O)C=C3)=C(O)C=C(O)C2,"InChI=1S/C15H12O5/c16-9-3-1-8(2-4-9)13-7-12(19)15-11(18)5-10(17)6-14(15)20-13/h1-7,12,16-19H",TWLIHXQWVLTBCS-UHFFFAOYSA-N,1.9377999999999997,272.068473484
"InChI=1S/C16H14O5/c1-20-14-6-11(18)7-15-16(14)12(19)8-13(21-15)9-2-4-10(17)5-3-9/h2-8,12,17-19H,1H3",XJDTZUREHVPVNF-UHFFFAOYSA-N,O1C=2C(C(O)C=C1C3=CC=C(O)C=C3)=C(OC)C=C(O)C2,,,C16H14O5,286.084123548,2.1887999999999996,0,1,1,BTM00020,BTM00020,Methylation of phenolic compound,BTMR1377,EC 2.1.1.25,HUMAN,BTM00001,O1C=2C(C(O)C=C1C3=CC=C(O)C=C3)=C(O)C=C(O)C2,"InChI=1S/C15H12O5/c16-9-3-1-8(2-4-9)13-7-12(19)15-11(18)5-10(17)6-14(15)20-13/h1-7,12,16-19H",TWLIHXQWVLTBCS-UHFFFAOYSA-N,1.9377999999999997,272.068473484
"InChI=1S/C16H14O5/c1-20-11-4-2-9(3-5-11)14-8-13(19)16-12(18)6-10(17)7-15(16)21-14/h2-8,13,17-19H,1H3",SBQMPWUJTLOORV-UHFFFAOYSA-N,O1C=2C(C(O)C=C1C3=CC=C(OC)C=C3)=C(O)C=C(O)C2,,,C16H14O5,286.084123548,2.1887999999999996,0,1,1,BTM00021,BTM00021,Methylation of phenolic compound,BTMR1377,EC 2.1.1.25,HUMAN,BTM00001,O1C=2C(C(O)C=C1C3=CC=C(O)C=C3)=C(O)C=C(O)C2,"InChI=1S/C15H12O5/c16-9-3-1-8(2-4-9)13-7-12(19)15-11(18)5-10(17)6-14(15)20-13/h1-7,12,16-19H",TWLIHXQWVLTBCS-UHFFFAOYSA-N,1.9377999999999997,272.068473484
"InChI=1S/C16H14O5/c1-20-11-6-12(18)16-13(19)8-14(21-15(16)7-11)9-2-4-10(17)5-3-9/h2-8,13,17-19H,1H3",ZKYNKKHUVIDQKT-UHFFFAOYSA-N,O1C=2C(C(O)C=C1C3=CC=C(O)C=C3)=C(O)C=C(OC)C2,,,C16H14O5,286.084123548,2.1887999999999996,0,1,1,BTM00019,BTM00019,Reduction of carbonyl,BTMR0368,EC 1.1.1.184,HUMAN,BTM00005,O1C=2C(C(=O)C=C1C3=CC=C(O)C=C3)=C(O)C=C(OC)C2,"InChI=1S/C16H12O5/c1-20-11-6-12(18)16-13(19)8-14(21-15(16)7-11)9-2-4-10(17)5-3-9/h2-8,17-18H,1H3",JPMYFOBNRRGFNO-UHFFFAOYSA-N,3.278000000000001,284.068473484
"InChI=1S/C22H20O11/c1-30-11-6-14-16(12(24)8-13(31-14)9-2-4-10(23)5-3-9)15(7-11)32-22-19(27)17(25)18(26)20(33-22)21(28)29/h2-8,17-20,22-23,25-27H,1H3,(H,28,29)",WCHDWMCFNKBLNA-UHFFFAOYSA-N,O1C=2C(C(=O)C=C1C3=CC=C(O)C=C3)=C(OC4OC(C(O)=O)C(C(C4O)O)O)C=C(OC)C2,,,C22H20O11,460.10056146,1.5824999999999994,0,1,1,BTM00022,BTM00022,Aromatic OH-glucuronidation,BTMR0166,EC 2.4.1.17,HUMAN,BTM00005,O1C=2C(C(=O)C=C1C3=CC=C(O)C=C3)=C(O)C=C(OC)C2,"InChI=1S/C16H12O5/c1-20-11-6-12(18)16-13(19)8-14(21-15(16)7-11)9-2-4-10(17)5-3-9/h2-8,17-18H,1H3",JPMYFOBNRRGFNO-UHFFFAOYSA-N,3.278000000000001,284.068473484
"InChI=1S/C22H20O11/c1-30-11-6-12(23)16-13(24)8-14(32-15(16)7-11)9-2-4-10(5-3-9)31-22-19(27)17(25)18(26)20(33-22)21(28)29/h2-8,17-20,22-23,25-27H,1H3,(H,28,29)",QVUHOFWJYQIHJR-UHFFFAOYSA-N,O1C=2C(C(=O)C=C1C3=CC=C(OC4OC(C(O)=O)C(C(C4O)O)O)C=C3)=C(O)C=C(OC)C2,,,C22H20O11,460.10056146,1.5824999999999994,0,1,1,BTM00023,BTM00023,Aromatic OH-glucuronidation,BTMR0166,EC 2.4.1.17,HUMAN,BTM00005,O1C=2C(C(=O)C=C1C3=CC=C(O)C=C3)=C(O)C=C(OC)C2,"InChI=1S/C16H12O5/c1-20-11-6-12(18)16-13(19)8-14(21-15(16)7-11)9-2-4-10(17)5-3-9/h2-8,17-18H,1H3",JPMYFOBNRRGFNO-UHFFFAOYSA-N,3.278000000000001,284.068473484
"InChI=1S/C17H14O5/c1-20-12-7-15(21-2)17-13(19)9-14(22-16(17)8-12)10-3-5-11(18)6-4-10/h3-9,18H,1-2H3",ARICZLGTUHLTFQ-UHFFFAOYSA-N,O1C=2C(C(=O)C=C1C3=CC=C(O)C=C3)=C(OC)C=C(OC)C2,"5,7-Dimethoxy-4'-hydroxyflavone
16290-50-9
2-(4-hydroxyphenyl)-5,7-dimethoxychromen-4-one
5,7-Dmhf
DTXSID20167487
4H-1-Benzopyran-4-one, 2-(4-hydroxyphenyl)-5,7-dimethoxy-
RefChem:101384
DTXCID1089978
2-(4-hydroxyphenyl)-5,7-dimethoxy-4h-chromen-4-one
5,7-Dimethoxy-4/'-hydroxyflavone
5,7-Dimethoxyapigenin
SCHEMBL311530
CHEMBL3288426
SCHEMBL29978577
2-(4-Hydroxyphenyl)-5,7-dimethoxy-4H-1-benzopyran-4-one
4'-hydroxy-5,7-dimethoxyflavone
2-(4-hydroxyphenyl)-5,7-dimethoxy-chromen-4-one
Q61329131",161172,C17H14O5,298.084123548,3.5289999999999995,0,0,0,BTM00024,BTM00024,Methylation of phenolic compound,BTMR1377,EC 2.1.1.25,HUMAN,BTM00005,O1C=2C(C(=O)C=C1C3=CC=C(O)C=C3)=C(O)C=C(OC)C2,"InChI=1S/C16H12O5/c1-20-11-6-12(18)16-13(19)8-14(21-15(16)7-11)9-2-4-10(17)5-3-9/h2-8,17-18H,1H3",JPMYFOBNRRGFNO-UHFFFAOYSA-N,3.278000000000001,284.068473484
"InChI=1S/C17H14O5/c1-20-11-5-3-10(4-6-11)15-9-14(19)17-13(18)7-12(21-2)8-16(17)22-15/h3-9,18H,1-2H3",LZERJKGWTQYMBB-UHFFFAOYSA-N,O1C=2C(C(=O)C=C1C3=CC=C(OC)C=C3)=C(O)C=C(OC)C2,"5128-44-9
Apigenin 7,4'-dimethyl ether
Apigenin dimethylether
Genkwanin 4'-methyl ether
4',7-Dimethylapigenin
5-hydroxy-7-methoxy-2-(4-methoxyphenyl)chromen-4-one
5-Hydroxy-4',7-dimethoxyflavone
5-Hydroxy-7,4'-dimethoxyflavone
4H-1-Benzopyran-4-one, 5-hydroxy-7-methoxy-2-(4-methoxyphenyl)-
NSC-94547
5-hydroxy-7-methoxy-2-(4-methoxyphenyl)-4H-1-benzopyran-4-one
CHEBI:2769
DTXSID50199276
RefChem:913433
DTXCID80121767
7,4'-Di-O-methylapigenin
4',7-DIMETHOXY-5-HYDROXYFLAVONE
5-Hydroxy-7-methoxy-2-(4-methoxyphenyl)-4H-chromen-4-one
Apigenin 4',7-dimethyl ether
APIGENIN DIMETHYL ETHER
LVC8MF8MWR
NSC 94547
Flavone, 5-hydroxy-4',7-dimethoxy-
apigenin-7,4'-dimethylether
NSC94547
4,7-dimethoxy-5-hydroxyflavone
Acacetin 7-o-methyl ether
Dimethoxylapigenin
EINECS 225-867-4
Flavone, 5-hydroxy-4,7-dimethoxy-
MFCD00017446
Flavone,7-dimethoxy-
7,4'-dimethylapigenin
7-METHYLACACETIN
UNII-LVC8MF8MWR
Apigenin, 7,4'-dimethyl
apigenin-4',7-dimethylether
Apigenin 7,4-dimethyl ether
apigenin-7,4'-dimethyl ether
CHEMBL350958
orb1301580
SCHEMBL1176691
SCHEMBL5706595
5-Hydroxy-7-methoxy-2-(4-methoxyphenyl)-4-benzopyrone
SCHEMBL29392759
5-hydroxy-4',7-dimethoxyflavon
apigenin 7,4'-di-O-methylether
BDBM23413
HY-N2144R
7,4'-dimethoxy-5-hydroxyflavone
Flavone,5-hydroxy-4-7-dimethoxy
4',7-DI-O-METHYLAPIGENIN
4',7-Dimethoxy-5-hydroxy flavone
5'-Hydroxy-7,4'-dimethoxyflavone
5-Hydroxy-4',7-dimethoxy-flavone
Apigenin-4',7-di-O-methyl ether
5-hydroxyl-7,4'-dimethoxy flavone
HY-N2144
LMPK12111029
NSC815096
s3918
ZB1877
AKOS016009507
7,4'-Di-O-methylapigenin (Standard)
CCG-214072
CS-5798
EBC-466093
FA65396
NSC-815096
AC-34635
BS-17161
DB-118461
NS00032247
F16184
4',7-O-Dimethylapigenin, 4',7-Dimethoxyapigenin
SR-05000002549
SR-05000002549-1
Q23050245
5-hydroxy-7-methoxy-2-(4-methoxyphenyl)-4H-chromen-4-",5281601,C17H14O5,298.084123548,3.5289999999999995,0,0,0,BTM00025,BTM00025,Methylation of phenolic compound,BTMR1377,EC 2.1.1.25,HUMAN,BTM00005,O1C=2C(C(=O)C=C1C3=CC=C(O)C=C3)=C(O)C=C(OC)C2,"InChI=1S/C16H12O5/c1-20-11-6-12(18)16-13(19)8-14(21-15(16)7-11)9-2-4-10(17)5-3-9/h2-8,17-18H,1H3",JPMYFOBNRRGFNO-UHFFFAOYSA-N,3.278000000000001,284.068473484
"InChI=1S/C16H14O5/c1-20-14-6-11(18)7-15-16(14)12(19)8-13(21-15)9-2-4-10(17)5-3-9/h2-8,12,17-19H,1H3",XJDTZUREHVPVNF-UHFFFAOYSA-N,O1C=2C(C(O)C=C1C3=CC=C(O)C=C3)=C(OC)C=C(O)C2,,,C16H14O5,286.084123548,2.1887999999999996,0,1,1,BTM00020,BTM00020,Reduction of carbonyl,BTMR0368,EC 1.1.1.184,HUMAN,BTM00006,O1C=2C(C(=O)C=C1C3=CC=C(O)C=C3)=C(OC)C=C(O)C2,"InChI=1S/C16H12O5/c1-20-14-6-11(18)7-15-16(14)12(19)8-13(21-15)9-2-4-10(17)5-3-9/h2-8,17-18H,1H3",YQABHAHJGSNVQR-UHFFFAOYSA-N,3.278000000000001,284.068473484
"InChI=1S/C22H20O11/c1-30-14-6-11(31-22-19(27)17(25)18(26)20(33-22)21(28)29)7-15-16(14)12(24)8-13(32-15)9-2-4-10(23)5-3-9/h2-8,17-20,22-23,25-27H,1H3,(H,28,29)",CDICQBDFRWVZAN-UHFFFAOYSA-N,O1C=2C(C(=O)C=C1C3=CC=C(O)C=C3)=C(OC)C=C(OC4OC(C(O)=O)C(C(C4O)O)O)C2,,,C22H20O11,460.10056146,1.5824999999999994,0,1,1,BTM00026,BTM00026,Aromatic OH-glucuronidation,BTMR0166,EC 2.4.1.17,HUMAN,BTM00006,O1C=2C(C(=O)C=C1C3=CC=C(O)C=C3)=C(OC)C=C(O)C2,"InChI=1S/C16H12O5/c1-20-14-6-11(18)7-15-16(14)12(19)8-13(21-15)9-2-4-10(17)5-3-9/h2-8,17-18H,1H3",YQABHAHJGSNVQR-UHFFFAOYSA-N,3.278000000000001,284.068473484
"InChI=1S/C22H20O11/c1-30-14-6-10(23)7-15-16(14)12(24)8-13(32-15)9-2-4-11(5-3-9)31-22-19(27)17(25)18(26)20(33-22)21(28)29/h2-8,17-20,22-23,25-27H,1H3,(H,28,29)",ZIQLTMCWMPLEEQ-UHFFFAOYSA-N,O1C=2C(C(=O)C=C1C3=CC=C(OC4OC(C(O)=O)C(C(C4O)O)O)C=C3)=C(OC)C=C(O)C2,,,C22H20O11,460.10056146,1.5824999999999994,0,1,1,BTM00027,BTM00027,Aromatic OH-glucuronidation,BTMR0166,EC 2.4.1.17,HUMAN,BTM00006,O1C=2C(C(=O)C=C1C3=CC=C(O)C=C3)=C(OC)C=C(O)C2,"InChI=1S/C16H12O5/c1-20-14-6-11(18)7-15-16(14)12(19)8-13(21-15)9-2-4-10(17)5-3-9/h2-8,17-18H,1H3",YQABHAHJGSNVQR-UHFFFAOYSA-N,3.278000000000001,284.068473484
"InChI=1S/C17H14O5/c1-20-12-7-15(21-2)17-13(19)9-14(22-16(17)8-12)10-3-5-11(18)6-4-10/h3-9,18H,1-2H3",ARICZLGTUHLTFQ-UHFFFAOYSA-N,O1C=2C(C(=O)C=C1C3=CC=C(O)C=C3)=C(OC)C=C(OC)C2,"5,7-Dimethoxy-4'-hydroxyflavone
16290-50-9
2-(4-hydroxyphenyl)-5,7-dimethoxychromen-4-one
5,7-Dmhf
DTXSID20167487
4H-1-Benzopyran-4-one, 2-(4-hydroxyphenyl)-5,7-dimethoxy-
RefChem:101384
DTXCID1089978
2-(4-hydroxyphenyl)-5,7-dimethoxy-4h-chromen-4-one
5,7-Dimethoxy-4/'-hydroxyflavone
5,7-Dimethoxyapigenin
SCHEMBL311530
CHEMBL3288426
SCHEMBL29978577
2-(4-Hydroxyphenyl)-5,7-dimethoxy-4H-1-benzopyran-4-one
4'-hydroxy-5,7-dimethoxyflavone
2-(4-hydroxyphenyl)-5,7-dimethoxy-chromen-4-one
Q61329131",161172,C17H14O5,298.084123548,3.5289999999999995,0,0,0,BTM00024,BTM00024,Methylation of phenolic compound,BTMR1377,EC 2.1.1.25,HUMAN,BTM00006,O1C=2C(C(=O)C=C1C3=CC=C(O)C=C3)=C(OC)C=C(O)C2,"InChI=1S/C16H12O5/c1-20-14-6-11(18)7-15-16(14)12(19)8-13(21-15)9-2-4-10(17)5-3-9/h2-8,17-18H,1H3",YQABHAHJGSNVQR-UHFFFAOYSA-N,3.278000000000001,284.068473484
"InChI=1S/C17H14O5/c1-20-12-5-3-10(4-6-12)14-9-13(19)17-15(21-2)7-11(18)8-16(17)22-14/h3-9,18H,1-2H3",CYNUHRSKTJZUFW-UHFFFAOYSA-N,O1C=2C(C(=O)C=C1C3=CC=C(OC)C=C3)=C(OC)C=C(O)C2,"13698-23-2
7-hydroxy-5-methoxy-2-(4-methoxyphenyl)-4H-chromen-4-one
4H-1-Benzopyran-4-one, 7-hydroxy-5-methoxy-2-(4-methoxyphenyl)-
SPBio_000930
7-hydroxy-5-methoxy-2-(4-methoxyphenyl)chromen-4-one
Spectrum2_000795
BSPBio_002840
SCHEMBL4279323
7-hydroxy-5,4'-dimethoxyflavone
DTXSID80425156
CHEBI:193401
CCG-40173
NCGC00178441-01
7-Hydroxy-5-methoxy-2-(4-methoxyphenyl)-4H-1-benzopyran-4-one",6728945,C17H14O5,298.084123548,3.5289999999999995,0,0,0,BTM00028,BTM00028,Methylation of phenolic compound,BTMR1377,EC 2.1.1.25,HUMAN,BTM00006,O1C=2C(C(=O)C=C1C3=CC=C(O)C=C3)=C(OC)C=C(O)C2,"InChI=1S/C16H12O5/c1-20-14-6-11(18)7-15-16(14)12(19)8-13(21-15)9-2-4-10(17)5-3-9/h2-8,17-18H,1H3",YQABHAHJGSNVQR-UHFFFAOYSA-N,3.278000000000001,284.068473484
"InChI=1S/C16H14O5/c1-20-11-4-2-9(3-5-11)14-8-13(19)16-12(18)6-10(17)7-15(16)21-14/h2-8,13,17-19H,1H3",SBQMPWUJTLOORV-UHFFFAOYSA-N,O1C=2C(C(O)C=C1C3=CC=C(OC)C=C3)=C(O)C=C(O)C2,,,C16H14O5,286.084123548,2.1887999999999996,0,1,1,BTM00021,BTM00021,Reduction of carbonyl,BTMR0368,EC 1.1.1.184,HUMAN,BTM00007,O1C=2C(C(=O)C=C1C3=CC=C(OC)C=C3)=C(O)C=C(O)C2,"InChI=1S/C16H12O5/c1-20-11-4-2-9(3-5-11)14-8-13(19)16-12(18)6-10(17)7-15(16)21-14/h2-8,17-18H,1H3",DANYIYRPLHHOCZ-UHFFFAOYSA-N,3.278000000000001,284.068473484
"InChI=1S/C22H20O11/c1-30-10-4-2-9(3-5-10)14-8-13(24)16-12(23)6-11(7-15(16)32-14)31-22-19(27)17(25)18(26)20(33-22)21(28)29/h2-8,17-20,22-23,25-27H,1H3,(H,28,29)",ZWVNKIJIVBIMSW-UHFFFAOYSA-N,O1C=2C(C(=O)C=C1C3=CC=C(OC)C=C3)=C(O)C=C(OC4OC(C(O)=O)C(C(C4O)O)O)C2,,,C22H20O11,460.10056146,1.5824999999999994,0,1,1,BTM00029,BTM00029,Aromatic OH-glucuronidation,BTMR0166,EC 2.4.1.17,HUMAN,BTM00007,O1C=2C(C(=O)C=C1C3=CC=C(OC)C=C3)=C(O)C=C(O)C2,"InChI=1S/C16H12O5/c1-20-11-4-2-9(3-5-11)14-8-13(19)16-12(18)6-10(17)7-15(16)21-14/h2-8,17-18H,1H3",DANYIYRPLHHOCZ-UHFFFAOYSA-N,3.278000000000001,284.068473484
"InChI=1S/C22H20O11/c1-30-11-4-2-9(3-5-11)13-8-12(24)16-14(31-13)6-10(23)7-15(16)32-22-19(27)17(25)18(26)20(33-22)21(28)29/h2-8,17-20,22-23,25-27H,1H3,(H,28,29)",PEHRJWKKJYEDQJ-UHFFFAOYSA-N,O1C=2C(C(=O)C=C1C3=CC=C(OC)C=C3)=C(OC4OC(C(O)=O)C(C(C4O)O)O)C=C(O)C2,,,C22H20O11,460.10056146,1.5824999999999994,0,1,1,BTM00030,BTM00030,Aromatic OH-glucuronidation,BTMR0166,EC 2.4.1.17,HUMAN,BTM00007,O1C=2C(C(=O)C=C1C3=CC=C(OC)C=C3)=C(O)C=C(O)C2,"InChI=1S/C16H12O5/c1-20-11-4-2-9(3-5-11)14-8-13(19)16-12(18)6-10(17)7-15(16)21-14/h2-8,17-18H,1H3",DANYIYRPLHHOCZ-UHFFFAOYSA-N,3.278000000000001,284.068473484
"InChI=1S/C17H14O5/c1-20-11-5-3-10(4-6-11)15-9-14(19)17-13(18)7-12(21-2)8-16(17)22-15/h3-9,18H,1-2H3",LZERJKGWTQYMBB-UHFFFAOYSA-N,O1C=2C(C(=O)C=C1C3=CC=C(OC)C=C3)=C(O)C=C(OC)C2,"5128-44-9
Apigenin 7,4'-dimethyl ether
Apigenin dimethylether
Genkwanin 4'-methyl ether
4',7-Dimethylapigenin
5-hydroxy-7-methoxy-2-(4-methoxyphenyl)chromen-4-one
5-Hydroxy-4',7-dimethoxyflavone
5-Hydroxy-7,4'-dimethoxyflavone
4H-1-Benzopyran-4-one, 5-hydroxy-7-methoxy-2-(4-methoxyphenyl)-
NSC-94547
5-hydroxy-7-methoxy-2-(4-methoxyphenyl)-4H-1-benzopyran-4-one
CHEBI:2769
DTXSID50199276
RefChem:913433
DTXCID80121767
7,4'-Di-O-methylapigenin
4',7-DIMETHOXY-5-HYDROXYFLAVONE
5-Hydroxy-7-methoxy-2-(4-methoxyphenyl)-4H-chromen-4-one
Apigenin 4',7-dimethyl ether
APIGENIN DIMETHYL ETHER
LVC8MF8MWR
NSC 94547
Flavone, 5-hydroxy-4',7-dimethoxy-
apigenin-7,4'-dimethylether
NSC94547
4,7-dimethoxy-5-hydroxyflavone
Acacetin 7-o-methyl ether
Dimethoxylapigenin
EINECS 225-867-4
Flavone, 5-hydroxy-4,7-dimethoxy-
MFCD00017446
Flavone,7-dimethoxy-
7,4'-dimethylapigenin
7-METHYLACACETIN
UNII-LVC8MF8MWR
Apigenin, 7,4'-dimethyl
apigenin-4',7-dimethylether
Apigenin 7,4-dimethyl ether
apigenin-7,4'-dimethyl ether
CHEMBL350958
orb1301580
SCHEMBL1176691
SCHEMBL5706595
5-Hydroxy-7-methoxy-2-(4-methoxyphenyl)-4-benzopyrone
SCHEMBL29392759
5-hydroxy-4',7-dimethoxyflavon
apigenin 7,4'-di-O-methylether
BDBM23413
HY-N2144R
7,4'-dimethoxy-5-hydroxyflavone
Flavone,5-hydroxy-4-7-dimethoxy
4',7-DI-O-METHYLAPIGENIN
4',7-Dimethoxy-5-hydroxy flavone
5'-Hydroxy-7,4'-dimethoxyflavone
5-Hydroxy-4',7-dimethoxy-flavone
Apigenin-4',7-di-O-methyl ether
5-hydroxyl-7,4'-dimethoxy flavone
HY-N2144
LMPK12111029
NSC815096
s3918
ZB1877
AKOS016009507
7,4'-Di-O-methylapigenin (Standard)
CCG-214072
CS-5798
EBC-466093
FA65396
NSC-815096
AC-34635
BS-17161
DB-118461
NS00032247
F16184
4',7-O-Dimethylapigenin, 4',7-Dimethoxyapigenin
SR-05000002549
SR-05000002549-1
Q23050245
5-hydroxy-7-methoxy-2-(4-methoxyphenyl)-4H-chromen-4-",5281601,C17H14O5,298.084123548,3.5289999999999995,0,0,0,BTM00025,BTM00025,Methylation of phenolic compound,BTMR1377,EC 2.1.1.25,HUMAN,BTM00007,O1C=2C(C(=O)C=C1C3=CC=C(OC)C=C3)=C(O)C=C(O)C2,"InChI=1S/C16H12O5/c1-20-11-4-2-9(3-5-11)14-8-13(19)16-12(18)6-10(17)7-15(16)21-14/h2-8,17-18H,1H3",DANYIYRPLHHOCZ-UHFFFAOYSA-N,3.278000000000001,284.068473484
"InChI=1S/C17H14O5/c1-20-12-5-3-10(4-6-12)14-9-13(19)17-15(21-2)7-11(18)8-16(17)22-14/h3-9,18H,1-2H3",CYNUHRSKTJZUFW-UHFFFAOYSA-N,O1C=2C(C(=O)C=C1C3=CC=C(OC)C=C3)=C(OC)C=C(O)C2,"13698-23-2
7-hydroxy-5-methoxy-2-(4-methoxyphenyl)-4H-chromen-4-one
4H-1-Benzopyran-4-one, 7-hydroxy-5-methoxy-2-(4-methoxyphenyl)-
SPBio_000930
7-hydroxy-5-methoxy-2-(4-methoxyphenyl)chromen-4-one
Spectrum2_000795
BSPBio_002840
SCHEMBL4279323
7-hydroxy-5,4'-dimethoxyflavone
DTXSID80425156
CHEBI:193401
CCG-40173
NCGC00178441-01
7-Hydroxy-5-methoxy-2-(4-methoxyphenyl)-4H-1-benzopyran-4-one",6728945,C17H14O5,298.084123548,3.5289999999999995,0,0,0,BTM00028,BTM00028,Methylation of phenolic compound,BTMR1377,EC 2.1.1.25,HUMAN,BTM00007,O1C=2C(C(=O)C=C1C3=CC=C(OC)C=C3)=C(O)C=C(O)C2,"InChI=1S/C16H12O5/c1-20-11-4-2-9(3-5-11)14-8-13(19)16-12(18)6-10(17)7-15(16)21-14/h2-8,17-18H,1H3",DANYIYRPLHHOCZ-UHFFFAOYSA-N,3.278000000000001,284.068473484
"InChI=1S/C15H12O6/c16-8-4-11(19)15-12(20)6-13(21-14(15)5-8)7-1-2-9(17)10(18)3-7/h1-6,12,16-20H",CKVHUHNHULERKW-UHFFFAOYSA-N,O1C=2C(C(O)C=C1C3=CC=C(O)C(=C3)O)=C(O)C=C(O)C2,SCHEMBL20375984,135219831,C15H12O6,288.06338810399996,1.6704000000000006,0,1,1,BTM00031,BTM00031,Reduction of carbonyl,BTMR0368,EC 1.1.1.184,HUMAN,BTM00008,O1C=2C(C(=O)C=C1C3=CC=C(O)C(=C3)O)=C(O)C=C(O)C2,"InChI=1S/C15H10O6/c16-8-4-11(19)15-12(20)6-13(21-14(15)5-8)7-1-2-9(17)10(18)3-7/h1-6,16-19H",IQPNAANSBPBGFQ-UHFFFAOYSA-N,2.7596,286.04773803999996
"InChI=1S/C16H12O6/c1-21-13-3-2-8(4-10(13)18)14-7-12(20)16-11(19)5-9(17)6-15(16)22-14/h2-7,17-19H,1H3",MBNGWHIJMBWFHU-UHFFFAOYSA-N,O1C=2C(C(=O)C=C1C3=CC=C(OC)C(=C3)O)=C(O)C=C(O)C2,"Diosmetin
520-34-3
Luteolin 4'-methyl ether
Salinigricoflavonol
4'-Methylluteolin
Diosmetine
3',5,7-trihydroxy-4'-methoxyflavone
5,7,3'-Trihydroxy-4'-methoxyflavone
5,7-Dihydroxy-2-(3-hydroxy-4-methoxyphenyl)-4H-1-benzopyran-4-one
5,7-dihydroxy-2-(3-hydroxy-4-methoxyphenyl)chromen-4-one
5,7-Dihydroxy-2-(3-hydroxy-4-methoxyphenyl)-4-benzopyrone
4H-1-Benzopyran-4-one, 5,7-dihydroxy-2-(3-hydroxy-4-methoxyphenyl)-
TWZ37241OT
DTXSID80199966
Flavone, 3',5,7-trihydroxy-4'-methoxy-
CHEBI:4630
RefChem:34944
DTXCID40122457
GONGJINHYANG SEOL WHITENING
Whoo Gongjinhyang Seol Whitening Jin Essence
ISAKNOX X202 WHITENING SECRET ESSENCE
ISA KNOX WXII PLUS WHITENING REVOLUTION SERUM
208-291-8
5,7-dihydroxy-2-(3-hydroxy-4-methoxyphenyl)-4H-chromen-4-one
Luteolin 4-methyl ether
MFCD00017425
5,7-dihydroxy-2-(3-hydroxy-4-methoxy-phenyl)chromen-4-one
Diosmin EP Impurity F
Pillon
DIOSMETOL
SR-05000002196
disometin
UNII-TWZ37241OT
HSDB 8101
5,7-Dihydroxy-2-(3-hydroxy-4-methoxyphenyl)-4H-1-benzopyran-4-one (Diosmetin)
EINECS 208-291-8
Diosmetin (Standard)
3',5,7-trihydroxy-4'-methoxy flavone
4'-O-methyl-luteolin
Spectrum_001505
SpecPlus_000435
DIOSMETIN [MI]
Spectrum2_001638
Spectrum3_000987
Spectrum4_001113
Spectrum5_001707
DIOSMETIN [WHO-DD]
BSPBio_002653
KBioGR_001586
KBioSS_001985
MLS006011843
CHEMBL90568
Diosmetin, analytical standard
DivK1c_006531
SCHEMBL289337
Salinigricoflavonol; Vitamin P
SPBio_001735
orb1307680
SCHEMBL29363916
SCHEMBL29453246
SCHEMBL30541886
BDBM23414
GTPL13861
HY-N0125R
KBio1_001475
KBio2_001985
KBio2_004553
KBio2_007121
KBio3_001873
LUTEOLIN-4'-METHYL ETHER
Diosmetin; Diosmin EP Impurity F
HMS3656G13
HMS3753G11
HMS5080B20
BB_NC-02600
HY-N0125
BBL027839
CCG-38758
Diosmetin (Luteolin 4-methyl ether)
LMPK12110824
s2380
SBB066130
STL146390
AKOS005720974
4'-Methoxy-5,7,3'-Trihydroxyflavone
CS-5455
DB11259
EBC-436043
FD22465
SDCCGMLS-0066783.P001
NCGC00163540-01
NCGC00163540-02
NCGC00163540-03
NCGC00178549-01
AC-34868
BS-17174
SMR002044787
SY066981
CYANIDENON-4'-METHYL ETHER 1479
DB-050154
D4441
NS00014641
ST50331610
SW219332-1
C10038
520D343
A828902
AN-668/21246025
F239117
Q1649664
SR-05000002196-2
SR-05000002196-3
BRD-K26862302-001-02-9
BRD-K26862302-001-03-7
BRD-K26862302-001-05-2
2-(4-methoxy-3-oxidanyl-phenyl)-5,7-bis(oxidanyl)chromen-4-one
5,7-dihydroxy-2-(3-hydroxy-4-methoxyphenyl)-1-benzopyran-4-one
5,7-Dihydroxy-2-(3-hydroxy-4-methoxyphenyl);-4H-chromen-4-one
J8D",5281612,C16H12O6,300.06338810399996,3.0106,0,1,1,BTM00032,BTM00032,Catechol O-methylation,BTMR0212,EC 2.1.1.6,HUMAN,BTM00008,O1C=2C(C(=O)C=C1C3=CC=C(O)C(=C3)O)=C(O)C=C(O)C2,"InChI=1S/C15H10O6/c16-8-4-11(19)15-12(20)6-13(21-14(15)5-8)7-1-2-9(17)10(18)3-7/h1-6,16-19H",IQPNAANSBPBGFQ-UHFFFAOYSA-N,2.7596,286.04773803999996
"InChI=1S/C16H12O6/c1-21-14-4-8(2-3-10(14)18)13-7-12(20)16-11(19)5-9(17)6-15(16)22-13/h2-7,17-19H,1H3",SCZVLDHREVKTSH-UHFFFAOYSA-N,O1C=2C(C(=O)C=C1C3=CC=C(O)C(=C3)OC)=C(O)C=C(O)C2,"Chrysoeriol
491-71-4
Chryseriol
3'-Methoxyapigenin
Luteolin 3'-methyl ether
3'-O-Methylluteolin
4',5,7-trihydroxy-3'-methoxyflavone
Chrysoriol
5,7-Dihydroxy-2-(4-hydroxy-3-methoxyphenyl)-4H-1-benzopyran-4-one
4H-1-Benzopyran-4-one, 5,7-dihydroxy-2-(4-hydroxy-3-methoxyphenyl)-
5,7-dihydroxy-2-(4-hydroxy-3-methoxyphenyl)chromen-4-one
3'-Methoxy-4',5,7-trihydroxyflavone
CRESOROL
Q813145M20
CHEBI:16514
DTXSID60197687
RefChem:32513
DTXCID20120178
207-742-6
3'-O-Methyluteolin
5,7-dihydroxy-2-(4-hydroxy-3-methoxyphenyl)-4H-chromen-4-one
5,7,4'-Trihydroxy-3'-methoxyflavone
MFCD00016780
5,7-Dihydroxy-2-(4-hydroxy-3-methoxyphenyl)-4-benzopyrone
CHEMBL214321
Chrysoeriol (>90%)
5,7-dihydroxy-2-(4-hydroxy-3-methoxy-phenyl)chromen-4-one
EINECS 207-742-6
BRN 0295004
Scoparol
Chrysoeriol?
CCRIS 9338
UNII-Q813145M20
3''-Methoxyapigenin
Chrysoeriol (Scoparol)
Chrysoeriol (Standard)
Luteolin 3''-methyl ether
FLAVONE, 4',5,7-TRIHYDROXY-3'-METHOXY-
MLS001048958
SCHEMBL293757
orb1297426
SCHEMBL29411724
SCHEMBL30331803
cid_5280666
HMS2271C08
AC9701
BDBM50241084
LMPK12110799
NSC732318
5,7,4'-trihydroxy 3-methoxyflavone
AKOS004110683
EBC-461054
FC20423
HY-121471R
NSC-732318
3'-Methoxy-4',5,7-trihydroxyfl avone
4',5,7-Trihydroxy-3'-methoxy-Flavone
NCGC00163527-01
4'',5,7-trihydroxy-3''-methoxyflavone
MS-24322
SMR000386981
ST077089
SY252786
2-(5-methoxy,7-dihydroxy-benzpyran-4-one
DB-333932
HY-121471
CS-0082151
NS00031865
3?-METHOXY-4?,5,7-TRIHYDROXYFLAVONE
C04293
AH-214/21165012
EN300-17991263
SR-01000758948
Q2967432
SR-01000758948-3
2-(5-methoxy,4-hydroxyphenyl)5,7-dihydroxy-benzpyran-4-one
5,7-Dihydroxy-2-(4-hydroxy-3-methoxyphenyl)-4H-1-benzopyran-4-one, 9CI
3 inverted exclamation mark -Methoxy-4 inverted exclamation mark ,5,7-trihydroxyflavone",5280666,C16H12O6,300.06338810399996,3.0106,0,1,1,BTM00033,BTM00033,Catechol O-methylation,BTMR1380,EC 2.1.1.6,HUMAN,BTM00008,O1C=2C(C(=O)C=C1C3=CC=C(O)C(=C3)O)=C(O)C=C(O)C2,"InChI=1S/C15H10O6/c16-8-4-11(19)15-12(20)6-13(21-14(15)5-8)7-1-2-9(17)10(18)3-7/h1-6,16-19H",IQPNAANSBPBGFQ-UHFFFAOYSA-N,2.7596,286.04773803999996
"InChI=1S/C21H18O12/c22-9-2-1-7(3-10(9)23)13-6-12(25)15-11(24)4-8(5-14(15)32-13)31-21-18(28)16(26)17(27)19(33-21)20(29)30/h1-6,16-19,21-24,26-28H,(H,29,30)",VSUOKLTVXQRUSG-UHFFFAOYSA-N,O1C=2C(C(=O)C=C1C3=CC=C(O)C(=C3)O)=C(O)C=C(OC4OC(C(O)=O)C(C(C4O)O)O)C2,"luteolin-7-o-glucuronide
6-[2-(3,4-dihydroxyphenyl)-5-hydroxy-4-oxochromen-7-yl]oxy-3,4,5-trihydroxyoxane-2-carboxylic acid
6-(2-(3,4-dihydroxyphenyl)-5-hydroxy-4-oxochromen-7-yl)oxy-3,4,5-trihydroxyoxane-2-carboxylic acid
RefChem:154397
Luteolin-7-beta-D-glucuronide
LUTEOLIN-7-O-BETA-D-GLUCURONIDE
56324-53-9
SCHEMBL24449203
SCHEMBL29377543
(2S,3R,4S,5R,6S)-6-((2-(3,4-dihydroxyphenyl)-5-hydroxy-4-oxo-4H-chromen-7-yl)oxy)-3,4,5-trihydroxytetrahydro-2H-pyran-2-carboxylic acid
(2S,3R,4S,5R,6S)-6-{[2-(3,4-dihydroxyphenyl)-5-hydroxy-4-oxo-4H-chromen-7-yl]oxy}-3,4,5-trihydroxyoxane-2-carboxylic acid
2-(3,4-Dihydroxyphenyl)-5-hydroxy-4-oxo-4H-1-benzopyran-7-yl-|A-D-glucopyranosiduronic acid
3 inverted exclamation marka,4 inverted exclamation marka,5,7-Tetrahydroxy-7-|A-D-glucopyranuronoside flavone",13607752,C21H18O12,462.07982601599997,1.0640999999999992,1,1,1,BTM00034,BTM00034,Aromatic OH-glucuronidation,BTMR0166,EC 2.4.1.17,HUMAN,BTM00008,O1C=2C(C(=O)C=C1C3=CC=C(O)C(=C3)O)=C(O)C=C(O)C2,"InChI=1S/C15H10O6/c16-8-4-11(19)15-12(20)6-13(21-14(15)5-8)7-1-2-9(17)10(18)3-7/h1-6,16-19H",IQPNAANSBPBGFQ-UHFFFAOYSA-N,2.7596,286.04773803999996
"InChI=1S/C21H18O12/c22-8-4-13-15(11(25)6-12(31-13)7-1-2-9(23)10(24)3-7)14(5-8)32-21-18(28)16(26)17(27)19(33-21)20(29)30/h1-6,16-19,21-24,26-28H,(H,29,30)",FPKBUYIIWUFWOS-UHFFFAOYSA-N,O1C=2C(C(=O)C=C1C3=CC=C(O)C(=C3)O)=C(OC4OC(C(O)=O)C(C(C4O)O)O)C=C(O)C2,,,C21H18O12,462.07982601599997,1.0640999999999992,1,1,1,BTM00035,BTM00035,Aromatic OH-glucuronidation,BTMR0166,EC 2.4.1.17,HUMAN,BTM00008,O1C=2C(C(=O)C=C1C3=CC=C(O)C(=C3)O)=C(O)C=C(O)C2,"InChI=1S/C15H10O6/c16-8-4-11(19)15-12(20)6-13(21-14(15)5-8)7-1-2-9(17)10(18)3-7/h1-6,16-19H",IQPNAANSBPBGFQ-UHFFFAOYSA-N,2.7596,286.04773803999996
"InChI=1S/C21H18O12/c22-8-4-10(24)15-11(25)6-12(31-14(15)5-8)7-1-2-9(23)13(3-7)32-21-18(28)16(26)17(27)19(33-21)20(29)30/h1-6,16-19,21-24,26-28H,(H,29,30)",JDOFZOKGCYYUER-UHFFFAOYSA-N,O1C=2C(C(=O)C=C1C3=CC=C(O)C(=C3)OC4OC(C(O)=O)C(C(C4O)O)O)=C(O)C=C(O)C2,"(2S,3R,4S,5R,6S)-6-(5-(5,7-dihydroxy-4-oxo-4H-chromen-2-yl)-2-hydroxyphenoxy)-3,4,5-trihydroxytetrahydro-2H-pyran-2-carboxylic acid
(2S,3R,4S,5R,6S)-6-[5-(5,7-dihydroxy-4-oxo-4H-chromen-2-yl)-2-hydroxyphenoxy]-3,4,5-trihydroxyoxane-2-carboxylic acid
56317-12-5",73193164,C21H18O12,462.07982601599997,1.0640999999999992,1,1,1,BTM00036,BTM00036,Aromatic OH-glucuronidation,BTMR0166,EC 2.4.1.17,HUMAN,BTM00008,O1C=2C(C(=O)C=C1C3=CC=C(O)C(=C3)O)=C(O)C=C(O)C2,"InChI=1S/C15H10O6/c16-8-4-11(19)15-12(20)6-13(21-14(15)5-8)7-1-2-9(17)10(18)3-7/h1-6,16-19H",IQPNAANSBPBGFQ-UHFFFAOYSA-N,2.7596,286.04773803999996
"InChI=1S/C21H18O12/c22-8-4-10(24)15-11(25)6-13(31-14(15)5-8)7-1-2-12(9(23)3-7)32-21-18(28)16(26)17(27)19(33-21)20(29)30/h1-6,16-19,21-24,26-28H,(H,29,30)",PTHHVPMFZWYYDK-UHFFFAOYSA-N,O1C=2C(C(=O)C=C1C3=CC=C(OC4OC(C(O)=O)C(C(C4O)O)O)C(=C3)O)=C(O)C=C(O)C2,,,C21H18O12,462.07982601599997,1.0640999999999992,1,1,1,BTM00037,BTM00037,Aromatic OH-glucuronidation,BTMR0166,EC 2.4.1.17,HUMAN,BTM00008,O1C=2C(C(=O)C=C1C3=CC=C(O)C(=C3)O)=C(O)C=C(O)C2,"InChI=1S/C15H10O6/c16-8-4-11(19)15-12(20)6-13(21-14(15)5-8)7-1-2-9(17)10(18)3-7/h1-6,16-19H",IQPNAANSBPBGFQ-UHFFFAOYSA-N,2.7596,286.04773803999996
"InChI=1S/C16H12O6/c1-21-9-5-12(19)16-13(20)7-14(22-15(16)6-9)8-2-3-10(17)11(18)4-8/h2-7,17-19H,1H3",RRRSSAVLTCVNIQ-UHFFFAOYSA-N,O1C=2C(C(=O)C=C1C3=CC=C(O)C(=C3)O)=C(O)C=C(OC)C2,"Hydroxygenkwanin
20243-59-8
7-O-Methylluteolin
Luteolin 7-methyl ether
4H-1-Benzopyran-4-one, 2-(3,4-dihydroxyphenyl)-5-hydroxy-7-methoxy-
5,3',4'-Trihydroxy-7-methoxyflavone
732GA1Z079
RefChem:925005
3'-hydroxygenkwanin
2-(3,4-Dihydroxyphenyl)-5-hydroxy-7-methoxy-4H-chromen-4-one
2-(3,4-dihydroxyphenyl)-5-hydroxy-7-methoxychromen-4-one
MFCD11046350
CHEMBL183745
2-(3,4-Dihydroxyphenyl)-5-hydroxy-7-methoxy-4H-1-benzopyran-4-one
2-(3,4-dihydroxyphenyl)-5-hydroxy-7-methoxy-chromen-4-one
2-(3,4-Dihydroxyphenyl)-5-Hydroxy-7-Methoxy-4h-1-Chromen-4-One
UNII-732GA1Z079
6B5
3'-hydroxy-genkwanin
Hydroxygenkwanin (Standard)
MEGxp0_000798
orb1302371
SCHEMBL4203893
SCHEMBL30074462
ACon1_000842
HY-N1438R
CHEBI:168675
HY-N1438
BDBM50240943
LMPK12111045
s9205
AKOS015999029
CCG-267462
FH74268
NCGC00169305-01
AC-34593
DA-54169
MS-24321
CS-0016871
Q27266123
2-(3,4-Dihydroxy-phenyl)-5-hydroxy-7-methoxy-chromen-4-one
2-(3,4-Dihydroxyphenyl)-5-hydroxy-7-methoxy-4H-1-benzopyran-4-one, 9CI",5318214,C16H12O6,300.06338810399996,3.0106,0,1,1,BTM00038,BTM00038,Methylation of phenolic compound,BTMR1377,EC 2.1.1.25,HUMAN,BTM00008,O1C=2C(C(=O)C=C1C3=CC=C(O)C(=C3)O)=C(O)C=C(O)C2,"InChI=1S/C15H10O6/c16-8-4-11(19)15-12(20)6-13(21-14(15)5-8)7-1-2-9(17)10(18)3-7/h1-6,16-19H",IQPNAANSBPBGFQ-UHFFFAOYSA-N,2.7596,286.04773803999996
"InChI=1S/C16H12O6/c1-21-14-5-9(17)6-15-16(14)12(20)7-13(22-15)8-2-3-10(18)11(19)4-8/h2-7,17-19H,1H3",OZPMKAZMPNDLKX-UHFFFAOYSA-N,O1C=2C(C(=O)C=C1C3=CC=C(O)C(=C3)O)=C(OC)C=C(O)C2,"58115-29-0
Luteolin 5-methyl ether
2-(3,4-dihydroxyphenyl)-7-hydroxy-5-methoxychromen-4-one
RefChem:1088607
2-(3,4-dihydroxyphenyl)-7-hydroxy-5-methoxy-4H-chromen-4-one
4H-1-Benzopyran-4-one, 2-(3,4-dihydroxyphenyl)-7-hydroxy-5-methoxy-
MFCD18451060
CHEMBL1277701
3',4',7-Trihydroxy-5-methoxyflavone
5-O-methylluteolin
orb1681226
SCHEMBL2322974
SCHEMBL30255788
DTXSID00553400
AC9656
BDBM50330971
LMPK12110965
AKOS028113903
SY252782
3?,4?,7-TRIHYDROXY-5-METHOXYFLAVONE
2-(3,4-dihydroxyphenyl)-7-hydroxy-5-methoxy-chromen-4-one
2-(3,4-dihydroxyphenyl)-7-hydroxy-5-meth-oxy-4H-chromen-4-one
2-(3,4-Dihydroxyphenyl)-7-hydroxy-5-methoxy-4H-1-benzopyran-4-one
3 inverted exclamation mark ,4 inverted exclamation mark ,7-Trihydroxy-5-methoxyflavone",13964550,C16H12O6,300.06338810399996,3.0106,0,1,1,BTM00039,BTM00039,Methylation of phenolic compound,BTMR1377,EC 2.1.1.25,HUMAN,BTM00008,O1C=2C(C(=O)C=C1C3=CC=C(O)C(=C3)O)=C(O)C=C(O)C2,"InChI=1S/C15H10O6/c16-8-4-11(19)15-12(20)6-13(21-14(15)5-8)7-1-2-9(17)10(18)3-7/h1-6,16-19H",IQPNAANSBPBGFQ-UHFFFAOYSA-N,2.7596,286.04773803999996
"InChI=1S/C16H12O6/c1-21-14-4-8(2-3-10(14)18)13-7-12(20)16-11(19)5-9(17)6-15(16)22-13/h2-7,17-19H,1H3",SCZVLDHREVKTSH-UHFFFAOYSA-N,O1C=2C(C(=O)C=C1C3=CC=C(O)C(=C3)OC)=C(O)C=C(O)C2,"Chrysoeriol
491-71-4
Chryseriol
3'-Methoxyapigenin
Luteolin 3'-methyl ether
3'-O-Methylluteolin
4',5,7-trihydroxy-3'-methoxyflavone
Chrysoriol
5,7-Dihydroxy-2-(4-hydroxy-3-methoxyphenyl)-4H-1-benzopyran-4-one
4H-1-Benzopyran-4-one, 5,7-dihydroxy-2-(4-hydroxy-3-methoxyphenyl)-
5,7-dihydroxy-2-(4-hydroxy-3-methoxyphenyl)chromen-4-one
3'-Methoxy-4',5,7-trihydroxyflavone
CRESOROL
Q813145M20
CHEBI:16514
DTXSID60197687
RefChem:32513
DTXCID20120178
207-742-6
3'-O-Methyluteolin
5,7-dihydroxy-2-(4-hydroxy-3-methoxyphenyl)-4H-chromen-4-one
5,7,4'-Trihydroxy-3'-methoxyflavone
MFCD00016780
5,7-Dihydroxy-2-(4-hydroxy-3-methoxyphenyl)-4-benzopyrone
CHEMBL214321
Chrysoeriol (>90%)
5,7-dihydroxy-2-(4-hydroxy-3-methoxy-phenyl)chromen-4-one
EINECS 207-742-6
BRN 0295004
Scoparol
Chrysoeriol?
CCRIS 9338
UNII-Q813145M20
3''-Methoxyapigenin
Chrysoeriol (Scoparol)
Chrysoeriol (Standard)
Luteolin 3''-methyl ether
FLAVONE, 4',5,7-TRIHYDROXY-3'-METHOXY-
MLS001048958
SCHEMBL293757
orb1297426
SCHEMBL29411724
SCHEMBL30331803
cid_5280666
HMS2271C08
AC9701
BDBM50241084
LMPK12110799
NSC732318
5,7,4'-trihydroxy 3-methoxyflavone
AKOS004110683
EBC-461054
FC20423
HY-121471R
NSC-732318
3'-Methoxy-4',5,7-trihydroxyfl avone
4',5,7-Trihydroxy-3'-methoxy-Flavone
NCGC00163527-01
4'',5,7-trihydroxy-3''-methoxyflavone
MS-24322
SMR000386981
ST077089
SY252786
2-(5-methoxy,7-dihydroxy-benzpyran-4-one
DB-333932
HY-121471
CS-0082151
NS00031865
3?-METHOXY-4?,5,7-TRIHYDROXYFLAVONE
C04293
AH-214/21165012
EN300-17991263
SR-01000758948
Q2967432
SR-01000758948-3
2-(5-methoxy,4-hydroxyphenyl)5,7-dihydroxy-benzpyran-4-one
5,7-Dihydroxy-2-(4-hydroxy-3-methoxyphenyl)-4H-1-benzopyran-4-one, 9CI
3 inverted exclamation mark -Methoxy-4 inverted exclamation mark ,5,7-trihydroxyflavone",5280666,C16H12O6,300.06338810399996,3.0106,0,1,1,BTM00033,BTM00033,Methylation of phenolic compound,BTMR1377,EC 2.1.1.25,HUMAN,BTM00008,O1C=2C(C(=O)C=C1C3=CC=C(O)C(=C3)O)=C(O)C=C(O)C2,"InChI=1S/C15H10O6/c16-8-4-11(19)15-12(20)6-13(21-14(15)5-8)7-1-2-9(17)10(18)3-7/h1-6,16-19H",IQPNAANSBPBGFQ-UHFFFAOYSA-N,2.7596,286.04773803999996
"InChI=1S/C16H12O6/c1-21-13-3-2-8(4-10(13)18)14-7-12(20)16-11(19)5-9(17)6-15(16)22-14/h2-7,17-19H,1H3",MBNGWHIJMBWFHU-UHFFFAOYSA-N,O1C=2C(C(=O)C=C1C3=CC=C(OC)C(=C3)O)=C(O)C=C(O)C2,"Diosmetin
520-34-3
Luteolin 4'-methyl ether
Salinigricoflavonol
4'-Methylluteolin
Diosmetine
3',5,7-trihydroxy-4'-methoxyflavone
5,7,3'-Trihydroxy-4'-methoxyflavone
5,7-Dihydroxy-2-(3-hydroxy-4-methoxyphenyl)-4H-1-benzopyran-4-one
5,7-dihydroxy-2-(3-hydroxy-4-methoxyphenyl)chromen-4-one
5,7-Dihydroxy-2-(3-hydroxy-4-methoxyphenyl)-4-benzopyrone
4H-1-Benzopyran-4-one, 5,7-dihydroxy-2-(3-hydroxy-4-methoxyphenyl)-
TWZ37241OT
DTXSID80199966
Flavone, 3',5,7-trihydroxy-4'-methoxy-
CHEBI:4630
RefChem:34944
DTXCID40122457
GONGJINHYANG SEOL WHITENING
Whoo Gongjinhyang Seol Whitening Jin Essence
ISAKNOX X202 WHITENING SECRET ESSENCE
ISA KNOX WXII PLUS WHITENING REVOLUTION SERUM
208-291-8
5,7-dihydroxy-2-(3-hydroxy-4-methoxyphenyl)-4H-chromen-4-one
Luteolin 4-methyl ether
MFCD00017425
5,7-dihydroxy-2-(3-hydroxy-4-methoxy-phenyl)chromen-4-one
Diosmin EP Impurity F
Pillon
DIOSMETOL
SR-05000002196
disometin
UNII-TWZ37241OT
HSDB 8101
5,7-Dihydroxy-2-(3-hydroxy-4-methoxyphenyl)-4H-1-benzopyran-4-one (Diosmetin)
EINECS 208-291-8
Diosmetin (Standard)
3',5,7-trihydroxy-4'-methoxy flavone
4'-O-methyl-luteolin
Spectrum_001505
SpecPlus_000435
DIOSMETIN [MI]
Spectrum2_001638
Spectrum3_000987
Spectrum4_001113
Spectrum5_001707
DIOSMETIN [WHO-DD]
BSPBio_002653
KBioGR_001586
KBioSS_001985
MLS006011843
CHEMBL90568
Diosmetin, analytical standard
DivK1c_006531
SCHEMBL289337
Salinigricoflavonol; Vitamin P
SPBio_001735
orb1307680
SCHEMBL29363916
SCHEMBL29453246
SCHEMBL30541886
BDBM23414
GTPL13861
HY-N0125R
KBio1_001475
KBio2_001985
KBio2_004553
KBio2_007121
KBio3_001873
LUTEOLIN-4'-METHYL ETHER
Diosmetin; Diosmin EP Impurity F
HMS3656G13
HMS3753G11
HMS5080B20
BB_NC-02600
HY-N0125
BBL027839
CCG-38758
Diosmetin (Luteolin 4-methyl ether)
LMPK12110824
s2380
SBB066130
STL146390
AKOS005720974
4'-Methoxy-5,7,3'-Trihydroxyflavone
CS-5455
DB11259
EBC-436043
FD22465
SDCCGMLS-0066783.P001
NCGC00163540-01
NCGC00163540-02
NCGC00163540-03
NCGC00178549-01
AC-34868
BS-17174
SMR002044787
SY066981
CYANIDENON-4'-METHYL ETHER 1479
DB-050154
D4441
NS00014641
ST50331610
SW219332-1
C10038
520D343
A828902
AN-668/21246025
F239117
Q1649664
SR-05000002196-2
SR-05000002196-3
BRD-K26862302-001-02-9
BRD-K26862302-001-03-7
BRD-K26862302-001-05-2
2-(4-methoxy-3-oxidanyl-phenyl)-5,7-bis(oxidanyl)chromen-4-one
5,7-dihydroxy-2-(3-hydroxy-4-methoxyphenyl)-1-benzopyran-4-one
5,7-Dihydroxy-2-(3-hydroxy-4-methoxyphenyl);-4H-chromen-4-one
J8D",5281612,C16H12O6,300.06338810399996,3.0106,0,1,1,BTM00032,BTM00032,Methylation of phenolic compound,BTMR1377,EC 2.1.1.25,HUMAN,BTM00008,O1C=2C(C(=O)C=C1C3=CC=C(O)C(=C3)O)=C(O)C=C(O)C2,"InChI=1S/C15H10O6/c16-8-4-11(19)15-12(20)6-13(21-14(15)5-8)7-1-2-9(17)10(18)3-7/h1-6,16-19H",IQPNAANSBPBGFQ-UHFFFAOYSA-N,2.7596,286.04773803999996
"InChI=1S/C15H14O5/c16-9-3-1-8(2-4-9)13-7-12(19)15-11(18)5-10(17)6-14(15)20-13/h1-6,12-13,16-19H,7H2",RPKUCYSGAXIESU-UHFFFAOYSA-N,O1C=2C(C(O)CC1C3=CC=C(O)C=C3)=C(O)C=C(O)C2,"Apiferol
2-(4-hydroxyphenyl)chroman-4,5,7-triol
2-(4-hydroxyphenyl)-3,4-dihydro-2h-chromene-4,5,7-triol
SCHEMBL18397680
SCHEMBL29929197
LMPK12020166
(2xi,4xi)-4,4',5,7-Tetrahydroxyflavan",185795,C15H14O5,274.084123548,1.928799999999999,0,1,1,BTM00040,BTM00040,Reduction of carbonyl,BTMR0368,EC 1.1.1.184,HUMAN,BTM00010,O1C=2C(C(=O)CC1C3=CC=C(O)C=C3)=C(O)C=C(O)C2,"InChI=1S/C15H12O5/c16-9-3-1-8(2-4-9)13-7-12(19)15-11(18)5-10(17)6-14(15)20-13/h1-6,13,16-18H,7H2",FTVWIRXFELQLPI-UHFFFAOYSA-N,2.2977000000000007,272.068473484
"InChI=1S/C21H20O11/c22-9-3-1-8(2-4-9)13-7-12(24)15-11(23)5-10(6-14(15)31-13)30-21-18(27)16(25)17(26)19(32-21)20(28)29/h1-6,13,16-19,21-23,25-27H,7H2,(H,28,29)",BDCRTIDKZGEVEN-UHFFFAOYSA-N,O1C=2C(C(=O)CC1C3=CC=C(O)C=C3)=C(O)C=C(OC4OC(C(O)=O)C(C(C4O)O)O)C2,"Naringenin 7-O-glucuronide
Naringenin-7-O-.beta.-D-Glucuronide
NARINGENIN-7-O-B-D-GLUCURONIDE
1237479-07-0
(2S,3S,4S,5R)-3,4,5-trihydroxy-6-{[5-hydroxy-2-(4-hydroxyphenyl)-4-oxo-3,4-dihydro-2H-1-benzopyran-7-yl]oxy}oxane-2-carboxylic acid",71772041,C21H20O11,448.10056146,0.6021999999999993,1,1,1,BTM00041,BTM00041,Aromatic OH-glucuronidation,BTMR0166,EC 2.4.1.17,HUMAN,BTM00010,O1C=2C(C(=O)CC1C3=CC=C(O)C=C3)=C(O)C=C(O)C2,"InChI=1S/C15H12O5/c16-9-3-1-8(2-4-9)13-7-12(19)15-11(18)5-10(17)6-14(15)20-13/h1-6,13,16-18H,7H2",FTVWIRXFELQLPI-UHFFFAOYSA-N,2.2977000000000007,272.068473484
"InChI=1S/C21H20O11/c22-9-3-1-8(2-4-9)12-7-11(24)15-13(30-12)5-10(23)6-14(15)31-21-18(27)16(25)17(26)19(32-21)20(28)29/h1-6,12,16-19,21-23,25-27H,7H2,(H,28,29)",ZTQGTBHHQGGBSV-UHFFFAOYSA-N,O1C=2C(C(=O)CC1C3=CC=C(O)C=C3)=C(OC4OC(C(O)=O)C(C(C4O)O)O)C=C(O)C2,"(2S,3S,4S,5R)-3,4,5-Trihydroxy-6-[[7-hydroxy-2-(4-hydroxyphenyl)-4-oxo-2,3-dihydrochromen-5-yl]oxy]oxane-2-carboxylic acid",131834446,C21H20O11,448.10056146,0.6021999999999993,1,1,1,BTM00042,BTM00042,Aromatic OH-glucuronidation,BTMR0166,EC 2.4.1.17,HUMAN,BTM00010,O1C=2C(C(=O)CC1C3=CC=C(O)C=C3)=C(O)C=C(O)C2,"InChI=1S/C15H12O5/c16-9-3-1-8(2-4-9)13-7-12(19)15-11(18)5-10(17)6-14(15)20-13/h1-6,13,16-18H,7H2",FTVWIRXFELQLPI-UHFFFAOYSA-N,2.2977000000000007,272.068473484
"InChI=1S/C21H20O11/c22-9-5-11(23)15-12(24)7-13(31-14(15)6-9)8-1-3-10(4-2-8)30-21-18(27)16(25)17(26)19(32-21)20(28)29/h1-6,13,16-19,21-23,25-27H,7H2,(H,28,29)",DFIUUCDSSKATFP-UHFFFAOYSA-N,O1C=2C(C(=O)CC1C3=CC=C(OC4OC(C(O)=O)C(C(C4O)O)O)C=C3)=C(O)C=C(O)C2,"naringenin-4'-o-beta-d-glucuronide
Naringenin-4'-O-.beta.-D-Glucuronide
1237479-04-7
DTXSID501372590
MZB47904
Naringenin 4'-o-?-D-glucuronide sodium
PD044322
(2S,3S,4S,5R)-6-[4-(5,7-Dihydroxy-4-oxo-2,3-dihydrochromen-2-yl)phenoxy]-3,4,5-trihydroxyoxane-2-carboxylic acid",53394091,C21H20O11,448.10056146,0.6021999999999993,1,1,1,BTM00043,BTM00043,Aromatic OH-glucuronidation,BTMR0166,EC 2.4.1.17,HUMAN,BTM00010,O1C=2C(C(=O)CC1C3=CC=C(O)C=C3)=C(O)C=C(O)C2,"InChI=1S/C15H12O5/c16-9-3-1-8(2-4-9)13-7-12(19)15-11(18)5-10(17)6-14(15)20-13/h1-6,13,16-18H,7H2",FTVWIRXFELQLPI-UHFFFAOYSA-N,2.2977000000000007,272.068473484
"InChI=1S/C16H14O5/c1-20-11-6-12(18)16-13(19)8-14(21-15(16)7-11)9-2-4-10(17)5-3-9/h2-7,14,17-18H,8H2,1H3",DJOJDHGQRNZXQQ-UHFFFAOYSA-N,O1C=2C(C(=O)CC1C3=CC=C(O)C=C3)=C(O)C=C(OC)C2,"520-29-6
RefChem:505952
4'-5-Dihydroxy-7-methoxyflavanone, 7-O-Methylnaringenin, Naringenin 7-O-methyl ether
112-126-4
5-hydroxy-2-(4-hydroxyphenyl)-7-methoxychroman-4-one
(RS)-Sakuranetin
4',5-Dihydroxy-7-methoxyflavanone
MFCD07782262
NSC-407228
5-hydroxy-2-(4-hydroxyphenyl)-7-methoxy-2,3-dihydrochromen-4-one
CHEMBL74852
4H-1-Benzopyran-4-one,2,3-dihydro-5-hydroxy-2-(4-hydroxyphenyl)-7-methoxy-
NSC407228
5-Hydroxy-2-(4-hydroxy-phenyl)-7-methoxy-chroman-4-one
5-hydroxy-2-(4-hydroxyphenyl)-7-methoxy-3,4-dihydro-2H-1-benzopyran-4-one
4H-1-Benzopyran-4-one, 2,3-dihydro-5-hydroxy-2-(4-hydroxyphenyl)-7-methoxy-
MLS000876793
SCHEMBL555541
MEGxp0_000557
SCHEMBL29928748
ACon1_000001
HMS2271F13
BDBM50049387
AKOS015965397
5,4''-Dihydroxy-7-o-methoxyflavanone
FS66817
NCGC00168885-01
AC-20247
AC-34929
SMR000440561
ST098728
CS-0066106
NS00015854
Flavanone,5-dihydroxy-7-methoxy-, (S)-(-)-
AM-573/21243006
L000892
BRD-A32263173-001-01-2
5-Hydroxy-2-(4-hydroxyphenyl)-7-methoxy-2,3-dihydro-4H-chromen-4-one #
4H-1-Benzopyran-4-one,3-dihydro-5-hydroxy-2-(4-hydroxyphenyl)-7-methoxy-, (S)-
5-Hydroxy-2-(4-hydroxyphenyl)-7-methoxy-2,3-dihydro-4H-1-benzopyran-4-one",348130,C16H14O5,286.084123548,2.5486999999999997,0,0,0,BTM00044,BTM00044,Methylation of phenolic compound,BTMR1377,EC 2.1.1.25,HUMAN,BTM00010,O1C=2C(C(=O)CC1C3=CC=C(O)C=C3)=C(O)C=C(O)C2,"InChI=1S/C15H12O5/c16-9-3-1-8(2-4-9)13-7-12(19)15-11(18)5-10(17)6-14(15)20-13/h1-6,13,16-18H,7H2",FTVWIRXFELQLPI-UHFFFAOYSA-N,2.2977000000000007,272.068473484
"InChI=1S/C16H14O5/c1-20-14-6-11(18)7-15-16(14)12(19)8-13(21-15)9-2-4-10(17)5-3-9/h2-7,13,17-18H,8H2,1H3",CWZLMWSCLBFCBY-UHFFFAOYSA-N,O1C=2C(C(=O)CC1C3=CC=C(O)C=C3)=C(OC)C=C(O)C2,"Naringenin 5-methyl ether
7-hydroxy-2-(4-hydroxyphenyl)-5-methoxy-2,3-dihydrochromen-4-one
RefChem:1092284
61823-56-1
7-Hydroxy-2-(4-hydroxyphenyl)-5-methoxychroman-4-one
5-Methoxynaringenin
7-hydroxy-2-(4-hydroxyphenyl)-5-methoxy-2,3-dihydro-4h-chromen-4-one
Flavanone, 4',7-dihydroxy-5-methoxy-
SCHEMBL773766
CHEMBL501251
orb1683422
SCHEMBL30641776
5-O-Methylnaringenin; 7,4'-Dihydroxy-5-methoxyflavanone; Naringenin 5-methyl ether
CHEBI:178313
7,4'-Dihydroxy-5-methoxyflavanon
7,4'-dihydroxy-5-methoxy flavanone
LMPK12140555
AKOS030559476
B0005-189879",188424,C16H14O5,286.084123548,2.5486999999999997,0,0,0,BTM00045,BTM00045,Methylation of phenolic compound,BTMR1377,EC 2.1.1.25,HUMAN,BTM00010,O1C=2C(C(=O)CC1C3=CC=C(O)C=C3)=C(O)C=C(O)C2,"InChI=1S/C15H12O5/c16-9-3-1-8(2-4-9)13-7-12(19)15-11(18)5-10(17)6-14(15)20-13/h1-6,13,16-18H,7H2",FTVWIRXFELQLPI-UHFFFAOYSA-N,2.2977000000000007,272.068473484
"InChI=1S/C16H14O5/c1-20-11-4-2-9(3-5-11)14-8-13(19)16-12(18)6-10(17)7-15(16)21-14/h2-7,14,17-18H,8H2,1H3",HMUJXQRRKBLVOO-UHFFFAOYSA-N,O1C=2C(C(=O)CC1C3=CC=C(OC)C=C3)=C(O)C=C(O)C2,"26207-61-4
RefChem:442343
2,3-Dihydro-5,7-dihydroxy-2-(4-methoxyphenyl)-4H-1-benzopyran-4-one
112-592-9
5,7-dihydroxy-2-(4-methoxyphenyl)chroman-4-one
Citrifoliol
MFCD00017313
PTP inhibitor, 4n
ACACETIN_met004
CHEMBL485252
SCHEMBL5067423
SCHEMBL31128790
CHEBI:193496
HMUJXQRRKBLVOO-UHFFFAOYSA-N
5,7-dihydroxy-2-(4-methoxyphenyl)-2,3-dihydrochromen-4-one
BDBM243062
5,7-dihydroxy-2-(4-methoxyphenyl)-3,4-dihydro-2H-1-benzopyran-4-one
AKOS024287053
ST098360
DB-051506
5,7-Dihydroxy-2-(4-methoxy-phenyl)-chroman-4-one",5118250,C16H14O5,286.084123548,2.5486999999999997,0,0,0,BTM00046,BTM00046,Methylation of phenolic compound,BTMR1377,EC 2.1.1.25,HUMAN,BTM00010,O1C=2C(C(=O)CC1C3=CC=C(O)C=C3)=C(O)C=C(O)C2,"InChI=1S/C15H12O5/c16-9-3-1-8(2-4-9)13-7-12(19)15-11(18)5-10(17)6-14(15)20-13/h1-6,13,16-18H,7H2",FTVWIRXFELQLPI-UHFFFAOYSA-N,2.2977000000000007,272.068473484
"InChI=1S/C15H12O4/c16-10-6-11(17)15-12(18)8-13(19-14(15)7-10)9-4-2-1-3-5-9/h1-8,12,16-18H",KSDWUEWFECEPMU-UHFFFAOYSA-N,O1C=2C(C(O)C=C1C3=CC=CC=C3)=C(O)C=C(O)C2,,,C15H12O4,256.073558864,2.2051999999999996,0,1,1,BTM00047,BTM00047,Reduction of carbonyl,BTMR0368,EC 1.1.1.184,HUMAN,BTM00011,O1C=2C(C(=O)C=C1C3=CC=CC=C3)=C(O)C=C(O)C2,"InChI=1S/C15H10O4/c16-10-6-11(17)15-12(18)8-13(19-14(15)7-10)9-4-2-1-3-5-9/h1-8,16-17H",RTIXKCRFFJGDFG-UHFFFAOYSA-N,3.2944000000000004,254.0579088
"InChI=1S/C21H18O10/c22-11-6-10(29-21-18(26)16(24)17(25)19(31-21)20(27)28)7-14-15(11)12(23)8-13(30-14)9-4-2-1-3-5-9/h1-8,16-19,21-22,24-26H,(H,27,28)",IDRSJGHHZXBATQ-UHFFFAOYSA-N,O1C=2C(C(=O)C=C1C3=CC=CC=C3)=C(O)C=C(OC4OC(C(O)=O)C(C(C4O)O)O)C2,"Chrysin-7-O-glucoronide
3,4,5-trihydroxy-6-(5-hydroxy-4-oxo-2-phenylchromen-7-yl)oxyoxane-2-carboxylic acid
RefChem:1081559
Chrysin-7-O-beta-D-glucoronide
Chrysin-7-O-beta-D-glucuronide
C21H18O10
CHEBI:181638
ST077093
3,4,5-trihydroxy-6-(5-hydroxy-4-oxo-2-phenyl-chromen-7-yl)oxy-tetrahydropyran-2-carboxylic acid
3,4,5-trihydroxy-6-(5-hydroxy-4-oxo-2-phenylchromen-7-yloxy)-2H-3,4,5,6-tetrah ydropyran-2-carboxylic acid",14135334,C21H18O10,430.089996776,1.5988999999999984,0,1,1,BTM00048,BTM00048,Aromatic OH-glucuronidation,BTMR0166,EC 2.4.1.17,HUMAN,BTM00011,O1C=2C(C(=O)C=C1C3=CC=CC=C3)=C(O)C=C(O)C2,"InChI=1S/C15H10O4/c16-10-6-11(17)15-12(18)8-13(19-14(15)7-10)9-4-2-1-3-5-9/h1-8,16-17H",RTIXKCRFFJGDFG-UHFFFAOYSA-N,3.2944000000000004,254.0579088
"InChI=1S/C21H18O10/c22-10-6-13-15(11(23)8-12(29-13)9-4-2-1-3-5-9)14(7-10)30-21-18(26)16(24)17(25)19(31-21)20(27)28/h1-8,16-19,21-22,24-26H,(H,27,28)",WDKWKCILBROYNT-UHFFFAOYSA-N,O1C=2C(C(=O)C=C1C3=CC=CC=C3)=C(OC4OC(C(O)=O)C(C(C4O)O)O)C=C(O)C2,,,C21H18O10,430.08999677599996,1.5988999999999984,0,1,1,BTM00049,BTM00049,Aromatic OH-glucuronidation,BTMR0166,EC 2.4.1.17,HUMAN,BTM00011,O1C=2C(C(=O)C=C1C3=CC=CC=C3)=C(O)C=C(O)C2,"InChI=1S/C15H10O4/c16-10-6-11(17)15-12(18)8-13(19-14(15)7-10)9-4-2-1-3-5-9/h1-8,16-17H",RTIXKCRFFJGDFG-UHFFFAOYSA-N,3.2944000000000004,254.0579088
"InChI=1S/C16H12O4/c1-19-11-7-12(17)16-13(18)9-14(20-15(16)8-11)10-5-3-2-4-6-10/h2-9,17H,1H3",IRZVHDLBAYNPCT-UHFFFAOYSA-N,O1C=2C(C(=O)C=C1C3=CC=CC=C3)=C(O)C=C(OC)C2,"Tectochrysin
520-28-5
5-Hydroxy-7-methoxyflavone
Techtochrysin
7-Methoxy-5-hydroxyflavone
5-hydroxy-7-methoxy-2-phenylchromen-4-one
Flavone, 5-hydroxy-7-methoxy-
4H-1-Benzopyran-4-one, 5-hydroxy-7-methoxy-2-phenyl-
9UBO28W2AK
NSC-80687
5-hydroxy-7-methoxy-2-phenyl-4H-1-benzopyran-4-one
CHEBI:9426
DTXSID40199962
RefChem:187693
DTXCID00122453
5-Hydroxy-7-methoxy-2-phenyl-4H-chromen-4-one
Methyl chrysin
7-O-METHYLCHRYSIN
MFCD00016945
Techtochrysin;NSC 80687
5-Hydroxy-7-methoxy-2-phenyl-chromen-4-one
Techtochrysine
Tecto-chrysin
SMR000387029
5-Hydroxy-7-methylflavone; 7-O-Methylchrysin; Tectochrysine
7-methoxycrysin
NSC 80687
Chrysin 7-methylether
chrysin-7-methyl ether
Tectochrysin (Standard)
Maybridge3_003219
UNII-9UBO28W2AK
Oprea1_023530
Oprea1_215176
MLS000697658
MLS001049041
SCHEMBL249043
CHEMBL164841
orb1303377
SCHEMBL29494561
WLZ4716
HMS1440C07
HMS2267G17
NSC80687
TNP00038
BDBM50423793
CCG-43780
HY-14592R
LMPK12110190
s3256
STK078936
AKOS000522399
EBC-466056
FT66186
IDI1_014606
NCGC00017176-01
NCGC00017176-02
NCGC00017176-03
NCGC00142540-01
AC-35028
BS-48960
HY-14592
ST057541
DB-052063
CS-0003465
2-PHENYL-5-HYDROXY-7-METHOXYCHROMONE
VU0254572-3
AB00637079-07
SR-01000402578
5-Hydroxy-7-methoxy-2-phenyl-4H-chromen-4-one #
Q3516969
SR-01000402578-1
SR-01000402578-2
F3097-0487",5281954,C16H12O4,268.073558864,3.5454,0,0,0,BTM00050,BTM00050,Methylation of phenolic compound,BTMR1377,EC 2.1.1.25,HUMAN,BTM00011,O1C=2C(C(=O)C=C1C3=CC=CC=C3)=C(O)C=C(O)C2,"InChI=1S/C15H10O4/c16-10-6-11(17)15-12(18)8-13(19-14(15)7-10)9-4-2-1-3-5-9/h1-8,16-17H",RTIXKCRFFJGDFG-UHFFFAOYSA-N,3.2944000000000004,254.0579088
"InChI=1S/C16H12O4/c1-19-14-7-11(17)8-15-16(14)12(18)9-13(20-15)10-5-3-2-4-6-10/h2-9,17H,1H3",JVEMWXSMSUNXSD-UHFFFAOYSA-N,O1C=2C(C(=O)C=C1C3=CC=CC=C3)=C(OC)C=C(O)C2,"7-Hydroxy-5-methoxy-2-phenyl-chromen-4-one
7-hydroxy-5-methoxy-2-phenylchromen-4-one
RefChem:1074443
33554-47-1
7-hydroxy-5-methoxy-2-phenyl-4H-chromen-4-one
Chrysin-5-methylether
CHEMBL181896
Chrysin 5-methyl ether
7-hydroxy-5-methoxyflavone
chrysin-5-methyl-ether
7-Hydroxy-5-methoxy-2-phenyl-4H-1-benzopyran-4-one
SCHEMBL19235588
DTXSID40187243
BDBM50412264
MFCD09029062
SBB081026
STK925270
AKOS000275827
NCGC00296010-01
AC-10891
ST50794641
VU0490357-1
EN300-238261
AB01289941-01
F2106-0046",5490127,C16H12O4,268.073558864,3.5454,0,0,0,BTM00051,BTM00051,Methylation of phenolic compound,BTMR1377,EC 2.1.1.25,HUMAN,BTM00011,O1C=2C(C(=O)C=C1C3=CC=CC=C3)=C(O)C=C(O)C2,"InChI=1S/C15H10O4/c16-10-6-11(17)15-12(18)8-13(19-14(15)7-10)9-4-2-1-3-5-9/h1-8,16-17H",RTIXKCRFFJGDFG-UHFFFAOYSA-N,3.2944000000000004,254.0579088
"InChI=1S/C15H10O5/c16-9-3-1-8(2-4-9)13-7-12(19)15-11(18)5-10(17)6-14(15)20-13/h1-7,16-18H",KZNIFHPLKGYRTM-UHFFFAOYSA-N,O1C=2C(C(=O)C=C1C3=CC=C(O)C=C3)=C(O)C=C(O)C2,,,C15H10O5,270.0528,,0,1,1,,5280443,Oxidation of secondary alcohol to ketone,BTMR0079,"CYP1A2
CYP2C9
CYP2C19",HUMAN,BTM00001,O1C=2C(C(O)C=C1C3=CC=C(O)C=C3)=C(O)C=C(O)C2,"InChI=1S/C15H12O5/c16-9-3-1-8(2-4-9)13-7-12(19)15-11(18)5-10(17)6-14(15)20-13/h1-7,12,16-19H",TWLIHXQWVLTBCS-UHFFFAOYSA-N,1.9377999999999997,272.068473484
"InChI=1S/C15H12O6/c16-8-4-11(19)15-12(20)6-13(21-14(15)5-8)7-1-2-9(17)10(18)3-7/h1-6,12,16-20H",CKVHUHNHULERKW-UHFFFAOYSA-N,O1C=2C(C(O)C=C1C3=CC=C(O)C(=C3)O)=C(O)C=C(O)C2,SCHEMBL20375984,135219831,C15H12O6,288.06338810399996,1.6704000000000006,0,1,1,BTM00031,BTM00031,"2-Hydroxylation of 1,4-disubstituted benzene",BTMR0037,CYP1A2,HUMAN,BTM00001,O1C=2C(C(O)C=C1C3=CC=C(O)C=C3)=C(O)C=C(O)C2,"InChI=1S/C15H12O5/c16-9-3-1-8(2-4-9)13-7-12(19)15-11(18)5-10(17)6-14(15)20-13/h1-7,12,16-19H",TWLIHXQWVLTBCS-UHFFFAOYSA-N,1.9377999999999997,272.068473484
"InChI=1S/C15H12O6/c16-8-3-1-7(2-4-8)15-14(21-15)13(19)12-10(18)5-9(17)6-11(12)20-15/h1-6,13-14,16-19H",FLICGEVMAADRPN-UHFFFAOYSA-N,O1C=2C(C(O)C3C1(C4=CC=C(O)C=C4)O3)=C(O)C=C(O)C2,,,C15H12O6,288.06338810399996,1.7323000000000002,0,1,1,BTM00052,BTM00052,Epoxidation of vinyl ether,BTMR1026,"CYP1A2
CYP3A4",HUMAN,BTM00001,O1C=2C(C(O)C=C1C3=CC=C(O)C=C3)=C(O)C=C(O)C2,"InChI=1S/C15H12O5/c16-9-3-1-8(2-4-9)13-7-12(19)15-11(18)5-10(17)6-14(15)20-13/h1-7,12,16-19H",TWLIHXQWVLTBCS-UHFFFAOYSA-N,1.9377999999999997,272.068473484
"InChI=1S/C15H10O5/c16-9-3-1-8(2-4-9)13-7-12(19)15-11(18)5-10(17)6-14(15)20-13/h1-7,16-18H",KZNIFHPLKGYRTM-UHFFFAOYSA-N,O1C=2C(C(=O)C=C1C3=CC=C(O)C=C3)=C(O)C=C(O)C2,,,C15H10O5,270.0528,,0,1,1,,5280443,O-Dealkylation,BTMR0052,"CYP1A2
CYP2A6
CYP2C9
CYP2C19
CYP2D6
CYP2E1
CYP3A4",HUMAN,BTM00005,O1C=2C(C(=O)C=C1C3=CC=C(O)C=C3)=C(O)C=C(OC)C2,"InChI=1S/C16H12O5/c1-20-11-6-12(18)16-13(19)8-14(21-15(16)7-11)9-2-4-10(17)5-3-9/h2-8,17-18H,1H3",JPMYFOBNRRGFNO-UHFFFAOYSA-N,3.278000000000001,284.068473484
"InChI=1S/C16H12O6/c1-21-9-5-12(19)16-13(20)7-14(22-15(16)6-9)8-2-3-10(17)11(18)4-8/h2-7,17-19H,1H3",RRRSSAVLTCVNIQ-UHFFFAOYSA-N,O1C=2C(C(=O)C=C1C3=CC=C(O)C(=C3)O)=C(O)C=C(OC)C2,"Hydroxygenkwanin
20243-59-8
7-O-Methylluteolin
Luteolin 7-methyl ether
4H-1-Benzopyran-4-one, 2-(3,4-dihydroxyphenyl)-5-hydroxy-7-methoxy-
5,3',4'-Trihydroxy-7-methoxyflavone
732GA1Z079
RefChem:925005
3'-hydroxygenkwanin
2-(3,4-Dihydroxyphenyl)-5-hydroxy-7-methoxy-4H-chromen-4-one
2-(3,4-dihydroxyphenyl)-5-hydroxy-7-methoxychromen-4-one
MFCD11046350
CHEMBL183745
2-(3,4-Dihydroxyphenyl)-5-hydroxy-7-methoxy-4H-1-benzopyran-4-one
2-(3,4-dihydroxyphenyl)-5-hydroxy-7-methoxy-chromen-4-one
2-(3,4-Dihydroxyphenyl)-5-Hydroxy-7-Methoxy-4h-1-Chromen-4-One
UNII-732GA1Z079
6B5
3'-hydroxy-genkwanin
Hydroxygenkwanin (Standard)
MEGxp0_000798
orb1302371
SCHEMBL4203893
SCHEMBL30074462
ACon1_000842
HY-N1438R
CHEBI:168675
HY-N1438
BDBM50240943
LMPK12111045
s9205
AKOS015999029
CCG-267462
FH74268
NCGC00169305-01
AC-34593
DA-54169
MS-24321
CS-0016871
Q27266123
2-(3,4-Dihydroxy-phenyl)-5-hydroxy-7-methoxy-chromen-4-one
2-(3,4-Dihydroxyphenyl)-5-hydroxy-7-methoxy-4H-1-benzopyran-4-one, 9CI",5318214,C16H12O6,300.06338810399996,3.0106,0,1,1,BTM00038,BTM00038,"2-Hydroxylation of 1,4-disubstituted benzene",BTMR0037,CYP1A2,HUMAN,BTM00005,O1C=2C(C(=O)C=C1C3=CC=C(O)C=C3)=C(O)C=C(OC)C2,"InChI=1S/C16H12O5/c1-20-11-6-12(18)16-13(19)8-14(21-15(16)7-11)9-2-4-10(17)5-3-9/h2-8,17-18H,1H3",JPMYFOBNRRGFNO-UHFFFAOYSA-N,3.278000000000001,284.068473484
"InChI=1S/C16H12O6/c1-20-10-6-11(18)13-12(7-10)21-16(15(22-16)14(13)19)8-2-4-9(17)5-3-8/h2-7,15,17-18H,1H3",WQSBKWMOJATFJU-UHFFFAOYSA-N,O1C=2C(C(=O)C3C1(C4=CC=C(O)C=C4)O3)=C(O)C=C(OC)C2,,,C16H12O6,300.06338810399996,2.3798,0,0,0,BTM00053,BTM00053,Epoxidation of vinyl ether,BTMR1026,"CYP1A2
CYP3A4",HUMAN,BTM00005,O1C=2C(C(=O)C=C1C3=CC=C(O)C=C3)=C(O)C=C(OC)C2,"InChI=1S/C16H12O5/c1-20-11-6-12(18)16-13(19)8-14(21-15(16)7-11)9-2-4-10(17)5-3-9/h2-8,17-18H,1H3",JPMYFOBNRRGFNO-UHFFFAOYSA-N,3.278000000000001,284.068473484
"InChI=1S/C15H10O5/c16-9-3-1-8(2-4-9)13-7-12(19)15-11(18)5-10(17)6-14(15)20-13/h1-7,16-18H",KZNIFHPLKGYRTM-UHFFFAOYSA-N,O1C=2C(C(=O)C=C1C3=CC=C(O)C=C3)=C(O)C=C(O)C2,,,C15H10O5,270.0528,,0,1,1,,5280443,O-Dealkylation,BTMR0052,"CYP1A2
CYP2A6
CYP2C9
CYP2C19
CYP2D6
CYP2E1
CYP3A4",HUMAN,BTM00006,O1C=2C(C(=O)C=C1C3=CC=C(O)C=C3)=C(OC)C=C(O)C2,"InChI=1S/C16H12O5/c1-20-14-6-11(18)7-15-16(14)12(19)8-13(21-15)9-2-4-10(17)5-3-9/h2-8,17-18H,1H3",YQABHAHJGSNVQR-UHFFFAOYSA-N,3.278000000000001,284.068473484
"InChI=1S/C16H12O6/c1-21-14-5-9(17)6-15-16(14)12(20)7-13(22-15)8-2-3-10(18)11(19)4-8/h2-7,17-19H,1H3",OZPMKAZMPNDLKX-UHFFFAOYSA-N,O1C=2C(C(=O)C=C1C3=CC=C(O)C(=C3)O)=C(OC)C=C(O)C2,"58115-29-0
Luteolin 5-methyl ether
2-(3,4-dihydroxyphenyl)-7-hydroxy-5-methoxychromen-4-one
RefChem:1088607
2-(3,4-dihydroxyphenyl)-7-hydroxy-5-methoxy-4H-chromen-4-one
4H-1-Benzopyran-4-one, 2-(3,4-dihydroxyphenyl)-7-hydroxy-5-methoxy-
MFCD18451060
CHEMBL1277701
3',4',7-Trihydroxy-5-methoxyflavone
5-O-methylluteolin
orb1681226
SCHEMBL2322974
SCHEMBL30255788
DTXSID00553400
AC9656
BDBM50330971
LMPK12110965
AKOS028113903
SY252782
3?,4?,7-TRIHYDROXY-5-METHOXYFLAVONE
2-(3,4-dihydroxyphenyl)-7-hydroxy-5-methoxy-chromen-4-one
2-(3,4-dihydroxyphenyl)-7-hydroxy-5-meth-oxy-4H-chromen-4-one
2-(3,4-Dihydroxyphenyl)-7-hydroxy-5-methoxy-4H-1-benzopyran-4-one
3 inverted exclamation mark ,4 inverted exclamation mark ,7-Trihydroxy-5-methoxyflavone",13964550,C16H12O6,300.06338810399996,3.0106,0,1,1,BTM00039,BTM00039,"2-Hydroxylation of 1,4-disubstituted benzene",BTMR0037,CYP1A2,HUMAN,BTM00006,O1C=2C(C(=O)C=C1C3=CC=C(O)C=C3)=C(OC)C=C(O)C2,"InChI=1S/C16H12O5/c1-20-14-6-11(18)7-15-16(14)12(19)8-13(21-15)9-2-4-10(17)5-3-9/h2-8,17-18H,1H3",YQABHAHJGSNVQR-UHFFFAOYSA-N,3.278000000000001,284.068473484
"InChI=1S/C16H12O6/c1-20-11-6-10(18)7-12-13(11)14(19)15-16(21-12,22-15)8-2-4-9(17)5-3-8/h2-7,15,17-18H,1H3",RNRAQCPLHBQIQE-UHFFFAOYSA-N,O1C=2C(C(=O)C3C1(C4=CC=C(O)C=C4)O3)=C(OC)C=C(O)C2,,,C16H12O6,300.06338810399996,2.3798,0,0,0,BTM00054,BTM00054,Epoxidation of vinyl ether,BTMR1026,"CYP1A2
CYP3A4",HUMAN,BTM00006,O1C=2C(C(=O)C=C1C3=CC=C(O)C=C3)=C(OC)C=C(O)C2,"InChI=1S/C16H12O5/c1-20-14-6-11(18)7-15-16(14)12(19)8-13(21-15)9-2-4-10(17)5-3-9/h2-8,17-18H,1H3",YQABHAHJGSNVQR-UHFFFAOYSA-N,3.278000000000001,284.068473484
"InChI=1S/C15H10O5/c16-9-3-1-8(2-4-9)13-7-12(19)15-11(18)5-10(17)6-14(15)20-13/h1-7,16-18H",KZNIFHPLKGYRTM-UHFFFAOYSA-N,O1C=2C(C(=O)C=C1C3=CC=C(O)C=C3)=C(O)C=C(O)C2,,,C15H10O5,270.0528,,0,1,1,,5280443,O-Dealkylation,BTMR0052,"CYP1A2
CYP2A6
CYP2C9
CYP2C19
CYP2D6
CYP2E1
CYP3A4",HUMAN,BTM00007,O1C=2C(C(=O)C=C1C3=CC=C(OC)C=C3)=C(O)C=C(O)C2,"InChI=1S/C16H12O5/c1-20-11-4-2-9(3-5-11)14-8-13(19)16-12(18)6-10(17)7-15(16)21-14/h2-8,17-18H,1H3",DANYIYRPLHHOCZ-UHFFFAOYSA-N,3.278000000000001,284.068473484
"InChI=1S/C16H12O6/c1-21-13-3-2-8(4-10(13)18)14-7-12(20)16-11(19)5-9(17)6-15(16)22-14/h2-7,17-19H,1H3",MBNGWHIJMBWFHU-UHFFFAOYSA-N,O1C=2C(C(=O)C=C1C3=CC=C(OC)C(=C3)O)=C(O)C=C(O)C2,"Diosmetin
520-34-3
Luteolin 4'-methyl ether
Salinigricoflavonol
4'-Methylluteolin
Diosmetine
3',5,7-trihydroxy-4'-methoxyflavone
5,7,3'-Trihydroxy-4'-methoxyflavone
5,7-Dihydroxy-2-(3-hydroxy-4-methoxyphenyl)-4H-1-benzopyran-4-one
5,7-dihydroxy-2-(3-hydroxy-4-methoxyphenyl)chromen-4-one
5,7-Dihydroxy-2-(3-hydroxy-4-methoxyphenyl)-4-benzopyrone
4H-1-Benzopyran-4-one, 5,7-dihydroxy-2-(3-hydroxy-4-methoxyphenyl)-
TWZ37241OT
DTXSID80199966
Flavone, 3',5,7-trihydroxy-4'-methoxy-
CHEBI:4630
RefChem:34944
DTXCID40122457
GONGJINHYANG SEOL WHITENING
Whoo Gongjinhyang Seol Whitening Jin Essence
ISAKNOX X202 WHITENING SECRET ESSENCE
ISA KNOX WXII PLUS WHITENING REVOLUTION SERUM
208-291-8
5,7-dihydroxy-2-(3-hydroxy-4-methoxyphenyl)-4H-chromen-4-one
Luteolin 4-methyl ether
MFCD00017425
5,7-dihydroxy-2-(3-hydroxy-4-methoxy-phenyl)chromen-4-one
Diosmin EP Impurity F
Pillon
DIOSMETOL
SR-05000002196
disometin
UNII-TWZ37241OT
HSDB 8101
5,7-Dihydroxy-2-(3-hydroxy-4-methoxyphenyl)-4H-1-benzopyran-4-one (Diosmetin)
EINECS 208-291-8
Diosmetin (Standard)
3',5,7-trihydroxy-4'-methoxy flavone
4'-O-methyl-luteolin
Spectrum_001505
SpecPlus_000435
DIOSMETIN [MI]
Spectrum2_001638
Spectrum3_000987
Spectrum4_001113
Spectrum5_001707
DIOSMETIN [WHO-DD]
BSPBio_002653
KBioGR_001586
KBioSS_001985
MLS006011843
CHEMBL90568
Diosmetin, analytical standard
DivK1c_006531
SCHEMBL289337
Salinigricoflavonol; Vitamin P
SPBio_001735
orb1307680
SCHEMBL29363916
SCHEMBL29453246
SCHEMBL30541886
BDBM23414
GTPL13861
HY-N0125R
KBio1_001475
KBio2_001985
KBio2_004553
KBio2_007121
KBio3_001873
LUTEOLIN-4'-METHYL ETHER
Diosmetin; Diosmin EP Impurity F
HMS3656G13
HMS3753G11
HMS5080B20
BB_NC-02600
HY-N0125
BBL027839
CCG-38758
Diosmetin (Luteolin 4-methyl ether)
LMPK12110824
s2380
SBB066130
STL146390
AKOS005720974
4'-Methoxy-5,7,3'-Trihydroxyflavone
CS-5455
DB11259
EBC-436043
FD22465
SDCCGMLS-0066783.P001
NCGC00163540-01
NCGC00163540-02
NCGC00163540-03
NCGC00178549-01
AC-34868
BS-17174
SMR002044787
SY066981
CYANIDENON-4'-METHYL ETHER 1479
DB-050154
D4441
NS00014641
ST50331610
SW219332-1
C10038
520D343
A828902
AN-668/21246025
F239117
Q1649664
SR-05000002196-2
SR-05000002196-3
BRD-K26862302-001-02-9
BRD-K26862302-001-03-7
BRD-K26862302-001-05-2
2-(4-methoxy-3-oxidanyl-phenyl)-5,7-bis(oxidanyl)chromen-4-one
5,7-dihydroxy-2-(3-hydroxy-4-methoxyphenyl)-1-benzopyran-4-one
5,7-Dihydroxy-2-(3-hydroxy-4-methoxyphenyl);-4H-chromen-4-one
J8D",5281612,C16H12O6,300.06338810399996,3.0106,0,1,1,BTM00032,BTM00032,"2-Hydroxylation of 1,4-disubstituted benzene",BTMR0037,CYP1A2,HUMAN,BTM00007,O1C=2C(C(=O)C=C1C3=CC=C(OC)C=C3)=C(O)C=C(O)C2,"InChI=1S/C16H12O5/c1-20-11-4-2-9(3-5-11)14-8-13(19)16-12(18)6-10(17)7-15(16)21-14/h2-8,17-18H,1H3",DANYIYRPLHHOCZ-UHFFFAOYSA-N,3.278000000000001,284.068473484
"InChI=1S/C16H12O6/c1-20-10-4-2-8(3-5-10)16-15(22-16)14(19)13-11(18)6-9(17)7-12(13)21-16/h2-7,15,17-18H,1H3",NWHHCAHNDBJIBC-UHFFFAOYSA-N,O1C=2C(C(=O)C3C1(C4=CC=C(OC)C=C4)O3)=C(O)C=C(O)C2,,,C16H12O6,300.06338810399996,2.3798,0,0,0,BTM00055,BTM00055,Epoxidation of vinyl ether,BTMR1026,"CYP1A2
CYP3A4",HUMAN,BTM00007,O1C=2C(C(=O)C=C1C3=CC=C(OC)C=C3)=C(O)C=C(O)C2,"InChI=1S/C16H12O5/c1-20-11-4-2-9(3-5-11)14-8-13(19)16-12(18)6-10(17)7-15(16)21-14/h2-8,17-18H,1H3",DANYIYRPLHHOCZ-UHFFFAOYSA-N,3.278000000000001,284.068473484
"InChI=1S/C15H10O7/c16-7-4-10(19)12-11(5-7)21-15(14(22-15)13(12)20)6-1-2-8(17)9(18)3-6/h1-5,14,16-19H",DZWACLWMCSVRCZ-UHFFFAOYSA-N,O1C=2C(C(=O)C3C1(C4=CC=C(O)C(=C4)O)O3)=C(O)C=C(O)C2,,,C15H10O7,302.04265266,1.8613999999999993,0,1,1,BTM00056,BTM00056,Epoxidation of vinyl ether,BTMR1026,"CYP1A2
CYP3A4",HUMAN,BTM00008,O1C=2C(C(=O)C=C1C3=CC=C(O)C(=C3)O)=C(O)C=C(O)C2,"InChI=1S/C15H10O6/c16-8-4-11(19)15-12(20)6-13(21-14(15)5-8)7-1-2-9(17)10(18)3-7/h1-6,16-19H",IQPNAANSBPBGFQ-UHFFFAOYSA-N,2.7596,286.04773803999996
"InChI=1S/C15H12O6/c16-8-4-11(19)15-12(20)6-13(21-14(15)5-8)7-1-2-9(17)10(18)3-7/h1-5,13,16-19H,6H2",SBHXYTNGIZCORC-UHFFFAOYSA-N,O1C=2C(C(=O)CC1C3=CC=C(O)C(=C3)O)=C(O)C=C(O)C2,"4049-38-1
CQT975GLYF
Flavanone, 3',4',5,7-tetrahydroxy-
4H-1-Benzopyran-4-one, 2-(3,4-dihydroxyphenyl)-2,3-dihydro-5,7-dihydroxy-
DTXSID30862178
Eriodictyol, (+-)-
RefChem:591086
GlyTouCan:G14449NR
(+-)-ERIODICTYOL
DTXCID20810981
G14449NR
800-080-4
(+/-)-Eriodictyol
2-(3,4-dihydroxyphenyl)-5,7-dihydroxychroman-4-one
Eriodictyol, (+/-)-
2-(3,4-dihydroxyphenyl)-5,7-dihydroxy-2,3-dihydrochromen-4-one
(+/-)-3',4',5,7-Tetrahydroxyflavanone
2-(3,4-dihydroxyphenyl)-5,7-dihydroxy-chroman-4-one
MLS000877024
(+/-)-5,7,3',4'-Tetrahydroxyflavanone
5,7,3',4'-Tetrahydroxyflavanone
SMR000440624
2-(3,4-dihydroxyphenyl)-5,7-dihydroxy-3,4-dihydro-2H-1-benzopyran-4-one
Huazhongilexone
Eriodicytol
UNII-CQT975GLYF
ERIODYCTOL
DIOSMETIN_met008
Oprea1_736075
BSPBio_002438
cid_11095
SPECTRUM1505145
CHEMBL307893
MEGxp0_000569
orb1991807
SCHEMBL2309591
FEMA NO. 4715
SCHEMBL29378971
SCHEMBL29603762
ACon1_000409
BDBM69393
CHEBI:91645
GTPL12442
HY-N0637A
SBHXYTNGIZCORC-UHFFFAOYSA-N
HMS2270F17
HMS5086F17
7,5,3',4'-tetrahydroxyflavanone
5,7,3',4'-tetrahydroxy flavonone
MFCD00017312
2-(3,4-Dihydroxyphenyl)-5,7-dihydroxy-2,3-dihydro-4H-1-benzopyran-4-one
AKOS024284394
EBC-618433
FE74961
NCGC00096019-01
NCGC00096019-02
NCGC00096019-03
NCGC00096019-04
DA-68997
ST075648
(+/-)-Eriodictyol, >=95.0% (HPLC)
G88871
B50DD53A-D1B0-4FB5-AC5F-C0F43001B7D8
BRD-A35033682-001-01-0
Q27163470
2-(3,4-DIHYDROXYPHENYL)-5,7-DIHYDROXY-4-CHROMANON
2-[3,4-bis(oxidanyl)phenyl]-5,7-bis(oxidanyl)-2,3-dihydrochromen-4-one
4H-1-Benzopyran-4-one, 2-(3,4-dihydroxy-phenyl)-2,3-dihydro-5,7-dihydroxy-, (2S)-",11095,C15H12O6,288.06338810399996,2.0303,0,1,1,BTM00057,BTM00057,"2-Hydroxylation of 1,4-disubstituted benzene",BTMR0037,CYP1A2,HUMAN,BTM00010,O1C=2C(C(=O)CC1C3=CC=C(O)C=C3)=C(O)C=C(O)C2,"InChI=1S/C15H12O5/c16-9-3-1-8(2-4-9)13-7-12(19)15-11(18)5-10(17)6-14(15)20-13/h1-6,13,16-18H,7H2",FTVWIRXFELQLPI-UHFFFAOYSA-N,2.2977000000000007,272.068473484
"InChI=1S/C15H12O6/c16-8-3-1-7(2-4-8)15-14(20)13(19)12-10(18)5-9(17)6-11(12)21-15/h1-6,14-18,20H",PADQINQHPQKXNL-UHFFFAOYSA-N,O1C=2C(C(=O)C(C1C3=CC=C(O)C=C3)O)=C(O)C=C(O)C2,"3,5,7-trihydroxy-2-(4-hydroxyphenyl)-2,3-dihydrochromen-4-one
3,5,7-trihydroxy-2-(4-hydroxyphenyl)chroman-4-one
RefChem:1065862
724434-08-6
(+/-)-Dihydrokaempferol
104486-98-8
3,5,7,4''-TETRAHYDROXYFLAVANONE
4H-1-Benzopyran-4-one,2,3-dihydro-3,5,7-trihydroxy-2-(4-hydroxyphenyl)-, trans-
(+)-Aromadendrol
5150-32-3
KAEMPFEROL_met008
SCHEMBL39319
CHEMBL398847
orb1989727
SCHEMBL29454736
DTXSID50274279
PADQINQHPQKXNL-UHFFFAOYSA-N
NSC327432
4H-1-Benzopyran-4-one, 2,3-dihydro-3,5,7-trihydroxy-2-(4-hydroxyphenyl)-
AKOS032948350
AT25341
NSC-327432
NCGC00488813-01
NS00134207
2,3-Dihydro-3,5,7-trihydroxy-2-(4-hydroxyphenyl)-4H-1-benzopyran-4-one;
3,5,7-Trihydroxy-2-(4-hydroxyphenyl)-2,3-dihydro-4H-1-benzopyran-4-one
3,5,7-Trihydroxy-2-(4-hydroxyphenyl)-2,3-dihydro-4H-chromen-4-one #
4H-1-Benzopyran-4-one,3-dihydro-3,5,7-trihydroxy-2-(4-hydroxyphenyl)-",662,C15H12O6,288.06338810399996,1.7521999999999995,0,1,1,BTM00058,BTM00058,Hydroxylation of heteroalicyclic secondary carbon,BTMR1071,CYP1A2,HUMAN,BTM00010,O1C=2C(C(=O)CC1C3=CC=C(O)C=C3)=C(O)C=C(O)C2,"InChI=1S/C15H12O5/c16-9-3-1-8(2-4-9)13-7-12(19)15-11(18)5-10(17)6-14(15)20-13/h1-6,13,16-18H,7H2",FTVWIRXFELQLPI-UHFFFAOYSA-N,2.2977000000000007,272.068473484
"InChI=1S/C15H10O5/c16-8-5-11(18)15-12(19)7-13(20-14(15)6-8)9-3-1-2-4-10(9)17/h1-7,16-18H",OFYPDAKTVZXXPC-UHFFFAOYSA-N,O1C=2C(C(=O)C=C1C3=C(C=CC=C3)O)=C(O)C=C(O)C2,"5,7,2'-Trihydroxyflavone
73046-40-9
DTXSID10223324
RefChem:912974
DTXCID10145815
5,7-dihydroxy-2-(2-hydroxyphenyl)-4H-chromen-4-one
5,7-dihydroxy-2-(2-hydroxyphenyl)chromen-4-one
MFCD00064915
CHEMBL242385
5,7-Dihydroxy-2-(2-hydroxyphenyl)-4H-1-benzopyran-4-one
4H-1-Benzopyran-4-one, 5,7-dihydroxy-2-(2-hydroxyphenyl)-
2'-Hydroxychrysin
TNP00057
Apigenin Impurity 1
5,7,2''-Trihydroxyflavone
SCHEMBL3708991
CHEBI:196248
OFYPDAKTVZXXPC-UHFFFAOYSA-N
BDBM50312646
LMPK12110125
AKOS024282397
MB00514
NCGC00017193-01
NCGC00017193-02
NCGC00142442-01
BP-10213
ST056011
DB-055717
NS00116327",5322064,C15H10O5,270.05282342,3.0270000000000006,0,1,1,BTM00059,BTM00059,O-Hydroxylation of monosubstituted benzene,BTMR1034,"CYP1A2
CYP2C8
CYP2C9
CYP2C19
CYP3A4",HUMAN,BTM00011,O1C=2C(C(=O)C=C1C3=CC=CC=C3)=C(O)C=C(O)C2,"InChI=1S/C15H10O4/c16-10-6-11(17)15-12(18)8-13(19-14(15)7-10)9-4-2-1-3-5-9/h1-8,16-17H",RTIXKCRFFJGDFG-UHFFFAOYSA-N,3.2944000000000004,254.0579088
"InChI=1S/C15H10O5/c16-9-3-1-8(2-4-9)13-7-12(19)15-11(18)5-10(17)6-14(15)20-13/h1-7,16-18H",KZNIFHPLKGYRTM-UHFFFAOYSA-N,O1C=2C(C(=O)C=C1C3=CC=C(O)C=C3)=C(O)C=C(O)C2,,,C15H10O5,270.0528,,0,1,1,,5280443,Hydroxylation of benzene on carbon para to electron donating group,BTMR1047,"CYP1A2
CYP2C8
CYP2C9
CYP2D6
CYP3A4",HUMAN,BTM00011,O1C=2C(C(=O)C=C1C3=CC=CC=C3)=C(O)C=C(O)C2,"InChI=1S/C15H10O4/c16-10-6-11(17)15-12(18)8-13(19-14(15)7-10)9-4-2-1-3-5-9/h1-8,16-17H",RTIXKCRFFJGDFG-UHFFFAOYSA-N,3.2944000000000004,254.0579088
"InChI=1S/C15H10O5/c16-9-6-10(17)12-11(7-9)19-15(14(20-15)13(12)18)8-4-2-1-3-5-8/h1-7,14,16-17H",MYTUPYJVYJHTMN-UHFFFAOYSA-N,O1C=2C(C(=O)C3C1(C4=CC=CC=C4)O3)=C(O)C=C(O)C2,,,C15H10O5,270.05282342,2.3962000000000003,0,0,0,BTM00060,BTM00060,Epoxidation of vinyl ether,BTMR1026,"CYP1A2
CYP3A4",HUMAN,BTM00011,O1C=2C(C(=O)C=C1C3=CC=CC=C3)=C(O)C=C(O)C2,"InChI=1S/C15H10O4/c16-10-6-11(17)15-12(18)8-13(19-14(15)7-10)9-4-2-1-3-5-9/h1-8,16-17H",RTIXKCRFFJGDFG-UHFFFAOYSA-N,3.2944000000000004,254.0579088
"InChI=1S/C15H12O4/c16-10-6-11(17)15-12(18)8-13(19-14(15)7-10)9-4-2-1-3-5-9/h1-8,12,16-18H",KSDWUEWFECEPMU-UHFFFAOYSA-N,O1C=2C(C(O)C=C1C3=CC=CC=C3)=C(O)C=C(O)C2,,,C15H12O4,256.073558864,2.2051999999999996,0,1,1,BTM00047,BTM00047,4'-Dehydroxylation of substituted benzene,BTMR1012,Unspecified bacterial dehydroxylase,GUTMICRO,BTM00001,O1C=2C(C(O)C=C1C3=CC=C(O)C=C3)=C(O)C=C(O)C2,"InChI=1S/C15H12O5/c16-9-3-1-8(2-4-9)13-7-12(19)15-11(18)5-10(17)6-14(15)20-13/h1-7,12,16-19H",TWLIHXQWVLTBCS-UHFFFAOYSA-N,1.9377999999999997,272.068473484
"InChI=1S/C16H12O4/c1-19-11-7-12(17)16-13(18)9-14(20-15(16)8-11)10-5-3-2-4-6-10/h2-9,17H,1H3",IRZVHDLBAYNPCT-UHFFFAOYSA-N,O1C=2C(C(=O)C=C1C3=CC=CC=C3)=C(O)C=C(OC)C2,"Tectochrysin
520-28-5
5-Hydroxy-7-methoxyflavone
Techtochrysin
7-Methoxy-5-hydroxyflavone
5-hydroxy-7-methoxy-2-phenylchromen-4-one
Flavone, 5-hydroxy-7-methoxy-
4H-1-Benzopyran-4-one, 5-hydroxy-7-methoxy-2-phenyl-
9UBO28W2AK
NSC-80687
5-hydroxy-7-methoxy-2-phenyl-4H-1-benzopyran-4-one
CHEBI:9426
DTXSID40199962
RefChem:187693
DTXCID00122453
5-Hydroxy-7-methoxy-2-phenyl-4H-chromen-4-one
Methyl chrysin
7-O-METHYLCHRYSIN
MFCD00016945
Techtochrysin;NSC 80687
5-Hydroxy-7-methoxy-2-phenyl-chromen-4-one
Techtochrysine
Tecto-chrysin
SMR000387029
5-Hydroxy-7-methylflavone; 7-O-Methylchrysin; Tectochrysine
7-methoxycrysin
NSC 80687
Chrysin 7-methylether
chrysin-7-methyl ether
Tectochrysin (Standard)
Maybridge3_003219
UNII-9UBO28W2AK
Oprea1_023530
Oprea1_215176
MLS000697658
MLS001049041
SCHEMBL249043
CHEMBL164841
orb1303377
SCHEMBL29494561
WLZ4716
HMS1440C07
HMS2267G17
NSC80687
TNP00038
BDBM50423793
CCG-43780
HY-14592R
LMPK12110190
s3256
STK078936
AKOS000522399
EBC-466056
FT66186
IDI1_014606
NCGC00017176-01
NCGC00017176-02
NCGC00017176-03
NCGC00142540-01
AC-35028
BS-48960
HY-14592
ST057541
DB-052063
CS-0003465
2-PHENYL-5-HYDROXY-7-METHOXYCHROMONE
VU0254572-3
AB00637079-07
SR-01000402578
5-Hydroxy-7-methoxy-2-phenyl-4H-chromen-4-one #
Q3516969
SR-01000402578-1
SR-01000402578-2
F3097-0487",5281954,C16H12O4,268.073558864,3.5454,0,0,0,BTM00050,BTM00050,4'-Dehydroxylation of substituted benzene,BTMR1012,Unspecified bacterial dehydroxylase,GUTMICRO,BTM00005,O1C=2C(C(=O)C=C1C3=CC=C(O)C=C3)=C(O)C=C(OC)C2,"InChI=1S/C16H12O5/c1-20-11-6-12(18)16-13(19)8-14(21-15(16)7-11)9-2-4-10(17)5-3-9/h2-8,17-18H,1H3",JPMYFOBNRRGFNO-UHFFFAOYSA-N,3.278000000000001,284.068473484
"InChI=1S/C16H12O4/c1-19-14-7-11(17)8-15-16(14)12(18)9-13(20-15)10-5-3-2-4-6-10/h2-9,17H,1H3",JVEMWXSMSUNXSD-UHFFFAOYSA-N,O1C=2C(C(=O)C=C1C3=CC=CC=C3)=C(OC)C=C(O)C2,"7-Hydroxy-5-methoxy-2-phenyl-chromen-4-one
7-hydroxy-5-methoxy-2-phenylchromen-4-one
RefChem:1074443
33554-47-1
7-hydroxy-5-methoxy-2-phenyl-4H-chromen-4-one
Chrysin-5-methylether
CHEMBL181896
Chrysin 5-methyl ether
7-hydroxy-5-methoxyflavone
chrysin-5-methyl-ether
7-Hydroxy-5-methoxy-2-phenyl-4H-1-benzopyran-4-one
SCHEMBL19235588
DTXSID40187243
BDBM50412264
MFCD09029062
SBB081026
STK925270
AKOS000275827
NCGC00296010-01
AC-10891
ST50794641
VU0490357-1
EN300-238261
AB01289941-01
F2106-0046",5490127,C16H12O4,268.073558864,3.5454,0,0,0,BTM00051,BTM00051,4'-Dehydroxylation of substituted benzene,BTMR1012,Unspecified bacterial dehydroxylase,GUTMICRO,BTM00006,O1C=2C(C(=O)C=C1C3=CC=C(O)C=C3)=C(OC)C=C(O)C2,"InChI=1S/C16H12O5/c1-20-14-6-11(18)7-15-16(14)12(19)8-13(21-15)9-2-4-10(17)5-3-9/h2-8,17-18H,1H3",YQABHAHJGSNVQR-UHFFFAOYSA-N,3.278000000000001,284.068473484
"InChI=1S/C16H14O5/c1-20-11-4-2-9(3-5-11)14-8-13(19)16-12(18)6-10(17)7-15(16)21-14/h2-7,14,17-18H,8H2,1H3",HMUJXQRRKBLVOO-UHFFFAOYSA-N,O1C=2C(C(=O)CC1C3=CC=C(OC)C=C3)=C(O)C=C(O)C2,"26207-61-4
RefChem:442343
2,3-Dihydro-5,7-dihydroxy-2-(4-methoxyphenyl)-4H-1-benzopyran-4-one
112-592-9
5,7-dihydroxy-2-(4-methoxyphenyl)chroman-4-one
Citrifoliol
MFCD00017313
PTP inhibitor, 4n
ACACETIN_met004
CHEMBL485252
SCHEMBL5067423
SCHEMBL31128790
CHEBI:193496
HMUJXQRRKBLVOO-UHFFFAOYSA-N
5,7-dihydroxy-2-(4-methoxyphenyl)-2,3-dihydrochromen-4-one
BDBM243062
5,7-dihydroxy-2-(4-methoxyphenyl)-3,4-dihydro-2H-1-benzopyran-4-one
AKOS024287053
ST098360
DB-051506
5,7-Dihydroxy-2-(4-methoxy-phenyl)-chroman-4-one",5118250,C16H14O5,286.084123548,2.5486999999999997,0,0,0,BTM00046,BTM00046,Flavonoid C-ring reduction,BTMR0255,Unspecified gut bacterial enzyme,GUTMICRO,BTM00007,O1C=2C(C(=O)C=C1C3=CC=C(OC)C=C3)=C(O)C=C(O)C2,"InChI=1S/C16H12O5/c1-20-11-4-2-9(3-5-11)14-8-13(19)16-12(18)6-10(17)7-15(16)21-14/h2-8,17-18H,1H3",DANYIYRPLHHOCZ-UHFFFAOYSA-N,3.278000000000001,284.068473484
"InChI=1S/C15H12O6/c16-8-4-11(19)15-12(20)6-13(21-14(15)5-8)7-1-2-9(17)10(18)3-7/h1-5,13,16-19H,6H2",SBHXYTNGIZCORC-UHFFFAOYSA-N,O1C=2C(C(=O)CC1C3=CC=C(O)C(=C3)O)=C(O)C=C(O)C2,"4049-38-1
CQT975GLYF
Flavanone, 3',4',5,7-tetrahydroxy-
4H-1-Benzopyran-4-one, 2-(3,4-dihydroxyphenyl)-2,3-dihydro-5,7-dihydroxy-
DTXSID30862178
Eriodictyol, (+-)-
RefChem:591086
GlyTouCan:G14449NR
(+-)-ERIODICTYOL
DTXCID20810981
G14449NR
800-080-4
(+/-)-Eriodictyol
2-(3,4-dihydroxyphenyl)-5,7-dihydroxychroman-4-one
Eriodictyol, (+/-)-
2-(3,4-dihydroxyphenyl)-5,7-dihydroxy-2,3-dihydrochromen-4-one
(+/-)-3',4',5,7-Tetrahydroxyflavanone
2-(3,4-dihydroxyphenyl)-5,7-dihydroxy-chroman-4-one
MLS000877024
(+/-)-5,7,3',4'-Tetrahydroxyflavanone
5,7,3',4'-Tetrahydroxyflavanone
SMR000440624
2-(3,4-dihydroxyphenyl)-5,7-dihydroxy-3,4-dihydro-2H-1-benzopyran-4-one
Huazhongilexone
Eriodicytol
UNII-CQT975GLYF
ERIODYCTOL
DIOSMETIN_met008
Oprea1_736075
BSPBio_002438
cid_11095
SPECTRUM1505145
CHEMBL307893
MEGxp0_000569
orb1991807
SCHEMBL2309591
FEMA NO. 4715
SCHEMBL29378971
SCHEMBL29603762
ACon1_000409
BDBM69393
CHEBI:91645
GTPL12442
HY-N0637A
SBHXYTNGIZCORC-UHFFFAOYSA-N
HMS2270F17
HMS5086F17
7,5,3',4'-tetrahydroxyflavanone
5,7,3',4'-tetrahydroxy flavonone
MFCD00017312
2-(3,4-Dihydroxyphenyl)-5,7-dihydroxy-2,3-dihydro-4H-1-benzopyran-4-one
AKOS024284394
EBC-618433
FE74961
NCGC00096019-01
NCGC00096019-02
NCGC00096019-03
NCGC00096019-04
DA-68997
ST075648
(+/-)-Eriodictyol, >=95.0% (HPLC)
G88871
B50DD53A-D1B0-4FB5-AC5F-C0F43001B7D8
BRD-A35033682-001-01-0
Q27163470
2-(3,4-DIHYDROXYPHENYL)-5,7-DIHYDROXY-4-CHROMANON
2-[3,4-bis(oxidanyl)phenyl]-5,7-bis(oxidanyl)-2,3-dihydrochromen-4-one
4H-1-Benzopyran-4-one, 2-(3,4-dihydroxy-phenyl)-2,3-dihydro-5,7-dihydroxy-, (2S)-",11095,C15H12O6,288.06338810399996,2.0303,0,1,1,BTM00057,BTM00057,Flavonoid C-ring reduction,BTMR0255,Unspecified gut bacterial enzyme,GUTMICRO,BTM00008,O1C=2C(C(=O)C=C1C3=CC=C(O)C(=C3)O)=C(O)C=C(O)C2,"InChI=1S/C15H10O6/c16-8-4-11(19)15-12(20)6-13(21-14(15)5-8)7-1-2-9(17)10(18)3-7/h1-6,16-19H",IQPNAANSBPBGFQ-UHFFFAOYSA-N,2.7596,286.04773803999996
"InChI=1S/C15H10O5/c16-9-3-1-8(2-4-9)13-7-12(19)15-11(18)5-10(17)6-14(15)20-13/h1-7,16-18H",KZNIFHPLKGYRTM-UHFFFAOYSA-N,O1C=2C(C(=O)C=C1C3=CC=C(O)C=C3)=C(O)C=C(O)C2,,,C15H10O5,270.0528,,0,1,1,,5280443,3'-Dehydroxylation of substituted benzene,BTMR1314,Unspecified bacterial dehydroxylase,GUTMICRO,BTM00008,O1C=2C(C(=O)C=C1C3=CC=C(O)C(=C3)O)=C(O)C=C(O)C2,"InChI=1S/C15H10O6/c16-8-4-11(19)15-12(20)6-13(21-14(15)5-8)7-1-2-9(17)10(18)3-7/h1-6,16-19H",IQPNAANSBPBGFQ-UHFFFAOYSA-N,2.7596,286.04773803999996
"InChI=1S/C15H10O5/c16-9-3-1-2-8(4-9)13-7-12(19)15-11(18)5-10(17)6-14(15)20-13/h1-7,16-18H",BEXPKGWBRBLIIC-UHFFFAOYSA-N,O1C=2C(C(=O)C=C1C3=CC=CC(=C3)O)=C(O)C=C(O)C2,"5,7,3'-trihydroxyflavone
72472-92-5
5,7-dihydroxy-2-(3-hydroxyphenyl)-4H-chromen-4-one
CHEMBL457821
SCHEMBL30335147
SCHEMBL31291006
BDBM50445690
XT161930
5,7-Dihydroxy-2-(3-hydroxyphenyl)-4H-1-benzopyran-4-one",15764379,C15H10O5,270.05282342,3.0270000000000006,0,1,1,BTM00061,BTM00061,4'-Dehydroxylation of substituted benzene,BTMR1012,Unspecified bacterial dehydroxylase,GUTMICRO,BTM00008,O1C=2C(C(=O)C=C1C3=CC=C(O)C(=C3)O)=C(O)C=C(O)C2,"InChI=1S/C15H10O6/c16-8-4-11(19)15-12(20)6-13(21-14(15)5-8)7-1-2-9(17)10(18)3-7/h1-6,16-19H",IQPNAANSBPBGFQ-UHFFFAOYSA-N,2.7596,286.04773803999996
"InChI=1S/C15H12O5/c16-10-4-1-9(2-5-10)3-6-12(18)15-13(19)7-11(17)8-14(15)20/h1-8,16-17,19-20H/b6-3+",YQHMWTPYORBCMF-ZZXKWVIFSA-N,OC=1C(C(=O)C=CC2=CC=C(O)C=C2)=C(O)C=C(O)C1,"naringenin chalcone
Chalconaringenin
73692-50-9
Isosalipurpol
25515-46-2
2',4,4',6'-Tetrahydroxychalcone
trans-2',4,4',6'-Tetrahydroxychalcone
YCF6Z24AS2
2'4'6'4-Tetrahydroxychalcone
CHEBI:15413
3-(4-Hydroxyphenyl)-1-(2,4,6-trihydroxyphenyl)-2-propen-1-one
(2E)-3-(4-Hydroxyphenyl)-1-(2,4,6-trihydroxyphenyl)-2-propen-1-one
DTXSID201025574
RefChem:832073
DTXCID701526072
860-137-4
Chalcononaringenin
(2E)-3-(4-hydroxyphenyl)-1-(2,4,6-trihydroxyphenyl)prop-2-en-1-one
(E)-3-(4-hydroxyphenyl)-1-(2,4,6-trihydroxyphenyl)prop-2-en-1-one
MFCD00016762
2,4,4,6-tetrahydroxychalcone
CHEMBL338066
4,2,4,6-Tetrahydroxychalcone
3-(4-hydroxyphenyl)-1-(2,4,6-trihydroxyphenyl)prop-2-en-1-one
Chalcone, 2,4,4,6-tetrahydroxy-
4,2',4',6'-TETRAHYDROXYCHALCONE
2',4',6',4-tetrahydroxychalcone
(2E)- 3-(4-hydroxyphenyl)-1-(2,4,6-trihydroxyphenyl)-2-Propen-1-one
2-Propen-1-one, 3-(4-hydroxyphenyl)-1-(2,4,6-trihydroxyphenyl)-, (2E)-
Naringenin chalcon
(E)-Naringenin chalcone
UNII-YCF6Z24AS2
MLS000863595
SCHEMBL443275
MEGxp0_001759
orb1304643
orb1685439
ACon1_001222
DTXSID101043553
HMS2269F17
HY-N3007
BDBM50042993
LMPK12120264
AKOS037515150
CCG-267176
EBC-470050
FN76317
2'',4,4'',6''-tetrahydroxychalcone
NCGC00142554-01
NCGC00142554-02
AC-34933
MS-23851
SMR000440735
ST057656
CS-0022919
S9440
C06561
Q25098661
(2E)a3a(4aHydroxyphenyl)a1a(2,4,6atrihydroxyphenyl)propa2aena1aone
3-(4-hydroxyphemyl)-1-(2,4,6-trihydroxyphenyl)prop-2-en-1-one
3-(4-Hydroxyphenyl)-1-(2,4,6-trihydroxyphenyl)-2-propen-1-one, 9CI
5071-40-9",5280960,C15H12O5,272.068473484,2.6323999999999996,0,1,1,BTM00062,BTM00062,Flavanone C-ring fission,BTMR0273,Unspecified gut bacterial enzyme,GUTMICRO,BTM00010,O1C=2C(C(=O)CC1C3=CC=C(O)C=C3)=C(O)C=C(O)C2,"InChI=1S/C15H12O5/c16-9-3-1-8(2-4-9)13-7-12(19)15-11(18)5-10(17)6-14(15)20-13/h1-6,13,16-18H,7H2",FTVWIRXFELQLPI-UHFFFAOYSA-N,2.2977000000000007,272.068473484
"InChI=1S/C15H12O4/c16-10-6-11(17)15-12(18)8-13(19-14(15)7-10)9-4-2-1-3-5-9/h1-7,13,16-17H,8H2",URFCJEUYXNAHFI-UHFFFAOYSA-N,O1C=2C(C(=O)CC1C3=CC=CC=C3)=C(O)C=C(O)C2,"68745-38-0
5,7-Dihydroxyflavanone
DTXSID80285959
RefChem:1072263
DTXCID90212731
(+/-)-pinocembrin
5,7-dihydroxy-2-phenylchroman-4-one
rac-Pinocembrin
Pinocembrin (racemic)
MFCD00017482
5,7-dihydroxy-2-phenyl-2,3-dihydrochromen-4-one
4H-1-Benzopyran-4-one, 2,3-dihydro-5,7-dihydroxy-2-phenyl-
( inverted exclamation markA)-Pinocembrin
NSC279005
5,7-Dihydroxy-2-phenyl-chroman-4-one
(s)-pinocembrin
(+/-)-5,7-Dihydroxyflavanone; NSC 43318
NSC43318
NSC-43318
NSC661207
()-Pinocembrin
PTP inhibitor, 4l
MLS000877016
CHEMBL70518
SCHEMBL291899
MEGxp0_000456
orb1684311
orb3032915
4H-1-Benzopyran-4-one, 2,3-dihydro-5,7-dihydroxy-2-phenyl-, (-)-
4H-1-Benzopyran-4-one, 2,3-dihydro-5,7-dihydroxy-2-phenyl-, (S)-
SCHEMBL30186539
ACon1_000231
5,7-dihydroxy-2-phenyl-3,4-dihydro-2H-1-benzopyran-4-one
BDBM243060
HMS2267H13
HMS3330B01
GIA66042
HY-N2540
SBB066101
AKOS015895182
DL-0108
EBC-459046
FP66340
FS-7859
NSC-661207
SB17302
NCGC00180757-01
AC-35131
SMR000440642
()-5,7-Dihydroxyflavanone; NSC 43318
DB-055185
CS-0022812
NS00097243
H37437
Q748200
BRD-A84450718-001-01-4
5,7-Dihydroxy-2-phenyl-2,3-dihydro-4H-chromen-4-one #
5,7-Dihydroxy-2-phenyl-2,3-dihydro-4H-1-benzopyran-4-one
4H-1-Benzopyran-4-one,3-dihydro-5,7-dihydroxy-2-phenyl-, (-)-
4H-1-Benzopyran-4-one,3-dihydro-5,7-dihydroxy-2-phenyl-, (S)-",238782,C15H12O4,256.073558864,2.5651,0,0,0,BTM00063,BTM00063,4'-Dehydroxylation of substituted benzene,BTMR1012,Unspecified bacterial dehydroxylase,GUTMICRO,BTM00010,O1C=2C(C(=O)CC1C3=CC=C(O)C=C3)=C(O)C=C(O)C2,"InChI=1S/C15H12O5/c16-9-3-1-8(2-4-9)13-7-12(19)15-11(18)5-10(17)6-14(15)20-13/h1-6,13,16-18H,7H2",FTVWIRXFELQLPI-UHFFFAOYSA-N,2.2977000000000007,272.068473484
"InChI=1S/C15H12O4/c16-10-6-11(17)15-12(18)8-13(19-14(15)7-10)9-4-2-1-3-5-9/h1-7,13,16-17H,8H2",URFCJEUYXNAHFI-UHFFFAOYSA-N,O1C=2C(C(=O)CC1C3=CC=CC=C3)=C(O)C=C(O)C2,"68745-38-0
5,7-Dihydroxyflavanone
DTXSID80285959
RefChem:1072263
DTXCID90212731
(+/-)-pinocembrin
5,7-dihydroxy-2-phenylchroman-4-one
rac-Pinocembrin
Pinocembrin (racemic)
MFCD00017482
5,7-dihydroxy-2-phenyl-2,3-dihydrochromen-4-one
4H-1-Benzopyran-4-one, 2,3-dihydro-5,7-dihydroxy-2-phenyl-
( inverted exclamation markA)-Pinocembrin
NSC279005
5,7-Dihydroxy-2-phenyl-chroman-4-one
(s)-pinocembrin
(+/-)-5,7-Dihydroxyflavanone; NSC 43318
NSC43318
NSC-43318
NSC661207
()-Pinocembrin
PTP inhibitor, 4l
MLS000877016
CHEMBL70518
SCHEMBL291899
MEGxp0_000456
orb1684311
orb3032915
4H-1-Benzopyran-4-one, 2,3-dihydro-5,7-dihydroxy-2-phenyl-, (-)-
4H-1-Benzopyran-4-one, 2,3-dihydro-5,7-dihydroxy-2-phenyl-, (S)-
SCHEMBL30186539
ACon1_000231
5,7-dihydroxy-2-phenyl-3,4-dihydro-2H-1-benzopyran-4-one
BDBM243060
HMS2267H13
HMS3330B01
GIA66042
HY-N2540
SBB066101
AKOS015895182
DL-0108
EBC-459046
FP66340
FS-7859
NSC-661207
SB17302
NCGC00180757-01
AC-35131
SMR000440642
()-5,7-Dihydroxyflavanone; NSC 43318
DB-055185
CS-0022812
NS00097243
H37437
Q748200
BRD-A84450718-001-01-4
5,7-Dihydroxy-2-phenyl-2,3-dihydro-4H-chromen-4-one #
5,7-Dihydroxy-2-phenyl-2,3-dihydro-4H-1-benzopyran-4-one
4H-1-Benzopyran-4-one,3-dihydro-5,7-dihydroxy-2-phenyl-, (-)-
4H-1-Benzopyran-4-one,3-dihydro-5,7-dihydroxy-2-phenyl-, (S)-",238782,C15H12O4,256.073558864,2.5651,0,0,0,BTM00063,BTM00063,Flavonoid C-ring reduction,BTMR0255,Unspecified gut bacterial enzyme,GUTMICRO,BTM00011,O1C=2C(C(=O)C=C1C3=CC=CC=C3)=C(O)C=C(O)C2,"InChI=1S/C15H10O4/c16-10-6-11(17)15-12(18)8-13(19-14(15)7-10)9-4-2-1-3-5-9/h1-8,16-17H",RTIXKCRFFJGDFG-UHFFFAOYSA-N,3.2944000000000004,254.0579088
"InChI=1S/C22H22O11/c1-30-11-6-14-16(12(24)8-13(31-14)9-2-4-10(23)5-3-9)15(7-11)32-22-19(27)17(25)18(26)20(33-22)21(28)29/h2-8,12,17-20,22-27H,1H3,(H,28,29)",PITPWJKCCVPRAJ-UHFFFAOYSA-N,O1C=2C(C(O)C=C1C3=CC=C(O)C=C3)=C(OC4OC(C(O)=O)C(C(C4O)O)O)C=C(OC)C2,,,C22H22O11,462.116211524,0.4932999999999978,1,1,1,BTM00064,BTM00064,Aromatic OH-glucuronidation,BTMR0166,EC 2.4.1.17,HUMAN,BTM00019,O1C=2C(C(O)C=C1C3=CC=C(O)C=C3)=C(O)C=C(OC)C2,"InChI=1S/C16H14O5/c1-20-11-6-12(18)16-13(19)8-14(21-15(16)7-11)9-2-4-10(17)5-3-9/h2-8,13,17-19H,1H3",ZKYNKKHUVIDQKT-UHFFFAOYSA-N,2.1887999999999996,286.084123548
"InChI=1S/C22H22O11/c1-30-11-6-12(23)16-13(24)8-14(32-15(16)7-11)9-2-4-10(5-3-9)31-22-19(27)17(25)18(26)20(33-22)21(28)29/h2-8,13,17-20,22-27H,1H3,(H,28,29)",IONQRPXJMHUVSU-UHFFFAOYSA-N,O1C=2C(C(O)C=C1C3=CC=C(OC4OC(C(O)=O)C(C(C4O)O)O)C=C3)=C(O)C=C(OC)C2,,,C22H22O11,462.116211524,0.4932999999999978,1,1,1,BTM00065,BTM00065,Aromatic OH-glucuronidation,BTMR0166,EC 2.4.1.17,HUMAN,BTM00019,O1C=2C(C(O)C=C1C3=CC=C(O)C=C3)=C(O)C=C(OC)C2,"InChI=1S/C16H14O5/c1-20-11-6-12(18)16-13(19)8-14(21-15(16)7-11)9-2-4-10(17)5-3-9/h2-8,13,17-19H,1H3",ZKYNKKHUVIDQKT-UHFFFAOYSA-N,2.1887999999999996,286.084123548
"InChI=1S/C16H14O8S/c1-22-11-6-14-16(15(7-11)24-25(19,20)21)12(18)8-13(23-14)9-2-4-10(17)5-3-9/h2-8,12,17-18H,1H3,(H,19,20,21)",AZVIIOWFAUJVPN-UHFFFAOYSA-N,O1C=2C(C(O)C=C1C3=CC=C(O)C=C3)=C(OS(O)(=O)=O)C=C(OC)C2,,,C16H14O8S,366.040938408,1.4519999999999995,0,1,1,BTM00066,BTM00066,Sulfonation of phenolic compound,BTMR1376,EC 2.8.2.1,HUMAN,BTM00019,O1C=2C(C(O)C=C1C3=CC=C(O)C=C3)=C(O)C=C(OC)C2,"InChI=1S/C16H14O5/c1-20-11-6-12(18)16-13(19)8-14(21-15(16)7-11)9-2-4-10(17)5-3-9/h2-8,13,17-19H,1H3",ZKYNKKHUVIDQKT-UHFFFAOYSA-N,2.1887999999999996,286.084123548
"InChI=1S/C16H14O8S/c1-22-11-6-12(17)16-13(18)8-14(23-15(16)7-11)9-2-4-10(5-3-9)24-25(19,20)21/h2-8,13,17-18H,1H3,(H,19,20,21)",FPTQODGWVNEZQM-UHFFFAOYSA-N,O1C=2C(C(O)C=C1C3=CC=C(OS(O)(=O)=O)C=C3)=C(O)C=C(OC)C2,,,C16H14O8S,366.040938408,1.4519999999999995,0,1,1,BTM00067,BTM00067,Sulfonation of phenolic compound,BTMR1376,EC 2.8.2.1,HUMAN,BTM00019,O1C=2C(C(O)C=C1C3=CC=C(O)C=C3)=C(O)C=C(OC)C2,"InChI=1S/C16H14O5/c1-20-11-6-12(18)16-13(19)8-14(21-15(16)7-11)9-2-4-10(17)5-3-9/h2-8,13,17-19H,1H3",ZKYNKKHUVIDQKT-UHFFFAOYSA-N,2.1887999999999996,286.084123548
"InChI=1S/C16H14O8S/c1-22-11-6-12(18)16-14(7-11)23-13(8-15(16)24-25(19,20)21)9-2-4-10(17)5-3-9/h2-8,15,17-18H,1H3,(H,19,20,21)",BOAORGLBUKGAIW-UHFFFAOYSA-N,O1C=2C(C(OS(O)(=O)=O)C=C1C3=CC=C(O)C=C3)=C(O)C=C(OC)C2,,,C16H14O8S,366.040938408,1.6094999999999995,0,1,1,BTM00068,BTM00068,Sulfation of secondary alcohol,BTMR0502,EC 2.8.2.2,HUMAN,BTM00019,O1C=2C(C(O)C=C1C3=CC=C(O)C=C3)=C(O)C=C(OC)C2,"InChI=1S/C16H14O5/c1-20-11-6-12(18)16-13(19)8-14(21-15(16)7-11)9-2-4-10(17)5-3-9/h2-8,13,17-19H,1H3",ZKYNKKHUVIDQKT-UHFFFAOYSA-N,2.1887999999999996,286.084123548
"InChI=1S/C17H16O5/c1-20-12-7-15(21-2)17-13(19)9-14(22-16(17)8-12)10-3-5-11(18)6-4-10/h3-9,13,18-19H,1-2H3",OREQGPVGHNWUND-UHFFFAOYSA-N,O1C=2C(C(O)C=C1C3=CC=C(O)C=C3)=C(OC)C=C(OC)C2,,,C17H16O5,300.09977361200004,2.4398,0,0,0,BTM00069,BTM00069,Methylation of phenolic compound,BTMR1377,EC 2.1.1.25,HUMAN,BTM00019,O1C=2C(C(O)C=C1C3=CC=C(O)C=C3)=C(O)C=C(OC)C2,"InChI=1S/C16H14O5/c1-20-11-6-12(18)16-13(19)8-14(21-15(16)7-11)9-2-4-10(17)5-3-9/h2-8,13,17-19H,1H3",ZKYNKKHUVIDQKT-UHFFFAOYSA-N,2.1887999999999996,286.084123548
"InChI=1S/C17H16O5/c1-20-11-5-3-10(4-6-11)15-9-14(19)17-13(18)7-12(21-2)8-16(17)22-15/h3-9,14,18-19H,1-2H3",BMUVIWZVIHIFBK-UHFFFAOYSA-N,O1C=2C(C(O)C=C1C3=CC=C(OC)C=C3)=C(O)C=C(OC)C2,,,C17H16O5,300.099773612,2.4398,0,0,0,BTM00070,BTM00070,Methylation of phenolic compound,BTMR1377,EC 2.1.1.25,HUMAN,BTM00019,O1C=2C(C(O)C=C1C3=CC=C(O)C=C3)=C(O)C=C(OC)C2,"InChI=1S/C16H14O5/c1-20-11-6-12(18)16-13(19)8-14(21-15(16)7-11)9-2-4-10(17)5-3-9/h2-8,13,17-19H,1H3",ZKYNKKHUVIDQKT-UHFFFAOYSA-N,2.1887999999999996,286.084123548
"InChI=1S/C22H22O11/c1-30-14-6-11(31-22-19(27)17(25)18(26)20(33-22)21(28)29)7-15-16(14)12(24)8-13(32-15)9-2-4-10(23)5-3-9/h2-8,12,17-20,22-27H,1H3,(H,28,29)",CAPVAUWVLYWCOG-UHFFFAOYSA-N,O1C=2C(C(O)C=C1C3=CC=C(O)C=C3)=C(OC)C=C(OC4OC(C(O)=O)C(C(C4O)O)O)C2,,,C22H22O11,462.116211524,0.4932999999999978,1,1,1,BTM00071,BTM00071,Aromatic OH-glucuronidation,BTMR0166,EC 2.4.1.17,HUMAN,BTM00020,O1C=2C(C(O)C=C1C3=CC=C(O)C=C3)=C(OC)C=C(O)C2,"InChI=1S/C16H14O5/c1-20-14-6-11(18)7-15-16(14)12(19)8-13(21-15)9-2-4-10(17)5-3-9/h2-8,12,17-19H,1H3",XJDTZUREHVPVNF-UHFFFAOYSA-N,2.1887999999999996,286.084123548
"InChI=1S/C22H22O11/c1-30-14-6-10(23)7-15-16(14)12(24)8-13(32-15)9-2-4-11(5-3-9)31-22-19(27)17(25)18(26)20(33-22)21(28)29/h2-8,12,17-20,22-27H,1H3,(H,28,29)",ZVILAAIEWGRWQH-UHFFFAOYSA-N,O1C=2C(C(O)C=C1C3=CC=C(OC4OC(C(O)=O)C(C(C4O)O)O)C=C3)=C(OC)C=C(O)C2,,,C22H22O11,462.116211524,0.4932999999999978,1,1,1,BTM00072,BTM00072,Aromatic OH-glucuronidation,BTMR0166,EC 2.4.1.17,HUMAN,BTM00020,O1C=2C(C(O)C=C1C3=CC=C(O)C=C3)=C(OC)C=C(O)C2,"InChI=1S/C16H14O5/c1-20-14-6-11(18)7-15-16(14)12(19)8-13(21-15)9-2-4-10(17)5-3-9/h2-8,12,17-19H,1H3",XJDTZUREHVPVNF-UHFFFAOYSA-N,2.1887999999999996,286.084123548
"InChI=1S/C16H14O8S/c1-22-14-6-11(24-25(19,20)21)7-15-16(14)12(18)8-13(23-15)9-2-4-10(17)5-3-9/h2-8,12,17-18H,1H3,(H,19,20,21)",WVXKEQWIMANBQY-UHFFFAOYSA-N,O1C=2C(C(O)C=C1C3=CC=C(O)C=C3)=C(OC)C=C(OS(O)(=O)=O)C2,,,C16H14O8S,366.040938408,1.4519999999999995,0,1,1,BTM00073,BTM00073,Sulfonation of phenolic compound,BTMR1376,EC 2.8.2.1,HUMAN,BTM00020,O1C=2C(C(O)C=C1C3=CC=C(O)C=C3)=C(OC)C=C(O)C2,"InChI=1S/C16H14O5/c1-20-14-6-11(18)7-15-16(14)12(19)8-13(21-15)9-2-4-10(17)5-3-9/h2-8,12,17-19H,1H3",XJDTZUREHVPVNF-UHFFFAOYSA-N,2.1887999999999996,286.084123548
"InChI=1S/C16H14O8S/c1-22-14-6-10(17)7-15-16(14)12(18)8-13(23-15)9-2-4-11(5-3-9)24-25(19,20)21/h2-8,12,17-18H,1H3,(H,19,20,21)",ZYEQSZKLZPEUIX-UHFFFAOYSA-N,O1C=2C(C(O)C=C1C3=CC=C(OS(O)(=O)=O)C=C3)=C(OC)C=C(O)C2,,,C16H14O8S,366.04093840800005,1.4519999999999995,0,1,1,BTM00074,BTM00074,Sulfonation of phenolic compound,BTMR1376,EC 2.8.2.1,HUMAN,BTM00020,O1C=2C(C(O)C=C1C3=CC=C(O)C=C3)=C(OC)C=C(O)C2,"InChI=1S/C16H14O5/c1-20-14-6-11(18)7-15-16(14)12(19)8-13(21-15)9-2-4-10(17)5-3-9/h2-8,12,17-19H,1H3",XJDTZUREHVPVNF-UHFFFAOYSA-N,2.1887999999999996,286.084123548
"InChI=1S/C16H14O8S/c1-22-13-6-11(18)7-14-16(13)15(24-25(19,20)21)8-12(23-14)9-2-4-10(17)5-3-9/h2-8,15,17-18H,1H3,(H,19,20,21)",KDPNUETUBPWJDY-UHFFFAOYSA-N,O1C=2C(C(OS(O)(=O)=O)C=C1C3=CC=C(O)C=C3)=C(OC)C=C(O)C2,,,C16H14O8S,366.040938408,1.6094999999999995,0,1,1,BTM00075,BTM00075,Sulfation of secondary alcohol,BTMR0502,EC 2.8.2.2,HUMAN,BTM00020,O1C=2C(C(O)C=C1C3=CC=C(O)C=C3)=C(OC)C=C(O)C2,"InChI=1S/C16H14O5/c1-20-14-6-11(18)7-15-16(14)12(19)8-13(21-15)9-2-4-10(17)5-3-9/h2-8,12,17-19H,1H3",XJDTZUREHVPVNF-UHFFFAOYSA-N,2.1887999999999996,286.084123548
"InChI=1S/C17H16O5/c1-20-12-7-15(21-2)17-13(19)9-14(22-16(17)8-12)10-3-5-11(18)6-4-10/h3-9,13,18-19H,1-2H3",OREQGPVGHNWUND-UHFFFAOYSA-N,O1C=2C(C(O)C=C1C3=CC=C(O)C=C3)=C(OC)C=C(OC)C2,,,C17H16O5,300.09977361200004,2.4398,0,0,0,BTM00069,BTM00069,Methylation of phenolic compound,BTMR1377,EC 2.1.1.25,HUMAN,BTM00020,O1C=2C(C(O)C=C1C3=CC=C(O)C=C3)=C(OC)C=C(O)C2,"InChI=1S/C16H14O5/c1-20-14-6-11(18)7-15-16(14)12(19)8-13(21-15)9-2-4-10(17)5-3-9/h2-8,12,17-19H,1H3",XJDTZUREHVPVNF-UHFFFAOYSA-N,2.1887999999999996,286.084123548
"InChI=1S/C17H16O5/c1-20-12-5-3-10(4-6-12)14-9-13(19)17-15(21-2)7-11(18)8-16(17)22-14/h3-9,13,18-19H,1-2H3",CKFRIUBCMYVSRG-UHFFFAOYSA-N,O1C=2C(C(O)C=C1C3=CC=C(OC)C=C3)=C(OC)C=C(O)C2,,,C17H16O5,300.09977361200004,2.4398,0,0,0,BTM00076,BTM00076,Methylation of phenolic compound,BTMR1377,EC 2.1.1.25,HUMAN,BTM00020,O1C=2C(C(O)C=C1C3=CC=C(O)C=C3)=C(OC)C=C(O)C2,"InChI=1S/C16H14O5/c1-20-14-6-11(18)7-15-16(14)12(19)8-13(21-15)9-2-4-10(17)5-3-9/h2-8,12,17-19H,1H3",XJDTZUREHVPVNF-UHFFFAOYSA-N,2.1887999999999996,286.084123548
"InChI=1S/C22H22O11/c1-30-10-4-2-9(3-5-10)14-8-13(24)16-12(23)6-11(7-15(16)32-14)31-22-19(27)17(25)18(26)20(33-22)21(28)29/h2-8,13,17-20,22-27H,1H3,(H,28,29)",LOOQLTBJRSQODK-UHFFFAOYSA-N,O1C=2C(C(O)C=C1C3=CC=C(OC)C=C3)=C(O)C=C(OC4OC(C(O)=O)C(C(C4O)O)O)C2,,,C22H22O11,462.116211524,0.4932999999999978,1,1,1,BTM00077,BTM00077,Aromatic OH-glucuronidation,BTMR0166,EC 2.4.1.17,HUMAN,BTM00021,O1C=2C(C(O)C=C1C3=CC=C(OC)C=C3)=C(O)C=C(O)C2,"InChI=1S/C16H14O5/c1-20-11-4-2-9(3-5-11)14-8-13(19)16-12(18)6-10(17)7-15(16)21-14/h2-8,13,17-19H,1H3",SBQMPWUJTLOORV-UHFFFAOYSA-N,2.1887999999999996,286.084123548
"InChI=1S/C22H22O11/c1-30-11-4-2-9(3-5-11)13-8-12(24)16-14(31-13)6-10(23)7-15(16)32-22-19(27)17(25)18(26)20(33-22)21(28)29/h2-8,12,17-20,22-27H,1H3,(H,28,29)",VMWNWSDLDMSHAP-UHFFFAOYSA-N,O1C=2C(C(O)C=C1C3=CC=C(OC)C=C3)=C(OC4OC(C(O)=O)C(C(C4O)O)O)C=C(O)C2,,,C22H22O11,462.116211524,0.4932999999999978,1,1,1,BTM00078,BTM00078,Aromatic OH-glucuronidation,BTMR0166,EC 2.4.1.17,HUMAN,BTM00021,O1C=2C(C(O)C=C1C3=CC=C(OC)C=C3)=C(O)C=C(O)C2,"InChI=1S/C16H14O5/c1-20-11-4-2-9(3-5-11)14-8-13(19)16-12(18)6-10(17)7-15(16)21-14/h2-8,13,17-19H,1H3",SBQMPWUJTLOORV-UHFFFAOYSA-N,2.1887999999999996,286.084123548
"InChI=1S/C16H14O8S/c1-22-10-4-2-9(3-5-10)14-8-13(18)16-12(17)6-11(7-15(16)23-14)24-25(19,20)21/h2-8,13,17-18H,1H3,(H,19,20,21)",XBPHJUFFBLUQRN-UHFFFAOYSA-N,O1C=2C(C(O)C=C1C3=CC=C(OC)C=C3)=C(O)C=C(OS(O)(=O)=O)C2,,,C16H14O8S,366.040938408,1.4519999999999995,0,1,1,BTM00079,BTM00079,Sulfonation of phenolic compound,BTMR1376,EC 2.8.2.1,HUMAN,BTM00021,O1C=2C(C(O)C=C1C3=CC=C(OC)C=C3)=C(O)C=C(O)C2,"InChI=1S/C16H14O5/c1-20-11-4-2-9(3-5-11)14-8-13(19)16-12(18)6-10(17)7-15(16)21-14/h2-8,13,17-19H,1H3",SBQMPWUJTLOORV-UHFFFAOYSA-N,2.1887999999999996,286.084123548
"InChI=1S/C16H14O8S/c1-22-11-4-2-9(3-5-11)13-8-12(18)16-14(23-13)6-10(17)7-15(16)24-25(19,20)21/h2-8,12,17-18H,1H3,(H,19,20,21)",AMHXDUQVKZOWJJ-UHFFFAOYSA-N,O1C=2C(C(O)C=C1C3=CC=C(OC)C=C3)=C(OS(O)(=O)=O)C=C(O)C2,,,C16H14O8S,366.040938408,1.4519999999999995,0,1,1,BTM00080,BTM00080,Sulfonation of phenolic compound,BTMR1376,EC 2.8.2.1,HUMAN,BTM00021,O1C=2C(C(O)C=C1C3=CC=C(OC)C=C3)=C(O)C=C(O)C2,"InChI=1S/C16H14O5/c1-20-11-4-2-9(3-5-11)14-8-13(19)16-12(18)6-10(17)7-15(16)21-14/h2-8,13,17-19H,1H3",SBQMPWUJTLOORV-UHFFFAOYSA-N,2.1887999999999996,286.084123548
"InChI=1S/C16H14O8S/c1-22-11-4-2-9(3-5-11)13-8-15(24-25(19,20)21)16-12(18)6-10(17)7-14(16)23-13/h2-8,15,17-18H,1H3,(H,19,20,21)",UTFAGQZDZYHHHB-UHFFFAOYSA-N,O1C=2C(C(OS(O)(=O)=O)C=C1C3=CC=C(OC)C=C3)=C(O)C=C(O)C2,,,C16H14O8S,366.040938408,1.6094999999999995,0,1,1,BTM00081,BTM00081,Sulfation of secondary alcohol,BTMR0502,EC 2.8.2.2,HUMAN,BTM00021,O1C=2C(C(O)C=C1C3=CC=C(OC)C=C3)=C(O)C=C(O)C2,"InChI=1S/C16H14O5/c1-20-11-4-2-9(3-5-11)14-8-13(19)16-12(18)6-10(17)7-15(16)21-14/h2-8,13,17-19H,1H3",SBQMPWUJTLOORV-UHFFFAOYSA-N,2.1887999999999996,286.084123548
"InChI=1S/C17H16O5/c1-20-11-5-3-10(4-6-11)15-9-14(19)17-13(18)7-12(21-2)8-16(17)22-15/h3-9,14,18-19H,1-2H3",BMUVIWZVIHIFBK-UHFFFAOYSA-N,O1C=2C(C(O)C=C1C3=CC=C(OC)C=C3)=C(O)C=C(OC)C2,,,C17H16O5,300.099773612,2.4398,0,0,0,BTM00070,BTM00070,Methylation of phenolic compound,BTMR1377,EC 2.1.1.25,HUMAN,BTM00021,O1C=2C(C(O)C=C1C3=CC=C(OC)C=C3)=C(O)C=C(O)C2,"InChI=1S/C16H14O5/c1-20-11-4-2-9(3-5-11)14-8-13(19)16-12(18)6-10(17)7-15(16)21-14/h2-8,13,17-19H,1H3",SBQMPWUJTLOORV-UHFFFAOYSA-N,2.1887999999999996,286.084123548
"InChI=1S/C17H16O5/c1-20-12-5-3-10(4-6-12)14-9-13(19)17-15(21-2)7-11(18)8-16(17)22-14/h3-9,13,18-19H,1-2H3",CKFRIUBCMYVSRG-UHFFFAOYSA-N,O1C=2C(C(O)C=C1C3=CC=C(OC)C=C3)=C(OC)C=C(O)C2,,,C17H16O5,300.09977361200004,2.4398,0,0,0,BTM00076,BTM00076,Methylation of phenolic compound,BTMR1377,EC 2.1.1.25,HUMAN,BTM00021,O1C=2C(C(O)C=C1C3=CC=C(OC)C=C3)=C(O)C=C(O)C2,"InChI=1S/C16H14O5/c1-20-11-4-2-9(3-5-11)14-8-13(19)16-12(18)6-10(17)7-15(16)21-14/h2-8,13,17-19H,1H3",SBQMPWUJTLOORV-UHFFFAOYSA-N,2.1887999999999996,286.084123548
"InChI=1S/C17H16O5/c1-20-12-7-15(21-2)17-13(19)9-14(22-16(17)8-12)10-3-5-11(18)6-4-10/h3-9,13,18-19H,1-2H3",OREQGPVGHNWUND-UHFFFAOYSA-N,O1C=2C(C(O)C=C1C3=CC=C(O)C=C3)=C(OC)C=C(OC)C2,,,C17H16O5,300.09977361200004,2.4398,0,0,0,BTM00069,BTM00069,Reduction of carbonyl,BTMR0368,EC 1.1.1.184,HUMAN,BTM00024,O1C=2C(C(=O)C=C1C3=CC=C(O)C=C3)=C(OC)C=C(OC)C2,"InChI=1S/C17H14O5/c1-20-12-7-15(21-2)17-13(19)9-14(22-16(17)8-12)10-3-5-11(18)6-4-10/h3-9,18H,1-2H3",ARICZLGTUHLTFQ-UHFFFAOYSA-N,3.5289999999999995,298.084123548
"InChI=1S/C17H16O5/c1-20-11-5-3-10(4-6-11)15-9-14(19)17-13(18)7-12(21-2)8-16(17)22-15/h3-9,14,18-19H,1-2H3",BMUVIWZVIHIFBK-UHFFFAOYSA-N,O1C=2C(C(O)C=C1C3=CC=C(OC)C=C3)=C(O)C=C(OC)C2,,,C17H16O5,300.099773612,2.4398,0,0,0,BTM00070,BTM00070,Reduction of carbonyl,BTMR0368,EC 1.1.1.184,HUMAN,BTM00025,O1C=2C(C(=O)C=C1C3=CC=C(OC)C=C3)=C(O)C=C(OC)C2,"InChI=1S/C17H14O5/c1-20-11-5-3-10(4-6-11)15-9-14(19)17-13(18)7-12(21-2)8-16(17)22-15/h3-9,18H,1-2H3",LZERJKGWTQYMBB-UHFFFAOYSA-N,3.5289999999999995,298.084123548
"InChI=1S/C17H16O5/c1-20-12-5-3-10(4-6-12)14-9-13(19)17-15(21-2)7-11(18)8-16(17)22-14/h3-9,13,18-19H,1-2H3",CKFRIUBCMYVSRG-UHFFFAOYSA-N,O1C=2C(C(O)C=C1C3=CC=C(OC)C=C3)=C(OC)C=C(O)C2,,,C17H16O5,300.09977361200004,2.4398,0,0,0,BTM00076,BTM00076,Reduction of carbonyl,BTMR0368,EC 1.1.1.184,HUMAN,BTM00028,O1C=2C(C(=O)C=C1C3=CC=C(OC)C=C3)=C(OC)C=C(O)C2,"InChI=1S/C17H14O5/c1-20-12-5-3-10(4-6-12)14-9-13(19)17-15(21-2)7-11(18)8-16(17)22-14/h3-9,18H,1-2H3",CYNUHRSKTJZUFW-UHFFFAOYSA-N,3.5289999999999995,298.084123548
"InChI=1S/C16H14O6/c1-21-13-3-2-8(4-10(13)18)14-7-12(20)16-11(19)5-9(17)6-15(16)22-14/h2-7,12,17-20H,1H3",TZFYSHXYSXHFHO-UHFFFAOYSA-N,O1C=2C(C(O)C=C1C3=CC=C(OC)C(=C3)O)=C(O)C=C(O)C2,,,C16H14O6,302.07903816799995,1.9213999999999998,0,1,1,BTM00082,BTM00082,Catechol O-methylation,BTMR0212,EC 2.1.1.6,HUMAN,BTM00031,O1C=2C(C(O)C=C1C3=CC=C(O)C(=C3)O)=C(O)C=C(O)C2,"InChI=1S/C15H12O6/c16-8-4-11(19)15-12(20)6-13(21-14(15)5-8)7-1-2-9(17)10(18)3-7/h1-6,12,16-20H",CKVHUHNHULERKW-UHFFFAOYSA-N,1.6704000000000006,288.06338810399996
"InChI=1S/C16H14O6/c1-21-14-4-8(2-3-10(14)18)13-7-12(20)16-11(19)5-9(17)6-15(16)22-13/h2-7,12,17-20H,1H3",BIIDIBQQVFBUQV-UHFFFAOYSA-N,O1C=2C(C(O)C=C1C3=CC=C(O)C(=C3)OC)=C(O)C=C(O)C2,,,C16H14O6,302.079038168,1.9213999999999998,0,1,1,BTM00083,BTM00083,Catechol O-methylation,BTMR1380,EC 2.1.1.6,HUMAN,BTM00031,O1C=2C(C(O)C=C1C3=CC=C(O)C(=C3)O)=C(O)C=C(O)C2,"InChI=1S/C15H12O6/c16-8-4-11(19)15-12(20)6-13(21-14(15)5-8)7-1-2-9(17)10(18)3-7/h1-6,12,16-20H",CKVHUHNHULERKW-UHFFFAOYSA-N,1.6704000000000006,288.06338810399996
"InChI=1S/C21H20O12/c22-9-2-1-7(3-10(9)23)13-6-12(25)15-11(24)4-8(5-14(15)32-13)31-21-18(28)16(26)17(27)19(33-21)20(29)30/h1-6,12,16-19,21-28H,(H,29,30)",PNDNJBARBKXUJZ-UHFFFAOYSA-N,O1C=2C(C(O)C=C1C3=CC=C(O)C(=C3)O)=C(O)C=C(OC4OC(C(O)=O)C(C(C4O)O)O)C2,,,C21H20O12,464.09547607999997,-0.025100000000000566,1,1,1,BTM00084,BTM00084,Aromatic OH-glucuronidation,BTMR0166,EC 2.4.1.17,HUMAN,BTM00031,O1C=2C(C(O)C=C1C3=CC=C(O)C(=C3)O)=C(O)C=C(O)C2,"InChI=1S/C15H12O6/c16-8-4-11(19)15-12(20)6-13(21-14(15)5-8)7-1-2-9(17)10(18)3-7/h1-6,12,16-20H",CKVHUHNHULERKW-UHFFFAOYSA-N,1.6704000000000006,288.06338810399996
"InChI=1S/C21H20O12/c22-8-4-13-15(11(25)6-12(31-13)7-1-2-9(23)10(24)3-7)14(5-8)32-21-18(28)16(26)17(27)19(33-21)20(29)30/h1-6,11,16-19,21-28H,(H,29,30)",PKRAGHVHZSNCBR-UHFFFAOYSA-N,O1C=2C(C(O)C=C1C3=CC=C(O)C(=C3)O)=C(OC4OC(C(O)=O)C(C(C4O)O)O)C=C(O)C2,,,C21H20O12,464.09547607999997,-0.025100000000000566,1,1,1,BTM00085,BTM00085,Aromatic OH-glucuronidation,BTMR0166,EC 2.4.1.17,HUMAN,BTM00031,O1C=2C(C(O)C=C1C3=CC=C(O)C(=C3)O)=C(O)C=C(O)C2,"InChI=1S/C15H12O6/c16-8-4-11(19)15-12(20)6-13(21-14(15)5-8)7-1-2-9(17)10(18)3-7/h1-6,12,16-20H",CKVHUHNHULERKW-UHFFFAOYSA-N,1.6704000000000006,288.06338810399996
"InChI=1S/C21H20O12/c22-8-4-10(24)15-11(25)6-12(31-14(15)5-8)7-1-2-9(23)13(3-7)32-21-18(28)16(26)17(27)19(33-21)20(29)30/h1-6,11,16-19,21-28H,(H,29,30)",HKQNFUDVSQJNNX-UHFFFAOYSA-N,O1C=2C(C(O)C=C1C3=CC=C(O)C(=C3)OC4OC(C(O)=O)C(C(C4O)O)O)=C(O)C=C(O)C2,,,C21H20O12,464.09547607999997,-0.025100000000000566,1,1,1,BTM00086,BTM00086,Aromatic OH-glucuronidation,BTMR0166,EC 2.4.1.17,HUMAN,BTM00031,O1C=2C(C(O)C=C1C3=CC=C(O)C(=C3)O)=C(O)C=C(O)C2,"InChI=1S/C15H12O6/c16-8-4-11(19)15-12(20)6-13(21-14(15)5-8)7-1-2-9(17)10(18)3-7/h1-6,12,16-20H",CKVHUHNHULERKW-UHFFFAOYSA-N,1.6704000000000006,288.06338810399996
"InChI=1S/C21H20O12/c22-8-4-10(24)15-11(25)6-13(31-14(15)5-8)7-1-2-12(9(23)3-7)32-21-18(28)16(26)17(27)19(33-21)20(29)30/h1-6,11,16-19,21-28H,(H,29,30)",RLDUOSLERHCNRD-UHFFFAOYSA-N,O1C=2C(C(O)C=C1C3=CC=C(OC4OC(C(O)=O)C(C(C4O)O)O)C(=C3)O)=C(O)C=C(O)C2,,,C21H20O12,464.09547607999997,-0.025100000000000566,1,1,1,BTM00087,BTM00087,Aromatic OH-glucuronidation,BTMR0166,EC 2.4.1.17,HUMAN,BTM00031,O1C=2C(C(O)C=C1C3=CC=C(O)C(=C3)O)=C(O)C=C(O)C2,"InChI=1S/C15H12O6/c16-8-4-11(19)15-12(20)6-13(21-14(15)5-8)7-1-2-9(17)10(18)3-7/h1-6,12,16-20H",CKVHUHNHULERKW-UHFFFAOYSA-N,1.6704000000000006,288.06338810399996
"InChI=1S/C15H12O9S/c16-9-2-1-7(3-10(9)17)13-6-12(19)15-11(18)4-8(5-14(15)23-13)24-25(20,21)22/h1-6,12,16-19H,(H,20,21,22)",IFLIGHWBZJZYDC-UHFFFAOYSA-N,O1C=2C(C(O)C=C1C3=CC=C(O)C(=C3)O)=C(O)C=C(OS(O)(=O)=O)C2,,,C15H12O9S,368.02020296399996,0.9336000000000004,0,1,1,BTM00088,BTM00088,Sulfonation of phenolic compound,BTMR1376,EC 2.8.2.1,HUMAN,BTM00031,O1C=2C(C(O)C=C1C3=CC=C(O)C(=C3)O)=C(O)C=C(O)C2,"InChI=1S/C15H12O6/c16-8-4-11(19)15-12(20)6-13(21-14(15)5-8)7-1-2-9(17)10(18)3-7/h1-6,12,16-20H",CKVHUHNHULERKW-UHFFFAOYSA-N,1.6704000000000006,288.06338810399996
"InChI=1S/C15H12O9S/c16-8-4-13-15(14(5-8)24-25(20,21)22)11(19)6-12(23-13)7-1-2-9(17)10(18)3-7/h1-6,11,16-19H,(H,20,21,22)",IXDBIQVKJNBIME-UHFFFAOYSA-N,O1C=2C(C(O)C=C1C3=CC=C(O)C(=C3)O)=C(OS(O)(=O)=O)C=C(O)C2,,,C15H12O9S,368.02020296399996,0.9336000000000004,0,1,1,BTM00089,BTM00089,Sulfonation of phenolic compound,BTMR1376,EC 2.8.2.1,HUMAN,BTM00031,O1C=2C(C(O)C=C1C3=CC=C(O)C(=C3)O)=C(O)C=C(O)C2,"InChI=1S/C15H12O6/c16-8-4-11(19)15-12(20)6-13(21-14(15)5-8)7-1-2-9(17)10(18)3-7/h1-6,12,16-20H",CKVHUHNHULERKW-UHFFFAOYSA-N,1.6704000000000006,288.06338810399996
"InChI=1S/C15H12O9S/c16-8-4-10(18)15-11(19)6-12(23-14(15)5-8)7-1-2-9(17)13(3-7)24-25(20,21)22/h1-6,11,16-19H,(H,20,21,22)",NDCHQBGDWUIYEY-UHFFFAOYSA-N,O1C=2C(C(O)C=C1C3=CC=C(O)C(=C3)OS(O)(=O)=O)=C(O)C=C(O)C2,,,C15H12O9S,368.02020296399996,0.9336000000000004,0,1,1,BTM00090,BTM00090,Sulfonation of phenolic compound,BTMR1376,EC 2.8.2.1,HUMAN,BTM00031,O1C=2C(C(O)C=C1C3=CC=C(O)C(=C3)O)=C(O)C=C(O)C2,"InChI=1S/C15H12O6/c16-8-4-11(19)15-12(20)6-13(21-14(15)5-8)7-1-2-9(17)10(18)3-7/h1-6,12,16-20H",CKVHUHNHULERKW-UHFFFAOYSA-N,1.6704000000000006,288.06338810399996
"InChI=1S/C15H12O9S/c16-8-4-10(18)15-11(19)6-13(23-14(15)5-8)7-1-2-12(9(17)3-7)24-25(20,21)22/h1-6,11,16-19H,(H,20,21,22)",KVCNYIACEDFEJB-UHFFFAOYSA-N,O1C=2C(C(O)C=C1C3=CC=C(OS(O)(=O)=O)C(=C3)O)=C(O)C=C(O)C2,,,C15H12O9S,368.02020296399996,0.9336000000000004,0,1,1,BTM00091,BTM00091,Sulfonation of phenolic compound,BTMR1376,EC 2.8.2.1,HUMAN,BTM00031,O1C=2C(C(O)C=C1C3=CC=C(O)C(=C3)O)=C(O)C=C(O)C2,"InChI=1S/C15H12O6/c16-8-4-11(19)15-12(20)6-13(21-14(15)5-8)7-1-2-9(17)10(18)3-7/h1-6,12,16-20H",CKVHUHNHULERKW-UHFFFAOYSA-N,1.6704000000000006,288.06338810399996
"InChI=1S/C15H12O9S/c16-8-4-11(19)15-13(5-8)23-12(6-14(15)24-25(20,21)22)7-1-2-9(17)10(18)3-7/h1-6,14,16-19H,(H,20,21,22)",DVAGAZPQODBACD-UHFFFAOYSA-N,O1C=2C(C(OS(O)(=O)=O)C=C1C3=CC=C(O)C(=C3)O)=C(O)C=C(O)C2,,,C15H12O9S,368.02020296399996,1.0911000000000006,0,1,1,BTM00092,BTM00092,Sulfation of secondary alcohol,BTMR0502,EC 2.8.2.2,HUMAN,BTM00031,O1C=2C(C(O)C=C1C3=CC=C(O)C(=C3)O)=C(O)C=C(O)C2,"InChI=1S/C15H12O6/c16-8-4-11(19)15-12(20)6-13(21-14(15)5-8)7-1-2-9(17)10(18)3-7/h1-6,12,16-20H",CKVHUHNHULERKW-UHFFFAOYSA-N,1.6704000000000006,288.06338810399996
"InChI=1S/C16H14O6/c1-21-9-5-12(19)16-13(20)7-14(22-15(16)6-9)8-2-3-10(17)11(18)4-8/h2-7,13,17-20H,1H3",GFPNNMLDRJMWNV-UHFFFAOYSA-N,O1C=2C(C(O)C=C1C3=CC=C(O)C(=C3)O)=C(O)C=C(OC)C2,,,C16H14O6,302.07903816799995,1.9213999999999998,0,1,1,BTM00093,BTM00093,Methylation of phenolic compound,BTMR1377,EC 2.1.1.25,HUMAN,BTM00031,O1C=2C(C(O)C=C1C3=CC=C(O)C(=C3)O)=C(O)C=C(O)C2,"InChI=1S/C15H12O6/c16-8-4-11(19)15-12(20)6-13(21-14(15)5-8)7-1-2-9(17)10(18)3-7/h1-6,12,16-20H",CKVHUHNHULERKW-UHFFFAOYSA-N,1.6704000000000006,288.06338810399996
"InChI=1S/C16H14O6/c1-21-14-5-9(17)6-15-16(14)12(20)7-13(22-15)8-2-3-10(18)11(19)4-8/h2-7,12,17-20H,1H3",NYJRQKHPAFIKDM-UHFFFAOYSA-N,O1C=2C(C(O)C=C1C3=CC=C(O)C(=C3)O)=C(OC)C=C(O)C2,,,C16H14O6,302.07903816799995,1.9213999999999998,0,1,1,BTM00094,BTM00094,Methylation of phenolic compound,BTMR1377,EC 2.1.1.25,HUMAN,BTM00031,O1C=2C(C(O)C=C1C3=CC=C(O)C(=C3)O)=C(O)C=C(O)C2,"InChI=1S/C15H12O6/c16-8-4-11(19)15-12(20)6-13(21-14(15)5-8)7-1-2-9(17)10(18)3-7/h1-6,12,16-20H",CKVHUHNHULERKW-UHFFFAOYSA-N,1.6704000000000006,288.06338810399996
"InChI=1S/C16H14O6/c1-21-14-4-8(2-3-10(14)18)13-7-12(20)16-11(19)5-9(17)6-15(16)22-13/h2-7,12,17-20H,1H3",BIIDIBQQVFBUQV-UHFFFAOYSA-N,O1C=2C(C(O)C=C1C3=CC=C(O)C(=C3)OC)=C(O)C=C(O)C2,,,C16H14O6,302.079038168,1.9213999999999998,0,1,1,BTM00083,BTM00083,Methylation of phenolic compound,BTMR1377,EC 2.1.1.25,HUMAN,BTM00031,O1C=2C(C(O)C=C1C3=CC=C(O)C(=C3)O)=C(O)C=C(O)C2,"InChI=1S/C15H12O6/c16-8-4-11(19)15-12(20)6-13(21-14(15)5-8)7-1-2-9(17)10(18)3-7/h1-6,12,16-20H",CKVHUHNHULERKW-UHFFFAOYSA-N,1.6704000000000006,288.06338810399996
"InChI=1S/C16H14O6/c1-21-13-3-2-8(4-10(13)18)14-7-12(20)16-11(19)5-9(17)6-15(16)22-14/h2-7,12,17-20H,1H3",TZFYSHXYSXHFHO-UHFFFAOYSA-N,O1C=2C(C(O)C=C1C3=CC=C(OC)C(=C3)O)=C(O)C=C(O)C2,,,C16H14O6,302.07903816799995,1.9213999999999998,0,1,1,BTM00082,BTM00082,Methylation of phenolic compound,BTMR1377,EC 2.1.1.25,HUMAN,BTM00031,O1C=2C(C(O)C=C1C3=CC=C(O)C(=C3)O)=C(O)C=C(O)C2,"InChI=1S/C15H12O6/c16-8-4-11(19)15-12(20)6-13(21-14(15)5-8)7-1-2-9(17)10(18)3-7/h1-6,12,16-20H",CKVHUHNHULERKW-UHFFFAOYSA-N,1.6704000000000006,288.06338810399996
"InChI=1S/C16H14O6/c1-21-13-3-2-8(4-10(13)18)14-7-12(20)16-11(19)5-9(17)6-15(16)22-14/h2-7,12,17-20H,1H3",TZFYSHXYSXHFHO-UHFFFAOYSA-N,O1C=2C(C(O)C=C1C3=CC=C(OC)C(=C3)O)=C(O)C=C(O)C2,,,C16H14O6,302.07903816799995,1.9213999999999998,0,1,1,BTM00082,BTM00082,Reduction of carbonyl,BTMR0368,EC 1.1.1.184,HUMAN,BTM00032,O1C=2C(C(=O)C=C1C3=CC=C(OC)C(=C3)O)=C(O)C=C(O)C2,"InChI=1S/C16H12O6/c1-21-13-3-2-8(4-10(13)18)14-7-12(20)16-11(19)5-9(17)6-15(16)22-14/h2-7,17-19H,1H3",MBNGWHIJMBWFHU-UHFFFAOYSA-N,3.0106,300.06338810399996
"InChI=1S/C17H14O6/c1-21-13-4-3-9(5-15(13)22-2)14-8-12(20)17-11(19)6-10(18)7-16(17)23-14/h3-8,18-19H,1-2H3",AOLOMULCAJQEIG-UHFFFAOYSA-N,O1C=2C(C(=O)C=C1C3=CC=C(OC)C(=C3)OC)=C(O)C=C(O)C2,"4712-12-3
5,7-Dihydroxy-3',4'-dimethoxyflavone
Luteolin 3',4'-dimethyl ether
Kampferol-3,4'-dimethyl ether
NSC-128305
3FHI2X224O
Flavone, 5,7-dihydroxy-3',4'-dimethoxy-
DTXSID80197043
4H-1-Benzopyran-4-one, 2-(3,4-dimethoxyphenyl)-5,7-dihydroxy-
RefChem:1087969
DTXCID90119534
4'-METHYLCHRYSOERIOL
2-(3,4-Dimethoxyphenyl)-5,7-dihydroxy-4H-chromen-4-one
NSC128305
2-(3,4-dimethoxyphenyl)-5,7-dihydroxychromen-4-one
CHEMBL76426
2-(3,4-DIMETHOXYPHENYL)-5,7-DIHYDROXY-4H-1-BENZOPYRAN-4-ONE
2-(3,4-dimethoxyphenyl)-5,7-dihydroxy-chromen-4-one
4'-Methylchrysoeriol?
3',4'-Dimethoxyluteolin
NCIMech_000178
UNII-3FHI2X224O
3'-O-METHYLDIOSMETIN
orb1710548
SCHEMBL2483636
SCHEMBL29883103
SCHEMBL30365934
Kampferol-3, 4'-dimethyl ether
EAA71212
BDBM50252426
CCG-35363
LMPK12110831
MFCD00017422
AKOS040732326
NSC 128305
Flavone,7-dihydroxy-3',4'-dimethoxy-
5,7-Dihydroxy-3', 4'-dimethoxyflavone
5,7-dihydroxy-3',4'-dimethoxy flavone
5,7-dihydroxy-4',5'-dimethoxy flavone
DA-49732
MS-24607
NCI60_000644
PD011901
HY-112734
CS-0063122
G12067
4H-1-Benzopyran-4-one,4-dimethoxyphenyl)-5,7-dihydroxy-
4H-1-Benzopyran-4-one, 2-(3, 4-dimethoxyphenyl)-5,7-dihydroxy-",5351234,C17H14O6,314.079038168,3.2615999999999987,0,0,0,BTM00095,BTM00095,3'-O-Methylation of flavone,BTMR0417,EC 2.1.1.42,HUMAN,BTM00032,O1C=2C(C(=O)C=C1C3=CC=C(OC)C(=C3)O)=C(O)C=C(O)C2,"InChI=1S/C16H12O6/c1-21-13-3-2-8(4-10(13)18)14-7-12(20)16-11(19)5-9(17)6-15(16)22-14/h2-7,17-19H,1H3",MBNGWHIJMBWFHU-UHFFFAOYSA-N,3.0106,300.06338810399996
"InChI=1S/C22H20O12/c1-31-13-3-2-8(4-10(13)23)14-7-12(25)16-11(24)5-9(6-15(16)33-14)32-22-19(28)17(26)18(27)20(34-22)21(29)30/h2-7,17-20,22-24,26-28H,1H3,(H,29,30)",XCKMDTYMOHXUHG-UHFFFAOYSA-N,O1C=2C(C(=O)C=C1C3=CC=C(OC)C(=C3)O)=C(O)C=C(OC4OC(C(O)=O)C(C(C4O)O)O)C2,"3,4,5-trihydroxy-6-[5-hydroxy-2-(3-hydroxy-4-methoxyphenyl)-4-oxochromen-7-yl]oxyoxane-2-carboxylic acid
Diosmetin 7-O-beta-D-glucuronopyranoside
7-O-b-D-Glucuronopyranoside
Diosmin metabolite-glucuronide
CHEBI:172703
KBA11020
Flavone base + 3O, 1MeO, O-HexA",74977725,C22H20O12,476.09547607999997,1.3150999999999997,1,1,1,BTM00096,BTM00096,Aromatic OH-glucuronidation,BTMR0166,EC 2.4.1.17,HUMAN,BTM00032,O1C=2C(C(=O)C=C1C3=CC=C(OC)C(=C3)O)=C(O)C=C(O)C2,"InChI=1S/C16H12O6/c1-21-13-3-2-8(4-10(13)18)14-7-12(20)16-11(19)5-9(17)6-15(16)22-14/h2-7,17-19H,1H3",MBNGWHIJMBWFHU-UHFFFAOYSA-N,3.0106,300.06338810399996
"InChI=1S/C22H20O12/c1-31-12-3-2-8(4-10(12)24)13-7-11(25)16-14(32-13)5-9(23)6-15(16)33-22-19(28)17(26)18(27)20(34-22)21(29)30/h2-7,17-20,22-24,26-28H,1H3,(H,29,30)",VKCSAKLKEPCSFV-UHFFFAOYSA-N,O1C=2C(C(=O)C=C1C3=CC=C(OC)C(=C3)O)=C(OC4OC(C(O)=O)C(C(C4O)O)O)C=C(O)C2,,,C22H20O12,476.09547607999997,1.3150999999999997,1,1,1,BTM00097,BTM00097,Aromatic OH-glucuronidation,BTMR0166,EC 2.4.1.17,HUMAN,BTM00032,O1C=2C(C(=O)C=C1C3=CC=C(OC)C(=C3)O)=C(O)C=C(O)C2,"InChI=1S/C16H12O6/c1-21-13-3-2-8(4-10(13)18)14-7-12(20)16-11(19)5-9(17)6-15(16)22-14/h2-7,17-19H,1H3",MBNGWHIJMBWFHU-UHFFFAOYSA-N,3.0106,300.06338810399996
"InChI=1S/C22H20O12/c1-31-12-3-2-8(13-7-11(25)16-10(24)5-9(23)6-15(16)32-13)4-14(12)33-22-19(28)17(26)18(27)20(34-22)21(29)30/h2-7,17-20,22-24,26-28H,1H3,(H,29,30)",VATVKLJSQQBZTF-UHFFFAOYSA-N,O1C=2C(C(=O)C=C1C3=CC=C(OC)C(=C3)OC4OC(C(O)=O)C(C(C4O)O)O)=C(O)C=C(O)C2,Diosmetin-3'-O-b-D-glucuronide,131837262,C22H20O12,476.09547607999997,1.3150999999999997,1,1,1,BTM00098,BTM00098,Aromatic OH-glucuronidation,BTMR0166,EC 2.4.1.17,HUMAN,BTM00032,O1C=2C(C(=O)C=C1C3=CC=C(OC)C(=C3)O)=C(O)C=C(O)C2,"InChI=1S/C16H12O6/c1-21-13-3-2-8(4-10(13)18)14-7-12(20)16-11(19)5-9(17)6-15(16)22-14/h2-7,17-19H,1H3",MBNGWHIJMBWFHU-UHFFFAOYSA-N,3.0106,300.06338810399996
"InChI=1S/C17H14O6/c1-21-10-6-12(19)17-13(20)8-15(23-16(17)7-10)9-3-4-14(22-2)11(18)5-9/h3-8,18-19H,1-2H3",UDBHJDTXPDRDNS-UHFFFAOYSA-N,O1C=2C(C(=O)C=C1C3=CC=C(OC)C(=C3)O)=C(O)C=C(OC)C2,"Pilloin
32174-62-2
5,3'-Dihydroxy-7,4'-dimethoxyflavone
3',5-Dihydroxy-4',7-dimethoxyflavone
DTXSID30185955
RefChem:910429
DTXCID70108446
Luteolin 7,4'-dimethyl ether
5-hydroxy-2-(3-hydroxy-4-methoxyphenyl)-7-methoxychromen-4-one
MFCD28100687
5-Hydroxy-2-(3-hydroxy-4-methoxyphenyl)-7-methoxy-4H-chromen-4-one
4H-1-Benzopyran-4-one, 5-hydroxy-2- (3-hydroxy-4-methoxyphenyl)-7-meth oxy-
4H-1-Benzopyran-4-one, 5-hydroxy-2-(3-hydroxy-4-methoxyphenyl)-7-methoxy-
diosmetin 7-methyl ether
4H-1-Benzopyran-4-one,5-hydroxy-2-(3-hydroxy-4-methoxyphenyl)-7-methoxy-
luteolin 4',7-dimethyl ether
CHEMBL483424
orb1684314
SCHEMBL26117114
CHEBI:192751
UDBHJDTXPDRDNS-UHFFFAOYSA-N
HBA17462
AC8415
LMPK12111057
NSC195196
5-Hydroxy-2-(3-hydroxy-4-methoxyphenyl)-7-methoxy-4H-1-benzopyran-4-one
AKOS032949116
FS-8806
NSC 195196
NSC-195196
SY252784
DS-015065
HY-111927
CS-0094066
5,3?-DIHYDROXY-7,4?-DIMETHOXYFLAVONE
5-hydroxy-2-(3-hydroxy-4-methoxy-phenyl)-7-methoxy-chromen-4-one
5-Hydroxy-2-(3-hydroxy-4-methoxyphenyl)-7-methoxy-4H-chromen-4-one #
5,3 inverted exclamation mark -Dihydroxy-7,4 inverted exclamation mark -dimethoxyflavone",5320496,C17H14O6,314.07903816799995,3.2615999999999987,0,0,0,BTM00099,BTM00099,Methylation of phenolic compound,BTMR1377,EC 2.1.1.25,HUMAN,BTM00032,O1C=2C(C(=O)C=C1C3=CC=C(OC)C(=C3)O)=C(O)C=C(O)C2,"InChI=1S/C16H12O6/c1-21-13-3-2-8(4-10(13)18)14-7-12(20)16-11(19)5-9(17)6-15(16)22-14/h2-7,17-19H,1H3",MBNGWHIJMBWFHU-UHFFFAOYSA-N,3.0106,300.06338810399996
"InChI=1S/C17H14O6/c1-21-13-4-3-9(5-11(13)19)14-8-12(20)17-15(22-2)6-10(18)7-16(17)23-14/h3-8,18-19H,1-2H3",QRQBJVXKGOVPPF-UHFFFAOYSA-N,O1C=2C(C(=O)C=C1C3=CC=C(OC)C(=C3)O)=C(OC)C=C(O)C2,"7,3'-Dihydroxy-5,4'-dimethoxyflavone
RefChem:105502
72629-61-9
CHEMBL181384
LMPK12110968",13964547,C17H14O6,314.079038168,3.2615999999999987,0,0,0,BTM00100,BTM00100,Methylation of phenolic compound,BTMR1377,EC 2.1.1.25,HUMAN,BTM00032,O1C=2C(C(=O)C=C1C3=CC=C(OC)C(=C3)O)=C(O)C=C(O)C2,"InChI=1S/C16H12O6/c1-21-13-3-2-8(4-10(13)18)14-7-12(20)16-11(19)5-9(17)6-15(16)22-14/h2-7,17-19H,1H3",MBNGWHIJMBWFHU-UHFFFAOYSA-N,3.0106,300.06338810399996
"InChI=1S/C17H14O6/c1-21-13-4-3-9(5-15(13)22-2)14-8-12(20)17-11(19)6-10(18)7-16(17)23-14/h3-8,18-19H,1-2H3",AOLOMULCAJQEIG-UHFFFAOYSA-N,O1C=2C(C(=O)C=C1C3=CC=C(OC)C(=C3)OC)=C(O)C=C(O)C2,"4712-12-3
5,7-Dihydroxy-3',4'-dimethoxyflavone
Luteolin 3',4'-dimethyl ether
Kampferol-3,4'-dimethyl ether
NSC-128305
3FHI2X224O
Flavone, 5,7-dihydroxy-3',4'-dimethoxy-
DTXSID80197043
4H-1-Benzopyran-4-one, 2-(3,4-dimethoxyphenyl)-5,7-dihydroxy-
RefChem:1087969
DTXCID90119534
4'-METHYLCHRYSOERIOL
2-(3,4-Dimethoxyphenyl)-5,7-dihydroxy-4H-chromen-4-one
NSC128305
2-(3,4-dimethoxyphenyl)-5,7-dihydroxychromen-4-one
CHEMBL76426
2-(3,4-DIMETHOXYPHENYL)-5,7-DIHYDROXY-4H-1-BENZOPYRAN-4-ONE
2-(3,4-dimethoxyphenyl)-5,7-dihydroxy-chromen-4-one
4'-Methylchrysoeriol?
3',4'-Dimethoxyluteolin
NCIMech_000178
UNII-3FHI2X224O
3'-O-METHYLDIOSMETIN
orb1710548
SCHEMBL2483636
SCHEMBL29883103
SCHEMBL30365934
Kampferol-3, 4'-dimethyl ether
EAA71212
BDBM50252426
CCG-35363
LMPK12110831
MFCD00017422
AKOS040732326
NSC 128305
Flavone,7-dihydroxy-3',4'-dimethoxy-
5,7-Dihydroxy-3', 4'-dimethoxyflavone
5,7-dihydroxy-3',4'-dimethoxy flavone
5,7-dihydroxy-4',5'-dimethoxy flavone
DA-49732
MS-24607
NCI60_000644
PD011901
HY-112734
CS-0063122
G12067
4H-1-Benzopyran-4-one,4-dimethoxyphenyl)-5,7-dihydroxy-
4H-1-Benzopyran-4-one, 2-(3, 4-dimethoxyphenyl)-5,7-dihydroxy-",5351234,C17H14O6,314.079038168,3.2615999999999987,0,0,0,BTM00095,BTM00095,Methylation of phenolic compound,BTMR1377,EC 2.1.1.25,HUMAN,BTM00032,O1C=2C(C(=O)C=C1C3=CC=C(OC)C(=C3)O)=C(O)C=C(O)C2,"InChI=1S/C16H12O6/c1-21-13-3-2-8(4-10(13)18)14-7-12(20)16-11(19)5-9(17)6-15(16)22-14/h2-7,17-19H,1H3",MBNGWHIJMBWFHU-UHFFFAOYSA-N,3.0106,300.06338810399996
"InChI=1S/C16H14O6/c1-21-14-4-8(2-3-10(14)18)13-7-12(20)16-11(19)5-9(17)6-15(16)22-13/h2-7,12,17-20H,1H3",BIIDIBQQVFBUQV-UHFFFAOYSA-N,O1C=2C(C(O)C=C1C3=CC=C(O)C(=C3)OC)=C(O)C=C(O)C2,,,C16H14O6,302.079038168,1.9213999999999998,0,1,1,BTM00083,BTM00083,Reduction of carbonyl,BTMR0368,EC 1.1.1.184,HUMAN,BTM00033,O1C=2C(C(=O)C=C1C3=CC=C(O)C(=C3)OC)=C(O)C=C(O)C2,"InChI=1S/C16H12O6/c1-21-14-4-8(2-3-10(14)18)13-7-12(20)16-11(19)5-9(17)6-15(16)22-13/h2-7,17-19H,1H3",SCZVLDHREVKTSH-UHFFFAOYSA-N,3.0106,300.06338810399996
"InChI=1S/C22H20O12/c1-31-14-4-8(2-3-10(14)23)13-7-12(25)16-11(24)5-9(6-15(16)33-13)32-22-19(28)17(26)18(27)20(34-22)21(29)30/h2-7,17-20,22-24,26-28H,1H3,(H,29,30)",VLYLVFHVHHGXHX-UHFFFAOYSA-N,O1C=2C(C(=O)C=C1C3=CC=C(O)C(=C3)OC)=C(O)C=C(OC4OC(C(O)=O)C(C(C4O)O)O)C2,Chrysoeriol 7-glucuronide,14630700,C22H20O12,476.09547607999997,1.3150999999999997,1,1,1,BTM00101,BTM00101,Aromatic OH-glucuronidation,BTMR0166,EC 2.4.1.17,HUMAN,BTM00033,O1C=2C(C(=O)C=C1C3=CC=C(O)C(=C3)OC)=C(O)C=C(O)C2,"InChI=1S/C16H12O6/c1-21-14-4-8(2-3-10(14)18)13-7-12(20)16-11(19)5-9(17)6-15(16)22-13/h2-7,17-19H,1H3",SCZVLDHREVKTSH-UHFFFAOYSA-N,3.0106,300.06338810399996
"InChI=1S/C22H20O12/c1-31-13-4-8(2-3-10(13)24)12-7-11(25)16-14(32-12)5-9(23)6-15(16)33-22-19(28)17(26)18(27)20(34-22)21(29)30/h2-7,17-20,22-24,26-28H,1H3,(H,29,30)",ABQMOKASFVNYKB-UHFFFAOYSA-N,O1C=2C(C(=O)C=C1C3=CC=C(O)C(=C3)OC)=C(OC4OC(C(O)=O)C(C(C4O)O)O)C=C(O)C2,,,C22H20O12,476.09547607999997,1.3150999999999997,1,1,1,BTM00102,BTM00102,Aromatic OH-glucuronidation,BTMR0166,EC 2.4.1.17,HUMAN,BTM00033,O1C=2C(C(=O)C=C1C3=CC=C(O)C(=C3)OC)=C(O)C=C(O)C2,"InChI=1S/C16H12O6/c1-21-14-4-8(2-3-10(14)18)13-7-12(20)16-11(19)5-9(17)6-15(16)22-13/h2-7,17-19H,1H3",SCZVLDHREVKTSH-UHFFFAOYSA-N,3.0106,300.06338810399996
"InChI=1S/C22H20O12/c1-31-14-4-8(13-7-11(25)16-10(24)5-9(23)6-15(16)32-13)2-3-12(14)33-22-19(28)17(26)18(27)20(34-22)21(29)30/h2-7,17-20,22-24,26-28H,1H3,(H,29,30)",TWDFWHVUFJGCTI-UHFFFAOYSA-N,O1C=2C(C(=O)C=C1C3=CC=C(OC4OC(C(O)=O)C(C(C4O)O)O)C(=C3)OC)=C(O)C=C(O)C2,,,C22H20O12,476.09547607999997,1.3150999999999997,1,1,1,BTM00103,BTM00103,Aromatic OH-glucuronidation,BTMR0166,EC 2.4.1.17,HUMAN,BTM00033,O1C=2C(C(=O)C=C1C3=CC=C(O)C(=C3)OC)=C(O)C=C(O)C2,"InChI=1S/C16H12O6/c1-21-14-4-8(2-3-10(14)18)13-7-12(20)16-11(19)5-9(17)6-15(16)22-13/h2-7,17-19H,1H3",SCZVLDHREVKTSH-UHFFFAOYSA-N,3.0106,300.06338810399996
"InChI=1S/C17H14O6/c1-21-10-6-12(19)17-13(20)8-14(23-16(17)7-10)9-3-4-11(18)15(5-9)22-2/h3-8,18-19H,1-2H3",ROCUOVBWAWAQFD-UHFFFAOYSA-N,O1C=2C(C(=O)C=C1C3=CC=C(O)C(=C3)OC)=C(O)C=C(OC)C2,"5,4'-dihydroxy-7,3'-dimethoxyflavone
RefChem:51004
Velutin
25739-41-7
Flavoyadorigenin B
5-hydroxy-2-(4-hydroxy-3-methoxyphenyl)-7-methoxychromen-4-one
5-Hydroxy-2-(4-hydroxy-3-methoxyphenyl)-7-methoxy-4H-chromen-4-one
4',5-dihydroxy-3',7-dimethoxyflavone
MFCD20260863
Luteolin 7,3'-dimethyl ether
CT1Q4E0I0W
4H-1-Benzopyran-4-one, 5-hydroxy-2-(4-hydroxy-3-methoxyphenyl)-7-methoxy-
4H-1-Benzopyran-4-one, 5-hydroxy-2-(4-hydroxy-3-methyoxyphenyl)-7-methoxy-
5-hydroxy-2-(4-hydroxy-3-methoxyphenyl)-7-methoxy-4H-1-benzopyran-4-one
5-hydroxy-2-(4-hydroxy-3-methoxy-phenyl)-7-methoxy-chromen-4-one
UNII-CT1Q4E0I0W
3',7-DIMETHYLLUTEOLIN
CHEMBL508292
orb1692258
SCHEMBL5804380
SCHEMBL29928535
BDBM84983
EX-A8002F
DTXSID90180421
CHEBI:177047
CHRYSOERIOL 7-METHYL ETHER
HY-N1098
AC8414
LMPK12111053
AKOS032948465
LUTEOLIN 3',7-DIMETHYL ETHER
EBC-618470
4',5-dihydroxy-3',7-dimethoxy flavone
DA-78860
FV159582
MS-24605
SY252776
CS-0016385
DR 9606128
NS00134230
FLAVONE, 4',5-DIHYDROXY-3',7-DIMETHOXY-
Q15427946",5464381,C17H14O6,314.079038168,3.2615999999999987,0,0,0,BTM00104,BTM00104,Methylation of phenolic compound,BTMR1377,EC 2.1.1.25,HUMAN,BTM00033,O1C=2C(C(=O)C=C1C3=CC=C(O)C(=C3)OC)=C(O)C=C(O)C2,"InChI=1S/C16H12O6/c1-21-14-4-8(2-3-10(14)18)13-7-12(20)16-11(19)5-9(17)6-15(16)22-13/h2-7,17-19H,1H3",SCZVLDHREVKTSH-UHFFFAOYSA-N,3.0106,300.06338810399996
"InChI=1S/C17H14O6/c1-21-14-5-9(3-4-11(14)19)13-8-12(20)17-15(22-2)6-10(18)7-16(17)23-13/h3-8,18-19H,1-2H3",JDMXMMBASFOTIF-UHFFFAOYSA-N,O1C=2C(C(=O)C=C1C3=CC=C(O)C(=C3)OC)=C(OC)C=C(O)C2,"62346-14-9
Luteolin 5,3'-dimethyl ether
DTXSID801308421
7-hydroxy-2-(4-hydroxy-3-methoxyphenyl)-5-methoxychromen-4-one
RefChem:1088606
DTXCID901738328
Chrysoeriol 5-methyl ether
4H-1-Benzopyran-4-one, 7-hydroxy-2-(4-hydroxy-3-methoxyphenyl)-5-methoxy-
5,3'-di-O-methylluteolin
7-hydroxy-2-(4-hydroxy-3-methoxyphenyl)-5-methoxy-4H-chromen-4-one
starbld0025807
luteolin-5,3'-dimethyl ether
orb1681224
SCHEMBL4321016
CHEMBL4213477
SCHEMBL30410973
CHEBI:69455
Luteolin 5,3a(2)-dimethyl ether
MCA34614
LMPK12110967
AKOS040762709
7,4'-dihydroxy-5,3'-dimethoxyflavone
Luteolin 5,3 inverted exclamation marka-dimethyl ether
Q27137792
7-hydroxy-2-(4-hydroxy-3-methoxy-phenyl)-5-methoxy-chromen-4-one
7-Hydroxy-2-(4-hydroxy-3-methoxyphenyl)-5-methoxy-4H-1-benzopyran-4-one",13964549,C17H14O6,314.07903816799995,3.2615999999999987,0,0,0,BTM00105,BTM00105,Methylation of phenolic compound,BTMR1377,EC 2.1.1.25,HUMAN,BTM00033,O1C=2C(C(=O)C=C1C3=CC=C(O)C(=C3)OC)=C(O)C=C(O)C2,"InChI=1S/C16H12O6/c1-21-14-4-8(2-3-10(14)18)13-7-12(20)16-11(19)5-9(17)6-15(16)22-13/h2-7,17-19H,1H3",SCZVLDHREVKTSH-UHFFFAOYSA-N,3.0106,300.06338810399996
"InChI=1S/C17H14O6/c1-21-13-4-3-9(5-15(13)22-2)14-8-12(20)17-11(19)6-10(18)7-16(17)23-14/h3-8,18-19H,1-2H3",AOLOMULCAJQEIG-UHFFFAOYSA-N,O1C=2C(C(=O)C=C1C3=CC=C(OC)C(=C3)OC)=C(O)C=C(O)C2,"4712-12-3
5,7-Dihydroxy-3',4'-dimethoxyflavone
Luteolin 3',4'-dimethyl ether
Kampferol-3,4'-dimethyl ether
NSC-128305
3FHI2X224O
Flavone, 5,7-dihydroxy-3',4'-dimethoxy-
DTXSID80197043
4H-1-Benzopyran-4-one, 2-(3,4-dimethoxyphenyl)-5,7-dihydroxy-
RefChem:1087969
DTXCID90119534
4'-METHYLCHRYSOERIOL
2-(3,4-Dimethoxyphenyl)-5,7-dihydroxy-4H-chromen-4-one
NSC128305
2-(3,4-dimethoxyphenyl)-5,7-dihydroxychromen-4-one
CHEMBL76426
2-(3,4-DIMETHOXYPHENYL)-5,7-DIHYDROXY-4H-1-BENZOPYRAN-4-ONE
2-(3,4-dimethoxyphenyl)-5,7-dihydroxy-chromen-4-one
4'-Methylchrysoeriol?
3',4'-Dimethoxyluteolin
NCIMech_000178
UNII-3FHI2X224O
3'-O-METHYLDIOSMETIN
orb1710548
SCHEMBL2483636
SCHEMBL29883103
SCHEMBL30365934
Kampferol-3, 4'-dimethyl ether
EAA71212
BDBM50252426
CCG-35363
LMPK12110831
MFCD00017422
AKOS040732326
NSC 128305
Flavone,7-dihydroxy-3',4'-dimethoxy-
5,7-Dihydroxy-3', 4'-dimethoxyflavone
5,7-dihydroxy-3',4'-dimethoxy flavone
5,7-dihydroxy-4',5'-dimethoxy flavone
DA-49732
MS-24607
NCI60_000644
PD011901
HY-112734
CS-0063122
G12067
4H-1-Benzopyran-4-one,4-dimethoxyphenyl)-5,7-dihydroxy-
4H-1-Benzopyran-4-one, 2-(3, 4-dimethoxyphenyl)-5,7-dihydroxy-",5351234,C17H14O6,314.079038168,3.2615999999999987,0,0,0,BTM00095,BTM00095,Methylation of phenolic compound,BTMR1377,EC 2.1.1.25,HUMAN,BTM00033,O1C=2C(C(=O)C=C1C3=CC=C(O)C(=C3)OC)=C(O)C=C(O)C2,"InChI=1S/C16H12O6/c1-21-14-4-8(2-3-10(14)18)13-7-12(20)16-11(19)5-9(17)6-15(16)22-13/h2-7,17-19H,1H3",SCZVLDHREVKTSH-UHFFFAOYSA-N,3.0106,300.06338810399996
"InChI=1S/C16H14O6/c1-21-9-5-12(19)16-13(20)7-14(22-15(16)6-9)8-2-3-10(17)11(18)4-8/h2-7,13,17-20H,1H3",GFPNNMLDRJMWNV-UHFFFAOYSA-N,O1C=2C(C(O)C=C1C3=CC=C(O)C(=C3)O)=C(O)C=C(OC)C2,,,C16H14O6,302.07903816799995,1.9213999999999998,0,1,1,BTM00093,BTM00093,Reduction of carbonyl,BTMR0368,EC 1.1.1.184,HUMAN,BTM00038,O1C=2C(C(=O)C=C1C3=CC=C(O)C(=C3)O)=C(O)C=C(OC)C2,"InChI=1S/C16H12O6/c1-21-9-5-12(19)16-13(20)7-14(22-15(16)6-9)8-2-3-10(17)11(18)4-8/h2-7,17-19H,1H3",RRRSSAVLTCVNIQ-UHFFFAOYSA-N,3.0106,300.06338810399996
"InChI=1S/C17H14O6/c1-21-10-6-12(19)17-13(20)8-15(23-16(17)7-10)9-3-4-14(22-2)11(18)5-9/h3-8,18-19H,1-2H3",UDBHJDTXPDRDNS-UHFFFAOYSA-N,O1C=2C(C(=O)C=C1C3=CC=C(OC)C(=C3)O)=C(O)C=C(OC)C2,"Pilloin
32174-62-2
5,3'-Dihydroxy-7,4'-dimethoxyflavone
3',5-Dihydroxy-4',7-dimethoxyflavone
DTXSID30185955
RefChem:910429
DTXCID70108446
Luteolin 7,4'-dimethyl ether
5-hydroxy-2-(3-hydroxy-4-methoxyphenyl)-7-methoxychromen-4-one
MFCD28100687
5-Hydroxy-2-(3-hydroxy-4-methoxyphenyl)-7-methoxy-4H-chromen-4-one
4H-1-Benzopyran-4-one, 5-hydroxy-2- (3-hydroxy-4-methoxyphenyl)-7-meth oxy-
4H-1-Benzopyran-4-one, 5-hydroxy-2-(3-hydroxy-4-methoxyphenyl)-7-methoxy-
diosmetin 7-methyl ether
4H-1-Benzopyran-4-one,5-hydroxy-2-(3-hydroxy-4-methoxyphenyl)-7-methoxy-
luteolin 4',7-dimethyl ether
CHEMBL483424
orb1684314
SCHEMBL26117114
CHEBI:192751
UDBHJDTXPDRDNS-UHFFFAOYSA-N
HBA17462
AC8415
LMPK12111057
NSC195196
5-Hydroxy-2-(3-hydroxy-4-methoxyphenyl)-7-methoxy-4H-1-benzopyran-4-one
AKOS032949116
FS-8806
NSC 195196
NSC-195196
SY252784
DS-015065
HY-111927
CS-0094066
5,3?-DIHYDROXY-7,4?-DIMETHOXYFLAVONE
5-hydroxy-2-(3-hydroxy-4-methoxy-phenyl)-7-methoxy-chromen-4-one
5-Hydroxy-2-(3-hydroxy-4-methoxyphenyl)-7-methoxy-4H-chromen-4-one #
5,3 inverted exclamation mark -Dihydroxy-7,4 inverted exclamation mark -dimethoxyflavone",5320496,C17H14O6,314.07903816799995,3.2615999999999987,0,0,0,BTM00099,BTM00099,Catechol O-methylation,BTMR0212,EC 2.1.1.6,HUMAN,BTM00038,O1C=2C(C(=O)C=C1C3=CC=C(O)C(=C3)O)=C(O)C=C(OC)C2,"InChI=1S/C16H12O6/c1-21-9-5-12(19)16-13(20)7-14(22-15(16)6-9)8-2-3-10(17)11(18)4-8/h2-7,17-19H,1H3",RRRSSAVLTCVNIQ-UHFFFAOYSA-N,3.0106,300.06338810399996
"InChI=1S/C17H14O6/c1-21-10-6-12(19)17-13(20)8-14(23-16(17)7-10)9-3-4-11(18)15(5-9)22-2/h3-8,18-19H,1-2H3",ROCUOVBWAWAQFD-UHFFFAOYSA-N,O1C=2C(C(=O)C=C1C3=CC=C(O)C(=C3)OC)=C(O)C=C(OC)C2,"5,4'-dihydroxy-7,3'-dimethoxyflavone
RefChem:51004
Velutin
25739-41-7
Flavoyadorigenin B
5-hydroxy-2-(4-hydroxy-3-methoxyphenyl)-7-methoxychromen-4-one
5-Hydroxy-2-(4-hydroxy-3-methoxyphenyl)-7-methoxy-4H-chromen-4-one
4',5-dihydroxy-3',7-dimethoxyflavone
MFCD20260863
Luteolin 7,3'-dimethyl ether
CT1Q4E0I0W
4H-1-Benzopyran-4-one, 5-hydroxy-2-(4-hydroxy-3-methoxyphenyl)-7-methoxy-
4H-1-Benzopyran-4-one, 5-hydroxy-2-(4-hydroxy-3-methyoxyphenyl)-7-methoxy-
5-hydroxy-2-(4-hydroxy-3-methoxyphenyl)-7-methoxy-4H-1-benzopyran-4-one
5-hydroxy-2-(4-hydroxy-3-methoxy-phenyl)-7-methoxy-chromen-4-one
UNII-CT1Q4E0I0W
3',7-DIMETHYLLUTEOLIN
CHEMBL508292
orb1692258
SCHEMBL5804380
SCHEMBL29928535
BDBM84983
EX-A8002F
DTXSID90180421
CHEBI:177047
CHRYSOERIOL 7-METHYL ETHER
HY-N1098
AC8414
LMPK12111053
AKOS032948465
LUTEOLIN 3',7-DIMETHYL ETHER
EBC-618470
4',5-dihydroxy-3',7-dimethoxy flavone
DA-78860
FV159582
MS-24605
SY252776
CS-0016385
DR 9606128
NS00134230
FLAVONE, 4',5-DIHYDROXY-3',7-DIMETHOXY-
Q15427946",5464381,C17H14O6,314.079038168,3.2615999999999987,0,0,0,BTM00104,BTM00104,Catechol O-methylation,BTMR1380,EC 2.1.1.6,HUMAN,BTM00038,O1C=2C(C(=O)C=C1C3=CC=C(O)C(=C3)O)=C(O)C=C(OC)C2,"InChI=1S/C16H12O6/c1-21-9-5-12(19)16-13(20)7-14(22-15(16)6-9)8-2-3-10(17)11(18)4-8/h2-7,17-19H,1H3",RRRSSAVLTCVNIQ-UHFFFAOYSA-N,3.0106,300.06338810399996
"InChI=1S/C22H20O12/c1-31-9-5-14-16(12(25)7-13(32-14)8-2-3-10(23)11(24)4-8)15(6-9)33-22-19(28)17(26)18(27)20(34-22)21(29)30/h2-7,17-20,22-24,26-28H,1H3,(H,29,30)",ZXRLKTMDGYGGKV-UHFFFAOYSA-N,O1C=2C(C(=O)C=C1C3=CC=C(O)C(=C3)O)=C(OC4OC(C(O)=O)C(C(C4O)O)O)C=C(OC)C2,,,C22H20O12,476.09547607999997,1.3150999999999997,1,1,1,BTM00106,BTM00106,Aromatic OH-glucuronidation,BTMR0166,EC 2.4.1.17,HUMAN,BTM00038,O1C=2C(C(=O)C=C1C3=CC=C(O)C(=C3)O)=C(O)C=C(OC)C2,"InChI=1S/C16H12O6/c1-21-9-5-12(19)16-13(20)7-14(22-15(16)6-9)8-2-3-10(17)11(18)4-8/h2-7,17-19H,1H3",RRRSSAVLTCVNIQ-UHFFFAOYSA-N,3.0106,300.06338810399996
"InChI=1S/C22H20O12/c1-31-9-5-11(24)16-12(25)7-13(32-15(16)6-9)8-2-3-10(23)14(4-8)33-22-19(28)17(26)18(27)20(34-22)21(29)30/h2-7,17-20,22-24,26-28H,1H3,(H,29,30)",GVTDUXLRUPCMEX-UHFFFAOYSA-N,O1C=2C(C(=O)C=C1C3=CC=C(O)C(=C3)OC4OC(C(O)=O)C(C(C4O)O)O)=C(O)C=C(OC)C2,,,C22H20O12,476.09547607999997,1.3150999999999997,1,1,1,BTM00107,BTM00107,Aromatic OH-glucuronidation,BTMR0166,EC 2.4.1.17,HUMAN,BTM00038,O1C=2C(C(=O)C=C1C3=CC=C(O)C(=C3)O)=C(O)C=C(OC)C2,"InChI=1S/C16H12O6/c1-21-9-5-12(19)16-13(20)7-14(22-15(16)6-9)8-2-3-10(17)11(18)4-8/h2-7,17-19H,1H3",RRRSSAVLTCVNIQ-UHFFFAOYSA-N,3.0106,300.06338810399996
"InChI=1S/C22H20O12/c1-31-9-5-11(24)16-12(25)7-14(32-15(16)6-9)8-2-3-13(10(23)4-8)33-22-19(28)17(26)18(27)20(34-22)21(29)30/h2-7,17-20,22-24,26-28H,1H3,(H,29,30)",DSDLJBADJCOUFY-UHFFFAOYSA-N,O1C=2C(C(=O)C=C1C3=CC=C(OC4OC(C(O)=O)C(C(C4O)O)O)C(=C3)O)=C(O)C=C(OC)C2,,,C22H20O12,476.09547607999997,1.3150999999999997,1,1,1,BTM00108,BTM00108,Aromatic OH-glucuronidation,BTMR0166,EC 2.4.1.17,HUMAN,BTM00038,O1C=2C(C(=O)C=C1C3=CC=C(O)C(=C3)O)=C(O)C=C(OC)C2,"InChI=1S/C16H12O6/c1-21-9-5-12(19)16-13(20)7-14(22-15(16)6-9)8-2-3-10(17)11(18)4-8/h2-7,17-19H,1H3",RRRSSAVLTCVNIQ-UHFFFAOYSA-N,3.0106,300.06338810399996
"InChI=1S/C17H14O6/c1-21-10-6-15(22-2)17-13(20)8-14(23-16(17)7-10)9-3-4-11(18)12(19)5-9/h3-8,18-19H,1-2H3",NKGJZNRUAGQIRY-UHFFFAOYSA-N,O1C=2C(C(=O)C=C1C3=CC=C(O)C(=C3)O)=C(OC)C=C(OC)C2,"90363-40-9
DTXSID50553399
2-(3,4-Dihydroxyphenyl)-5,7-dimethoxy-4H-1-benzopyran-4-one
RefChem:1061003
DTXCID30504182
5,7-Dimethoxyluteolin
2-(3,4-Dihydroxyphenyl)-5,7-dimethoxy-4H-chromen-4-one
4H-1-Benzopyran-4-one, 2-(3,4-dihydroxyphenyl)-5,7-dimethoxy-
MFCD18450948
3',4'-Dihydroxy-5,7-dimethoxyflavone
2-(3,4-DIHYDROXYPHENYL)-5,7-DIMETHOXYCHROMEN-4-ONE
CHEMBL1278226
orb1297039
QDA36340
AC8592
BDBM50330985
AKOS030552896
EBC-615717
DA-60404
MS-24608
PD156901
SY252781
HY-111928
CS-0094067
3?,4?-DIHYDROXY-5,7-DIMETHOXYFLAVONE
2-(3,4-dihydroxyphenyl)-5,7-dimethoxy-chromen-4-one
3 inverted exclamation mark ,4 inverted exclamation mark -Dihydroxy-5,7-dimethoxyflavone",13964548,C17H14O6,314.079038168,3.2615999999999987,0,0,0,BTM00109,BTM00109,Methylation of phenolic compound,BTMR1377,EC 2.1.1.25,HUMAN,BTM00038,O1C=2C(C(=O)C=C1C3=CC=C(O)C(=C3)O)=C(O)C=C(OC)C2,"InChI=1S/C16H12O6/c1-21-9-5-12(19)16-13(20)7-14(22-15(16)6-9)8-2-3-10(17)11(18)4-8/h2-7,17-19H,1H3",RRRSSAVLTCVNIQ-UHFFFAOYSA-N,3.0106,300.06338810399996
"InChI=1S/C17H14O6/c1-21-10-6-12(19)17-13(20)8-14(23-16(17)7-10)9-3-4-11(18)15(5-9)22-2/h3-8,18-19H,1-2H3",ROCUOVBWAWAQFD-UHFFFAOYSA-N,O1C=2C(C(=O)C=C1C3=CC=C(O)C(=C3)OC)=C(O)C=C(OC)C2,"5,4'-dihydroxy-7,3'-dimethoxyflavone
RefChem:51004
Velutin
25739-41-7
Flavoyadorigenin B
5-hydroxy-2-(4-hydroxy-3-methoxyphenyl)-7-methoxychromen-4-one
5-Hydroxy-2-(4-hydroxy-3-methoxyphenyl)-7-methoxy-4H-chromen-4-one
4',5-dihydroxy-3',7-dimethoxyflavone
MFCD20260863
Luteolin 7,3'-dimethyl ether
CT1Q4E0I0W
4H-1-Benzopyran-4-one, 5-hydroxy-2-(4-hydroxy-3-methoxyphenyl)-7-methoxy-
4H-1-Benzopyran-4-one, 5-hydroxy-2-(4-hydroxy-3-methyoxyphenyl)-7-methoxy-
5-hydroxy-2-(4-hydroxy-3-methoxyphenyl)-7-methoxy-4H-1-benzopyran-4-one
5-hydroxy-2-(4-hydroxy-3-methoxy-phenyl)-7-methoxy-chromen-4-one
UNII-CT1Q4E0I0W
3',7-DIMETHYLLUTEOLIN
CHEMBL508292
orb1692258
SCHEMBL5804380
SCHEMBL29928535
BDBM84983
EX-A8002F
DTXSID90180421
CHEBI:177047
CHRYSOERIOL 7-METHYL ETHER
HY-N1098
AC8414
LMPK12111053
AKOS032948465
LUTEOLIN 3',7-DIMETHYL ETHER
EBC-618470
4',5-dihydroxy-3',7-dimethoxy flavone
DA-78860
FV159582
MS-24605
SY252776
CS-0016385
DR 9606128
NS00134230
FLAVONE, 4',5-DIHYDROXY-3',7-DIMETHOXY-
Q15427946",5464381,C17H14O6,314.079038168,3.2615999999999987,0,0,0,BTM00104,BTM00104,Methylation of phenolic compound,BTMR1377,EC 2.1.1.25,HUMAN,BTM00038,O1C=2C(C(=O)C=C1C3=CC=C(O)C(=C3)O)=C(O)C=C(OC)C2,"InChI=1S/C16H12O6/c1-21-9-5-12(19)16-13(20)7-14(22-15(16)6-9)8-2-3-10(17)11(18)4-8/h2-7,17-19H,1H3",RRRSSAVLTCVNIQ-UHFFFAOYSA-N,3.0106,300.06338810399996
"InChI=1S/C17H14O6/c1-21-10-6-12(19)17-13(20)8-15(23-16(17)7-10)9-3-4-14(22-2)11(18)5-9/h3-8,18-19H,1-2H3",UDBHJDTXPDRDNS-UHFFFAOYSA-N,O1C=2C(C(=O)C=C1C3=CC=C(OC)C(=C3)O)=C(O)C=C(OC)C2,"Pilloin
32174-62-2
5,3'-Dihydroxy-7,4'-dimethoxyflavone
3',5-Dihydroxy-4',7-dimethoxyflavone
DTXSID30185955
RefChem:910429
DTXCID70108446
Luteolin 7,4'-dimethyl ether
5-hydroxy-2-(3-hydroxy-4-methoxyphenyl)-7-methoxychromen-4-one
MFCD28100687
5-Hydroxy-2-(3-hydroxy-4-methoxyphenyl)-7-methoxy-4H-chromen-4-one
4H-1-Benzopyran-4-one, 5-hydroxy-2- (3-hydroxy-4-methoxyphenyl)-7-meth oxy-
4H-1-Benzopyran-4-one, 5-hydroxy-2-(3-hydroxy-4-methoxyphenyl)-7-methoxy-
diosmetin 7-methyl ether
4H-1-Benzopyran-4-one,5-hydroxy-2-(3-hydroxy-4-methoxyphenyl)-7-methoxy-
luteolin 4',7-dimethyl ether
CHEMBL483424
orb1684314
SCHEMBL26117114
CHEBI:192751
UDBHJDTXPDRDNS-UHFFFAOYSA-N
HBA17462
AC8415
LMPK12111057
NSC195196
5-Hydroxy-2-(3-hydroxy-4-methoxyphenyl)-7-methoxy-4H-1-benzopyran-4-one
AKOS032949116
FS-8806
NSC 195196
NSC-195196
SY252784
DS-015065
HY-111927
CS-0094066
5,3?-DIHYDROXY-7,4?-DIMETHOXYFLAVONE
5-hydroxy-2-(3-hydroxy-4-methoxy-phenyl)-7-methoxy-chromen-4-one
5-Hydroxy-2-(3-hydroxy-4-methoxyphenyl)-7-methoxy-4H-chromen-4-one #
5,3 inverted exclamation mark -Dihydroxy-7,4 inverted exclamation mark -dimethoxyflavone",5320496,C17H14O6,314.07903816799995,3.2615999999999987,0,0,0,BTM00099,BTM00099,Methylation of phenolic compound,BTMR1377,EC 2.1.1.25,HUMAN,BTM00038,O1C=2C(C(=O)C=C1C3=CC=C(O)C(=C3)O)=C(O)C=C(OC)C2,"InChI=1S/C16H12O6/c1-21-9-5-12(19)16-13(20)7-14(22-15(16)6-9)8-2-3-10(17)11(18)4-8/h2-7,17-19H,1H3",RRRSSAVLTCVNIQ-UHFFFAOYSA-N,3.0106,300.06338810399996
"InChI=1S/C16H14O6/c1-21-14-5-9(17)6-15-16(14)12(20)7-13(22-15)8-2-3-10(18)11(19)4-8/h2-7,12,17-20H,1H3",NYJRQKHPAFIKDM-UHFFFAOYSA-N,O1C=2C(C(O)C=C1C3=CC=C(O)C(=C3)O)=C(OC)C=C(O)C2,,,C16H14O6,302.07903816799995,1.9213999999999998,0,1,1,BTM00094,BTM00094,Reduction of carbonyl,BTMR0368,EC 1.1.1.184,HUMAN,BTM00039,O1C=2C(C(=O)C=C1C3=CC=C(O)C(=C3)O)=C(OC)C=C(O)C2,"InChI=1S/C16H12O6/c1-21-14-5-9(17)6-15-16(14)12(20)7-13(22-15)8-2-3-10(18)11(19)4-8/h2-7,17-19H,1H3",OZPMKAZMPNDLKX-UHFFFAOYSA-N,3.0106,300.06338810399996
"InChI=1S/C17H14O6/c1-21-13-4-3-9(5-11(13)19)14-8-12(20)17-15(22-2)6-10(18)7-16(17)23-14/h3-8,18-19H,1-2H3",QRQBJVXKGOVPPF-UHFFFAOYSA-N,O1C=2C(C(=O)C=C1C3=CC=C(OC)C(=C3)O)=C(OC)C=C(O)C2,"7,3'-Dihydroxy-5,4'-dimethoxyflavone
RefChem:105502
72629-61-9
CHEMBL181384
LMPK12110968",13964547,C17H14O6,314.079038168,3.2615999999999987,0,0,0,BTM00100,BTM00100,Catechol O-methylation,BTMR0212,EC 2.1.1.6,HUMAN,BTM00039,O1C=2C(C(=O)C=C1C3=CC=C(O)C(=C3)O)=C(OC)C=C(O)C2,"InChI=1S/C16H12O6/c1-21-14-5-9(17)6-15-16(14)12(20)7-13(22-15)8-2-3-10(18)11(19)4-8/h2-7,17-19H,1H3",OZPMKAZMPNDLKX-UHFFFAOYSA-N,3.0106,300.06338810399996
"InChI=1S/C17H14O6/c1-21-14-5-9(3-4-11(14)19)13-8-12(20)17-15(22-2)6-10(18)7-16(17)23-13/h3-8,18-19H,1-2H3",JDMXMMBASFOTIF-UHFFFAOYSA-N,O1C=2C(C(=O)C=C1C3=CC=C(O)C(=C3)OC)=C(OC)C=C(O)C2,"62346-14-9
Luteolin 5,3'-dimethyl ether
DTXSID801308421
7-hydroxy-2-(4-hydroxy-3-methoxyphenyl)-5-methoxychromen-4-one
RefChem:1088606
DTXCID901738328
Chrysoeriol 5-methyl ether
4H-1-Benzopyran-4-one, 7-hydroxy-2-(4-hydroxy-3-methoxyphenyl)-5-methoxy-
5,3'-di-O-methylluteolin
7-hydroxy-2-(4-hydroxy-3-methoxyphenyl)-5-methoxy-4H-chromen-4-one
starbld0025807
luteolin-5,3'-dimethyl ether
orb1681224
SCHEMBL4321016
CHEMBL4213477
SCHEMBL30410973
CHEBI:69455
Luteolin 5,3a(2)-dimethyl ether
MCA34614
LMPK12110967
AKOS040762709
7,4'-dihydroxy-5,3'-dimethoxyflavone
Luteolin 5,3 inverted exclamation marka-dimethyl ether
Q27137792
7-hydroxy-2-(4-hydroxy-3-methoxy-phenyl)-5-methoxy-chromen-4-one
7-Hydroxy-2-(4-hydroxy-3-methoxyphenyl)-5-methoxy-4H-1-benzopyran-4-one",13964549,C17H14O6,314.07903816799995,3.2615999999999987,0,0,0,BTM00105,BTM00105,Catechol O-methylation,BTMR1380,EC 2.1.1.6,HUMAN,BTM00039,O1C=2C(C(=O)C=C1C3=CC=C(O)C(=C3)O)=C(OC)C=C(O)C2,"InChI=1S/C16H12O6/c1-21-14-5-9(17)6-15-16(14)12(20)7-13(22-15)8-2-3-10(18)11(19)4-8/h2-7,17-19H,1H3",OZPMKAZMPNDLKX-UHFFFAOYSA-N,3.0106,300.06338810399996
"InChI=1S/C22H20O12/c1-31-14-5-9(32-22-19(28)17(26)18(27)20(34-22)21(29)30)6-15-16(14)12(25)7-13(33-15)8-2-3-10(23)11(24)4-8/h2-7,17-20,22-24,26-28H,1H3,(H,29,30)",XXNFAWBXNARQAR-UHFFFAOYSA-N,O1C=2C(C(=O)C=C1C3=CC=C(O)C(=C3)O)=C(OC)C=C(OC4OC(C(O)=O)C(C(C4O)O)O)C2,,,C22H20O12,476.09547607999997,1.3150999999999997,1,1,1,BTM00110,BTM00110,Aromatic OH-glucuronidation,BTMR0166,EC 2.4.1.17,HUMAN,BTM00039,O1C=2C(C(=O)C=C1C3=CC=C(O)C(=C3)O)=C(OC)C=C(O)C2,"InChI=1S/C16H12O6/c1-21-14-5-9(17)6-15-16(14)12(20)7-13(22-15)8-2-3-10(18)11(19)4-8/h2-7,17-19H,1H3",OZPMKAZMPNDLKX-UHFFFAOYSA-N,3.0106,300.06338810399996
"InChI=1S/C22H20O12/c1-31-14-5-9(23)6-15-16(14)11(25)7-12(32-15)8-2-3-10(24)13(4-8)33-22-19(28)17(26)18(27)20(34-22)21(29)30/h2-7,17-20,22-24,26-28H,1H3,(H,29,30)",ZOKGGPBDLDRFIE-UHFFFAOYSA-N,O1C=2C(C(=O)C=C1C3=CC=C(O)C(=C3)OC4OC(C(O)=O)C(C(C4O)O)O)=C(OC)C=C(O)C2,,,C22H20O12,476.09547607999997,1.3150999999999997,1,1,1,BTM00111,BTM00111,Aromatic OH-glucuronidation,BTMR0166,EC 2.4.1.17,HUMAN,BTM00039,O1C=2C(C(=O)C=C1C3=CC=C(O)C(=C3)O)=C(OC)C=C(O)C2,"InChI=1S/C16H12O6/c1-21-14-5-9(17)6-15-16(14)12(20)7-13(22-15)8-2-3-10(18)11(19)4-8/h2-7,17-19H,1H3",OZPMKAZMPNDLKX-UHFFFAOYSA-N,3.0106,300.06338810399996
"InChI=1S/C22H20O12/c1-31-14-5-9(23)6-15-16(14)11(25)7-13(32-15)8-2-3-12(10(24)4-8)33-22-19(28)17(26)18(27)20(34-22)21(29)30/h2-7,17-20,22-24,26-28H,1H3,(H,29,30)",SXWJHPPMDYWILM-UHFFFAOYSA-N,O1C=2C(C(=O)C=C1C3=CC=C(OC4OC(C(O)=O)C(C(C4O)O)O)C(=C3)O)=C(OC)C=C(O)C2,,,C22H20O12,476.09547607999997,1.3150999999999997,1,1,1,BTM00112,BTM00112,Aromatic OH-glucuronidation,BTMR0166,EC 2.4.1.17,HUMAN,BTM00039,O1C=2C(C(=O)C=C1C3=CC=C(O)C(=C3)O)=C(OC)C=C(O)C2,"InChI=1S/C16H12O6/c1-21-14-5-9(17)6-15-16(14)12(20)7-13(22-15)8-2-3-10(18)11(19)4-8/h2-7,17-19H,1H3",OZPMKAZMPNDLKX-UHFFFAOYSA-N,3.0106,300.06338810399996
"InChI=1S/C17H14O6/c1-21-10-6-15(22-2)17-13(20)8-14(23-16(17)7-10)9-3-4-11(18)12(19)5-9/h3-8,18-19H,1-2H3",NKGJZNRUAGQIRY-UHFFFAOYSA-N,O1C=2C(C(=O)C=C1C3=CC=C(O)C(=C3)O)=C(OC)C=C(OC)C2,"90363-40-9
DTXSID50553399
2-(3,4-Dihydroxyphenyl)-5,7-dimethoxy-4H-1-benzopyran-4-one
RefChem:1061003
DTXCID30504182
5,7-Dimethoxyluteolin
2-(3,4-Dihydroxyphenyl)-5,7-dimethoxy-4H-chromen-4-one
4H-1-Benzopyran-4-one, 2-(3,4-dihydroxyphenyl)-5,7-dimethoxy-
MFCD18450948
3',4'-Dihydroxy-5,7-dimethoxyflavone
2-(3,4-DIHYDROXYPHENYL)-5,7-DIMETHOXYCHROMEN-4-ONE
CHEMBL1278226
orb1297039
QDA36340
AC8592
BDBM50330985
AKOS030552896
EBC-615717
DA-60404
MS-24608
PD156901
SY252781
HY-111928
CS-0094067
3?,4?-DIHYDROXY-5,7-DIMETHOXYFLAVONE
2-(3,4-dihydroxyphenyl)-5,7-dimethoxy-chromen-4-one
3 inverted exclamation mark ,4 inverted exclamation mark -Dihydroxy-5,7-dimethoxyflavone",13964548,C17H14O6,314.079038168,3.2615999999999987,0,0,0,BTM00109,BTM00109,Methylation of phenolic compound,BTMR1377,EC 2.1.1.25,HUMAN,BTM00039,O1C=2C(C(=O)C=C1C3=CC=C(O)C(=C3)O)=C(OC)C=C(O)C2,"InChI=1S/C16H12O6/c1-21-14-5-9(17)6-15-16(14)12(20)7-13(22-15)8-2-3-10(18)11(19)4-8/h2-7,17-19H,1H3",OZPMKAZMPNDLKX-UHFFFAOYSA-N,3.0106,300.06338810399996
"InChI=1S/C17H14O6/c1-21-14-5-9(3-4-11(14)19)13-8-12(20)17-15(22-2)6-10(18)7-16(17)23-13/h3-8,18-19H,1-2H3",JDMXMMBASFOTIF-UHFFFAOYSA-N,O1C=2C(C(=O)C=C1C3=CC=C(O)C(=C3)OC)=C(OC)C=C(O)C2,"62346-14-9
Luteolin 5,3'-dimethyl ether
DTXSID801308421
7-hydroxy-2-(4-hydroxy-3-methoxyphenyl)-5-methoxychromen-4-one
RefChem:1088606
DTXCID901738328
Chrysoeriol 5-methyl ether
4H-1-Benzopyran-4-one, 7-hydroxy-2-(4-hydroxy-3-methoxyphenyl)-5-methoxy-
5,3'-di-O-methylluteolin
7-hydroxy-2-(4-hydroxy-3-methoxyphenyl)-5-methoxy-4H-chromen-4-one
starbld0025807
luteolin-5,3'-dimethyl ether
orb1681224
SCHEMBL4321016
CHEMBL4213477
SCHEMBL30410973
CHEBI:69455
Luteolin 5,3a(2)-dimethyl ether
MCA34614
LMPK12110967
AKOS040762709
7,4'-dihydroxy-5,3'-dimethoxyflavone
Luteolin 5,3 inverted exclamation marka-dimethyl ether
Q27137792
7-hydroxy-2-(4-hydroxy-3-methoxy-phenyl)-5-methoxy-chromen-4-one
7-Hydroxy-2-(4-hydroxy-3-methoxyphenyl)-5-methoxy-4H-1-benzopyran-4-one",13964549,C17H14O6,314.07903816799995,3.2615999999999987,0,0,0,BTM00105,BTM00105,Methylation of phenolic compound,BTMR1377,EC 2.1.1.25,HUMAN,BTM00039,O1C=2C(C(=O)C=C1C3=CC=C(O)C(=C3)O)=C(OC)C=C(O)C2,"InChI=1S/C16H12O6/c1-21-14-5-9(17)6-15-16(14)12(20)7-13(22-15)8-2-3-10(18)11(19)4-8/h2-7,17-19H,1H3",OZPMKAZMPNDLKX-UHFFFAOYSA-N,3.0106,300.06338810399996
"InChI=1S/C17H14O6/c1-21-13-4-3-9(5-11(13)19)14-8-12(20)17-15(22-2)6-10(18)7-16(17)23-14/h3-8,18-19H,1-2H3",QRQBJVXKGOVPPF-UHFFFAOYSA-N,O1C=2C(C(=O)C=C1C3=CC=C(OC)C(=C3)O)=C(OC)C=C(O)C2,"7,3'-Dihydroxy-5,4'-dimethoxyflavone
RefChem:105502
72629-61-9
CHEMBL181384
LMPK12110968",13964547,C17H14O6,314.079038168,3.2615999999999987,0,0,0,BTM00100,BTM00100,Methylation of phenolic compound,BTMR1377,EC 2.1.1.25,HUMAN,BTM00039,O1C=2C(C(=O)C=C1C3=CC=C(O)C(=C3)O)=C(OC)C=C(O)C2,"InChI=1S/C16H12O6/c1-21-14-5-9(17)6-15-16(14)12(20)7-13(22-15)8-2-3-10(18)11(19)4-8/h2-7,17-19H,1H3",OZPMKAZMPNDLKX-UHFFFAOYSA-N,3.0106,300.06338810399996
"InChI=1S/C21H22O11/c22-9-3-1-8(2-4-9)13-7-12(24)15-11(23)5-10(6-14(15)31-13)30-21-18(27)16(25)17(26)19(32-21)20(28)29/h1-6,12-13,16-19,21-27H,7H2,(H,28,29)",HIDQBHYWVBQXEX-UHFFFAOYSA-N,O1C=2C(C(O)CC1C3=CC=C(O)C=C3)=C(O)C=C(OC4OC(C(O)=O)C(C(C4O)O)O)C2,,,C21H22O11,450.116211524,0.233299999999999,1,1,1,BTM00113,BTM00113,Aromatic OH-glucuronidation,BTMR0166,EC 2.4.1.17,HUMAN,BTM00040,O1C=2C(C(O)CC1C3=CC=C(O)C=C3)=C(O)C=C(O)C2,"InChI=1S/C15H14O5/c16-9-3-1-8(2-4-9)13-7-12(19)15-11(18)5-10(17)6-14(15)20-13/h1-6,12-13,16-19H,7H2",RPKUCYSGAXIESU-UHFFFAOYSA-N,1.928799999999999,274.084123548
"InChI=1S/C21H22O11/c22-9-3-1-8(2-4-9)12-7-11(24)15-13(30-12)5-10(23)6-14(15)31-21-18(27)16(25)17(26)19(32-21)20(28)29/h1-6,11-12,16-19,21-27H,7H2,(H,28,29)",UBOZLHGLVCRMHU-UHFFFAOYSA-N,O1C=2C(C(O)CC1C3=CC=C(O)C=C3)=C(OC4OC(C(O)=O)C(C(C4O)O)O)C=C(O)C2,,,C21H22O11,450.116211524,0.233299999999999,1,1,1,BTM00114,BTM00114,Aromatic OH-glucuronidation,BTMR0166,EC 2.4.1.17,HUMAN,BTM00040,O1C=2C(C(O)CC1C3=CC=C(O)C=C3)=C(O)C=C(O)C2,"InChI=1S/C15H14O5/c16-9-3-1-8(2-4-9)13-7-12(19)15-11(18)5-10(17)6-14(15)20-13/h1-6,12-13,16-19H,7H2",RPKUCYSGAXIESU-UHFFFAOYSA-N,1.928799999999999,274.084123548
"InChI=1S/C21H22O11/c22-9-5-11(23)15-12(24)7-13(31-14(15)6-9)8-1-3-10(4-2-8)30-21-18(27)16(25)17(26)19(32-21)20(28)29/h1-6,12-13,16-19,21-27H,7H2,(H,28,29)",ZYPYYBREAFOJPW-UHFFFAOYSA-N,O1C=2C(C(O)CC1C3=CC=C(OC4OC(C(O)=O)C(C(C4O)O)O)C=C3)=C(O)C=C(O)C2,,,C21H22O11,450.116211524,0.233299999999999,1,1,1,BTM00115,BTM00115,Aromatic OH-glucuronidation,BTMR0166,EC 2.4.1.17,HUMAN,BTM00040,O1C=2C(C(O)CC1C3=CC=C(O)C=C3)=C(O)C=C(O)C2,"InChI=1S/C15H14O5/c16-9-3-1-8(2-4-9)13-7-12(19)15-11(18)5-10(17)6-14(15)20-13/h1-6,12-13,16-19H,7H2",RPKUCYSGAXIESU-UHFFFAOYSA-N,1.928799999999999,274.084123548
"InChI=1S/C15H14O8S/c16-9-3-1-8(2-4-9)13-7-12(18)15-11(17)5-10(6-14(15)22-13)23-24(19,20)21/h1-6,12-13,16-18H,7H2,(H,19,20,21)",FQAHBSPKDCJSPZ-UHFFFAOYSA-N,O1C=2C(C(O)CC1C3=CC=C(O)C=C3)=C(O)C=C(OS(O)(=O)=O)C2,,,C15H14O8S,354.040938408,1.1919999999999988,0,1,1,BTM00116,BTM00116,Sulfonation of phenolic compound,BTMR1376,EC 2.8.2.1,HUMAN,BTM00040,O1C=2C(C(O)CC1C3=CC=C(O)C=C3)=C(O)C=C(O)C2,"InChI=1S/C15H14O5/c16-9-3-1-8(2-4-9)13-7-12(19)15-11(18)5-10(17)6-14(15)20-13/h1-6,12-13,16-19H,7H2",RPKUCYSGAXIESU-UHFFFAOYSA-N,1.928799999999999,274.084123548
"InChI=1S/C15H14O8S/c16-9-3-1-8(2-4-9)12-7-11(18)15-13(22-12)5-10(17)6-14(15)23-24(19,20)21/h1-6,11-12,16-18H,7H2,(H,19,20,21)",NDPWMVKNLXIMLF-UHFFFAOYSA-N,O1C=2C(C(O)CC1C3=CC=C(O)C=C3)=C(OS(O)(=O)=O)C=C(O)C2,,,C15H14O8S,354.040938408,1.1919999999999988,0,1,1,BTM00117,BTM00117,Sulfonation of phenolic compound,BTMR1376,EC 2.8.2.1,HUMAN,BTM00040,O1C=2C(C(O)CC1C3=CC=C(O)C=C3)=C(O)C=C(O)C2,"InChI=1S/C15H14O5/c16-9-3-1-8(2-4-9)13-7-12(19)15-11(18)5-10(17)6-14(15)20-13/h1-6,12-13,16-19H,7H2",RPKUCYSGAXIESU-UHFFFAOYSA-N,1.928799999999999,274.084123548
"InChI=1S/C15H14O8S/c16-9-5-11(17)15-12(18)7-13(22-14(15)6-9)8-1-3-10(4-2-8)23-24(19,20)21/h1-6,12-13,16-18H,7H2,(H,19,20,21)",NCHMUQXZPAHHRP-UHFFFAOYSA-N,O1C=2C(C(O)CC1C3=CC=C(OS(O)(=O)=O)C=C3)=C(O)C=C(O)C2,,,C15H14O8S,354.040938408,1.1919999999999988,0,1,1,BTM00118,BTM00118,Sulfonation of phenolic compound,BTMR1376,EC 2.8.2.1,HUMAN,BTM00040,O1C=2C(C(O)CC1C3=CC=C(O)C=C3)=C(O)C=C(O)C2,"InChI=1S/C15H14O5/c16-9-3-1-8(2-4-9)13-7-12(19)15-11(18)5-10(17)6-14(15)20-13/h1-6,12-13,16-19H,7H2",RPKUCYSGAXIESU-UHFFFAOYSA-N,1.928799999999999,274.084123548
"InChI=1S/C15H14O8S/c16-9-3-1-8(2-4-9)12-7-14(23-24(19,20)21)15-11(18)5-10(17)6-13(15)22-12/h1-6,12,14,16-18H,7H2,(H,19,20,21)",ALAUENIVXSOXPV-UHFFFAOYSA-N,O1C=2C(C(OS(O)(=O)=O)CC1C3=CC=C(O)C=C3)=C(O)C=C(O)C2,,,C15H14O8S,354.040938408,1.349499999999999,0,1,1,BTM00119,BTM00119,Sulfation of secondary alcohol,BTMR0502,EC 2.8.2.2,HUMAN,BTM00040,O1C=2C(C(O)CC1C3=CC=C(O)C=C3)=C(O)C=C(O)C2,"InChI=1S/C15H14O5/c16-9-3-1-8(2-4-9)13-7-12(19)15-11(18)5-10(17)6-14(15)20-13/h1-6,12-13,16-19H,7H2",RPKUCYSGAXIESU-UHFFFAOYSA-N,1.928799999999999,274.084123548
"InChI=1S/C16H16O5/c1-20-11-6-12(18)16-13(19)8-14(21-15(16)7-11)9-2-4-10(17)5-3-9/h2-7,13-14,17-19H,8H2,1H3",JVIMGWHMYWNXPU-UHFFFAOYSA-N,O1C=2C(C(O)CC1C3=CC=C(O)C=C3)=C(O)C=C(OC)C2,,,C16H16O5,288.099773612,2.1798000000000006,0,1,1,BTM00120,BTM00120,Methylation of phenolic compound,BTMR1377,EC 2.1.1.25,HUMAN,BTM00040,O1C=2C(C(O)CC1C3=CC=C(O)C=C3)=C(O)C=C(O)C2,"InChI=1S/C15H14O5/c16-9-3-1-8(2-4-9)13-7-12(19)15-11(18)5-10(17)6-14(15)20-13/h1-6,12-13,16-19H,7H2",RPKUCYSGAXIESU-UHFFFAOYSA-N,1.928799999999999,274.084123548
"InChI=1S/C16H16O5/c1-20-14-6-11(18)7-15-16(14)12(19)8-13(21-15)9-2-4-10(17)5-3-9/h2-7,12-13,17-19H,8H2,1H3",QNJQVYFNIRYAFH-UHFFFAOYSA-N,O1C=2C(C(O)CC1C3=CC=C(O)C=C3)=C(OC)C=C(O)C2,,,C16H16O5,288.09977361200004,2.1798000000000006,0,1,1,BTM00121,BTM00121,Methylation of phenolic compound,BTMR1377,EC 2.1.1.25,HUMAN,BTM00040,O1C=2C(C(O)CC1C3=CC=C(O)C=C3)=C(O)C=C(O)C2,"InChI=1S/C15H14O5/c16-9-3-1-8(2-4-9)13-7-12(19)15-11(18)5-10(17)6-14(15)20-13/h1-6,12-13,16-19H,7H2",RPKUCYSGAXIESU-UHFFFAOYSA-N,1.928799999999999,274.084123548
"InChI=1S/C16H16O5/c1-20-11-4-2-9(3-5-11)14-8-13(19)16-12(18)6-10(17)7-15(16)21-14/h2-7,13-14,17-19H,8H2,1H3",KLWPITHPPHBTPB-UHFFFAOYSA-N,O1C=2C(C(O)CC1C3=CC=C(OC)C=C3)=C(O)C=C(O)C2,,,C16H16O5,288.099773612,2.1798000000000006,0,1,1,BTM00122,BTM00122,Methylation of phenolic compound,BTMR1377,EC 2.1.1.25,HUMAN,BTM00040,O1C=2C(C(O)CC1C3=CC=C(O)C=C3)=C(O)C=C(O)C2,"InChI=1S/C15H14O5/c16-9-3-1-8(2-4-9)13-7-12(19)15-11(18)5-10(17)6-14(15)20-13/h1-6,12-13,16-19H,7H2",RPKUCYSGAXIESU-UHFFFAOYSA-N,1.928799999999999,274.084123548
"InChI=1S/C16H16O5/c1-20-11-6-12(18)16-13(19)8-14(21-15(16)7-11)9-2-4-10(17)5-3-9/h2-7,13-14,17-19H,8H2,1H3",JVIMGWHMYWNXPU-UHFFFAOYSA-N,O1C=2C(C(O)CC1C3=CC=C(O)C=C3)=C(O)C=C(OC)C2,,,C16H16O5,288.099773612,2.1798000000000006,0,1,1,BTM00120,BTM00120,Reduction of carbonyl,BTMR0368,EC 1.1.1.184,HUMAN,BTM00044,O1C=2C(C(=O)CC1C3=CC=C(O)C=C3)=C(O)C=C(OC)C2,"InChI=1S/C16H14O5/c1-20-11-6-12(18)16-13(19)8-14(21-15(16)7-11)9-2-4-10(17)5-3-9/h2-7,14,17-18H,8H2,1H3",DJOJDHGQRNZXQQ-UHFFFAOYSA-N,2.5486999999999997,286.084123548
"InChI=1S/C22H22O11/c1-30-11-6-14-16(12(24)8-13(31-14)9-2-4-10(23)5-3-9)15(7-11)32-22-19(27)17(25)18(26)20(33-22)21(28)29/h2-7,13,17-20,22-23,25-27H,8H2,1H3,(H,28,29)",YHNPEWGGXCAIOV-UHFFFAOYSA-N,O1C=2C(C(=O)CC1C3=CC=C(O)C=C3)=C(OC4OC(C(O)=O)C(C(C4O)O)O)C=C(OC)C2,,,C22H22O11,462.116211524,0.8531999999999991,0,1,1,BTM00123,BTM00123,Aromatic OH-glucuronidation,BTMR0166,EC 2.4.1.17,HUMAN,BTM00044,O1C=2C(C(=O)CC1C3=CC=C(O)C=C3)=C(O)C=C(OC)C2,"InChI=1S/C16H14O5/c1-20-11-6-12(18)16-13(19)8-14(21-15(16)7-11)9-2-4-10(17)5-3-9/h2-7,14,17-18H,8H2,1H3",DJOJDHGQRNZXQQ-UHFFFAOYSA-N,2.5486999999999997,286.084123548
"InChI=1S/C22H22O11/c1-30-11-6-12(23)16-13(24)8-14(32-15(16)7-11)9-2-4-10(5-3-9)31-22-19(27)17(25)18(26)20(33-22)21(28)29/h2-7,14,17-20,22-23,25-27H,8H2,1H3,(H,28,29)",VHHUSXXNMXNPTK-UHFFFAOYSA-N,O1C=2C(C(=O)CC1C3=CC=C(OC4OC(C(O)=O)C(C(C4O)O)O)C=C3)=C(O)C=C(OC)C2,,,C22H22O11,462.116211524,0.8531999999999991,0,1,1,BTM00124,BTM00124,Aromatic OH-glucuronidation,BTMR0166,EC 2.4.1.17,HUMAN,BTM00044,O1C=2C(C(=O)CC1C3=CC=C(O)C=C3)=C(O)C=C(OC)C2,"InChI=1S/C16H14O5/c1-20-11-6-12(18)16-13(19)8-14(21-15(16)7-11)9-2-4-10(17)5-3-9/h2-7,14,17-18H,8H2,1H3",DJOJDHGQRNZXQQ-UHFFFAOYSA-N,2.5486999999999997,286.084123548
"InChI=1S/C17H16O5/c1-20-12-7-15(21-2)17-13(19)9-14(22-16(17)8-12)10-3-5-11(18)6-4-10/h3-8,14,18H,9H2,1-2H3",REBBZOCNEVVAPX-UHFFFAOYSA-N,O1C=2C(C(=O)CC1C3=CC=C(O)C=C3)=C(OC)C=C(OC)C2,"5,7-Dimethoxy-4'-hydroxyflavanone
26207-67-0
DTXSID40414920
RefChem:1072265
DTXCID90365771
2-(4-hydroxyphenyl)-5,7-dimethoxy-2,3-dihydrochromen-4-one
2-(4-hydroxyphenyl)-5,7-dimethoxychroman-4-one
Naringenin 5,7-dimethyl ether
CHEMBL2299039
2-(4-hydroxyphenyl)-5,7-dimethoxy-3,4-dihydro-2H-1-benzopyran-4-one
2-(4-hydroxyphenyl)-5,7-dimethoxy-chroman-4-one
4H-1-Benzopyran-4-one, 2,3-dihydro-2-(4-hydroxyphenyl)-5,7-dimethoxy-
SCHEMBL5085603
REBBZOCNEVVAPX-UHFFFAOYSA-N
BBA20767
5,7-dimethoxy-4'-hydroxy flavanone
BDBM50488657
LMPK12140595
AKOS024285574
ST085669
DB-046892
2-(4-Hydroxyphenyl)-5,7-dimethoxy-2,3-dihydro-4H-1-benzopyran-4-one",5271551,C17H16O5,300.099773612,2.7996999999999983,0,0,0,BTM00125,BTM00125,Methylation of phenolic compound,BTMR1377,EC 2.1.1.25,HUMAN,BTM00044,O1C=2C(C(=O)CC1C3=CC=C(O)C=C3)=C(O)C=C(OC)C2,"InChI=1S/C16H14O5/c1-20-11-6-12(18)16-13(19)8-14(21-15(16)7-11)9-2-4-10(17)5-3-9/h2-7,14,17-18H,8H2,1H3",DJOJDHGQRNZXQQ-UHFFFAOYSA-N,2.5486999999999997,286.084123548
"InChI=1S/C17H16O5/c1-20-11-5-3-10(4-6-11)15-9-14(19)17-13(18)7-12(21-2)8-16(17)22-15/h3-8,15,18H,9H2,1-2H3",CKEXCBVNKRHAMX-UHFFFAOYSA-N,O1C=2C(C(=O)CC1C3=CC=C(OC)C=C3)=C(O)C=C(OC)C2,"102101-05-3
RefChem:442350
2,3-Dihydro-5-hydroxy-7-methoxy-2-(4-methoxyphenyl)-4H-1-benzopyran-4-one
112-593-4
5-Hydroxy-4',7-dimethoxyflavanone
5-hydroxy-7-methoxy-2-(4-methoxyphenyl)-2,3-dihydrochromen-4-one
Naringenin 7,4'-dimethyl ether
13238-06-7
5-Hydroxy-2,3-dihydro-7-methoxy-2-(4-methoxyphenyl)-4H-1-benzopyran-4-one
NSC271635
4,7-Di-O-methylnaringenin
CHEMBL462909
SCHEMBL16710295
CHEBI:157737
CKEXCBVNKRHAMX-UHFFFAOYSA-N
5-hydroxy-7,4'-dimethoxyflavanone
7,4'-Dimethoxy-5-hydroxyflavanone
FLAVONE B646854K029
LMPK12140574
AKOS032948606
NSC-271635
PD125637
DB-118462
5-Hydroxy-7-methoxy-2-(4-methoxyphenyl)-2,3-dihydro-4H-chromen-4-one #",321346,C17H16O5,300.099773612,2.7996999999999983,0,0,0,BTM00126,BTM00126,Methylation of phenolic compound,BTMR1377,EC 2.1.1.25,HUMAN,BTM00044,O1C=2C(C(=O)CC1C3=CC=C(O)C=C3)=C(O)C=C(OC)C2,"InChI=1S/C16H14O5/c1-20-11-6-12(18)16-13(19)8-14(21-15(16)7-11)9-2-4-10(17)5-3-9/h2-7,14,17-18H,8H2,1H3",DJOJDHGQRNZXQQ-UHFFFAOYSA-N,2.5486999999999997,286.084123548
"InChI=1S/C16H16O5/c1-20-14-6-11(18)7-15-16(14)12(19)8-13(21-15)9-2-4-10(17)5-3-9/h2-7,12-13,17-19H,8H2,1H3",QNJQVYFNIRYAFH-UHFFFAOYSA-N,O1C=2C(C(O)CC1C3=CC=C(O)C=C3)=C(OC)C=C(O)C2,,,C16H16O5,288.09977361200004,2.1798000000000006,0,1,1,BTM00121,BTM00121,Reduction of carbonyl,BTMR0368,EC 1.1.1.184,HUMAN,BTM00045,O1C=2C(C(=O)CC1C3=CC=C(O)C=C3)=C(OC)C=C(O)C2,"InChI=1S/C16H14O5/c1-20-14-6-11(18)7-15-16(14)12(19)8-13(21-15)9-2-4-10(17)5-3-9/h2-7,13,17-18H,8H2,1H3",CWZLMWSCLBFCBY-UHFFFAOYSA-N,2.5486999999999997,286.084123548
"InChI=1S/C22H22O11/c1-30-14-6-11(31-22-19(27)17(25)18(26)20(33-22)21(28)29)7-15-16(14)12(24)8-13(32-15)9-2-4-10(23)5-3-9/h2-7,13,17-20,22-23,25-27H,8H2,1H3,(H,28,29)",VNDLZWCOOXMCCR-UHFFFAOYSA-N,O1C=2C(C(=O)CC1C3=CC=C(O)C=C3)=C(OC)C=C(OC4OC(C(O)=O)C(C(C4O)O)O)C2,,,C22H22O11,462.116211524,0.8531999999999991,0,1,1,BTM00127,BTM00127,Aromatic OH-glucuronidation,BTMR0166,EC 2.4.1.17,HUMAN,BTM00045,O1C=2C(C(=O)CC1C3=CC=C(O)C=C3)=C(OC)C=C(O)C2,"InChI=1S/C16H14O5/c1-20-14-6-11(18)7-15-16(14)12(19)8-13(21-15)9-2-4-10(17)5-3-9/h2-7,13,17-18H,8H2,1H3",CWZLMWSCLBFCBY-UHFFFAOYSA-N,2.5486999999999997,286.084123548
"InChI=1S/C22H22O11/c1-30-14-6-10(23)7-15-16(14)12(24)8-13(32-15)9-2-4-11(5-3-9)31-22-19(27)17(25)18(26)20(33-22)21(28)29/h2-7,13,17-20,22-23,25-27H,8H2,1H3,(H,28,29)",DBVHMSHXCCQWKO-UHFFFAOYSA-N,O1C=2C(C(=O)CC1C3=CC=C(OC4OC(C(O)=O)C(C(C4O)O)O)C=C3)=C(OC)C=C(O)C2,,,C22H22O11,462.116211524,0.8531999999999991,0,1,1,BTM00128,BTM00128,Aromatic OH-glucuronidation,BTMR0166,EC 2.4.1.17,HUMAN,BTM00045,O1C=2C(C(=O)CC1C3=CC=C(O)C=C3)=C(OC)C=C(O)C2,"InChI=1S/C16H14O5/c1-20-14-6-11(18)7-15-16(14)12(19)8-13(21-15)9-2-4-10(17)5-3-9/h2-7,13,17-18H,8H2,1H3",CWZLMWSCLBFCBY-UHFFFAOYSA-N,2.5486999999999997,286.084123548
"InChI=1S/C16H14O8S/c1-22-14-6-11(24-25(19,20)21)7-15-16(14)12(18)8-13(23-15)9-2-4-10(17)5-3-9/h2-7,13,17H,8H2,1H3,(H,19,20,21)",ZTKNKQRTAJRSPW-UHFFFAOYSA-N,O1C=2C(C(=O)CC1C3=CC=C(O)C=C3)=C(OC)C=C(OS(O)(=O)=O)C2,,,C16H14O8S,366.040938408,1.8118999999999992,0,0,0,BTM00129,BTM00129,Sulfonation of phenolic compound,BTMR1376,EC 2.8.2.1,HUMAN,BTM00045,O1C=2C(C(=O)CC1C3=CC=C(O)C=C3)=C(OC)C=C(O)C2,"InChI=1S/C16H14O5/c1-20-14-6-11(18)7-15-16(14)12(19)8-13(21-15)9-2-4-10(17)5-3-9/h2-7,13,17-18H,8H2,1H3",CWZLMWSCLBFCBY-UHFFFAOYSA-N,2.5486999999999997,286.084123548
"InChI=1S/C16H14O8S/c1-22-14-6-10(17)7-15-16(14)12(18)8-13(23-15)9-2-4-11(5-3-9)24-25(19,20)21/h2-7,13,17H,8H2,1H3,(H,19,20,21)",VHAUCDWRCBTOSJ-UHFFFAOYSA-N,O1C=2C(C(=O)CC1C3=CC=C(OS(O)(=O)=O)C=C3)=C(OC)C=C(O)C2,,,C16H14O8S,366.04093840800005,1.8118999999999992,0,0,0,BTM00130,BTM00130,Sulfonation of phenolic compound,BTMR1376,EC 2.8.2.1,HUMAN,BTM00045,O1C=2C(C(=O)CC1C3=CC=C(O)C=C3)=C(OC)C=C(O)C2,"InChI=1S/C16H14O5/c1-20-14-6-11(18)7-15-16(14)12(19)8-13(21-15)9-2-4-10(17)5-3-9/h2-7,13,17-18H,8H2,1H3",CWZLMWSCLBFCBY-UHFFFAOYSA-N,2.5486999999999997,286.084123548
"InChI=1S/C17H16O5/c1-20-12-7-15(21-2)17-13(19)9-14(22-16(17)8-12)10-3-5-11(18)6-4-10/h3-8,14,18H,9H2,1-2H3",REBBZOCNEVVAPX-UHFFFAOYSA-N,O1C=2C(C(=O)CC1C3=CC=C(O)C=C3)=C(OC)C=C(OC)C2,"5,7-Dimethoxy-4'-hydroxyflavanone
26207-67-0
DTXSID40414920
RefChem:1072265
DTXCID90365771
2-(4-hydroxyphenyl)-5,7-dimethoxy-2,3-dihydrochromen-4-one
2-(4-hydroxyphenyl)-5,7-dimethoxychroman-4-one
Naringenin 5,7-dimethyl ether
CHEMBL2299039
2-(4-hydroxyphenyl)-5,7-dimethoxy-3,4-dihydro-2H-1-benzopyran-4-one
2-(4-hydroxyphenyl)-5,7-dimethoxy-chroman-4-one
4H-1-Benzopyran-4-one, 2,3-dihydro-2-(4-hydroxyphenyl)-5,7-dimethoxy-
SCHEMBL5085603
REBBZOCNEVVAPX-UHFFFAOYSA-N
BBA20767
5,7-dimethoxy-4'-hydroxy flavanone
BDBM50488657
LMPK12140595
AKOS024285574
ST085669
DB-046892
2-(4-Hydroxyphenyl)-5,7-dimethoxy-2,3-dihydro-4H-1-benzopyran-4-one",5271551,C17H16O5,300.099773612,2.7996999999999983,0,0,0,BTM00125,BTM00125,Methylation of phenolic compound,BTMR1377,EC 2.1.1.25,HUMAN,BTM00045,O1C=2C(C(=O)CC1C3=CC=C(O)C=C3)=C(OC)C=C(O)C2,"InChI=1S/C16H14O5/c1-20-14-6-11(18)7-15-16(14)12(19)8-13(21-15)9-2-4-10(17)5-3-9/h2-7,13,17-18H,8H2,1H3",CWZLMWSCLBFCBY-UHFFFAOYSA-N,2.5486999999999997,286.084123548
"InChI=1S/C17H16O5/c1-20-12-5-3-10(4-6-12)14-9-13(19)17-15(21-2)7-11(18)8-16(17)22-14/h3-8,14,18H,9H2,1-2H3",KFGFEKHSEPSVNO-UHFFFAOYSA-N,O1C=2C(C(=O)CC1C3=CC=C(OC)C=C3)=C(OC)C=C(O)C2,"7-hydroxy-5-methoxy-2-(4-methoxyphenyl)-2,3-dihydrochromen-4-one
CHEMBL233063
(2S)-7-hydroxy-5-methoxy-2-(4-methoxyphenyl)-2,3-dihydrochromen-4-one
SCHEMBL30741428
RCA56897
LMPK12140557
AKOS032948981
CID 45273057
7-hydroxy-5-methoxy-2-(4-methoxyphenyl)chroman-4-one",21721822,C17H16O5,300.099773612,2.7996999999999983,0,0,0,BTM00131,BTM00131,Methylation of phenolic compound,BTMR1377,EC 2.1.1.25,HUMAN,BTM00045,O1C=2C(C(=O)CC1C3=CC=C(O)C=C3)=C(OC)C=C(O)C2,"InChI=1S/C16H14O5/c1-20-14-6-11(18)7-15-16(14)12(19)8-13(21-15)9-2-4-10(17)5-3-9/h2-7,13,17-18H,8H2,1H3",CWZLMWSCLBFCBY-UHFFFAOYSA-N,2.5486999999999997,286.084123548
"InChI=1S/C16H16O5/c1-20-11-4-2-9(3-5-11)14-8-13(19)16-12(18)6-10(17)7-15(16)21-14/h2-7,13-14,17-19H,8H2,1H3",KLWPITHPPHBTPB-UHFFFAOYSA-N,O1C=2C(C(O)CC1C3=CC=C(OC)C=C3)=C(O)C=C(O)C2,,,C16H16O5,288.099773612,2.1798000000000006,0,1,1,BTM00122,BTM00122,Reduction of carbonyl,BTMR0368,EC 1.1.1.184,HUMAN,BTM00046,O1C=2C(C(=O)CC1C3=CC=C(OC)C=C3)=C(O)C=C(O)C2,"InChI=1S/C16H14O5/c1-20-11-4-2-9(3-5-11)14-8-13(19)16-12(18)6-10(17)7-15(16)21-14/h2-7,14,17-18H,8H2,1H3",HMUJXQRRKBLVOO-UHFFFAOYSA-N,2.5486999999999997,286.084123548
"InChI=1S/C22H22O11/c1-30-10-4-2-9(3-5-10)14-8-13(24)16-12(23)6-11(7-15(16)32-14)31-22-19(27)17(25)18(26)20(33-22)21(28)29/h2-7,14,17-20,22-23,25-27H,8H2,1H3,(H,28,29)",DNILCSXAQTZPPV-UHFFFAOYSA-N,O1C=2C(C(=O)CC1C3=CC=C(OC)C=C3)=C(O)C=C(OC4OC(C(O)=O)C(C(C4O)O)O)C2,,,C22H22O11,462.116211524,0.8531999999999991,0,1,1,BTM00132,BTM00132,Aromatic OH-glucuronidation,BTMR0166,EC 2.4.1.17,HUMAN,BTM00046,O1C=2C(C(=O)CC1C3=CC=C(OC)C=C3)=C(O)C=C(O)C2,"InChI=1S/C16H14O5/c1-20-11-4-2-9(3-5-11)14-8-13(19)16-12(18)6-10(17)7-15(16)21-14/h2-7,14,17-18H,8H2,1H3",HMUJXQRRKBLVOO-UHFFFAOYSA-N,2.5486999999999997,286.084123548
"InChI=1S/C22H22O11/c1-30-11-4-2-9(3-5-11)13-8-12(24)16-14(31-13)6-10(23)7-15(16)32-22-19(27)17(25)18(26)20(33-22)21(28)29/h2-7,13,17-20,22-23,25-27H,8H2,1H3,(H,28,29)",FHKGNEZLAAHUAP-UHFFFAOYSA-N,O1C=2C(C(=O)CC1C3=CC=C(OC)C=C3)=C(OC4OC(C(O)=O)C(C(C4O)O)O)C=C(O)C2,,,C22H22O11,462.116211524,0.8531999999999991,0,1,1,BTM00133,BTM00133,Aromatic OH-glucuronidation,BTMR0166,EC 2.4.1.17,HUMAN,BTM00046,O1C=2C(C(=O)CC1C3=CC=C(OC)C=C3)=C(O)C=C(O)C2,"InChI=1S/C16H14O5/c1-20-11-4-2-9(3-5-11)14-8-13(19)16-12(18)6-10(17)7-15(16)21-14/h2-7,14,17-18H,8H2,1H3",HMUJXQRRKBLVOO-UHFFFAOYSA-N,2.5486999999999997,286.084123548
"InChI=1S/C17H16O5/c1-20-11-5-3-10(4-6-11)15-9-14(19)17-13(18)7-12(21-2)8-16(17)22-15/h3-8,15,18H,9H2,1-2H3",CKEXCBVNKRHAMX-UHFFFAOYSA-N,O1C=2C(C(=O)CC1C3=CC=C(OC)C=C3)=C(O)C=C(OC)C2,"102101-05-3
RefChem:442350
2,3-Dihydro-5-hydroxy-7-methoxy-2-(4-methoxyphenyl)-4H-1-benzopyran-4-one
112-593-4
5-Hydroxy-4',7-dimethoxyflavanone
5-hydroxy-7-methoxy-2-(4-methoxyphenyl)-2,3-dihydrochromen-4-one
Naringenin 7,4'-dimethyl ether
13238-06-7
5-Hydroxy-2,3-dihydro-7-methoxy-2-(4-methoxyphenyl)-4H-1-benzopyran-4-one
NSC271635
4,7-Di-O-methylnaringenin
CHEMBL462909
SCHEMBL16710295
CHEBI:157737
CKEXCBVNKRHAMX-UHFFFAOYSA-N
5-hydroxy-7,4'-dimethoxyflavanone
7,4'-Dimethoxy-5-hydroxyflavanone
FLAVONE B646854K029
LMPK12140574
AKOS032948606
NSC-271635
PD125637
DB-118462
5-Hydroxy-7-methoxy-2-(4-methoxyphenyl)-2,3-dihydro-4H-chromen-4-one #",321346,C17H16O5,300.099773612,2.7996999999999983,0,0,0,BTM00126,BTM00126,Methylation of phenolic compound,BTMR1377,EC 2.1.1.25,HUMAN,BTM00046,O1C=2C(C(=O)CC1C3=CC=C(OC)C=C3)=C(O)C=C(O)C2,"InChI=1S/C16H14O5/c1-20-11-4-2-9(3-5-11)14-8-13(19)16-12(18)6-10(17)7-15(16)21-14/h2-7,14,17-18H,8H2,1H3",HMUJXQRRKBLVOO-UHFFFAOYSA-N,2.5486999999999997,286.084123548
"InChI=1S/C17H16O5/c1-20-12-5-3-10(4-6-12)14-9-13(19)17-15(21-2)7-11(18)8-16(17)22-14/h3-8,14,18H,9H2,1-2H3",KFGFEKHSEPSVNO-UHFFFAOYSA-N,O1C=2C(C(=O)CC1C3=CC=C(OC)C=C3)=C(OC)C=C(O)C2,"7-hydroxy-5-methoxy-2-(4-methoxyphenyl)-2,3-dihydrochromen-4-one
CHEMBL233063
(2S)-7-hydroxy-5-methoxy-2-(4-methoxyphenyl)-2,3-dihydrochromen-4-one
SCHEMBL30741428
RCA56897
LMPK12140557
AKOS032948981
CID 45273057
7-hydroxy-5-methoxy-2-(4-methoxyphenyl)chroman-4-one",21721822,C17H16O5,300.099773612,2.7996999999999983,0,0,0,BTM00131,BTM00131,Methylation of phenolic compound,BTMR1377,EC 2.1.1.25,HUMAN,BTM00046,O1C=2C(C(=O)CC1C3=CC=C(OC)C=C3)=C(O)C=C(O)C2,"InChI=1S/C16H14O5/c1-20-11-4-2-9(3-5-11)14-8-13(19)16-12(18)6-10(17)7-15(16)21-14/h2-7,14,17-18H,8H2,1H3",HMUJXQRRKBLVOO-UHFFFAOYSA-N,2.5486999999999997,286.084123548
"InChI=1S/C21H20O10/c22-11-6-10(29-21-18(26)16(24)17(25)19(31-21)20(27)28)7-14-15(11)12(23)8-13(30-14)9-4-2-1-3-5-9/h1-8,12,16-19,21-26H,(H,27,28)",CJVRGDQATGFWJQ-UHFFFAOYSA-N,O1C=2C(C(O)C=C1C3=CC=CC=C3)=C(O)C=C(OC4OC(C(O)=O)C(C(C4O)O)O)C2,,,C21H20O10,432.10564683999996,0.5096999999999995,1,1,1,BTM00134,BTM00134,Aromatic OH-glucuronidation,BTMR0166,EC 2.4.1.17,HUMAN,BTM00047,O1C=2C(C(O)C=C1C3=CC=CC=C3)=C(O)C=C(O)C2,"InChI=1S/C15H12O4/c16-10-6-11(17)15-12(18)8-13(19-14(15)7-10)9-4-2-1-3-5-9/h1-8,12,16-18H",KSDWUEWFECEPMU-UHFFFAOYSA-N,2.2051999999999996,256.073558864
"InChI=1S/C21H20O10/c22-10-6-13-15(11(23)8-12(29-13)9-4-2-1-3-5-9)14(7-10)30-21-18(26)16(24)17(25)19(31-21)20(27)28/h1-8,11,16-19,21-26H,(H,27,28)",OAQWTGRQBKJHNM-UHFFFAOYSA-N,O1C=2C(C(O)C=C1C3=CC=CC=C3)=C(OC4OC(C(O)=O)C(C(C4O)O)O)C=C(O)C2,,,C21H20O10,432.10564683999996,0.5096999999999995,1,1,1,BTM00135,BTM00135,Aromatic OH-glucuronidation,BTMR0166,EC 2.4.1.17,HUMAN,BTM00047,O1C=2C(C(O)C=C1C3=CC=CC=C3)=C(O)C=C(O)C2,"InChI=1S/C15H12O4/c16-10-6-11(17)15-12(18)8-13(19-14(15)7-10)9-4-2-1-3-5-9/h1-8,12,16-18H",KSDWUEWFECEPMU-UHFFFAOYSA-N,2.2051999999999996,256.073558864
"InChI=1S/C15H12O7S/c16-11-6-10(22-23(18,19)20)7-14-15(11)12(17)8-13(21-14)9-4-2-1-3-5-9/h1-8,12,16-17H,(H,18,19,20)",QYKDCPULKOEFLW-UHFFFAOYSA-N,O1C=2C(C(O)C=C1C3=CC=CC=C3)=C(O)C=C(OS(O)(=O)=O)C2,,,C15H12O7S,336.030373724,1.4683999999999995,0,1,1,BTM00136,BTM00136,Sulfonation of phenolic compound,BTMR1376,EC 2.8.2.1,HUMAN,BTM00047,O1C=2C(C(O)C=C1C3=CC=CC=C3)=C(O)C=C(O)C2,"InChI=1S/C15H12O4/c16-10-6-11(17)15-12(18)8-13(19-14(15)7-10)9-4-2-1-3-5-9/h1-8,12,16-18H",KSDWUEWFECEPMU-UHFFFAOYSA-N,2.2051999999999996,256.073558864
"InChI=1S/C15H12O7S/c16-10-6-13-15(14(7-10)22-23(18,19)20)11(17)8-12(21-13)9-4-2-1-3-5-9/h1-8,11,16-17H,(H,18,19,20)",QTLJKUZAHDDNIJ-UHFFFAOYSA-N,O1C=2C(C(O)C=C1C3=CC=CC=C3)=C(OS(O)(=O)=O)C=C(O)C2,,,C15H12O7S,336.030373724,1.4683999999999995,0,1,1,BTM00137,BTM00137,Sulfonation of phenolic compound,BTMR1376,EC 2.8.2.1,HUMAN,BTM00047,O1C=2C(C(O)C=C1C3=CC=CC=C3)=C(O)C=C(O)C2,"InChI=1S/C15H12O4/c16-10-6-11(17)15-12(18)8-13(19-14(15)7-10)9-4-2-1-3-5-9/h1-8,12,16-18H",KSDWUEWFECEPMU-UHFFFAOYSA-N,2.2051999999999996,256.073558864
"InChI=1S/C15H12O7S/c16-10-6-11(17)15-13(7-10)21-12(9-4-2-1-3-5-9)8-14(15)22-23(18,19)20/h1-8,14,16-17H,(H,18,19,20)",SEWXFPWAPWYGIO-UHFFFAOYSA-N,O1C=2C(C(OS(O)(=O)=O)C=C1C3=CC=CC=C3)=C(O)C=C(O)C2,,,C15H12O7S,336.030373724,1.6258999999999997,0,1,1,BTM00138,BTM00138,Sulfation of secondary alcohol,BTMR0502,EC 2.8.2.2,HUMAN,BTM00047,O1C=2C(C(O)C=C1C3=CC=CC=C3)=C(O)C=C(O)C2,"InChI=1S/C15H12O4/c16-10-6-11(17)15-12(18)8-13(19-14(15)7-10)9-4-2-1-3-5-9/h1-8,12,16-18H",KSDWUEWFECEPMU-UHFFFAOYSA-N,2.2051999999999996,256.073558864
"InChI=1S/C16H14O4/c1-19-11-7-12(17)16-13(18)9-14(20-15(16)8-11)10-5-3-2-4-6-10/h2-9,13,17-18H,1H3",AXPMATZXGGXSAF-UHFFFAOYSA-N,O1C=2C(C(O)C=C1C3=CC=CC=C3)=C(O)C=C(OC)C2,,,C16H14O4,270.089208928,2.4562,0,0,0,BTM00139,BTM00139,Methylation of phenolic compound,BTMR1377,EC 2.1.1.25,HUMAN,BTM00047,O1C=2C(C(O)C=C1C3=CC=CC=C3)=C(O)C=C(O)C2,"InChI=1S/C15H12O4/c16-10-6-11(17)15-12(18)8-13(19-14(15)7-10)9-4-2-1-3-5-9/h1-8,12,16-18H",KSDWUEWFECEPMU-UHFFFAOYSA-N,2.2051999999999996,256.073558864
"InChI=1S/C16H14O4/c1-19-14-7-11(17)8-15-16(14)12(18)9-13(20-15)10-5-3-2-4-6-10/h2-9,12,17-18H,1H3",XYUVAJNYAYZFJS-UHFFFAOYSA-N,O1C=2C(C(O)C=C1C3=CC=CC=C3)=C(OC)C=C(O)C2,,,C16H14O4,270.089208928,2.4562,0,0,0,BTM00140,BTM00140,Methylation of phenolic compound,BTMR1377,EC 2.1.1.25,HUMAN,BTM00047,O1C=2C(C(O)C=C1C3=CC=CC=C3)=C(O)C=C(O)C2,"InChI=1S/C15H12O4/c16-10-6-11(17)15-12(18)8-13(19-14(15)7-10)9-4-2-1-3-5-9/h1-8,12,16-18H",KSDWUEWFECEPMU-UHFFFAOYSA-N,2.2051999999999996,256.073558864
"InChI=1S/C16H14O4/c1-19-11-7-12(17)16-13(18)9-14(20-15(16)8-11)10-5-3-2-4-6-10/h2-9,13,17-18H,1H3",AXPMATZXGGXSAF-UHFFFAOYSA-N,O1C=2C(C(O)C=C1C3=CC=CC=C3)=C(O)C=C(OC)C2,,,C16H14O4,270.089208928,2.4562,0,0,0,BTM00139,BTM00139,Reduction of carbonyl,BTMR0368,EC 1.1.1.184,HUMAN,BTM00050,O1C=2C(C(=O)C=C1C3=CC=CC=C3)=C(O)C=C(OC)C2,"InChI=1S/C16H12O4/c1-19-11-7-12(17)16-13(18)9-14(20-15(16)8-11)10-5-3-2-4-6-10/h2-9,17H,1H3",IRZVHDLBAYNPCT-UHFFFAOYSA-N,3.5454,268.073558864
"InChI=1S/C22H20O10/c1-29-11-7-14-16(12(23)9-13(30-14)10-5-3-2-4-6-10)15(8-11)31-22-19(26)17(24)18(25)20(32-22)21(27)28/h2-9,17-20,22,24-26H,1H3,(H,27,28)",MCGLAUQIFFNYAZ-UHFFFAOYSA-N,O1C=2C(C(=O)C=C1C3=CC=CC=C3)=C(OC4OC(C(O)=O)C(C(C4O)O)O)C=C(OC)C2,,,C22H20O10,444.10564683999996,1.8498999999999997,0,1,1,BTM00141,BTM00141,Aromatic OH-glucuronidation,BTMR0166,EC 2.4.1.17,HUMAN,BTM00050,O1C=2C(C(=O)C=C1C3=CC=CC=C3)=C(O)C=C(OC)C2,"InChI=1S/C16H12O4/c1-19-11-7-12(17)16-13(18)9-14(20-15(16)8-11)10-5-3-2-4-6-10/h2-9,17H,1H3",IRZVHDLBAYNPCT-UHFFFAOYSA-N,3.5454,268.073558864
"InChI=1S/C17H14O4/c1-19-12-8-15(20-2)17-13(18)10-14(21-16(17)9-12)11-6-4-3-5-7-11/h3-10H,1-2H3",JRFZSUMZAUHNSL-UHFFFAOYSA-N,O1C=2C(C(=O)C=C1C3=CC=CC=C3)=C(OC)C=C(OC)C2,"5,7-Dimethoxyflavone
21392-57-4
Chrysin dimethyl ether
Chrysin 5,7-dimethyl ether
5,7-dimethoxy-2-phenylchromen-4-one
5,7-dimethoxy-2-phenyl-4H-1-benzopyran-4-one
J8HQQ4R4F2
4H-1-Benzopyran-4-one, 5,7-dimethoxy-2-phenyl-
DTXSID50175656
NSC-741743
CHEBI:3684
RefChem:101386
DTXCID9098147
Chrysin dimethylether
Dimethylchrysin
5,7-Dimethoxy-2-phenyl-chromen-4-one
Chrysin DME
MFCD00016943
5,7-Dimethoxy Flavone
CHEMBL275391
Chrysindimethylether
Chrysin-Dimethylether
5,7 dimethoxyflavone
Spectrum_000364
5,7-Dimethoxy-Flavone
SpecPlus_000913
Chrysin - dimethyl ether
Dimethoxyflavone, 5,7-
Spectrum2_001359
Spectrum3_001034
Spectrum4_001169
Spectrum5_001712
5,7-Di Methoxy Flavone
Flavone, 5,7-dimethoxy-
UNII-J8HQQ4R4F2
4H-1-Benzopyran-4-one,5,7-dimethoxy-2-phenyl-
Oprea1_482940
BSPBio_002847
KBioGR_001777
KBioSS_000844
cid_88881
MLS001049094
DivK1c_007009
SPBio_001577
MEGxp0_001682
orb1301499
SCHEMBL1676012
SCHEMBL29403280
HY-N5011R
KBio1_001953
KBio2_000844
KBio2_003412
KBio2_005980
KBio3_002067
5,7-Dimethoxyflavone (Standard)
5,7-dimethoxyflavone, AldrichCPR
HMS2269A24
HY-N5011
5-O-METHYL-7-METHOXYFLAVONE
BDBM50338972
CCG-39297
LMPK12110188
MSK158739
NSC741743
s3227
STK921429
AKOS002255361
EBC-616332
FC66720
MB00258
NSC 741743
NCGC00178436-01
AC-34393
MS-24007
SMR000386927
DB-045565
CS-0032072
ST50309370
5,7-Dimethoxy-2-phenyl-4H-chromen-4-one #
VU0361824-2
E88577
SR-01000758978
A1-05745
SR-01000758978-2
BRD-K81298036-001-02-1
BRD-K81298036-001-06-2
Q27106162
F3228-0184
Chrysin dimethyletherChrysin dimethylether; Chrysin 5,7-dimethyl ether; Dimethylchrysin",88881,C17H14O4,282.089208928,3.7964,0,0,0,BTM00142,BTM00142,Methylation of phenolic compound,BTMR1377,EC 2.1.1.25,HUMAN,BTM00050,O1C=2C(C(=O)C=C1C3=CC=CC=C3)=C(O)C=C(OC)C2,"InChI=1S/C16H12O4/c1-19-11-7-12(17)16-13(18)9-14(20-15(16)8-11)10-5-3-2-4-6-10/h2-9,17H,1H3",IRZVHDLBAYNPCT-UHFFFAOYSA-N,3.5454,268.073558864
"InChI=1S/C16H14O4/c1-19-14-7-11(17)8-15-16(14)12(18)9-13(20-15)10-5-3-2-4-6-10/h2-9,12,17-18H,1H3",XYUVAJNYAYZFJS-UHFFFAOYSA-N,O1C=2C(C(O)C=C1C3=CC=CC=C3)=C(OC)C=C(O)C2,,,C16H14O4,270.089208928,2.4562,0,0,0,BTM00140,BTM00140,Reduction of carbonyl,BTMR0368,EC 1.1.1.184,HUMAN,BTM00051,O1C=2C(C(=O)C=C1C3=CC=CC=C3)=C(OC)C=C(O)C2,"InChI=1S/C16H12O4/c1-19-14-7-11(17)8-15-16(14)12(18)9-13(20-15)10-5-3-2-4-6-10/h2-9,17H,1H3",JVEMWXSMSUNXSD-UHFFFAOYSA-N,3.5454,268.073558864
"InChI=1S/C22H20O10/c1-29-14-7-11(30-22-19(26)17(24)18(25)20(32-22)21(27)28)8-15-16(14)12(23)9-13(31-15)10-5-3-2-4-6-10/h2-9,17-20,22,24-26H,1H3,(H,27,28)",LNRMOFNLYBOAAS-UHFFFAOYSA-N,O1C=2C(C(=O)C=C1C3=CC=CC=C3)=C(OC)C=C(OC4OC(C(O)=O)C(C(C4O)O)O)C2,,,C22H20O10,444.10564683999996,1.8498999999999997,0,1,1,BTM00143,BTM00143,Aromatic OH-glucuronidation,BTMR0166,EC 2.4.1.17,HUMAN,BTM00051,O1C=2C(C(=O)C=C1C3=CC=CC=C3)=C(OC)C=C(O)C2,"InChI=1S/C16H12O4/c1-19-14-7-11(17)8-15-16(14)12(18)9-13(20-15)10-5-3-2-4-6-10/h2-9,17H,1H3",JVEMWXSMSUNXSD-UHFFFAOYSA-N,3.5454,268.073558864
"InChI=1S/C16H12O7S/c1-21-14-7-11(23-24(18,19)20)8-15-16(14)12(17)9-13(22-15)10-5-3-2-4-6-10/h2-9H,1H3,(H,18,19,20)",CXJKSETUAXYTTA-UHFFFAOYSA-N,O1C=2C(C(=O)C=C1C3=CC=CC=C3)=C(OC)C=C(OS(O)(=O)=O)C2,,,C16H12O7S,348.030373724,2.8085999999999998,0,0,0,BTM00144,BTM00144,Sulfonation of phenolic compound,BTMR1376,EC 2.8.2.1,HUMAN,BTM00051,O1C=2C(C(=O)C=C1C3=CC=CC=C3)=C(OC)C=C(O)C2,"InChI=1S/C16H12O4/c1-19-14-7-11(17)8-15-16(14)12(18)9-13(20-15)10-5-3-2-4-6-10/h2-9,17H,1H3",JVEMWXSMSUNXSD-UHFFFAOYSA-N,3.5454,268.073558864
"InChI=1S/C17H14O4/c1-19-12-8-15(20-2)17-13(18)10-14(21-16(17)9-12)11-6-4-3-5-7-11/h3-10H,1-2H3",JRFZSUMZAUHNSL-UHFFFAOYSA-N,O1C=2C(C(=O)C=C1C3=CC=CC=C3)=C(OC)C=C(OC)C2,"5,7-Dimethoxyflavone
21392-57-4
Chrysin dimethyl ether
Chrysin 5,7-dimethyl ether
5,7-dimethoxy-2-phenylchromen-4-one
5,7-dimethoxy-2-phenyl-4H-1-benzopyran-4-one
J8HQQ4R4F2
4H-1-Benzopyran-4-one, 5,7-dimethoxy-2-phenyl-
DTXSID50175656
NSC-741743
CHEBI:3684
RefChem:101386
DTXCID9098147
Chrysin dimethylether
Dimethylchrysin
5,7-Dimethoxy-2-phenyl-chromen-4-one
Chrysin DME
MFCD00016943
5,7-Dimethoxy Flavone
CHEMBL275391
Chrysindimethylether
Chrysin-Dimethylether
5,7 dimethoxyflavone
Spectrum_000364
5,7-Dimethoxy-Flavone
SpecPlus_000913
Chrysin - dimethyl ether
Dimethoxyflavone, 5,7-
Spectrum2_001359
Spectrum3_001034
Spectrum4_001169
Spectrum5_001712
5,7-Di Methoxy Flavone
Flavone, 5,7-dimethoxy-
UNII-J8HQQ4R4F2
4H-1-Benzopyran-4-one,5,7-dimethoxy-2-phenyl-
Oprea1_482940
BSPBio_002847
KBioGR_001777
KBioSS_000844
cid_88881
MLS001049094
DivK1c_007009
SPBio_001577
MEGxp0_001682
orb1301499
SCHEMBL1676012
SCHEMBL29403280
HY-N5011R
KBio1_001953
KBio2_000844
KBio2_003412
KBio2_005980
KBio3_002067
5,7-Dimethoxyflavone (Standard)
5,7-dimethoxyflavone, AldrichCPR
HMS2269A24
HY-N5011
5-O-METHYL-7-METHOXYFLAVONE
BDBM50338972
CCG-39297
LMPK12110188
MSK158739
NSC741743
s3227
STK921429
AKOS002255361
EBC-616332
FC66720
MB00258
NSC 741743
NCGC00178436-01
AC-34393
MS-24007
SMR000386927
DB-045565
CS-0032072
ST50309370
5,7-Dimethoxy-2-phenyl-4H-chromen-4-one #
VU0361824-2
E88577
SR-01000758978
A1-05745
SR-01000758978-2
BRD-K81298036-001-02-1
BRD-K81298036-001-06-2
Q27106162
F3228-0184
Chrysin dimethyletherChrysin dimethylether; Chrysin 5,7-dimethyl ether; Dimethylchrysin",88881,C17H14O4,282.089208928,3.7964,0,0,0,BTM00142,BTM00142,Methylation of phenolic compound,BTMR1377,EC 2.1.1.25,HUMAN,BTM00051,O1C=2C(C(=O)C=C1C3=CC=CC=C3)=C(OC)C=C(O)C2,"InChI=1S/C16H12O4/c1-19-14-7-11(17)8-15-16(14)12(18)9-13(20-15)10-5-3-2-4-6-10/h2-9,17H,1H3",JVEMWXSMSUNXSD-UHFFFAOYSA-N,3.5454,268.073558864
"InChI=1S/C15H14O6/c16-8-4-11(19)15-12(20)6-13(21-14(15)5-8)7-1-2-9(17)10(18)3-7/h1-5,12-13,16-20H,6H2",FSYDWKPCKNCRDI-UHFFFAOYSA-N,O1C=2C(C(O)CC1C3=CC=C(O)C(=C3)O)=C(O)C=C(O)C2,"3',4,4',5,7-Pentahydroxyflavan
SCHEMBL489400
SCHEMBL29929144
DTXSID70928348
EINECS 236-471-6
LMPK12020170
2-(3,4-Dihydroxyphenyl)-3,4-dihydro-2H-1-benzopyran-4,5,7-triol
2-(3,4-Dihydroxyphenyl)-3,4-dihydro-2H-1-benzopyran-4,5,7-triol, 9CI
2H-1-Benzopyran-3,5,7-triol, 2-(3,4-dihydroxyphenyl)-3,4-dihydro-",114505,C15H14O6,290.079038168,1.6614000000000002,0,1,1,BTM00145,BTM00145,Reduction of carbonyl,BTMR0368,EC 1.1.1.184,HUMAN,BTM00057,O1C=2C(C(=O)CC1C3=CC=C(O)C(=C3)O)=C(O)C=C(O)C2,"InChI=1S/C15H12O6/c16-8-4-11(19)15-12(20)6-13(21-14(15)5-8)7-1-2-9(17)10(18)3-7/h1-5,13,16-19H,6H2",SBHXYTNGIZCORC-UHFFFAOYSA-N,2.0303,288.06338810399996
"InChI=1S/C16H14O6/c1-21-13-3-2-8(4-10(13)18)14-7-12(20)16-11(19)5-9(17)6-15(16)22-14/h2-6,14,17-19H,7H2,1H3",AIONOLUJZLIMTK-UHFFFAOYSA-N,O1C=2C(C(=O)CC1C3=CC=C(OC)C(=C3)O)=C(O)C=C(O)C2,"5,7-dihydroxy-2-(3-hydroxy-4-methoxyphenyl)-3,4-dihydro-2H-1-benzopyran-4-one
5,7-dihydroxy-2-(3-hydroxy-4-methoxyphenyl)-2,3-dihydrochromen-4-one
RefChem:528235
GlyTouCan:G94164LE
G94164LE
639-186-9
69097-99-0
(Rac)-Hesperetin
rac-Hesperetin
hesperetine
(+/-)-Hesperetin
(2S)-5,7-Dihydroxy-2-(3-hydroxy-4-methoxyphenyl)-4-chromanone, 3',5,7-Trihydroxy-4-methoxyflavanone
NSC641520
CHEMBL88169
MLS002667896
5,7-dihydroxy-2-(3-hydroxy-4-methoxy-phenyl)chroman-4-one
5,7-Dihydroxy-2-(3-hydroxy-4-methoxyphenyl)-4-chromanone
5,7-Dihydroxy-2-(3-hydroxy-4-methoxyphenyl)-2,3-dihydro-4H-1-benzopyran-4-one
2,3-Dihydro-5,7-dihydroxy-2-(3-hydroxy-4-methoxyphenyl)-4H-1-benzopyran-4-one; (+/-)-5,7,3'-Trihydroxy-4'-methoxyflavanone; (+/-)-Hesperetin; 5,7-Dihydroxy-2-(3-hydroxy-4-methoxyphenyl)chroman-4-one
MFCD00016956
Diosmin Impurity 26
DIOSMETIN_met010
Hesperetin, >=95%
(Rac)-Hesperetin (Standard)
SCHEMBL765368
Hesperetin, analytical standard
HY-N0168AR
orb1909564
SCHEMBL29484563
SCHEMBL30696626
ACon1_002327
CHEBI:95167
HY-N0168A
DTXSID70859446
DTXSID80274404
HMS3373J01
HMS3656C03
HMS5080H08
NSC57654
ZAA60497
BDBM50638595
3',7-Trihydroxy-4'-methoxyflavanone
5,3'-Trihydroxy-4'-methoxyflavanone
AKOS015995360
(+/-)-Hesperetin, analytical standard
EBC-465044
Flavanone,5,7-trihydroxy-4'-methoxy-
NSC-641520
NCGC00095618-01
NCGC00095618-02
AS-11672
DA-69236
NCI60_014043
SMR001557653
XH167423
CS-0111125
NS00096467
EN300-23521574
BRD-A44482398-001-01-3
Q27166968
FE387278-0643-4EBB-902D-C81B1FCDE1F8
5,7-Dihydroxy-2-(3-hydroxy-4-methoxyphenyl)-2,3-dihydro-4H-chromen-4-one
4H-1-Benzopyran-4-one,3-dihydro-5,7-dihydroxy-2-(3-hydroxy-4-methoxyphenyl)-, (S)-",3593,C16H14O6,302.079038168,2.281299999999999,0,1,1,BTM00146,BTM00146,Catechol O-methylation,BTMR0212,EC 2.1.1.6,HUMAN,BTM00057,O1C=2C(C(=O)CC1C3=CC=C(O)C(=C3)O)=C(O)C=C(O)C2,"InChI=1S/C15H12O6/c16-8-4-11(19)15-12(20)6-13(21-14(15)5-8)7-1-2-9(17)10(18)3-7/h1-5,13,16-19H,6H2",SBHXYTNGIZCORC-UHFFFAOYSA-N,2.0303,288.06338810399996
"InChI=1S/C16H14O6/c1-21-14-4-8(2-3-10(14)18)13-7-12(20)16-11(19)5-9(17)6-15(16)22-13/h2-6,13,17-19H,7H2,1H3",FTODBIPDTXRIGS-UHFFFAOYSA-N,O1C=2C(C(=O)CC1C3=CC=C(O)C(=C3)OC)=C(O)C=C(O)C2,"DTXSID501020066
(+-)-Homoeriodictyol
Homoeriodictyol (+-)-
RefChem:1049036
DTXCID80205834
(+-)-5,7,4'-Trihydroxy-3'-methoxyflavanone
Homoeriodictyol (+/-)-
69097-98-9
(+/-)-Homoeriodictyol
107657-60-3
4H-1-Benzopyran-4-one, 2,3-dihydro-5,7-dihydroxy-2-(4-hydroxy-3-methoxyphenyl)-
UNII-9NB8N7LZ92
MFCD00017314
5,7-dihydroxy-2-(4-hydroxy-3-methoxyphenyl)chroman-4-one
(+/-)-5,7,4'-Trihydroxy-3'-methoxyflavanone
9NB8N7LZ92
(+/-)Homoeriodictyol
MLS000876962
CHEMBL398282
MEGxp0_000571
SCHEMBL2307702
SCHEMBL30016824
ACon1_000195
GTPL12444
HMS2267J05
(-)-HOMOERIODICTYOL with HPLC
2,3-Dihydro-5,7-dihydroxy-2-(4-hydroxy-3-methoxyphenyl)-4H-1-benzopyran-4-one
4',5,7-trihydroxy-3'-methoxyflavanone
NCGC00180792-01
SMR000440598
SY324966
DB-040771
NS00121433
ST50331534
SR-01000758990
SR-01000758990-3
BRD-A52154940-001-01-0
Q27272783
5,7-dihydroxy-2-(4-hydroxy-3-methoxy-phenyl)chroman-4-one
5,7-Dihydroxy-2-(4-hydroxy-3-methoxyphenyl)-2,3-dihydro-4H-1-benzopyran-4-one",3512637,C16H14O6,302.079038168,2.281299999999999,0,1,1,BTM00147,BTM00147,Catechol O-methylation,BTMR1380,EC 2.1.1.6,HUMAN,BTM00057,O1C=2C(C(=O)CC1C3=CC=C(O)C(=C3)O)=C(O)C=C(O)C2,"InChI=1S/C15H12O6/c16-8-4-11(19)15-12(20)6-13(21-14(15)5-8)7-1-2-9(17)10(18)3-7/h1-5,13,16-19H,6H2",SBHXYTNGIZCORC-UHFFFAOYSA-N,2.0303,288.06338810399996
"InChI=1S/C21H20O12/c22-9-2-1-7(3-10(9)23)13-6-12(25)15-11(24)4-8(5-14(15)32-13)31-21-18(28)16(26)17(27)19(33-21)20(29)30/h1-5,13,16-19,21-24,26-28H,6H2,(H,29,30)",YSORAXGDTRAEMV-UHFFFAOYSA-N,O1C=2C(C(=O)CC1C3=CC=C(O)C(=C3)O)=C(O)C=C(OC4OC(C(O)=O)C(C(C4O)O)O)C2,"SCHEMBL3365926
AFA53506
LMPK12140368",3262723,C21H20O12,464.09547607999997,0.33479999999999954,1,1,1,BTM00148,BTM00148,Aromatic OH-glucuronidation,BTMR0166,EC 2.4.1.17,HUMAN,BTM00057,O1C=2C(C(=O)CC1C3=CC=C(O)C(=C3)O)=C(O)C=C(O)C2,"InChI=1S/C15H12O6/c16-8-4-11(19)15-12(20)6-13(21-14(15)5-8)7-1-2-9(17)10(18)3-7/h1-5,13,16-19H,6H2",SBHXYTNGIZCORC-UHFFFAOYSA-N,2.0303,288.06338810399996
"InChI=1S/C21H20O12/c22-8-4-13-15(11(25)6-12(31-13)7-1-2-9(23)10(24)3-7)14(5-8)32-21-18(28)16(26)17(27)19(33-21)20(29)30/h1-5,12,16-19,21-24,26-28H,6H2,(H,29,30)",DHUPROLLYIXLBN-UHFFFAOYSA-N,O1C=2C(C(=O)CC1C3=CC=C(O)C(=C3)O)=C(OC4OC(C(O)=O)C(C(C4O)O)O)C=C(O)C2,,,C21H20O12,464.09547607999997,0.33479999999999954,1,1,1,BTM00149,BTM00149,Aromatic OH-glucuronidation,BTMR0166,EC 2.4.1.17,HUMAN,BTM00057,O1C=2C(C(=O)CC1C3=CC=C(O)C(=C3)O)=C(O)C=C(O)C2,"InChI=1S/C15H12O6/c16-8-4-11(19)15-12(20)6-13(21-14(15)5-8)7-1-2-9(17)10(18)3-7/h1-5,13,16-19H,6H2",SBHXYTNGIZCORC-UHFFFAOYSA-N,2.0303,288.06338810399996
"InChI=1S/C21H20O12/c22-8-4-10(24)15-11(25)6-12(31-14(15)5-8)7-1-2-9(23)13(3-7)32-21-18(28)16(26)17(27)19(33-21)20(29)30/h1-5,12,16-19,21-24,26-28H,6H2,(H,29,30)",SOMGNYPJXOLZKF-UHFFFAOYSA-N,O1C=2C(C(=O)CC1C3=CC=C(O)C(=C3)OC4OC(C(O)=O)C(C(C4O)O)O)=C(O)C=C(O)C2,,,C21H20O12,464.09547607999997,0.33479999999999954,1,1,1,BTM00150,BTM00150,Aromatic OH-glucuronidation,BTMR0166,EC 2.4.1.17,HUMAN,BTM00057,O1C=2C(C(=O)CC1C3=CC=C(O)C(=C3)O)=C(O)C=C(O)C2,"InChI=1S/C15H12O6/c16-8-4-11(19)15-12(20)6-13(21-14(15)5-8)7-1-2-9(17)10(18)3-7/h1-5,13,16-19H,6H2",SBHXYTNGIZCORC-UHFFFAOYSA-N,2.0303,288.06338810399996
"InChI=1S/C21H20O12/c22-8-4-10(24)15-11(25)6-13(31-14(15)5-8)7-1-2-12(9(23)3-7)32-21-18(28)16(26)17(27)19(33-21)20(29)30/h1-5,13,16-19,21-24,26-28H,6H2,(H,29,30)",XJPJEQMEMSRFMK-UHFFFAOYSA-N,O1C=2C(C(=O)CC1C3=CC=C(OC4OC(C(O)=O)C(C(C4O)O)O)C(=C3)O)=C(O)C=C(O)C2,,,C21H20O12,464.09547607999997,0.33479999999999954,1,1,1,BTM00151,BTM00151,Aromatic OH-glucuronidation,BTMR0166,EC 2.4.1.17,HUMAN,BTM00057,O1C=2C(C(=O)CC1C3=CC=C(O)C(=C3)O)=C(O)C=C(O)C2,"InChI=1S/C15H12O6/c16-8-4-11(19)15-12(20)6-13(21-14(15)5-8)7-1-2-9(17)10(18)3-7/h1-5,13,16-19H,6H2",SBHXYTNGIZCORC-UHFFFAOYSA-N,2.0303,288.06338810399996
"InChI=1S/C16H14O6/c1-21-9-5-12(19)16-13(20)7-14(22-15(16)6-9)8-2-3-10(17)11(18)4-8/h2-6,14,17-19H,7H2,1H3",DSAJORLEPQBKDA-UHFFFAOYSA-N,O1C=2C(C(=O)CC1C3=CC=C(O)C(=C3)O)=C(O)C=C(OC)C2,"Sternbin
2-(3,4-dihydroxyphenyl)-5-hydroxy-7-methoxy-2,3-dihydrochromen-4-one
RefChem:185693
51857-11-5
MEGxp0_000573
SCHEMBL2306531
CHEMBL3233849
SCHEMBL29928957
SCHEMBL30017161
7-Methyleriodictyol; 7-O-Methyleriodictyol; Eriodictyol 7-methyl ether; Sternbin
BCA85711
LMPK12140580
3',4',5-hydroxy-7-methoxy-flavanone
5,3',4'-trihydroxy-7-methoxy flavanone
NS00097420",4872981,C16H14O6,302.07903816799995,2.281299999999999,0,1,1,BTM00152,BTM00152,Methylation of phenolic compound,BTMR1377,EC 2.1.1.25,HUMAN,BTM00057,O1C=2C(C(=O)CC1C3=CC=C(O)C(=C3)O)=C(O)C=C(O)C2,"InChI=1S/C15H12O6/c16-8-4-11(19)15-12(20)6-13(21-14(15)5-8)7-1-2-9(17)10(18)3-7/h1-5,13,16-19H,6H2",SBHXYTNGIZCORC-UHFFFAOYSA-N,2.0303,288.06338810399996
"InChI=1S/C16H14O6/c1-21-14-5-9(17)6-15-16(14)12(20)7-13(22-15)8-2-3-10(18)11(19)4-8/h2-6,13,17-19H,7H2,1H3",RMJKSMSYIZHFCO-UHFFFAOYSA-N,O1C=2C(C(=O)CC1C3=CC=C(O)C(=C3)O)=C(OC)C=C(O)C2,"SCHEMBL2305087
SCHEMBL29366573",17841897,C16H14O6,302.079038168,2.281299999999999,0,1,1,BTM00153,BTM00153,Methylation of phenolic compound,BTMR1377,EC 2.1.1.25,HUMAN,BTM00057,O1C=2C(C(=O)CC1C3=CC=C(O)C(=C3)O)=C(O)C=C(O)C2,"InChI=1S/C15H12O6/c16-8-4-11(19)15-12(20)6-13(21-14(15)5-8)7-1-2-9(17)10(18)3-7/h1-5,13,16-19H,6H2",SBHXYTNGIZCORC-UHFFFAOYSA-N,2.0303,288.06338810399996
"InChI=1S/C16H14O6/c1-21-14-4-8(2-3-10(14)18)13-7-12(20)16-11(19)5-9(17)6-15(16)22-13/h2-6,13,17-19H,7H2,1H3",FTODBIPDTXRIGS-UHFFFAOYSA-N,O1C=2C(C(=O)CC1C3=CC=C(O)C(=C3)OC)=C(O)C=C(O)C2,"DTXSID501020066
(+-)-Homoeriodictyol
Homoeriodictyol (+-)-
RefChem:1049036
DTXCID80205834
(+-)-5,7,4'-Trihydroxy-3'-methoxyflavanone
Homoeriodictyol (+/-)-
69097-98-9
(+/-)-Homoeriodictyol
107657-60-3
4H-1-Benzopyran-4-one, 2,3-dihydro-5,7-dihydroxy-2-(4-hydroxy-3-methoxyphenyl)-
UNII-9NB8N7LZ92
MFCD00017314
5,7-dihydroxy-2-(4-hydroxy-3-methoxyphenyl)chroman-4-one
(+/-)-5,7,4'-Trihydroxy-3'-methoxyflavanone
9NB8N7LZ92
(+/-)Homoeriodictyol
MLS000876962
CHEMBL398282
MEGxp0_000571
SCHEMBL2307702
SCHEMBL30016824
ACon1_000195
GTPL12444
HMS2267J05
(-)-HOMOERIODICTYOL with HPLC
2,3-Dihydro-5,7-dihydroxy-2-(4-hydroxy-3-methoxyphenyl)-4H-1-benzopyran-4-one
4',5,7-trihydroxy-3'-methoxyflavanone
NCGC00180792-01
SMR000440598
SY324966
DB-040771
NS00121433
ST50331534
SR-01000758990
SR-01000758990-3
BRD-A52154940-001-01-0
Q27272783
5,7-dihydroxy-2-(4-hydroxy-3-methoxy-phenyl)chroman-4-one
5,7-Dihydroxy-2-(4-hydroxy-3-methoxyphenyl)-2,3-dihydro-4H-1-benzopyran-4-one",3512637,C16H14O6,302.079038168,2.281299999999999,0,1,1,BTM00147,BTM00147,Methylation of phenolic compound,BTMR1377,EC 2.1.1.25,HUMAN,BTM00057,O1C=2C(C(=O)CC1C3=CC=C(O)C(=C3)O)=C(O)C=C(O)C2,"InChI=1S/C15H12O6/c16-8-4-11(19)15-12(20)6-13(21-14(15)5-8)7-1-2-9(17)10(18)3-7/h1-5,13,16-19H,6H2",SBHXYTNGIZCORC-UHFFFAOYSA-N,2.0303,288.06338810399996
"InChI=1S/C16H14O6/c1-21-13-3-2-8(4-10(13)18)14-7-12(20)16-11(19)5-9(17)6-15(16)22-14/h2-6,14,17-19H,7H2,1H3",AIONOLUJZLIMTK-UHFFFAOYSA-N,O1C=2C(C(=O)CC1C3=CC=C(OC)C(=C3)O)=C(O)C=C(O)C2,"5,7-dihydroxy-2-(3-hydroxy-4-methoxyphenyl)-3,4-dihydro-2H-1-benzopyran-4-one
5,7-dihydroxy-2-(3-hydroxy-4-methoxyphenyl)-2,3-dihydrochromen-4-one
RefChem:528235
GlyTouCan:G94164LE
G94164LE
639-186-9
69097-99-0
(Rac)-Hesperetin
rac-Hesperetin
hesperetine
(+/-)-Hesperetin
(2S)-5,7-Dihydroxy-2-(3-hydroxy-4-methoxyphenyl)-4-chromanone, 3',5,7-Trihydroxy-4-methoxyflavanone
NSC641520
CHEMBL88169
MLS002667896
5,7-dihydroxy-2-(3-hydroxy-4-methoxy-phenyl)chroman-4-one
5,7-Dihydroxy-2-(3-hydroxy-4-methoxyphenyl)-4-chromanone
5,7-Dihydroxy-2-(3-hydroxy-4-methoxyphenyl)-2,3-dihydro-4H-1-benzopyran-4-one
2,3-Dihydro-5,7-dihydroxy-2-(3-hydroxy-4-methoxyphenyl)-4H-1-benzopyran-4-one; (+/-)-5,7,3'-Trihydroxy-4'-methoxyflavanone; (+/-)-Hesperetin; 5,7-Dihydroxy-2-(3-hydroxy-4-methoxyphenyl)chroman-4-one
MFCD00016956
Diosmin Impurity 26
DIOSMETIN_met010
Hesperetin, >=95%
(Rac)-Hesperetin (Standard)
SCHEMBL765368
Hesperetin, analytical standard
HY-N0168AR
orb1909564
SCHEMBL29484563
SCHEMBL30696626
ACon1_002327
CHEBI:95167
HY-N0168A
DTXSID70859446
DTXSID80274404
HMS3373J01
HMS3656C03
HMS5080H08
NSC57654
ZAA60497
BDBM50638595
3',7-Trihydroxy-4'-methoxyflavanone
5,3'-Trihydroxy-4'-methoxyflavanone
AKOS015995360
(+/-)-Hesperetin, analytical standard
EBC-465044
Flavanone,5,7-trihydroxy-4'-methoxy-
NSC-641520
NCGC00095618-01
NCGC00095618-02
AS-11672
DA-69236
NCI60_014043
SMR001557653
XH167423
CS-0111125
NS00096467
EN300-23521574
BRD-A44482398-001-01-3
Q27166968
FE387278-0643-4EBB-902D-C81B1FCDE1F8
5,7-Dihydroxy-2-(3-hydroxy-4-methoxyphenyl)-2,3-dihydro-4H-chromen-4-one
4H-1-Benzopyran-4-one,3-dihydro-5,7-dihydroxy-2-(3-hydroxy-4-methoxyphenyl)-, (S)-",3593,C16H14O6,302.079038168,2.281299999999999,0,1,1,BTM00146,BTM00146,Methylation of phenolic compound,BTMR1377,EC 2.1.1.25,HUMAN,BTM00057,O1C=2C(C(=O)CC1C3=CC=C(O)C(=C3)O)=C(O)C=C(O)C2,"InChI=1S/C15H12O6/c16-8-4-11(19)15-12(20)6-13(21-14(15)5-8)7-1-2-9(17)10(18)3-7/h1-5,13,16-19H,6H2",SBHXYTNGIZCORC-UHFFFAOYSA-N,2.0303,288.06338810399996
"InChI=1S/C15H14O6/c16-8-3-1-7(2-4-8)15-14(20)13(19)12-10(18)5-9(17)6-11(12)21-15/h1-6,13-20H",FSVMLWOLZHGCQX-UHFFFAOYSA-N,O1C=2C(C(O)C(C1C3=CC=C(O)C=C3)O)=C(O)C=C(O)C2,"520-17-2
3,4,4',5,7-Flavanpentol
2H-Benzopyran-3,4,5,7-tetrol, 3,4-dihydro-2-(4-hydroxyphenyl)-
RefChem:270476
Leucopelargonidin
2-(4-hydroxyphenyl)-3,4-dihydro-2H-chromene-3,4,5,7-tetrol
2-(4-hydroxyphenyl)chromane-3,4,5,7-tetraol
orb1942827
SCHEMBL18196214
DTXSID20966331
CHEBI:190342
3,4,5,7,4'-pentahydroxyflavan
2-(4-Hydroxyphenyl)-3,4-dihydro-2H-1-benzopyran-3,4,5,7-tetrol
HY-N11412
DA-64927
FL158279
CS-0643487
2-(4-hydroxyphenyl)chromane-3,4,5,7-tetrol",3286789,C15H14O6,290.07903816799995,1.3556999999999997,0,1,1,BTM00154,BTM00154,Reduction of carbonyl,BTMR0368,EC 1.1.1.184,HUMAN,BTM00058,O1C=2C(C(=O)C(C1C3=CC=C(O)C=C3)O)=C(O)C=C(O)C2,"InChI=1S/C15H12O6/c16-8-3-1-7(2-4-8)15-14(20)13(19)12-10(18)5-9(17)6-11(12)21-15/h1-6,14-18,20H",PADQINQHPQKXNL-UHFFFAOYSA-N,1.7521999999999995,288.06338810399996
"InChI=1S/C21H20O12/c22-8-3-1-7(2-4-8)18-15(26)13(24)12-10(23)5-9(6-11(12)32-18)31-21-17(28)14(25)16(27)19(33-21)20(29)30/h1-6,14-19,21-23,25-28H,(H,29,30)",HMAJBRWWBXZDQA-UHFFFAOYSA-N,O1C=2C(C(=O)C(C1C3=CC=C(O)C=C3)O)=C(O)C=C(OC4OC(C(O)=O)C(C(C4O)O)O)C2,,,C21H20O12,464.09547607999997,0.05669999999999881,1,1,1,BTM00155,BTM00155,Aromatic OH-glucuronidation,BTMR0166,EC 2.4.1.17,HUMAN,BTM00058,O1C=2C(C(=O)C(C1C3=CC=C(O)C=C3)O)=C(O)C=C(O)C2,"InChI=1S/C15H12O6/c16-8-3-1-7(2-4-8)15-14(20)13(19)12-10(18)5-9(17)6-11(12)21-15/h1-6,14-18,20H",PADQINQHPQKXNL-UHFFFAOYSA-N,1.7521999999999995,288.06338810399996
"InChI=1S/C21H20O12/c22-8-3-1-7(2-4-8)18-15(26)13(24)12-10(31-18)5-9(23)6-11(12)32-21-17(28)14(25)16(27)19(33-21)20(29)30/h1-6,14-19,21-23,25-28H,(H,29,30)",YGLVAGWJUIOXKY-UHFFFAOYSA-N,O1C=2C(C(=O)C(C1C3=CC=C(O)C=C3)O)=C(OC4OC(C(O)=O)C(C(C4O)O)O)C=C(O)C2,,,C21H20O12,464.09547607999997,0.05669999999999881,1,1,1,BTM00156,BTM00156,Aromatic OH-glucuronidation,BTMR0166,EC 2.4.1.17,HUMAN,BTM00058,O1C=2C(C(=O)C(C1C3=CC=C(O)C=C3)O)=C(O)C=C(O)C2,"InChI=1S/C15H12O6/c16-8-3-1-7(2-4-8)15-14(20)13(19)12-10(18)5-9(17)6-11(12)21-15/h1-6,14-18,20H",PADQINQHPQKXNL-UHFFFAOYSA-N,1.7521999999999995,288.06338810399996
"InChI=1S/C21H20O12/c22-8-5-10(23)12-11(6-8)32-18(15(26)13(12)24)7-1-3-9(4-2-7)31-21-17(28)14(25)16(27)19(33-21)20(29)30/h1-6,14-19,21-23,25-28H,(H,29,30)",ODOIBBOCYXJUDC-UHFFFAOYSA-N,O1C=2C(C(=O)C(C1C3=CC=C(OC4OC(C(O)=O)C(C(C4O)O)O)C=C3)O)=C(O)C=C(O)C2,,,C21H20O12,464.09547607999997,0.05669999999999881,1,1,1,BTM00157,BTM00157,Aromatic OH-glucuronidation,BTMR0166,EC 2.4.1.17,HUMAN,BTM00058,O1C=2C(C(=O)C(C1C3=CC=C(O)C=C3)O)=C(O)C=C(O)C2,"InChI=1S/C15H12O6/c16-8-3-1-7(2-4-8)15-14(20)13(19)12-10(18)5-9(17)6-11(12)21-15/h1-6,14-18,20H",PADQINQHPQKXNL-UHFFFAOYSA-N,1.7521999999999995,288.06338810399996
"InChI=1S/C15H12O9S/c16-8-3-1-7(2-4-8)15-14(19)13(18)12-10(17)5-9(6-11(12)23-15)24-25(20,21)22/h1-6,14-17,19H,(H,20,21,22)",XVXLATRGWYUHBC-UHFFFAOYSA-N,O1C=2C(C(=O)C(C1C3=CC=C(O)C=C3)O)=C(O)C=C(OS(O)(=O)=O)C2,,,C15H12O9S,368.02020296399996,1.0153999999999994,0,1,1,BTM00158,BTM00158,Sulfonation of phenolic compound,BTMR1376,EC 2.8.2.1,HUMAN,BTM00058,O1C=2C(C(=O)C(C1C3=CC=C(O)C=C3)O)=C(O)C=C(O)C2,"InChI=1S/C15H12O6/c16-8-3-1-7(2-4-8)15-14(20)13(19)12-10(18)5-9(17)6-11(12)21-15/h1-6,14-18,20H",PADQINQHPQKXNL-UHFFFAOYSA-N,1.7521999999999995,288.06338810399996
"InChI=1S/C15H12O9S/c16-8-3-1-7(2-4-8)15-14(19)13(18)12-10(23-15)5-9(17)6-11(12)24-25(20,21)22/h1-6,14-17,19H,(H,20,21,22)",BCHFFWQUQXHGCM-UHFFFAOYSA-N,O1C=2C(C(=O)C(C1C3=CC=C(O)C=C3)O)=C(OS(O)(=O)=O)C=C(O)C2,,,C15H12O9S,368.02020296399996,1.0153999999999994,0,1,1,BTM00159,BTM00159,Sulfonation of phenolic compound,BTMR1376,EC 2.8.2.1,HUMAN,BTM00058,O1C=2C(C(=O)C(C1C3=CC=C(O)C=C3)O)=C(O)C=C(O)C2,"InChI=1S/C15H12O6/c16-8-3-1-7(2-4-8)15-14(20)13(19)12-10(18)5-9(17)6-11(12)21-15/h1-6,14-18,20H",PADQINQHPQKXNL-UHFFFAOYSA-N,1.7521999999999995,288.06338810399996
"InChI=1S/C15H12O9S/c16-8-5-10(17)12-11(6-8)23-15(14(19)13(12)18)7-1-3-9(4-2-7)24-25(20,21)22/h1-6,14-17,19H,(H,20,21,22)",GQBRGNSIIBUYHK-UHFFFAOYSA-N,O1C=2C(C(=O)C(C1C3=CC=C(OS(O)(=O)=O)C=C3)O)=C(O)C=C(O)C2,,,C15H12O9S,368.02020296399996,1.0153999999999994,0,1,1,BTM00160,BTM00160,Sulfonation of phenolic compound,BTMR1376,EC 2.8.2.1,HUMAN,BTM00058,O1C=2C(C(=O)C(C1C3=CC=C(O)C=C3)O)=C(O)C=C(O)C2,"InChI=1S/C15H12O6/c16-8-3-1-7(2-4-8)15-14(20)13(19)12-10(18)5-9(17)6-11(12)21-15/h1-6,14-18,20H",PADQINQHPQKXNL-UHFFFAOYSA-N,1.7521999999999995,288.06338810399996
"InChI=1S/C15H12O9S/c16-8-3-1-7(2-4-8)14-15(24-25(20,21)22)13(19)12-10(18)5-9(17)6-11(12)23-14/h1-6,14-18H,(H,20,21,22)",ZHEHDHBBJQVQTB-UHFFFAOYSA-N,O1C=2C(C(=O)C(C1C3=CC=C(O)C=C3)OS(O)(=O)=O)=C(O)C=C(O)C2,"CHEBI:184682
[5,7-dihydroxy-2-(4-hydroxyphenyl)-4-oxo-2,3-dihydrochromen-3-yl] hydrogen sulate
[5,7-dihydroxy-2-(4-hydroxyphenyl)-4-oxo-3,4-dihydro-2H-1-benzopyran-3-yl]oxidanesulfonic acid",131831902,C15H12O9S,368.02020296399996,1.1728999999999996,0,1,1,BTM00161,BTM00161,Sulfation of secondary alcohol,BTMR0502,EC 2.8.2.2,HUMAN,BTM00058,O1C=2C(C(=O)C(C1C3=CC=C(O)C=C3)O)=C(O)C=C(O)C2,"InChI=1S/C15H12O6/c16-8-3-1-7(2-4-8)15-14(20)13(19)12-10(18)5-9(17)6-11(12)21-15/h1-6,14-18,20H",PADQINQHPQKXNL-UHFFFAOYSA-N,1.7521999999999995,288.06338810399996
"InChI=1S/C16H14O6/c1-21-10-6-11(18)13-12(7-10)22-16(15(20)14(13)19)8-2-4-9(17)5-3-8/h2-7,15-18,20H,1H3",LZLGHWHSUZVUFZ-UHFFFAOYSA-N,O1C=2C(C(=O)C(C1C3=CC=C(O)C=C3)O)=C(O)C=C(OC)C2,"Folerogenin
3,5-dihydroxy-2-(4-hydroxyphenyl)-7-methoxy-2,3-dihydrochromen-4-one
3,5-dihydroxy-2-(4-hydroxyphenyl)-7-methoxy-3,4-dihydro-2H-1-benzopyran-4-one
RefChem:1085497
CHEMBL452130
SCHEMBL28684198
CHEBI:174885
5,4'-dihydroxy-7-methoxydihydroflavonol",5319509,C16H14O6,302.079038168,2.0031999999999983,0,1,1,BTM00162,BTM00162,Methylation of phenolic compound,BTMR1377,EC 2.1.1.25,HUMAN,BTM00058,O1C=2C(C(=O)C(C1C3=CC=C(O)C=C3)O)=C(O)C=C(O)C2,"InChI=1S/C15H12O6/c16-8-3-1-7(2-4-8)15-14(20)13(19)12-10(18)5-9(17)6-11(12)21-15/h1-6,14-18,20H",PADQINQHPQKXNL-UHFFFAOYSA-N,1.7521999999999995,288.06338810399996
"InChI=1S/C16H14O6/c1-21-11-6-10(18)7-12-13(11)14(19)15(20)16(22-12)8-2-4-9(17)5-3-8/h2-7,15-18,20H,1H3",WECLSYISBIFCMA-UHFFFAOYSA-N,O1C=2C(C(=O)C(C1C3=CC=C(O)C=C3)O)=C(OC)C=C(O)C2,SCHEMBL13750522,14794882,C16H14O6,302.07903816799995,2.0031999999999983,0,1,1,BTM00163,BTM00163,Methylation of phenolic compound,BTMR1377,EC 2.1.1.25,HUMAN,BTM00058,O1C=2C(C(=O)C(C1C3=CC=C(O)C=C3)O)=C(O)C=C(O)C2,"InChI=1S/C15H12O6/c16-8-3-1-7(2-4-8)15-14(20)13(19)12-10(18)5-9(17)6-11(12)21-15/h1-6,14-18,20H",PADQINQHPQKXNL-UHFFFAOYSA-N,1.7521999999999995,288.06338810399996
"InChI=1S/C16H14O6/c1-21-10-4-2-8(3-5-10)16-15(20)14(19)13-11(18)6-9(17)7-12(13)22-16/h2-7,15-18,20H,1H3",CKDYDMSDCNQHEB-UHFFFAOYSA-N,O1C=2C(C(=O)C(C1C3=CC=C(OC)C=C3)O)=C(O)C=C(O)C2,"Flavanone, 3,5,7-trihydroxy-4'-methoxy-
CHEMBL480655
SCHEMBL28968006
CKDYDMSDCNQHEB-UHFFFAOYSA-N
MFA22559
5,7-dihydroxy-4' -methoxydihydroflavonol
Q3027878
3,5,7-Trihydroxy-2-(4-methoxyphenyl)-2,3-dihydro-4H-chromen-4-one #",586387,C16H14O6,302.079038168,2.0031999999999983,0,1,1,BTM00164,BTM00164,Methylation of phenolic compound,BTMR1377,EC 2.1.1.25,HUMAN,BTM00058,O1C=2C(C(=O)C(C1C3=CC=C(O)C=C3)O)=C(O)C=C(O)C2,"InChI=1S/C15H12O6/c16-8-3-1-7(2-4-8)15-14(20)13(19)12-10(18)5-9(17)6-11(12)21-15/h1-6,14-18,20H",PADQINQHPQKXNL-UHFFFAOYSA-N,1.7521999999999995,288.06338810399996
"InChI=1S/C15H12O5/c16-8-5-11(18)15-12(19)7-13(20-14(15)6-8)9-3-1-2-4-10(9)17/h1-7,12,16-19H",KUOSVUPSCZBSRN-UHFFFAOYSA-N,O1C=2C(C(O)C=C1C3=C(C=CC=C3)O)=C(O)C=C(O)C2,,,C15H12O5,272.068473484,1.9377999999999997,0,1,1,BTM00165,BTM00165,Reduction of carbonyl,BTMR0368,EC 1.1.1.184,HUMAN,BTM00059,O1C=2C(C(=O)C=C1C3=C(C=CC=C3)O)=C(O)C=C(O)C2,"InChI=1S/C15H10O5/c16-8-5-11(18)15-12(19)7-13(20-14(15)6-8)9-3-1-2-4-10(9)17/h1-7,16-18H",OFYPDAKTVZXXPC-UHFFFAOYSA-N,3.0270000000000006,270.05282342
"InChI=1S/C21H18O11/c22-10-4-2-1-3-9(10)13-7-12(24)15-11(23)5-8(6-14(15)31-13)30-21-18(27)16(25)17(26)19(32-21)20(28)29/h1-7,16-19,21-23,25-27H,(H,28,29)",ZUWLOUKBEQEHEC-UHFFFAOYSA-N,O1C=2C(C(=O)C=C1C3=C(C=CC=C3)O)=C(O)C=C(OC4OC(C(O)=O)C(C(C4O)O)O)C2,,,C21H18O11,446.084911396,1.3314999999999988,1,1,1,BTM00166,BTM00166,Aromatic OH-glucuronidation,BTMR0166,EC 2.4.1.17,HUMAN,BTM00059,O1C=2C(C(=O)C=C1C3=C(C=CC=C3)O)=C(O)C=C(O)C2,"InChI=1S/C15H10O5/c16-8-5-11(18)15-12(19)7-13(20-14(15)6-8)9-3-1-2-4-10(9)17/h1-7,16-18H",OFYPDAKTVZXXPC-UHFFFAOYSA-N,3.0270000000000006,270.05282342
"InChI=1S/C21H18O11/c22-8-5-13-15(11(24)7-12(30-13)9-3-1-2-4-10(9)23)14(6-8)31-21-18(27)16(25)17(26)19(32-21)20(28)29/h1-7,16-19,21-23,25-27H,(H,28,29)",VVUVDZIQIRQYFE-UHFFFAOYSA-N,O1C=2C(C(=O)C=C1C3=C(C=CC=C3)O)=C(OC4OC(C(O)=O)C(C(C4O)O)O)C=C(O)C2,,,C21H18O11,446.084911396,1.3314999999999988,1,1,1,BTM00167,BTM00167,Aromatic OH-glucuronidation,BTMR0166,EC 2.4.1.17,HUMAN,BTM00059,O1C=2C(C(=O)C=C1C3=C(C=CC=C3)O)=C(O)C=C(O)C2,"InChI=1S/C15H10O5/c16-8-5-11(18)15-12(19)7-13(20-14(15)6-8)9-3-1-2-4-10(9)17/h1-7,16-18H",OFYPDAKTVZXXPC-UHFFFAOYSA-N,3.0270000000000006,270.05282342
"InChI=1S/C21H18O11/c22-8-5-10(23)15-11(24)7-13(30-14(15)6-8)9-3-1-2-4-12(9)31-21-18(27)16(25)17(26)19(32-21)20(28)29/h1-7,16-19,21-23,25-27H,(H,28,29)",BXAXRWOOIXXKJH-UHFFFAOYSA-N,O1C=2C(C(=O)C=C1C3=C(C=CC=C3)OC4OC(C(O)=O)C(C(C4O)O)O)=C(O)C=C(O)C2,,,C21H18O11,446.084911396,1.3314999999999988,1,1,1,BTM00168,BTM00168,Aromatic OH-glucuronidation,BTMR0166,EC 2.4.1.17,HUMAN,BTM00059,O1C=2C(C(=O)C=C1C3=C(C=CC=C3)O)=C(O)C=C(O)C2,"InChI=1S/C15H10O5/c16-8-5-11(18)15-12(19)7-13(20-14(15)6-8)9-3-1-2-4-10(9)17/h1-7,16-18H",OFYPDAKTVZXXPC-UHFFFAOYSA-N,3.0270000000000006,270.05282342
"InChI=1S/C16H12O5/c1-20-9-6-12(18)16-13(19)8-14(21-15(16)7-9)10-4-2-3-5-11(10)17/h2-8,17-18H,1H3",PXFLNHWWYOVFDA-UHFFFAOYSA-N,O1C=2C(C(=O)C=C1C3=C(C=CC=C3)O)=C(O)C=C(OC)C2,"Echioidinin
RefChem:136241
4308-56-9
5-hydroxy-2-(2-hydroxyphenyl)-7-methoxychromen-4-one
orb2279280
SCHEMBL26117399
SCHEMBL29435855
5,2'-dihydroxy-7-methoxyflavone
LMPK12110126
AKOS040740330
AK-693/21087015",15559079,C16H12O5,284.068473484,3.278000000000001,0,0,0,BTM00169,BTM00169,Methylation of phenolic compound,BTMR1377,EC 2.1.1.25,HUMAN,BTM00059,O1C=2C(C(=O)C=C1C3=C(C=CC=C3)O)=C(O)C=C(O)C2,"InChI=1S/C15H10O5/c16-8-5-11(18)15-12(19)7-13(20-14(15)6-8)9-3-1-2-4-10(9)17/h1-7,16-18H",OFYPDAKTVZXXPC-UHFFFAOYSA-N,3.0270000000000006,270.05282342
"InChI=1S/C16H12O5/c1-20-14-6-9(17)7-15-16(14)12(19)8-13(21-15)10-4-2-3-5-11(10)18/h2-8,17-18H,1H3",UIVFQXAYYFLAGO-UHFFFAOYSA-N,O1C=2C(C(=O)C=C1C3=C(C=CC=C3)O)=C(OC)C=C(O)C2,"7,2'-Dihydroxy-5-methoxyflavone
DTXSID301179930
LMPK12110128
71592-45-5
7-Hydroxy-2-(2-hydroxyphenyl)-5-methoxy-4H-1-benzopyran-4-one",44257615,C16H12O5,284.068473484,3.278000000000001,0,0,0,BTM00170,BTM00170,Methylation of phenolic compound,BTMR1377,EC 2.1.1.25,HUMAN,BTM00059,O1C=2C(C(=O)C=C1C3=C(C=CC=C3)O)=C(O)C=C(O)C2,"InChI=1S/C15H10O5/c16-8-5-11(18)15-12(19)7-13(20-14(15)6-8)9-3-1-2-4-10(9)17/h1-7,16-18H",OFYPDAKTVZXXPC-UHFFFAOYSA-N,3.0270000000000006,270.05282342
"InChI=1S/C16H12O5/c1-20-13-5-3-2-4-10(13)14-8-12(19)16-11(18)6-9(17)7-15(16)21-14/h2-8,17-18H,1H3",SWYVZKGICYEZDR-UHFFFAOYSA-N,O1C=2C(C(=O)C=C1C3=C(C=CC=C3)OC)=C(O)C=C(O)C2,"10458-35-2
2'-Methoxychrysin
4H-1-Benzopyran-4-one, 5,7-dihydroxy-2-(2-methoxyphenyl)-
5,7-dihydroxy-2'-methoxyflavone
5,7-dihydroxy-2-(2-methoxyphenyl)chromen-4-one
Flavone, 5,7-dihydroxy-2'-methoxy-
SWYVZKGICYEZDR-UHFFFAOYSA-N
4h-1-benzopyran-4-one,5,7-dihydroxy-2-(2-methoxyphenyl)-
DTXSID001346706
Q63399612
5,7-Dihydroxy-2-(2-methoxyphenyl)-4H-chromen-4-one #",5378210,C16H12O5,284.068473484,3.278000000000001,0,0,0,BTM00171,BTM00171,Methylation of phenolic compound,BTMR1377,EC 2.1.1.25,HUMAN,BTM00059,O1C=2C(C(=O)C=C1C3=C(C=CC=C3)O)=C(O)C=C(O)C2,"InChI=1S/C15H10O5/c16-8-5-11(18)15-12(19)7-13(20-14(15)6-8)9-3-1-2-4-10(9)17/h1-7,16-18H",OFYPDAKTVZXXPC-UHFFFAOYSA-N,3.0270000000000006,270.05282342
"InChI=1S/C15H12O5/c16-9-3-1-2-8(4-9)13-7-12(19)15-11(18)5-10(17)6-14(15)20-13/h1-7,12,16-19H",JNNPFNNAKOERPQ-UHFFFAOYSA-N,O1C=2C(C(O)C=C1C3=CC=CC(=C3)O)=C(O)C=C(O)C2,,,C15H12O5,272.068473484,1.9377999999999997,0,1,1,BTM00172,BTM00172,Reduction of carbonyl,BTMR0368,EC 1.1.1.184,HUMAN,BTM00061,O1C=2C(C(=O)C=C1C3=CC=CC(=C3)O)=C(O)C=C(O)C2,"InChI=1S/C15H10O5/c16-9-3-1-2-8(4-9)13-7-12(19)15-11(18)5-10(17)6-14(15)20-13/h1-7,16-18H",BEXPKGWBRBLIIC-UHFFFAOYSA-N,3.0270000000000006,270.05282342
"InChI=1S/C16H12O5/c1-20-11-4-2-3-9(5-11)14-8-13(19)16-12(18)6-10(17)7-15(16)21-14/h2-8,17-18H,1H3",LYRAAKFLFNBVGJ-UHFFFAOYSA-N,O1C=2C(C(=O)C=C1C3=CC=CC(=C3)OC)=C(O)C=C(O)C2,"28973-32-2
5,7-dihydroxy-2-(3-methoxyphenyl)chromen-4-one
DTXSID40420501
RefChem:298835
DTXCID40371347
5,7-Dihydroxy-2-(3-methoxyphenyl)-4H-chromen-4-one
CHEMBL309936
3'-methoxy-5,7-dihydroxyflavone
BDBM50212749
5,7-Dihydroxy-2-(3-methoxyphenyl)-4H-1-benzopyran-4-one",5481247,C16H12O5,284.068473484,3.278000000000001,0,0,0,BTM00173,BTM00173,3'-O-Methylation of flavone,BTMR0417,EC 2.1.1.42,HUMAN,BTM00061,O1C=2C(C(=O)C=C1C3=CC=CC(=C3)O)=C(O)C=C(O)C2,"InChI=1S/C15H10O5/c16-9-3-1-2-8(4-9)13-7-12(19)15-11(18)5-10(17)6-14(15)20-13/h1-7,16-18H",BEXPKGWBRBLIIC-UHFFFAOYSA-N,3.0270000000000006,270.05282342
"InChI=1S/C21H18O11/c22-9-3-1-2-8(4-9)13-7-12(24)15-11(23)5-10(6-14(15)31-13)30-21-18(27)16(25)17(26)19(32-21)20(28)29/h1-7,16-19,21-23,25-27H,(H,28,29)",ITAXPEHXOPAEEG-UHFFFAOYSA-N,O1C=2C(C(=O)C=C1C3=CC=CC(=C3)O)=C(O)C=C(OC4OC(C(O)=O)C(C(C4O)O)O)C2,,,C21H18O11,446.084911396,1.3314999999999988,1,1,1,BTM00174,BTM00174,Aromatic OH-glucuronidation,BTMR0166,EC 2.4.1.17,HUMAN,BTM00061,O1C=2C(C(=O)C=C1C3=CC=CC(=C3)O)=C(O)C=C(O)C2,"InChI=1S/C15H10O5/c16-9-3-1-2-8(4-9)13-7-12(19)15-11(18)5-10(17)6-14(15)20-13/h1-7,16-18H",BEXPKGWBRBLIIC-UHFFFAOYSA-N,3.0270000000000006,270.05282342
"InChI=1S/C21H18O11/c22-9-3-1-2-8(4-9)12-7-11(24)15-13(30-12)5-10(23)6-14(15)31-21-18(27)16(25)17(26)19(32-21)20(28)29/h1-7,16-19,21-23,25-27H,(H,28,29)",NTSUXLPIWVWGQI-UHFFFAOYSA-N,O1C=2C(C(=O)C=C1C3=CC=CC(=C3)O)=C(OC4OC(C(O)=O)C(C(C4O)O)O)C=C(O)C2,,,C21H18O11,446.084911396,1.3314999999999988,1,1,1,BTM00175,BTM00175,Aromatic OH-glucuronidation,BTMR0166,EC 2.4.1.17,HUMAN,BTM00061,O1C=2C(C(=O)C=C1C3=CC=CC(=C3)O)=C(O)C=C(O)C2,"InChI=1S/C15H10O5/c16-9-3-1-2-8(4-9)13-7-12(19)15-11(18)5-10(17)6-14(15)20-13/h1-7,16-18H",BEXPKGWBRBLIIC-UHFFFAOYSA-N,3.0270000000000006,270.05282342
"InChI=1S/C21H18O11/c22-9-5-11(23)15-12(24)7-13(31-14(15)6-9)8-2-1-3-10(4-8)30-21-18(27)16(25)17(26)19(32-21)20(28)29/h1-7,16-19,21-23,25-27H,(H,28,29)",ZOZJNULCSGVSDT-UHFFFAOYSA-N,O1C=2C(C(=O)C=C1C3=CC=CC(=C3)OC4OC(C(O)=O)C(C(C4O)O)O)=C(O)C=C(O)C2,,,C21H18O11,446.084911396,1.3314999999999988,1,1,1,BTM00176,BTM00176,Aromatic OH-glucuronidation,BTMR0166,EC 2.4.1.17,HUMAN,BTM00061,O1C=2C(C(=O)C=C1C3=CC=CC(=C3)O)=C(O)C=C(O)C2,"InChI=1S/C15H10O5/c16-9-3-1-2-8(4-9)13-7-12(19)15-11(18)5-10(17)6-14(15)20-13/h1-7,16-18H",BEXPKGWBRBLIIC-UHFFFAOYSA-N,3.0270000000000006,270.05282342
"InChI=1S/C16H12O5/c1-20-11-6-12(18)16-13(19)8-14(21-15(16)7-11)9-3-2-4-10(17)5-9/h2-8,17-18H,1H3",BQASOSNOLITMSO-UHFFFAOYSA-N,O1C=2C(C(=O)C=C1C3=CC=CC(=C3)O)=C(O)C=C(OC)C2,,,C16H12O5,284.068473484,3.278000000000001,0,0,0,BTM00177,BTM00177,Methylation of phenolic compound,BTMR1377,EC 2.1.1.25,HUMAN,BTM00061,O1C=2C(C(=O)C=C1C3=CC=CC(=C3)O)=C(O)C=C(O)C2,"InChI=1S/C15H10O5/c16-9-3-1-2-8(4-9)13-7-12(19)15-11(18)5-10(17)6-14(15)20-13/h1-7,16-18H",BEXPKGWBRBLIIC-UHFFFAOYSA-N,3.0270000000000006,270.05282342
"InChI=1S/C16H12O5/c1-20-14-6-11(18)7-15-16(14)12(19)8-13(21-15)9-3-2-4-10(17)5-9/h2-8,17-18H,1H3",UYUGLBRPDXOIPY-UHFFFAOYSA-N,O1C=2C(C(=O)C=C1C3=CC=CC(=C3)O)=C(OC)C=C(O)C2,,,C16H12O5,284.068473484,3.278000000000001,0,0,0,BTM00178,BTM00178,Methylation of phenolic compound,BTMR1377,EC 2.1.1.25,HUMAN,BTM00061,O1C=2C(C(=O)C=C1C3=CC=CC(=C3)O)=C(O)C=C(O)C2,"InChI=1S/C15H10O5/c16-9-3-1-2-8(4-9)13-7-12(19)15-11(18)5-10(17)6-14(15)20-13/h1-7,16-18H",BEXPKGWBRBLIIC-UHFFFAOYSA-N,3.0270000000000006,270.05282342
"InChI=1S/C16H12O5/c1-20-11-4-2-3-9(5-11)14-8-13(19)16-12(18)6-10(17)7-15(16)21-14/h2-8,17-18H,1H3",LYRAAKFLFNBVGJ-UHFFFAOYSA-N,O1C=2C(C(=O)C=C1C3=CC=CC(=C3)OC)=C(O)C=C(O)C2,"28973-32-2
5,7-dihydroxy-2-(3-methoxyphenyl)chromen-4-one
DTXSID40420501
RefChem:298835
DTXCID40371347
5,7-Dihydroxy-2-(3-methoxyphenyl)-4H-chromen-4-one
CHEMBL309936
3'-methoxy-5,7-dihydroxyflavone
BDBM50212749
5,7-Dihydroxy-2-(3-methoxyphenyl)-4H-1-benzopyran-4-one",5481247,C16H12O5,284.068473484,3.278000000000001,0,0,0,BTM00173,BTM00173,Methylation of phenolic compound,BTMR1377,EC 2.1.1.25,HUMAN,BTM00061,O1C=2C(C(=O)C=C1C3=CC=CC(=C3)O)=C(O)C=C(O)C2,"InChI=1S/C15H10O5/c16-9-3-1-2-8(4-9)13-7-12(19)15-11(18)5-10(17)6-14(15)20-13/h1-7,16-18H",BEXPKGWBRBLIIC-UHFFFAOYSA-N,3.0270000000000006,270.05282342
"InChI=1S/C15H14O5/c16-10-4-1-9(2-5-10)3-6-12(18)15-13(19)7-11(17)8-14(15)20/h1-8,12,16-20H/b6-3+",DIABYVGHSDUKHY-ZZXKWVIFSA-N,OC=1C(C(O)C=CC2=CC=C(O)C=C2)=C(O)C=C(O)C1,,,C15H14O5,274.084123548,2.2358999999999996,0,1,1,BTM00179,BTM00179,Reduction of carbonyl,BTMR0368,EC 1.1.1.184,HUMAN,BTM00062,OC=1C(C(=O)C=CC2=CC=C(O)C=C2)=C(O)C=C(O)C1,"InChI=1S/C15H12O5/c16-10-4-1-9(2-5-10)3-6-12(18)15-13(19)7-11(17)8-14(15)20/h1-8,16-17,19-20H/b6-3+",YQHMWTPYORBCMF-ZZXKWVIFSA-N,2.6323999999999996,272.068473484
"InChI=1S/C6H6O3/c7-4-1-5(8)3-6(9)2-4/h1-3,7-9H",QCDYQQDYXPDABM-UHFFFAOYSA-N,OC=1C=C(O)C=C(O)C1,"phloroglucinol
108-73-6
Benzene-1,3,5-triol
1,3,5-benzenetriol
1,3,5-trihydroxybenzene
Phloroglucin
Phloroglucine
Spasfon-Lyoc
Dilospan S
sym-Trihydroxybenzene
s-Trihydroxybenzene
Benzene, trihydroxy
Floroglucin
Floroglucinol
DHD7FFG6YS
Benezene-1,3,5-triol
NSC-1572
DTXSID9048354
CHEBI:16204
RefChem:6129
DTXCID0028329
203-611-2
Benzene-s-triol
Phloroglucinol anhydrous
3,5-Dihydroxyphenol
5-Hydroxyresorcinol
5-Oxyresorcinol
5-Oxyresorcinolphloroglucin
1,3,5-THB
MFCD00002286
1,3,5-Trihydroxycyclohexatriene
1,3,5-Triol
Benzene, 1,3,5-trihydroxy-
Phloroglucinol, anhydrous
5-Benzenetriol
NSC 1572
Phloroglucinol (JAN)
CHEMBL473159
PHLOROGLUCINOL [JAN]
Floroglucin [Czech]
Floroglucinol [Czech]
CCRIS 4147
UNII-DHD7FFG6YS
NCGC00166270-01
1,2,5-trihydroxybenzene
EINECS 203-611-2
BRN 1341907
Phloroglucinolum
AI3-08848
1,5-Benzenetriol
13X
Dilospan S (TN)
Phloroglucinol [BAN]
1,5-Trihydroxybenzene
1,5-Triol
Benzene,3,5-trihydroxy-
Phloroglucinol (anhydrous)
WLN: QR CQ EQ
1,3,5-trihydroxylbenzene
1,3,5-trihydroxy-benzene
PHLOROGLUCINOL [MI]
Phloroglucinol Impurity 33
1,3, 5-Trihydroxybenzene
SCHEMBL26311
SCHEMBL82570
1,5-Trihydroxycyclohexatriene
4-06-00-07361 (Beilstein Handbook Reference)
6,17-alpha Epoxypregnenolone
Phloroglucinol, p.a., 99%
PHLOROGLUCINOL [MART.]
Phloroglucinol (anhydrous) CRS
SCHEMBL3711657
PHLOROGLUCINOL [WHO-DD]
1,3,5-Benzenetriol, anhydrous
SCHEMBL30710583
NSC1572
BB_NC-02225
EDC49724
BBL018701
BDBM50249069
CS0115
EBC-48043
MSK168374
PHLOROGLUCINOL [EP MONOGRAPH]
STL146346
phloroglucinol (1,3,5-benzenetriol)
Phloroglucinol, >=99.0% (HPLC)
AKOS000119851
DB12944
FP12341
FS-4574
1,3,5-Benzenetriol (ACD/Name 4.0)
NCGC00166270-02
AC-10081
NS00013979
P0249
P1376
ST50214381
EN300-19648
Phloroglucinol 100 microg/mL in Acetonitrile
C02183
D00152
F13526
SBI-0653926.0001
USP Solution Phloroglucinol TS Conforms to USP
A801919
Q899008
BRD-K00405906-001-01-9
Phloroglucinol, plant cell culture tested, BioReagent
F0001-0177
Z104474594
Phloroglucinol, Used to detect the presence of wood fiber.
1,3,5-Benzenetriol; 1,3,5-THB; 1,3,5-Trihydroxybenzene
InChI=1/C6H6O3/c7-4-1-5(8)3-6(9)2-4/h1-3,7-9
Phloroglucinol (anhydrous), European Pharmacopoeia (EP) Reference Standard",359,C6H6O3,126.03169405199999,1.0277999999999998,0,1,1,BTM00180,BTM00180,Keto hydrolysis,BTMR0254,EC 3.7.1.,HUMAN,BTM00062,OC=1C(C(=O)C=CC2=CC=C(O)C=C2)=C(O)C=C(O)C1,"InChI=1S/C15H12O5/c16-10-4-1-9(2-5-10)3-6-12(18)15-13(19)7-11(17)8-14(15)20/h1-8,16-17,19-20H/b6-3+",YQHMWTPYORBCMF-ZZXKWVIFSA-N,2.6323999999999996,272.068473484
"InChI=1S/C9H8O3/c10-8-4-1-7(2-5-8)3-6-9(11)12/h1-6,10H,(H,11,12)/b6-3+",NGSWKAQJJWESNS-ZZXKWVIFSA-N,C(=O)(C=CC1=CC=C(O)C=C1)O,"p-coumaric acid
trans-p-Coumaric acid
Hydroxycinnamic acid
Naringeninic acid
Para-Coumaric acid
(E)-p-Coumaric acid
trans-4-coumaric acid
2-propenoic acid, 3-(4-hydroxyphenyl)-, (2E)-
trans-p-Coumarinic acid
4'-hydroxycinnamic acid
(E)-p-Hydroxycinnamic acid
trans-p-Hydroxycinnamic acid
p-Hydroxyphenylacrylic acid
Cinnamic acid, p-hydroxy-
3-(4-Hydroxyphenyl)-2-propenoic acid
(E)-3-(4-Hydroxyphenyl)-2-propenoic acid
beta-(4-Hydroxyphenyl)acrylic acid
Cinnamic acid, p-hydroxy-, (E)-
(2E)-3-(4-hydroxyphenyl)acrylic acid
IBS9D1EU3J
2-Propenoic acid, 3-(4-hydroxyphenyl)-, (E)-
ORISTAR PCA
NSC-59260
NSC-674321
CHEBI:32374
beta-[4-Hydroxyphenyl]acrylic acid
(E)-3-[4-hydroxyphenyl]-2-propenoic acid
trans-HPPA
RefChem:44621
4-coumaric acid, (E)-
CHEBI:24689
trans-3-(4'-hydroxyphenyl)-2-propenoic acid
231-000-0
4-Hydroxycinnamic acid
501-98-4
trans-4-Hydroxycinnamic acid
7400-08-0
3-(4-hydroxyphenyl)acrylic acid
p-Cumaric acid
(E)-3-(4-Hydroxyphenyl)acrylic acid
p-Hydroxy-cinnamic acid
Coumaric Acid
(2E)-3-(4-hydroxyphenyl)prop-2-enoic acid
(E)-3-(4-hydroxyphenyl)prop-2-enoic acid
4-coumarate
trans-p-Hydroxycinnamate
2-Propenoic acid, 3-(4-hydroxyphenyl)-
4-hydroxy cinnamic acid
MFCD00004399
trans-p-Cumaric Acid
trans-4-hydroxycinnamate
Para coumaric acid
p-coumarate
CHEMBL66879
(2E)-3-(4-Hydroxyphenyl)-2-propenoic acid
NSC674321
trans-p-coumarate
(E)-4-hydroxycinnamic acid
3-(4-hydroxyphenyl)acrylate
.beta.-[4-Hydroxyphenyl]acrylic acid
parahydroxycinnamic acid
p-hydroxy cinnamic acid
4-Hydroxycinnamicacid
.BETA.-(4-HYDROXYPHENYL)ACRYLIC ACID
2-Propenoic acid, 3-(4-hydroxyphenyl)-, (Z)-
EINECS 231-000-0
UNII-IBS9D1EU3J
NSC 59260
NSC 674321
BRN 2207381
BRN 2207383
hydroxycinnamate
Para coumarate
p-coumaric-acid
Para-Coumarate
p-Cumarate
E-coumaric acid
naringeninic-acid
p-Hydroxycinnamate
rho-coumaric acid
4qem
trans-coumaric acid
4'-Hydroxycinnamate
4-Hydroxy cinnamate
trans p-cumaric acid
p-Coumaric acid,trans
p-hydroxylcinnamic acid
p-Coumaric acid 98%
4f8j
p-Coumaric acid, trans
4-hydroxy cinnamic aicd
4-Hydroxyphenylpropenoate
trans-hydroxycinnamic acid
e-p-hydroxy-cinnamic acid
bmse000150
bmse000591
bmse010208
trans-4-HydroxycinnamicAcid
p-Coumaric acid (Standard)
b-[4-Hydroxyphenyl]acrylate
SCHEMBL39106
p-hydroxy-trans-cinnamic acid
p-hydroxycinnamic acid (M4)
trans-p-hydroxy-cinnamic acid
0-10-00-00297 (Beilstein Handbook Reference)
4-10-00-01005 (Beilstein Handbook Reference)
MLS001066419
p-Hydroxycinnamic acid, trans
P-COUMARIC ACID [MI]
beta-[4-Hydroxyphenyl]acrylate
BDBM4374
GTPL5787
orb1304915
PARA HYDROXYCINNAMIC ACID
SCHEMBL10458861
SCHEMBL28156814
b-[4-Hydroxyphenyl]acrylic acid
HY-N0351R
trans-p-HydroxyzimtsA currencyure
DTXSID30901076
P-COUMARIC ACID [WHO-DD]
HMS1409E10
HMS5083D06
3-(4-Hydroxyphenyl)-2-propenoate
BB_NC-02249
HY-N2391
MSK40051
NSC59260
STR06515
4-HYDROXYPHENYLPROPENOIC ACID
Cinnamic acid, 4-hydroxy-, trans-
AC7957
BBL012226
CK2547
EBC-00010
MSK157672
s4759
s9564
SBB007613
STL163567
AKOS000120685
CCG-266309
CS-W020394
DB04066
FC11235
propenoic acid, 3-(4-hydroxyphenyl)-
p-Coumaric acid, >=98.0% (HPLC)
(E)-3-(4-hydroxyphenyl)prop-2-enoate
MSK157672-1000M
NCGC00246974-01
50940-26-6
AC-10318
AC-34130
AC-34133
AS-12000
BP-13278
SMR000112201
ST093691
SY015618
SY020906
(E)-3-(4-hydroxyphenyl)prop-2-enoicacid
trans-p-Coumaric acid, analytical standard
NS00068187
EN300-17292
C00811
Q99374
(2E)-3-(4-Hydroxyphenyl)-2-propenoic acid #
Dehydroepiandrosterone-[D6] (CertiMass solution)
4-Coumaric acid Solution in Methanol, 1000ug/mL
400H080
AE-562/40414679
F076727
F554453
p-Coumaric acid (synonym: p-Hydroxycinnamic acid)
trans-p-Coumaric acid 1000 microg/mL in Acetone
Q-100560
BRD-K87122641-001-08-1
BRD-K87122641-001-10-7
Z56911963
0C1BFF2D-2CF7-4FC1-9F76-3268C2C7F783
F2191-0188
p-Coumaric acid, primary pharmaceutical reference standard
InChI=1/C9H8O3/c10-8-4-1-7(2-5-8)3-6-9(11)12/h1-6,10H,(H,11,12)/b6-3",637542,C9H8O3,164.04734411599998,1.6347999999999994,0,0,0,BTM00181,BTM00181,Keto hydrolysis,BTMR0254,EC 3.7.1.,HUMAN,BTM00062,OC=1C(C(=O)C=CC2=CC=C(O)C=C2)=C(O)C=C(O)C1,"InChI=1S/C15H12O5/c16-10-4-1-9(2-5-10)3-6-12(18)15-13(19)7-11(17)8-14(15)20/h1-8,16-17,19-20H/b6-3+",YQHMWTPYORBCMF-ZZXKWVIFSA-N,2.6323999999999996,272.068473484
"InChI=1S/C21H20O11/c22-10-4-1-9(2-5-10)3-6-12(24)15-13(25)7-11(23)8-14(15)31-21-18(28)16(26)17(27)19(32-21)20(29)30/h1-8,16-19,21-23,25-28H,(H,29,30)/b6-3+",WBBPBPMWCLVTBO-ZZXKWVIFSA-N,O(C=1C(C(=O)C=CC2=CC=C(O)C=C2)=C(O)C=C(O)C1)C3OC(C(O)=O)C(C(C3O)O)O,,,C21H20O11,448.10056146,0.9368999999999988,1,1,1,BTM00182,BTM00182,Aromatic OH-glucuronidation,BTMR0166,EC 2.4.1.17,HUMAN,BTM00062,OC=1C(C(=O)C=CC2=CC=C(O)C=C2)=C(O)C=C(O)C1,"InChI=1S/C15H12O5/c16-10-4-1-9(2-5-10)3-6-12(18)15-13(19)7-11(17)8-14(15)20/h1-8,16-17,19-20H/b6-3+",YQHMWTPYORBCMF-ZZXKWVIFSA-N,2.6323999999999996,272.068473484
"InChI=1S/C21H20O11/c22-10-4-1-9(2-5-10)3-6-12(23)15-13(24)7-11(8-14(15)25)31-21-18(28)16(26)17(27)19(32-21)20(29)30/h1-8,16-19,21-22,24-28H,(H,29,30)/b6-3+",IYVGSPYAOAONMC-ZZXKWVIFSA-N,OC=1C(C(=O)C=CC2=CC=C(O)C=C2)=C(O)C=C(OC3OC(C(O)=O)C(C(C3O)O)O)C1,,,C21H20O11,448.10056146,0.9368999999999988,1,1,1,BTM00183,BTM00183,Aromatic OH-glucuronidation,BTMR0166,EC 2.4.1.17,HUMAN,BTM00062,OC=1C(C(=O)C=CC2=CC=C(O)C=C2)=C(O)C=C(O)C1,"InChI=1S/C15H12O5/c16-10-4-1-9(2-5-10)3-6-12(18)15-13(19)7-11(17)8-14(15)20/h1-8,16-17,19-20H/b6-3+",YQHMWTPYORBCMF-ZZXKWVIFSA-N,2.6323999999999996,272.068473484
"InChI=1S/C21H20O11/c22-10-7-13(24)15(14(25)8-10)12(23)6-3-9-1-4-11(5-2-9)31-21-18(28)16(26)17(27)19(32-21)20(29)30/h1-8,16-19,21-22,24-28H,(H,29,30)/b6-3+",DVYYFEJVRHCNSE-ZZXKWVIFSA-N,OC=1C(C(=O)C=CC2=CC=C(OC3OC(C(O)=O)C(C(C3O)O)O)C=C2)=C(O)C=C(O)C1,,,C21H20O11,448.10056146,0.9368999999999988,1,1,1,BTM00184,BTM00184,Aromatic OH-glucuronidation,BTMR0166,EC 2.4.1.17,HUMAN,BTM00062,OC=1C(C(=O)C=CC2=CC=C(O)C=C2)=C(O)C=C(O)C1,"InChI=1S/C15H12O5/c16-10-4-1-9(2-5-10)3-6-12(18)15-13(19)7-11(17)8-14(15)20/h1-8,16-17,19-20H/b6-3+",YQHMWTPYORBCMF-ZZXKWVIFSA-N,2.6323999999999996,272.068473484
"InChI=1S/C15H12O8S/c16-10-4-1-9(2-5-10)3-6-12(18)15-13(19)7-11(17)8-14(15)23-24(20,21)22/h1-8,16-17,19H,(H,20,21,22)/b6-3+",KWMHIROTOZYJCP-ZZXKWVIFSA-N,O(C=1C(C(=O)C=CC2=CC=C(O)C=C2)=C(O)C=C(O)C1)S(O)(=O)=O,,,C15H12O8S,352.025288344,1.8955999999999995,0,1,1,BTM00185,BTM00185,Sulfonation of phenolic compound,BTMR1376,EC 2.8.2.1,HUMAN,BTM00062,OC=1C(C(=O)C=CC2=CC=C(O)C=C2)=C(O)C=C(O)C1,"InChI=1S/C15H12O5/c16-10-4-1-9(2-5-10)3-6-12(18)15-13(19)7-11(17)8-14(15)20/h1-8,16-17,19-20H/b6-3+",YQHMWTPYORBCMF-ZZXKWVIFSA-N,2.6323999999999996,272.068473484
"InChI=1S/C15H12O8S/c16-10-4-1-9(2-5-10)3-6-12(17)15-13(18)7-11(8-14(15)19)23-24(20,21)22/h1-8,16,18-19H,(H,20,21,22)/b6-3+",APXYJLVTALHITP-ZZXKWVIFSA-N,OC=1C(C(=O)C=CC2=CC=C(O)C=C2)=C(O)C=C(OS(O)(=O)=O)C1,,,C15H12O8S,352.025288344,1.8955999999999995,0,1,1,BTM00186,BTM00186,Sulfonation of phenolic compound,BTMR1376,EC 2.8.2.1,HUMAN,BTM00062,OC=1C(C(=O)C=CC2=CC=C(O)C=C2)=C(O)C=C(O)C1,"InChI=1S/C15H12O5/c16-10-4-1-9(2-5-10)3-6-12(18)15-13(19)7-11(17)8-14(15)20/h1-8,16-17,19-20H/b6-3+",YQHMWTPYORBCMF-ZZXKWVIFSA-N,2.6323999999999996,272.068473484
"InChI=1S/C15H12O8S/c16-10-7-13(18)15(14(19)8-10)12(17)6-3-9-1-4-11(5-2-9)23-24(20,21)22/h1-8,16,18-19H,(H,20,21,22)/b6-3+",OERQVDUPRGOEHR-ZZXKWVIFSA-N,OC=1C(C(=O)C=CC2=CC=C(OS(O)(=O)=O)C=C2)=C(O)C=C(O)C1,CHEBI:193509,131834450,C15H12O8S,352.025288344,1.8955999999999995,0,1,1,BTM00187,BTM00187,Sulfonation of phenolic compound,BTMR1376,EC 2.8.2.1,HUMAN,BTM00062,OC=1C(C(=O)C=CC2=CC=C(O)C=C2)=C(O)C=C(O)C1,"InChI=1S/C15H12O5/c16-10-4-1-9(2-5-10)3-6-12(18)15-13(19)7-11(17)8-14(15)20/h1-8,16-17,19-20H/b6-3+",YQHMWTPYORBCMF-ZZXKWVIFSA-N,2.6323999999999996,272.068473484
"InChI=1S/C16H14O5/c1-21-15-9-12(18)8-14(20)16(15)13(19)7-4-10-2-5-11(17)6-3-10/h2-9,17-18,20H,1H3/b7-4+",OWGUBYRKZATRIT-QPJJXVBHSA-N,O(C=1C(C(=O)C=CC2=CC=C(O)C=C2)=C(O)C=C(O)C1)C,"Helichrysetin
62014-87-3
(E)-1-(2,4-dihydroxy-6-methoxyphenyl)-3-(4-hydroxyphenyl)prop-2-en-1-one
MJ0KMG7AW4
4,2',4'-Trihydroxy-6'-methoxychalcone
DTXSID001317482
1-(2,4-Dihydroxy-6-methoxyphenyl)-3-(4-hydroxyphenyl)-2-propen-1-one
RefChem:145474
DTXCID001747293
MFCD12546716
(2E)-1-(2,4-dihydroxy-6-methoxyphenyl)-3-(4-hydroxyphenyl)prop-2-en-1-one
1-(2,4-Dihydroxy-6-methoxy-phenyl)-3-(4-hydroxy-phenyl)-propenone
(E)-1-(2,4-dihydroxy-6-methoxy-phenyl)-3-(4-hydroxyphenyl)prop-2-en-1-one
2-Propen-1-one, 1-(2,4-dihydroxy-6-methoxyphenyl)-3-(4-hydroxyphenyl)-, (2E)-
helichysetin
Helichrysetin (Standard)
UNII-MJ0KMG7AW4
CHEMBL507998
orb1297344
SCHEMBL2126372
HY-N4058R
CHEBI:178332
GLXC-10739
HY-N4058
MCA01487
LMPK12120300
2-Propen-1-one, 1-(2,4-dihydroxy-6-methoxyphenyl)-3-(4-hydroxyphenyl)-
AKOS032948840
EBC-616905
DA-74078
MS-24082
CS-0024563
G13798
(2E)-1-(2,4-DIHYDROXY-6-METHOXYPHENYL)-3-(4-HYDROXYPHENYL)-2-PROPEN-1-ONE",6253344,C16H14O5,286.084123548,2.8833999999999995,0,1,1,BTM00188,BTM00188,Methylation of phenolic compound,BTMR1377,EC 2.1.1.25,HUMAN,BTM00062,OC=1C(C(=O)C=CC2=CC=C(O)C=C2)=C(O)C=C(O)C1,"InChI=1S/C15H12O5/c16-10-4-1-9(2-5-10)3-6-12(18)15-13(19)7-11(17)8-14(15)20/h1-8,16-17,19-20H/b6-3+",YQHMWTPYORBCMF-ZZXKWVIFSA-N,2.6323999999999996,272.068473484
"InChI=1S/C16H14O5/c1-21-12-8-14(19)16(15(20)9-12)13(18)7-4-10-2-5-11(17)6-3-10/h2-9,17,19-20H,1H3/b7-4+",JGPQAWUEYNNXOH-QPJJXVBHSA-N,OC=1C(C(=O)C=CC2=CC=C(O)C=C2)=C(O)C=C(OC)C1,"Neosakuranetin
(E)-1-(2,6-dihydroxy-4-methoxyphenyl)-3-(4-hydroxyphenyl)prop-2-en-1-one
RefChem:165380
81719-04-2
CHEMBL4237428
SCHEMBL30384236
CHEBI:178331
LMPK12120309",11022479,C16H14O5,286.084123548,2.8833999999999995,0,1,1,BTM00189,BTM00189,Methylation of phenolic compound,BTMR1377,EC 2.1.1.25,HUMAN,BTM00062,OC=1C(C(=O)C=CC2=CC=C(O)C=C2)=C(O)C=C(O)C1,"InChI=1S/C15H12O5/c16-10-4-1-9(2-5-10)3-6-12(18)15-13(19)7-11(17)8-14(15)20/h1-8,16-17,19-20H/b6-3+",YQHMWTPYORBCMF-ZZXKWVIFSA-N,2.6323999999999996,272.068473484
"InChI=1S/C16H14O5/c1-21-12-5-2-10(3-6-12)4-7-13(18)16-14(19)8-11(17)9-15(16)20/h2-9,17,19-20H,1H3/b7-4+",DGUBZDXYXXUHTJ-QPJJXVBHSA-N,OC=1C(C(=O)C=CC2=CC=C(OC)C=C2)=C(O)C=C(O)C1,"2',4',6'-Trihydroxy-4-methoxychalcone
CHEMBL133588
SCHEMBL11349226
CHEBI:178321
BDBM50235135
LMPK12120265
4-METHOXYL-2',4',6'-TRIHYDROXYCHALCONE
4-METHOXYL-2'',4'',6''-TRIHYDROXYCHALCONE
(E)-3-(4-methoxyphenyl)-1-(2,4,6-trihydroxyphenyl)prop-2-en-1-one",13990811,C16H14O5,286.084123548,2.8833999999999995,0,1,1,BTM00190,BTM00190,Methylation of phenolic compound,BTMR1377,EC 2.1.1.25,HUMAN,BTM00062,OC=1C(C(=O)C=CC2=CC=C(O)C=C2)=C(O)C=C(O)C1,"InChI=1S/C15H12O5/c16-10-4-1-9(2-5-10)3-6-12(18)15-13(19)7-11(17)8-14(15)20/h1-8,16-17,19-20H/b6-3+",YQHMWTPYORBCMF-ZZXKWVIFSA-N,2.6323999999999996,272.068473484
"InChI=1S/C15H14O4/c16-10-6-11(17)15-12(18)8-13(19-14(15)7-10)9-4-2-1-3-5-9/h1-7,12-13,16-18H,8H2",QZSGWUDKCQKAIF-UHFFFAOYSA-N,O1C=2C(C(O)CC1C3=CC=CC=C3)=C(O)C=C(O)C2,SCHEMBL18786588,123788610,C15H14O4,258.089208928,2.1961999999999997,0,1,1,BTM00191,BTM00191,Reduction of carbonyl,BTMR0368,EC 1.1.1.184,HUMAN,BTM00063,O1C=2C(C(=O)CC1C3=CC=CC=C3)=C(O)C=C(O)C2,"InChI=1S/C15H12O4/c16-10-6-11(17)15-12(18)8-13(19-14(15)7-10)9-4-2-1-3-5-9/h1-7,13,16-17H,8H2",URFCJEUYXNAHFI-UHFFFAOYSA-N,2.5651,256.073558864
"InChI=1S/C21H20O10/c22-11-6-10(29-21-18(26)16(24)17(25)19(31-21)20(27)28)7-14-15(11)12(23)8-13(30-14)9-4-2-1-3-5-9/h1-7,13,16-19,21-22,24-26H,8H2,(H,27,28)",KPYVXBCXFKYWPU-UHFFFAOYSA-N,O1C=2C(C(=O)CC1C3=CC=CC=C3)=C(O)C=C(OC4OC(C(O)=O)C(C(C4O)O)O)C2,,,C21H20O10,432.10564683999996,0.869599999999998,0,1,1,BTM00192,BTM00192,Aromatic OH-glucuronidation,BTMR0166,EC 2.4.1.17,HUMAN,BTM00063,O1C=2C(C(=O)CC1C3=CC=CC=C3)=C(O)C=C(O)C2,"InChI=1S/C15H12O4/c16-10-6-11(17)15-12(18)8-13(19-14(15)7-10)9-4-2-1-3-5-9/h1-7,13,16-17H,8H2",URFCJEUYXNAHFI-UHFFFAOYSA-N,2.5651,256.073558864
"InChI=1S/C21H20O10/c22-10-6-13-15(11(23)8-12(29-13)9-4-2-1-3-5-9)14(7-10)30-21-18(26)16(24)17(25)19(31-21)20(27)28/h1-7,12,16-19,21-22,24-26H,8H2,(H,27,28)",RUNMSPRRNKWFOP-UHFFFAOYSA-N,O1C=2C(C(=O)CC1C3=CC=CC=C3)=C(OC4OC(C(O)=O)C(C(C4O)O)O)C=C(O)C2,,,C21H20O10,432.10564683999996,0.869599999999998,0,1,1,BTM00193,BTM00193,Aromatic OH-glucuronidation,BTMR0166,EC 2.4.1.17,HUMAN,BTM00063,O1C=2C(C(=O)CC1C3=CC=CC=C3)=C(O)C=C(O)C2,"InChI=1S/C15H12O4/c16-10-6-11(17)15-12(18)8-13(19-14(15)7-10)9-4-2-1-3-5-9/h1-7,13,16-17H,8H2",URFCJEUYXNAHFI-UHFFFAOYSA-N,2.5651,256.073558864
"InChI=1S/C16H14O4/c1-19-11-7-12(17)16-13(18)9-14(20-15(16)8-11)10-5-3-2-4-6-10/h2-8,14,17H,9H2,1H3",ORJDDOBAOGKRJV-UHFFFAOYSA-N,O1C=2C(C(=O)CC1C3=CC=CC=C3)=C(O)C=C(OC)C2,"RefChem:1092925
Npc235117
5-hydroxy-7-methoxy-2-phenylchroman-4-one
75291-74-6
(+/-)-Pinostrobin
MFCD00017481
(S)-2,3-Dihydro-5-hydroxy-7-methoxy-2-phenyl-4-benzopyrone
2,3-Dihydro-5-hydroxy-7-methoxy-2-phenyl-4H-1-benzopyran-4-one
()-Pinostrobin
7-Methoxy-5-hydroxyflavanone
CHEMBL210800
orb3032916
SCHEMBL1485747
(2R)-5-hydroxy-7-methoxy-2-phenyl-3,4-dihydro-2H-1-benzopyran-4-one
SCHEMBL31264673
LMPK12140216
AKOS016009493
FP66572
ST079166
XP180702
DB-051500
(+/-)-Pinostrobin, >=99.0% (TLC)
5-Hydroxy-7-methoxy-2-phenyl-chroman-4-one
5-Hydroxy-7-methoxyflavanone (Tectochrysin)
NS00074278
H42535
AM-573/21093010",4101463,C16H14O4,270.089208928,2.816099999999999,0,0,0,BTM00194,BTM00194,Methylation of phenolic compound,BTMR1377,EC 2.1.1.25,HUMAN,BTM00063,O1C=2C(C(=O)CC1C3=CC=CC=C3)=C(O)C=C(O)C2,"InChI=1S/C15H12O4/c16-10-6-11(17)15-12(18)8-13(19-14(15)7-10)9-4-2-1-3-5-9/h1-7,13,16-17H,8H2",URFCJEUYXNAHFI-UHFFFAOYSA-N,2.5651,256.073558864
"InChI=1S/C16H14O4/c1-19-14-7-11(17)8-15-16(14)12(18)9-13(20-15)10-5-3-2-4-6-10/h2-8,13,17H,9H2,1H3",QQQCWVDPMPFUGF-UHFFFAOYSA-N,O1C=2C(C(=O)CC1C3=CC=CC=C3)=C(OC)C=C(O)C2,"DTXSID30398801
7-hydroxy-5-methoxy-flavanone
RefChem:915583
DTXCID20349660
Alpinetin
1090-65-9
7-Hydroxy-5-methoxy-2-phenylchroman-4-one
7-hydroxy-5-methoxy-2-phenyl-2,3-dihydrochromen-4-one
7-hydroxy-5-methoxy-2-phenyl-chroman-4-one
2,3-Dihydro-7-hydroxy-5-methoxy-2-phenyl-4H-1-benzopyran-4-one
5-Methoxy-7-hydroxyflavanone
(2S)-Alpinetin
BN35TX485D
CHEMBL427218
MEGxp0_000549
SCHEMBL1460823
ALPINETIN, (+/-)-
SCHEMBL29926405
CHEBI:192656
QQQCWVDPMPFUGF-UHFFFAOYSA-N
7-hydroxy-5-methoxy-2-phenyl-3,4-dihydro-2H-1-benzopyran-4-one
4H-1-Benzopyran-4-one, 2,3-dihydro-7-hydroxy-5-methoxy-2-phenyl-
LMPK12140215
AKOS015914785
AC-20180
DB-048913
NS00066974
090A659
AA-504/20990013
AA-504/21003038
FLAVANONE, 7-HYDROXY-5-METHOXY-, (+/-)-
B2703-091011
7-Hydroxy-5-methoxy-2-phenyl-2,3-dihydro-4H-1-benzopyran-4-one
4H-1-BENZOPYRAN-4-ONE, 2,3-DIHYDRO-7-HYDROXY-5-METHOXY-2-PHENYL-, (+/-)-",4053302,C16H14O4,270.089208928,2.816099999999999,0,0,0,BTM00195,BTM00195,Methylation of phenolic compound,BTMR1377,EC 2.1.1.25,HUMAN,BTM00063,O1C=2C(C(=O)CC1C3=CC=CC=C3)=C(O)C=C(O)C2,"InChI=1S/C15H12O4/c16-10-6-11(17)15-12(18)8-13(19-14(15)7-10)9-4-2-1-3-5-9/h1-7,13,16-17H,8H2",URFCJEUYXNAHFI-UHFFFAOYSA-N,2.5651,256.073558864
"InChI=1S/C16H12O5/c1-20-11-6-12(18)16-13(19)8-14(21-15(16)7-11)9-2-4-10(17)5-3-9/h2-8,17-18H,1H3",JPMYFOBNRRGFNO-UHFFFAOYSA-N,O1C=2C(C(=O)C=C1C3=CC=C(O)C=C3)=C(O)C=C(OC)C2,"Genkwanin
437-64-9
Gengkwanin
7-O-Methylapigenin
7-Methylapigenin
7-Methoxyapigenin
Apigenin 7-methyl ether
5,4'-Dihydroxy-7-methoxyflavone
5-hydroxy-2-(4-hydroxyphenyl)-7-methoxychromen-4-one
5K3I5D6B2B
DTXSID80195908
CHEBI:75718
5,4'-dihydroxy-7-methoxy-flavone
RefChem:142883
DTXCID80118399
4',5-Dihydroxy-7-methoxyflavone
Puddumetin
5-Hydroxy-2-(4-hydroxyphenyl)-7-methoxy-4H-chromen-4-one
4H-1-Benzopyran-4-one, 5-hydroxy-2-(4-hydroxyphenyl)-7-methoxy-
MFCD00017452
CHEMBL210635
5-hydroxy-2-(4-hydroxyphenyl)-7-methoxy-chromen-4-one
UNII-5K3I5D6B2B
Gonkwanin
Henquanin
4'',5-dihydroxy-7-methoxyflavone
7'O-methyl-apigenin
Genkwanin (Standard)
apigenin 7-methylether
Spectrum_000330
SpecPlus_000835
Spectrum2_001355
Spectrum3_001401
Spectrum4_001667
Spectrum5_000573
BSPBio_003042
KBioGR_002193
KBioSS_000810
DivK1c_006931
Genkwanin, analytical standard
SCHEMBL866123
SPBio_001569
orb1300267
4,5-Dihydroxy-7-methoxyflavone
Genkwanin, >=98% (HPLC)
SCHEMBL29445006
HY-N0731R
KBio1_001875
KBio2_000810
KBio2_003378
KBio2_005946
KBio3_002262
5-Hydroxy-2-(4-hydroxyphenyl)-7-methoxy-4H-1-benzopyran-4-one
HY-N0731
4'',5-dihydroxy-7-methoxy flavone
BDBM50187658
CCG-38838
LMPK12111018
MSK158067
s9287
AKOS015896775
Flavone, 4',5-dihydroxy-7-methoxy-
EBC-457056
FG23656
NCGC00178332-01
NCGC00178332-02
AC-34953
AS-60761
ST057642
DB-051163
CS-0009744
NS00083543
4',5-Dihydroxy-7-methoxyflavone, AldrichCPR
C10046
Q3050376
BRD-K29160894-001-02-9
5-Hydroxy-2-(4-hydroxyphenyl)-7-methoxy-4H-chromen-4-one #",5281617,C16H12O5,284.068473484,3.278000000000001,0,0,0,BTM00005,BTM00005,Oxidation of secondary alcohol to ketone,BTMR0079,"CYP1A2
CYP2C9
CYP2C19",HUMAN,BTM00019,O1C=2C(C(O)C=C1C3=CC=C(O)C=C3)=C(O)C=C(OC)C2,"InChI=1S/C16H14O5/c1-20-11-6-12(18)16-13(19)8-14(21-15(16)7-11)9-2-4-10(17)5-3-9/h2-8,13,17-19H,1H3",ZKYNKKHUVIDQKT-UHFFFAOYSA-N,2.1887999999999996,286.084123548
"InChI=1S/C15H12O5/c16-9-3-1-8(2-4-9)13-7-12(19)15-11(18)5-10(17)6-14(15)20-13/h1-7,12,16-19H",TWLIHXQWVLTBCS-UHFFFAOYSA-N,O1C=2C(C(O)C=C1C3=CC=C(O)C=C3)=C(O)C=C(O)C2,"2-(4-hydroxyphenyl)-4H-chromene-4,5,7-triol",86574168,C15H12O5,272.068473484,1.9377999999999997,0,1,1,BTM00001,BTM00001,O-Dealkylation,BTMR0052,"CYP1A2
CYP2A6
CYP2C9
CYP2C19
CYP2D6
CYP2E1
CYP3A4",HUMAN,BTM00019,O1C=2C(C(O)C=C1C3=CC=C(O)C=C3)=C(O)C=C(OC)C2,"InChI=1S/C16H14O5/c1-20-11-6-12(18)16-13(19)8-14(21-15(16)7-11)9-2-4-10(17)5-3-9/h2-8,13,17-19H,1H3",ZKYNKKHUVIDQKT-UHFFFAOYSA-N,2.1887999999999996,286.084123548
"InChI=1S/C16H14O6/c1-21-9-5-12(19)16-13(20)7-14(22-15(16)6-9)8-2-3-10(17)11(18)4-8/h2-7,13,17-20H,1H3",GFPNNMLDRJMWNV-UHFFFAOYSA-N,O1C=2C(C(O)C=C1C3=CC=C(O)C(=C3)O)=C(O)C=C(OC)C2,,,C16H14O6,302.07903816799995,1.9213999999999998,0,1,1,BTM00093,BTM00093,"2-Hydroxylation of 1,4-disubstituted benzene",BTMR0037,CYP1A2,HUMAN,BTM00019,O1C=2C(C(O)C=C1C3=CC=C(O)C=C3)=C(O)C=C(OC)C2,"InChI=1S/C16H14O5/c1-20-11-6-12(18)16-13(19)8-14(21-15(16)7-11)9-2-4-10(17)5-3-9/h2-8,13,17-19H,1H3",ZKYNKKHUVIDQKT-UHFFFAOYSA-N,2.1887999999999996,286.084123548
"InChI=1S/C16H14O6/c1-20-10-6-11(18)13-12(7-10)21-16(15(22-16)14(13)19)8-2-4-9(17)5-3-8/h2-7,14-15,17-19H,1H3",WRRWFKAAVGNGIJ-UHFFFAOYSA-N,O1C=2C(C(O)C3C1(C4=CC=C(O)C=C4)O3)=C(O)C=C(OC)C2,,,C16H14O6,302.079038168,1.9832999999999996,0,1,1,BTM00196,BTM00196,Epoxidation of vinyl ether,BTMR1026,"CYP1A2
CYP3A4",HUMAN,BTM00019,O1C=2C(C(O)C=C1C3=CC=C(O)C=C3)=C(O)C=C(OC)C2,"InChI=1S/C16H14O5/c1-20-11-6-12(18)16-13(19)8-14(21-15(16)7-11)9-2-4-10(17)5-3-9/h2-8,13,17-19H,1H3",ZKYNKKHUVIDQKT-UHFFFAOYSA-N,2.1887999999999996,286.084123548
"InChI=1S/C16H12O5/c1-20-14-6-11(18)7-15-16(14)12(19)8-13(21-15)9-2-4-10(17)5-3-9/h2-8,17-18H,1H3",YQABHAHJGSNVQR-UHFFFAOYSA-N,O1C=2C(C(=O)C=C1C3=CC=C(O)C=C3)=C(OC)C=C(O)C2,"Thevetiaflavone
29376-68-9
7-hydroxy-2-(4-hydroxyphenyl)-5-methoxychromen-4-one
RefChem:189228
5-o-methylapigenin
apigenin-5-methyl ether
4H-1-Benzopyran-4-one, 7-hydroxy-2-(4-hydroxyphenyl)-5-methoxy-
NSC719158
2-Genistein-5-methyl ether
CHEMBL182265
orb1707799
SCHEMBL2874033
5-methoxy-7,4'-dihydroxyflavone
7-hydroxy-2-(4-hydroxyphenyl)-5-methoxy-4H-chromen-4-one
HY-N1157
LMPK12110956
7,4'-dihydroxy-5-methoxy-isoflavone
AKOS040740935
NSC-719158
(2S)-7,4'-dihydroxy-5-methoxyflavone
FT139054
MS-24040
NCI60_040953
PD100264
DB-229427
CS-0016447
E88819
7-hydroxy-2-(4-hydroxyphenyl)-5-methoxy-chromen-4-one",5315202,C16H12O5,284.068473484,3.278000000000001,0,0,0,BTM00006,BTM00006,Oxidation of secondary alcohol to ketone,BTMR0079,"CYP1A2
CYP2C9
CYP2C19",HUMAN,BTM00020,O1C=2C(C(O)C=C1C3=CC=C(O)C=C3)=C(OC)C=C(O)C2,"InChI=1S/C16H14O5/c1-20-14-6-11(18)7-15-16(14)12(19)8-13(21-15)9-2-4-10(17)5-3-9/h2-8,12,17-19H,1H3",XJDTZUREHVPVNF-UHFFFAOYSA-N,2.1887999999999996,286.084123548
"InChI=1S/C15H12O5/c16-9-3-1-8(2-4-9)13-7-12(19)15-11(18)5-10(17)6-14(15)20-13/h1-7,12,16-19H",TWLIHXQWVLTBCS-UHFFFAOYSA-N,O1C=2C(C(O)C=C1C3=CC=C(O)C=C3)=C(O)C=C(O)C2,"2-(4-hydroxyphenyl)-4H-chromene-4,5,7-triol",86574168,C15H12O5,272.068473484,1.9377999999999997,0,1,1,BTM00001,BTM00001,O-Dealkylation,BTMR0052,"CYP1A2
CYP2A6
CYP2C9
CYP2C19
CYP2D6
CYP2E1
CYP3A4",HUMAN,BTM00020,O1C=2C(C(O)C=C1C3=CC=C(O)C=C3)=C(OC)C=C(O)C2,"InChI=1S/C16H14O5/c1-20-14-6-11(18)7-15-16(14)12(19)8-13(21-15)9-2-4-10(17)5-3-9/h2-8,12,17-19H,1H3",XJDTZUREHVPVNF-UHFFFAOYSA-N,2.1887999999999996,286.084123548
"InChI=1S/C16H14O6/c1-21-14-5-9(17)6-15-16(14)12(20)7-13(22-15)8-2-3-10(18)11(19)4-8/h2-7,12,17-20H,1H3",NYJRQKHPAFIKDM-UHFFFAOYSA-N,O1C=2C(C(O)C=C1C3=CC=C(O)C(=C3)O)=C(OC)C=C(O)C2,,,C16H14O6,302.07903816799995,1.9213999999999998,0,1,1,BTM00094,BTM00094,"2-Hydroxylation of 1,4-disubstituted benzene",BTMR0037,CYP1A2,HUMAN,BTM00020,O1C=2C(C(O)C=C1C3=CC=C(O)C=C3)=C(OC)C=C(O)C2,"InChI=1S/C16H14O5/c1-20-14-6-11(18)7-15-16(14)12(19)8-13(21-15)9-2-4-10(17)5-3-9/h2-8,12,17-19H,1H3",XJDTZUREHVPVNF-UHFFFAOYSA-N,2.1887999999999996,286.084123548
"InChI=1S/C16H14O6/c1-20-11-6-10(18)7-12-13(11)14(19)15-16(21-12,22-15)8-2-4-9(17)5-3-8/h2-7,14-15,17-19H,1H3",LMQARIRMENEFGW-UHFFFAOYSA-N,O1C=2C(C(O)C3C1(C4=CC=C(O)C=C4)O3)=C(OC)C=C(O)C2,,,C16H14O6,302.07903816799995,1.9832999999999996,0,1,1,BTM00197,BTM00197,Epoxidation of vinyl ether,BTMR1026,"CYP1A2
CYP3A4",HUMAN,BTM00020,O1C=2C(C(O)C=C1C3=CC=C(O)C=C3)=C(OC)C=C(O)C2,"InChI=1S/C16H14O5/c1-20-14-6-11(18)7-15-16(14)12(19)8-13(21-15)9-2-4-10(17)5-3-9/h2-8,12,17-19H,1H3",XJDTZUREHVPVNF-UHFFFAOYSA-N,2.1887999999999996,286.084123548
"InChI=1S/C16H12O5/c1-20-11-4-2-9(3-5-11)14-8-13(19)16-12(18)6-10(17)7-15(16)21-14/h2-8,17-18H,1H3",DANYIYRPLHHOCZ-UHFFFAOYSA-N,O1C=2C(C(=O)C=C1C3=CC=C(OC)C=C3)=C(O)C=C(O)C2,"acacetin
480-44-4
Linarigenin
5,7-Dihydroxy-4'-methoxyflavone
5,7-dihydroxy-2-(4-methoxyphenyl)chromen-4-one
4'-Methoxy-5,7-dihydroxyflavone
KWI7J0A2CC
DTXSID00197383
NSC-76061
CHEBI:15335
RefChem:551426
DTXCID10119874
207-552-3
Buddleoflavonol
5,7-Dihydroxy-2-(4-methoxyphenyl)-4H-chromen-4-one
4'-Methoxyapigenin
Acacetine
Linarisenin
Apigenin 4'-methyl ether
Akatsetin
5,7-Dioxy-4'-methoxyflavone
Apisenin 4'-methyl ether
Apigenin 4'-dimethyl ether
4H-1-BENZOPYRAN-4-ONE, 5,7-DIHYDROXY-2-(4-METHOXYPHENYL)-
4'-O-Methylapigenin
MFCD00016936
NSC 76061
Flavone, 5,7-dihydroxy-4'-methoxy-
ACAETIN
NSC76061
5,7-dihydroxy-2-(4-methoxyphenyl)-4h-1-benzopyran-4-one
5,7-Dihydroxy-2-(4-methoxyphenyl)-4-benzopyrone
MLS002693970
CHEMBL243664
2-(4-Methoxyphenyl)-5,7-dihydroxy-4H-1-benzopyran-4-one
SMR001233299
SR-01000841189
EINECS 207-552-3
UNII-KWI7J0A2CC
accacetin
BRN 0277879
Acaceztin
Acacetin?
4'-Methylapigenin
Prestwick_49
Acacetin (Standard)
4'-O-methyl apigenin
4'-O-methyl-apigenin
Kinome_3212
Spectrum_000135
ACACETIN [MI]
Prestwick0_000695
Prestwick1_000695
Prestwick2_000695
Prestwick3_000695
Spectrum5_000930
Acacetin, analytical standard
BSPBio_000849
KBioSS_000595
SPECTRUM200499
5-18-04-00575 (Beilstein Handbook Reference)
MLS002153960
DivK1c_000878
SCHEMBL107712
SPBio_002770
BPBio1_000935
orb1303480
SCHEMBL29387049
BCBcMAP01_000082
BDBM23415
GTPL13776
HMS502L20
HY-N0451R
KBio1_000878
KBio2_000595
KBio2_003163
KBio2_005731
APIGENIN-4'-METHYL ETHER
Flavone,7-dihydroxy-4'-methoxy-
NINDS_000878
HMS1570K11
HMS1922P12
HMS2097K11
HMS2234J17
HMS3374F03
Acacetin, >=97.0% (HPLC)
HY-N0451
MSK15637
LMPK12110468
s5318
AKOS015903365
CCG-208517
CS-5336
EBC-444074
FA16905
IDI1_000878
SMP1_000001
NCGC00016458-01
NCGC00016458-02
NCGC00016458-03
NCGC00016458-04
NCGC00016458-05
NCGC00095213-01
NCGC00095213-02
NCGC00095213-03
NCGC00179402-01
AC-33976
AS-70345
CAS-480-44-4
ST066889
SY067185
WLN: T66 BO EVJ CR DO1& GQ IQ
DB-051509
A3013
NS00031752
C01470
480A444
F241167
Q2822213
SR-01000841189-3
SR-01000841189-4
BRD-K77685744-001-03-6
BRD-K77685744-001-07-7
5,7-Dihydroxy-2-(4-methoxyphenyl)-4H-chromen-4-one #
4H-1-Benzopyran-4-one,7-dihydroxy-2-(4-methoxyphenyl)-
BE7185D3-6331-4E84-8C8E-5D10E505E37A",5280442,C16H12O5,284.068473484,3.278000000000001,0,0,0,BTM00007,BTM00007,Oxidation of secondary alcohol to ketone,BTMR0079,"CYP1A2
CYP2C9
CYP2C19",HUMAN,BTM00021,O1C=2C(C(O)C=C1C3=CC=C(OC)C=C3)=C(O)C=C(O)C2,"InChI=1S/C16H14O5/c1-20-11-4-2-9(3-5-11)14-8-13(19)16-12(18)6-10(17)7-15(16)21-14/h2-8,13,17-19H,1H3",SBQMPWUJTLOORV-UHFFFAOYSA-N,2.1887999999999996,286.084123548
"InChI=1S/C15H12O5/c16-9-3-1-8(2-4-9)13-7-12(19)15-11(18)5-10(17)6-14(15)20-13/h1-7,12,16-19H",TWLIHXQWVLTBCS-UHFFFAOYSA-N,O1C=2C(C(O)C=C1C3=CC=C(O)C=C3)=C(O)C=C(O)C2,"2-(4-hydroxyphenyl)-4H-chromene-4,5,7-triol",86574168,C15H12O5,272.068473484,1.9377999999999997,0,1,1,BTM00001,BTM00001,O-Dealkylation,BTMR0052,"CYP1A2
CYP2A6
CYP2C9
CYP2C19
CYP2D6
CYP2E1
CYP3A4",HUMAN,BTM00021,O1C=2C(C(O)C=C1C3=CC=C(OC)C=C3)=C(O)C=C(O)C2,"InChI=1S/C16H14O5/c1-20-11-4-2-9(3-5-11)14-8-13(19)16-12(18)6-10(17)7-15(16)21-14/h2-8,13,17-19H,1H3",SBQMPWUJTLOORV-UHFFFAOYSA-N,2.1887999999999996,286.084123548
"InChI=1S/C16H14O6/c1-21-13-3-2-8(4-10(13)18)14-7-12(20)16-11(19)5-9(17)6-15(16)22-14/h2-7,12,17-20H,1H3",TZFYSHXYSXHFHO-UHFFFAOYSA-N,O1C=2C(C(O)C=C1C3=CC=C(OC)C(=C3)O)=C(O)C=C(O)C2,,,C16H14O6,302.07903816799995,1.9213999999999998,0,1,1,BTM00082,BTM00082,"2-Hydroxylation of 1,4-disubstituted benzene",BTMR0037,CYP1A2,HUMAN,BTM00021,O1C=2C(C(O)C=C1C3=CC=C(OC)C=C3)=C(O)C=C(O)C2,"InChI=1S/C16H14O5/c1-20-11-4-2-9(3-5-11)14-8-13(19)16-12(18)6-10(17)7-15(16)21-14/h2-8,13,17-19H,1H3",SBQMPWUJTLOORV-UHFFFAOYSA-N,2.1887999999999996,286.084123548
"InChI=1S/C16H14O6/c1-20-10-4-2-8(3-5-10)16-15(22-16)14(19)13-11(18)6-9(17)7-12(13)21-16/h2-7,14-15,17-19H,1H3",OUUIKYJBLANZLU-UHFFFAOYSA-N,O1C=2C(C(O)C3C1(C4=CC=C(OC)C=C4)O3)=C(O)C=C(O)C2,,,C16H14O6,302.079038168,1.9832999999999996,0,1,1,BTM00198,BTM00198,Epoxidation of vinyl ether,BTMR1026,"CYP1A2
CYP3A4",HUMAN,BTM00021,O1C=2C(C(O)C=C1C3=CC=C(OC)C=C3)=C(O)C=C(O)C2,"InChI=1S/C16H14O5/c1-20-11-4-2-9(3-5-11)14-8-13(19)16-12(18)6-10(17)7-15(16)21-14/h2-8,13,17-19H,1H3",SBQMPWUJTLOORV-UHFFFAOYSA-N,2.1887999999999996,286.084123548
"InChI=1S/C16H12O5/c1-20-14-6-11(18)7-15-16(14)12(19)8-13(21-15)9-2-4-10(17)5-3-9/h2-8,17-18H,1H3",YQABHAHJGSNVQR-UHFFFAOYSA-N,O1C=2C(C(=O)C=C1C3=CC=C(O)C=C3)=C(OC)C=C(O)C2,"Thevetiaflavone
29376-68-9
7-hydroxy-2-(4-hydroxyphenyl)-5-methoxychromen-4-one
RefChem:189228
5-o-methylapigenin
apigenin-5-methyl ether
4H-1-Benzopyran-4-one, 7-hydroxy-2-(4-hydroxyphenyl)-5-methoxy-
NSC719158
2-Genistein-5-methyl ether
CHEMBL182265
orb1707799
SCHEMBL2874033
5-methoxy-7,4'-dihydroxyflavone
7-hydroxy-2-(4-hydroxyphenyl)-5-methoxy-4H-chromen-4-one
HY-N1157
LMPK12110956
7,4'-dihydroxy-5-methoxy-isoflavone
AKOS040740935
NSC-719158
(2S)-7,4'-dihydroxy-5-methoxyflavone
FT139054
MS-24040
NCI60_040953
PD100264
DB-229427
CS-0016447
E88819
7-hydroxy-2-(4-hydroxyphenyl)-5-methoxy-chromen-4-one",5315202,C16H12O5,284.068473484,3.278000000000001,0,0,0,BTM00006,BTM00006,O-Dealkylation,BTMR0052,"CYP1A2
CYP2A6
CYP2C9
CYP2C19
CYP2D6
CYP2E1
CYP3A4",HUMAN,BTM00024,O1C=2C(C(=O)C=C1C3=CC=C(O)C=C3)=C(OC)C=C(OC)C2,"InChI=1S/C17H14O5/c1-20-12-7-15(21-2)17-13(19)9-14(22-16(17)8-12)10-3-5-11(18)6-4-10/h3-9,18H,1-2H3",ARICZLGTUHLTFQ-UHFFFAOYSA-N,3.5289999999999995,298.084123548
"InChI=1S/C16H12O5/c1-20-11-6-12(18)16-13(19)8-14(21-15(16)7-11)9-2-4-10(17)5-3-9/h2-8,17-18H,1H3",JPMYFOBNRRGFNO-UHFFFAOYSA-N,O1C=2C(C(=O)C=C1C3=CC=C(O)C=C3)=C(O)C=C(OC)C2,"Genkwanin
437-64-9
Gengkwanin
7-O-Methylapigenin
7-Methylapigenin
7-Methoxyapigenin
Apigenin 7-methyl ether
5,4'-Dihydroxy-7-methoxyflavone
5-hydroxy-2-(4-hydroxyphenyl)-7-methoxychromen-4-one
5K3I5D6B2B
DTXSID80195908
CHEBI:75718
5,4'-dihydroxy-7-methoxy-flavone
RefChem:142883
DTXCID80118399
4',5-Dihydroxy-7-methoxyflavone
Puddumetin
5-Hydroxy-2-(4-hydroxyphenyl)-7-methoxy-4H-chromen-4-one
4H-1-Benzopyran-4-one, 5-hydroxy-2-(4-hydroxyphenyl)-7-methoxy-
MFCD00017452
CHEMBL210635
5-hydroxy-2-(4-hydroxyphenyl)-7-methoxy-chromen-4-one
UNII-5K3I5D6B2B
Gonkwanin
Henquanin
4'',5-dihydroxy-7-methoxyflavone
7'O-methyl-apigenin
Genkwanin (Standard)
apigenin 7-methylether
Spectrum_000330
SpecPlus_000835
Spectrum2_001355
Spectrum3_001401
Spectrum4_001667
Spectrum5_000573
BSPBio_003042
KBioGR_002193
KBioSS_000810
DivK1c_006931
Genkwanin, analytical standard
SCHEMBL866123
SPBio_001569
orb1300267
4,5-Dihydroxy-7-methoxyflavone
Genkwanin, >=98% (HPLC)
SCHEMBL29445006
HY-N0731R
KBio1_001875
KBio2_000810
KBio2_003378
KBio2_005946
KBio3_002262
5-Hydroxy-2-(4-hydroxyphenyl)-7-methoxy-4H-1-benzopyran-4-one
HY-N0731
4'',5-dihydroxy-7-methoxy flavone
BDBM50187658
CCG-38838
LMPK12111018
MSK158067
s9287
AKOS015896775
Flavone, 4',5-dihydroxy-7-methoxy-
EBC-457056
FG23656
NCGC00178332-01
NCGC00178332-02
AC-34953
AS-60761
ST057642
DB-051163
CS-0009744
NS00083543
4',5-Dihydroxy-7-methoxyflavone, AldrichCPR
C10046
Q3050376
BRD-K29160894-001-02-9
5-Hydroxy-2-(4-hydroxyphenyl)-7-methoxy-4H-chromen-4-one #",5281617,C16H12O5,284.068473484,3.278000000000001,0,0,0,BTM00005,BTM00005,O-Dealkylation,BTMR0052,"CYP1A2
CYP2A6
CYP2C9
CYP2C19
CYP2D6
CYP2E1
CYP3A4",HUMAN,BTM00024,O1C=2C(C(=O)C=C1C3=CC=C(O)C=C3)=C(OC)C=C(OC)C2,"InChI=1S/C17H14O5/c1-20-12-7-15(21-2)17-13(19)9-14(22-16(17)8-12)10-3-5-11(18)6-4-10/h3-9,18H,1-2H3",ARICZLGTUHLTFQ-UHFFFAOYSA-N,3.5289999999999995,298.084123548
"InChI=1S/C17H14O6/c1-21-10-6-15(22-2)17-13(20)8-14(23-16(17)7-10)9-3-4-11(18)12(19)5-9/h3-8,18-19H,1-2H3",NKGJZNRUAGQIRY-UHFFFAOYSA-N,O1C=2C(C(=O)C=C1C3=CC=C(O)C(=C3)O)=C(OC)C=C(OC)C2,"90363-40-9
DTXSID50553399
2-(3,4-Dihydroxyphenyl)-5,7-dimethoxy-4H-1-benzopyran-4-one
RefChem:1061003
DTXCID30504182
5,7-Dimethoxyluteolin
2-(3,4-Dihydroxyphenyl)-5,7-dimethoxy-4H-chromen-4-one
4H-1-Benzopyran-4-one, 2-(3,4-dihydroxyphenyl)-5,7-dimethoxy-
MFCD18450948
3',4'-Dihydroxy-5,7-dimethoxyflavone
2-(3,4-DIHYDROXYPHENYL)-5,7-DIMETHOXYCHROMEN-4-ONE
CHEMBL1278226
orb1297039
QDA36340
AC8592
BDBM50330985
AKOS030552896
EBC-615717
DA-60404
MS-24608
PD156901
SY252781
HY-111928
CS-0094067
3?,4?-DIHYDROXY-5,7-DIMETHOXYFLAVONE
2-(3,4-dihydroxyphenyl)-5,7-dimethoxy-chromen-4-one
3 inverted exclamation mark ,4 inverted exclamation mark -Dihydroxy-5,7-dimethoxyflavone",13964548,C17H14O6,314.079038168,3.2615999999999987,0,0,0,BTM00109,BTM00109,"2-Hydroxylation of 1,4-disubstituted benzene",BTMR0037,CYP1A2,HUMAN,BTM00024,O1C=2C(C(=O)C=C1C3=CC=C(O)C=C3)=C(OC)C=C(OC)C2,"InChI=1S/C17H14O5/c1-20-12-7-15(21-2)17-13(19)9-14(22-16(17)8-12)10-3-5-11(18)6-4-10/h3-9,18H,1-2H3",ARICZLGTUHLTFQ-UHFFFAOYSA-N,3.5289999999999995,298.084123548
"InChI=1S/C17H14O6/c1-20-11-7-12(21-2)14-13(8-11)22-17(16(23-17)15(14)19)9-3-5-10(18)6-4-9/h3-8,16,18H,1-2H3",QTNRKDNMLGTMGH-UHFFFAOYSA-N,O1C=2C(C(=O)C3C1(C4=CC=C(O)C=C4)O3)=C(OC)C=C(OC)C2,,,C17H14O6,314.079038168,2.630799999999998,0,0,0,BTM00199,BTM00199,Epoxidation of vinyl ether,BTMR1026,"CYP1A2
CYP3A4",HUMAN,BTM00024,O1C=2C(C(=O)C=C1C3=CC=C(O)C=C3)=C(OC)C=C(OC)C2,"InChI=1S/C17H14O5/c1-20-12-7-15(21-2)17-13(19)9-14(22-16(17)8-12)10-3-5-11(18)6-4-10/h3-9,18H,1-2H3",ARICZLGTUHLTFQ-UHFFFAOYSA-N,3.5289999999999995,298.084123548
"InChI=1S/C16H12O5/c1-20-11-4-2-9(3-5-11)14-8-13(19)16-12(18)6-10(17)7-15(16)21-14/h2-8,17-18H,1H3",DANYIYRPLHHOCZ-UHFFFAOYSA-N,O1C=2C(C(=O)C=C1C3=CC=C(OC)C=C3)=C(O)C=C(O)C2,"acacetin
480-44-4
Linarigenin
5,7-Dihydroxy-4'-methoxyflavone
5,7-dihydroxy-2-(4-methoxyphenyl)chromen-4-one
4'-Methoxy-5,7-dihydroxyflavone
KWI7J0A2CC
DTXSID00197383
NSC-76061
CHEBI:15335
RefChem:551426
DTXCID10119874
207-552-3
Buddleoflavonol
5,7-Dihydroxy-2-(4-methoxyphenyl)-4H-chromen-4-one
4'-Methoxyapigenin
Acacetine
Linarisenin
Apigenin 4'-methyl ether
Akatsetin
5,7-Dioxy-4'-methoxyflavone
Apisenin 4'-methyl ether
Apigenin 4'-dimethyl ether
4H-1-BENZOPYRAN-4-ONE, 5,7-DIHYDROXY-2-(4-METHOXYPHENYL)-
4'-O-Methylapigenin
MFCD00016936
NSC 76061
Flavone, 5,7-dihydroxy-4'-methoxy-
ACAETIN
NSC76061
5,7-dihydroxy-2-(4-methoxyphenyl)-4h-1-benzopyran-4-one
5,7-Dihydroxy-2-(4-methoxyphenyl)-4-benzopyrone
MLS002693970
CHEMBL243664
2-(4-Methoxyphenyl)-5,7-dihydroxy-4H-1-benzopyran-4-one
SMR001233299
SR-01000841189
EINECS 207-552-3
UNII-KWI7J0A2CC
accacetin
BRN 0277879
Acaceztin
Acacetin?
4'-Methylapigenin
Prestwick_49
Acacetin (Standard)
4'-O-methyl apigenin
4'-O-methyl-apigenin
Kinome_3212
Spectrum_000135
ACACETIN [MI]
Prestwick0_000695
Prestwick1_000695
Prestwick2_000695
Prestwick3_000695
Spectrum5_000930
Acacetin, analytical standard
BSPBio_000849
KBioSS_000595
SPECTRUM200499
5-18-04-00575 (Beilstein Handbook Reference)
MLS002153960
DivK1c_000878
SCHEMBL107712
SPBio_002770
BPBio1_000935
orb1303480
SCHEMBL29387049
BCBcMAP01_000082
BDBM23415
GTPL13776
HMS502L20
HY-N0451R
KBio1_000878
KBio2_000595
KBio2_003163
KBio2_005731
APIGENIN-4'-METHYL ETHER
Flavone,7-dihydroxy-4'-methoxy-
NINDS_000878
HMS1570K11
HMS1922P12
HMS2097K11
HMS2234J17
HMS3374F03
Acacetin, >=97.0% (HPLC)
HY-N0451
MSK15637
LMPK12110468
s5318
AKOS015903365
CCG-208517
CS-5336
EBC-444074
FA16905
IDI1_000878
SMP1_000001
NCGC00016458-01
NCGC00016458-02
NCGC00016458-03
NCGC00016458-04
NCGC00016458-05
NCGC00095213-01
NCGC00095213-02
NCGC00095213-03
NCGC00179402-01
AC-33976
AS-70345
CAS-480-44-4
ST066889
SY067185
WLN: T66 BO EVJ CR DO1& GQ IQ
DB-051509
A3013
NS00031752
C01470
480A444
F241167
Q2822213
SR-01000841189-3
SR-01000841189-4
BRD-K77685744-001-03-6
BRD-K77685744-001-07-7
5,7-Dihydroxy-2-(4-methoxyphenyl)-4H-chromen-4-one #
4H-1-Benzopyran-4-one,7-dihydroxy-2-(4-methoxyphenyl)-
BE7185D3-6331-4E84-8C8E-5D10E505E37A",5280442,C16H12O5,284.068473484,3.278000000000001,0,0,0,BTM00007,BTM00007,O-Dealkylation,BTMR0052,"CYP1A2
CYP2A6
CYP2C9
CYP2C19
CYP2D6
CYP2E1
CYP3A4",HUMAN,BTM00025,O1C=2C(C(=O)C=C1C3=CC=C(OC)C=C3)=C(O)C=C(OC)C2,"InChI=1S/C17H14O5/c1-20-11-5-3-10(4-6-11)15-9-14(19)17-13(18)7-12(21-2)8-16(17)22-15/h3-9,18H,1-2H3",LZERJKGWTQYMBB-UHFFFAOYSA-N,3.5289999999999995,298.084123548
"InChI=1S/C16H12O5/c1-20-11-6-12(18)16-13(19)8-14(21-15(16)7-11)9-2-4-10(17)5-3-9/h2-8,17-18H,1H3",JPMYFOBNRRGFNO-UHFFFAOYSA-N,O1C=2C(C(=O)C=C1C3=CC=C(O)C=C3)=C(O)C=C(OC)C2,"Genkwanin
437-64-9
Gengkwanin
7-O-Methylapigenin
7-Methylapigenin
7-Methoxyapigenin
Apigenin 7-methyl ether
5,4'-Dihydroxy-7-methoxyflavone
5-hydroxy-2-(4-hydroxyphenyl)-7-methoxychromen-4-one
5K3I5D6B2B
DTXSID80195908
CHEBI:75718
5,4'-dihydroxy-7-methoxy-flavone
RefChem:142883
DTXCID80118399
4',5-Dihydroxy-7-methoxyflavone
Puddumetin
5-Hydroxy-2-(4-hydroxyphenyl)-7-methoxy-4H-chromen-4-one
4H-1-Benzopyran-4-one, 5-hydroxy-2-(4-hydroxyphenyl)-7-methoxy-
MFCD00017452
CHEMBL210635
5-hydroxy-2-(4-hydroxyphenyl)-7-methoxy-chromen-4-one
UNII-5K3I5D6B2B
Gonkwanin
Henquanin
4'',5-dihydroxy-7-methoxyflavone
7'O-methyl-apigenin
Genkwanin (Standard)
apigenin 7-methylether
Spectrum_000330
SpecPlus_000835
Spectrum2_001355
Spectrum3_001401
Spectrum4_001667
Spectrum5_000573
BSPBio_003042
KBioGR_002193
KBioSS_000810
DivK1c_006931
Genkwanin, analytical standard
SCHEMBL866123
SPBio_001569
orb1300267
4,5-Dihydroxy-7-methoxyflavone
Genkwanin, >=98% (HPLC)
SCHEMBL29445006
HY-N0731R
KBio1_001875
KBio2_000810
KBio2_003378
KBio2_005946
KBio3_002262
5-Hydroxy-2-(4-hydroxyphenyl)-7-methoxy-4H-1-benzopyran-4-one
HY-N0731
4'',5-dihydroxy-7-methoxy flavone
BDBM50187658
CCG-38838
LMPK12111018
MSK158067
s9287
AKOS015896775
Flavone, 4',5-dihydroxy-7-methoxy-
EBC-457056
FG23656
NCGC00178332-01
NCGC00178332-02
AC-34953
AS-60761
ST057642
DB-051163
CS-0009744
NS00083543
4',5-Dihydroxy-7-methoxyflavone, AldrichCPR
C10046
Q3050376
BRD-K29160894-001-02-9
5-Hydroxy-2-(4-hydroxyphenyl)-7-methoxy-4H-chromen-4-one #",5281617,C16H12O5,284.068473484,3.278000000000001,0,0,0,BTM00005,BTM00005,O-Dealkylation,BTMR0052,"CYP1A2
CYP2A6
CYP2C9
CYP2C19
CYP2D6
CYP2E1
CYP3A4",HUMAN,BTM00025,O1C=2C(C(=O)C=C1C3=CC=C(OC)C=C3)=C(O)C=C(OC)C2,"InChI=1S/C17H14O5/c1-20-11-5-3-10(4-6-11)15-9-14(19)17-13(18)7-12(21-2)8-16(17)22-15/h3-9,18H,1-2H3",LZERJKGWTQYMBB-UHFFFAOYSA-N,3.5289999999999995,298.084123548
"InChI=1S/C17H14O6/c1-21-10-6-12(19)17-13(20)8-15(23-16(17)7-10)9-3-4-14(22-2)11(18)5-9/h3-8,18-19H,1-2H3",UDBHJDTXPDRDNS-UHFFFAOYSA-N,O1C=2C(C(=O)C=C1C3=CC=C(OC)C(=C3)O)=C(O)C=C(OC)C2,"Pilloin
32174-62-2
5,3'-Dihydroxy-7,4'-dimethoxyflavone
3',5-Dihydroxy-4',7-dimethoxyflavone
DTXSID30185955
RefChem:910429
DTXCID70108446
Luteolin 7,4'-dimethyl ether
5-hydroxy-2-(3-hydroxy-4-methoxyphenyl)-7-methoxychromen-4-one
MFCD28100687
5-Hydroxy-2-(3-hydroxy-4-methoxyphenyl)-7-methoxy-4H-chromen-4-one
4H-1-Benzopyran-4-one, 5-hydroxy-2- (3-hydroxy-4-methoxyphenyl)-7-meth oxy-
4H-1-Benzopyran-4-one, 5-hydroxy-2-(3-hydroxy-4-methoxyphenyl)-7-methoxy-
diosmetin 7-methyl ether
4H-1-Benzopyran-4-one,5-hydroxy-2-(3-hydroxy-4-methoxyphenyl)-7-methoxy-
luteolin 4',7-dimethyl ether
CHEMBL483424
orb1684314
SCHEMBL26117114
CHEBI:192751
UDBHJDTXPDRDNS-UHFFFAOYSA-N
HBA17462
AC8415
LMPK12111057
NSC195196
5-Hydroxy-2-(3-hydroxy-4-methoxyphenyl)-7-methoxy-4H-1-benzopyran-4-one
AKOS032949116
FS-8806
NSC 195196
NSC-195196
SY252784
DS-015065
HY-111927
CS-0094066
5,3?-DIHYDROXY-7,4?-DIMETHOXYFLAVONE
5-hydroxy-2-(3-hydroxy-4-methoxy-phenyl)-7-methoxy-chromen-4-one
5-Hydroxy-2-(3-hydroxy-4-methoxyphenyl)-7-methoxy-4H-chromen-4-one #
5,3 inverted exclamation mark -Dihydroxy-7,4 inverted exclamation mark -dimethoxyflavone",5320496,C17H14O6,314.07903816799995,3.2615999999999987,0,0,0,BTM00099,BTM00099,"2-Hydroxylation of 1,4-disubstituted benzene",BTMR0037,CYP1A2,HUMAN,BTM00025,O1C=2C(C(=O)C=C1C3=CC=C(OC)C=C3)=C(O)C=C(OC)C2,"InChI=1S/C17H14O5/c1-20-11-5-3-10(4-6-11)15-9-14(19)17-13(18)7-12(21-2)8-16(17)22-15/h3-9,18H,1-2H3",LZERJKGWTQYMBB-UHFFFAOYSA-N,3.5289999999999995,298.084123548
"InChI=1S/C17H14O6/c1-20-10-5-3-9(4-6-10)17-16(23-17)15(19)14-12(18)7-11(21-2)8-13(14)22-17/h3-8,16,18H,1-2H3",HKEAEDBCFUOJKE-UHFFFAOYSA-N,O1C=2C(C(=O)C3C1(C4=CC=C(OC)C=C4)O3)=C(O)C=C(OC)C2,,,C17H14O6,314.07903816799995,2.630799999999998,0,0,0,BTM00200,BTM00200,Epoxidation of vinyl ether,BTMR1026,"CYP1A2
CYP3A4",HUMAN,BTM00025,O1C=2C(C(=O)C=C1C3=CC=C(OC)C=C3)=C(O)C=C(OC)C2,"InChI=1S/C17H14O5/c1-20-11-5-3-10(4-6-11)15-9-14(19)17-13(18)7-12(21-2)8-16(17)22-15/h3-9,18H,1-2H3",LZERJKGWTQYMBB-UHFFFAOYSA-N,3.5289999999999995,298.084123548
"InChI=1S/C16H12O5/c1-20-11-4-2-9(3-5-11)14-8-13(19)16-12(18)6-10(17)7-15(16)21-14/h2-8,17-18H,1H3",DANYIYRPLHHOCZ-UHFFFAOYSA-N,O1C=2C(C(=O)C=C1C3=CC=C(OC)C=C3)=C(O)C=C(O)C2,"acacetin
480-44-4
Linarigenin
5,7-Dihydroxy-4'-methoxyflavone
5,7-dihydroxy-2-(4-methoxyphenyl)chromen-4-one
4'-Methoxy-5,7-dihydroxyflavone
KWI7J0A2CC
DTXSID00197383
NSC-76061
CHEBI:15335
RefChem:551426
DTXCID10119874
207-552-3
Buddleoflavonol
5,7-Dihydroxy-2-(4-methoxyphenyl)-4H-chromen-4-one
4'-Methoxyapigenin
Acacetine
Linarisenin
Apigenin 4'-methyl ether
Akatsetin
5,7-Dioxy-4'-methoxyflavone
Apisenin 4'-methyl ether
Apigenin 4'-dimethyl ether
4H-1-BENZOPYRAN-4-ONE, 5,7-DIHYDROXY-2-(4-METHOXYPHENYL)-
4'-O-Methylapigenin
MFCD00016936
NSC 76061
Flavone, 5,7-dihydroxy-4'-methoxy-
ACAETIN
NSC76061
5,7-dihydroxy-2-(4-methoxyphenyl)-4h-1-benzopyran-4-one
5,7-Dihydroxy-2-(4-methoxyphenyl)-4-benzopyrone
MLS002693970
CHEMBL243664
2-(4-Methoxyphenyl)-5,7-dihydroxy-4H-1-benzopyran-4-one
SMR001233299
SR-01000841189
EINECS 207-552-3
UNII-KWI7J0A2CC
accacetin
BRN 0277879
Acaceztin
Acacetin?
4'-Methylapigenin
Prestwick_49
Acacetin (Standard)
4'-O-methyl apigenin
4'-O-methyl-apigenin
Kinome_3212
Spectrum_000135
ACACETIN [MI]
Prestwick0_000695
Prestwick1_000695
Prestwick2_000695
Prestwick3_000695
Spectrum5_000930
Acacetin, analytical standard
BSPBio_000849
KBioSS_000595
SPECTRUM200499
5-18-04-00575 (Beilstein Handbook Reference)
MLS002153960
DivK1c_000878
SCHEMBL107712
SPBio_002770
BPBio1_000935
orb1303480
SCHEMBL29387049
BCBcMAP01_000082
BDBM23415
GTPL13776
HMS502L20
HY-N0451R
KBio1_000878
KBio2_000595
KBio2_003163
KBio2_005731
APIGENIN-4'-METHYL ETHER
Flavone,7-dihydroxy-4'-methoxy-
NINDS_000878
HMS1570K11
HMS1922P12
HMS2097K11
HMS2234J17
HMS3374F03
Acacetin, >=97.0% (HPLC)
HY-N0451
MSK15637
LMPK12110468
s5318
AKOS015903365
CCG-208517
CS-5336
EBC-444074
FA16905
IDI1_000878
SMP1_000001
NCGC00016458-01
NCGC00016458-02
NCGC00016458-03
NCGC00016458-04
NCGC00016458-05
NCGC00095213-01
NCGC00095213-02
NCGC00095213-03
NCGC00179402-01
AC-33976
AS-70345
CAS-480-44-4
ST066889
SY067185
WLN: T66 BO EVJ CR DO1& GQ IQ
DB-051509
A3013
NS00031752
C01470
480A444
F241167
Q2822213
SR-01000841189-3
SR-01000841189-4
BRD-K77685744-001-03-6
BRD-K77685744-001-07-7
5,7-Dihydroxy-2-(4-methoxyphenyl)-4H-chromen-4-one #
4H-1-Benzopyran-4-one,7-dihydroxy-2-(4-methoxyphenyl)-
BE7185D3-6331-4E84-8C8E-5D10E505E37A",5280442,C16H12O5,284.068473484,3.278000000000001,0,0,0,BTM00007,BTM00007,O-Dealkylation,BTMR0052,"CYP1A2
CYP2A6
CYP2C9
CYP2C19
CYP2D6
CYP2E1
CYP3A4",HUMAN,BTM00028,O1C=2C(C(=O)C=C1C3=CC=C(OC)C=C3)=C(OC)C=C(O)C2,"InChI=1S/C17H14O5/c1-20-12-5-3-10(4-6-12)14-9-13(19)17-15(21-2)7-11(18)8-16(17)22-14/h3-9,18H,1-2H3",CYNUHRSKTJZUFW-UHFFFAOYSA-N,3.5289999999999995,298.084123548
"InChI=1S/C16H12O5/c1-20-14-6-11(18)7-15-16(14)12(19)8-13(21-15)9-2-4-10(17)5-3-9/h2-8,17-18H,1H3",YQABHAHJGSNVQR-UHFFFAOYSA-N,O1C=2C(C(=O)C=C1C3=CC=C(O)C=C3)=C(OC)C=C(O)C2,"Thevetiaflavone
29376-68-9
7-hydroxy-2-(4-hydroxyphenyl)-5-methoxychromen-4-one
RefChem:189228
5-o-methylapigenin
apigenin-5-methyl ether
4H-1-Benzopyran-4-one, 7-hydroxy-2-(4-hydroxyphenyl)-5-methoxy-
NSC719158
2-Genistein-5-methyl ether
CHEMBL182265
orb1707799
SCHEMBL2874033
5-methoxy-7,4'-dihydroxyflavone
7-hydroxy-2-(4-hydroxyphenyl)-5-methoxy-4H-chromen-4-one
HY-N1157
LMPK12110956
7,4'-dihydroxy-5-methoxy-isoflavone
AKOS040740935
NSC-719158
(2S)-7,4'-dihydroxy-5-methoxyflavone
FT139054
MS-24040
NCI60_040953
PD100264
DB-229427
CS-0016447
E88819
7-hydroxy-2-(4-hydroxyphenyl)-5-methoxy-chromen-4-one",5315202,C16H12O5,284.068473484,3.278000000000001,0,0,0,BTM00006,BTM00006,O-Dealkylation,BTMR0052,"CYP1A2
CYP2A6
CYP2C9
CYP2C19
CYP2D6
CYP2E1
CYP3A4",HUMAN,BTM00028,O1C=2C(C(=O)C=C1C3=CC=C(OC)C=C3)=C(OC)C=C(O)C2,"InChI=1S/C17H14O5/c1-20-12-5-3-10(4-6-12)14-9-13(19)17-15(21-2)7-11(18)8-16(17)22-14/h3-9,18H,1-2H3",CYNUHRSKTJZUFW-UHFFFAOYSA-N,3.5289999999999995,298.084123548
"InChI=1S/C17H14O6/c1-21-13-4-3-9(5-11(13)19)14-8-12(20)17-15(22-2)6-10(18)7-16(17)23-14/h3-8,18-19H,1-2H3",QRQBJVXKGOVPPF-UHFFFAOYSA-N,O1C=2C(C(=O)C=C1C3=CC=C(OC)C(=C3)O)=C(OC)C=C(O)C2,"7,3'-Dihydroxy-5,4'-dimethoxyflavone
RefChem:105502
72629-61-9
CHEMBL181384
LMPK12110968",13964547,C17H14O6,314.079038168,3.2615999999999987,0,0,0,BTM00100,BTM00100,"2-Hydroxylation of 1,4-disubstituted benzene",BTMR0037,CYP1A2,HUMAN,BTM00028,O1C=2C(C(=O)C=C1C3=CC=C(OC)C=C3)=C(OC)C=C(O)C2,"InChI=1S/C17H14O5/c1-20-12-5-3-10(4-6-12)14-9-13(19)17-15(21-2)7-11(18)8-16(17)22-14/h3-9,18H,1-2H3",CYNUHRSKTJZUFW-UHFFFAOYSA-N,3.5289999999999995,298.084123548
"InChI=1S/C17H14O6/c1-20-11-5-3-9(4-6-11)17-16(23-17)15(19)14-12(21-2)7-10(18)8-13(14)22-17/h3-8,16,18H,1-2H3",GJVUVMTUNSLHTD-UHFFFAOYSA-N,O1C=2C(C(=O)C3C1(C4=CC=C(OC)C=C4)O3)=C(OC)C=C(O)C2,,,C17H14O6,314.079038168,2.630799999999998,0,0,0,BTM00201,BTM00201,Epoxidation of vinyl ether,BTMR1026,"CYP1A2
CYP3A4",HUMAN,BTM00028,O1C=2C(C(=O)C=C1C3=CC=C(OC)C=C3)=C(OC)C=C(O)C2,"InChI=1S/C17H14O5/c1-20-12-5-3-10(4-6-12)14-9-13(19)17-15(21-2)7-11(18)8-16(17)22-14/h3-9,18H,1-2H3",CYNUHRSKTJZUFW-UHFFFAOYSA-N,3.5289999999999995,298.084123548
"InChI=1S/C15H10O6/c16-8-4-11(19)15-12(20)6-13(21-14(15)5-8)7-1-2-9(17)10(18)3-7/h1-6,16-19H",IQPNAANSBPBGFQ-UHFFFAOYSA-N,O1C=2C(C(=O)C=C1C3=CC=C(O)C(=C3)O)=C(O)C=C(O)C2,"luteolin
491-70-3
3',4',5,7-Tetrahydroxyflavone
Digitoflavone
Luteolol
2-(3,4-Dihydroxyphenyl)-5,7-dihydroxy-4H-chromen-4-one
Flacitran
Luteoline
Salifazide
Yama kariyasu
Weld Lake
5,7,3',4'-Tetrahydroxyflavone
Cyanidenon-1470
2-(3,4-dihydroxyphenyl)-5,7-dihydroxychromen-4-one
4H-1-Benzopyran-4-one, 2-(3,4-dihydroxyphenyl)-5,7-dihydroxy-
2-(3,4-Dihydroxyphenyl)-5,7-dihydroxy-4-benzopyrone
KUX1ZNC9J2
DTXSID4074988
CHEBI:15864
3',4',5,7-Tetrahydroxy-Flavone
RefChem:6458
DTXCID6040668
207-741-0
Cyanidenon 1470
Bismite
MFCD00017309
Luteolin (Standard)
2-(3,4-dihydroxyphenyl)-5,7-dihydroxy-4H-1-benzopyran-4-one
CHEMBL151
2-(3,4-dihydroxyphenyl)-5,7-dihydroxy-chromen-4-one
FLAVONE, 3',4',5,7-TETRAHYDROXY-
2-(3,4-Dihydroxyphenyl)-5,7-dihydroxy-4-chromenone
1318-21-4
C.I. Natural Yellow 2
SMR000326896
7-Tetrahydroxyflavone
CCRIS 3790
SR-01000779333
EINECS 207-741-0
UNII-KUX1ZNC9J2
BRN 0292084
Luteoin
Daphneflavonol;
Digitoflavone;
Lutl
Flavopurpol;
Luteolin?
C.I. 75590
4dew
4dgn
4hkn
LU2
Prestwick_122
DIOSMETIN_met006
LUTEOLIN [MI]
Prestwick0_000870
Prestwick1_000870
Prestwick2_000870
Prestwick3_000870
LUTEOLIN [WHO-DD]
BIDD:PXR0059
Lopac0_000660
Oprea1_849964
SCHEMBL20426
BSPBio_000919
Luteolin, analytical standard
MLS000697655
MLS000860038
MLS002154043
MLS006011917
BIDD:ER0122
SPBio_002840
BDBM7459
BPBio1_001011
GTPL5215
MEGxp0_000143
orb1310014
SCHEMBL29352380
SCHEMBL29376494
SCHEMBL30045580
ACon1_000223
cid_5280445
HY-N0162R
GLXC-06558
HMS1570N21
HMS2097N21
HMS2220C06
HMS3356L02
HMS3561N09
HMS3649N21
HMS3656A05
HMS3714N21
HMS5080H10
Luteolin, >=99.0% (TLC)
BB_NC-01244
HY-N0162
MSK40243
TNP00073
Luteolin, >=98% (TLC), powder
BBL027837
EBC-11086
LMPK12110006
s2320
SBB066117
STK801923
AKOS002140588
AC-1125
CCG-208309
CS-4611
DB15584
FL24959
KS-5202
Luteolin 100 microg/mL in Acetonitrile
SMP2_000042
NCGC00016467-01
NCGC00016467-02
NCGC00016467-03
NCGC00016467-04
NCGC00016467-05
NCGC00016467-06
NCGC00016467-07
NCGC00016467-08
NCGC00016467-12
NCGC00016467-21
NCGC00142375-01
NCGC00142375-02
NCGC00142375-03
NCGC00179375-01
NCGC00179375-02
CAS-491-70-3
ST024703
SY030155
CS-0694839
NS00015143
SW196433-3
T2682
91L703
C01514
L 9283
S00110
EN300-1659559
AM-721/20737006
F079506
Luteolin, primary pharmaceutical reference standard
Q415011
SR-01000779333-4
SR-01000779333-5
SR-01000779333-7
BRD-K05236810-001-05-9
BRD-K05236810-001-19-0
23A002A4-B47B-46CD-848C-65042EACF3FF
Z1741977179
2-(3,4-Dihydroxyphenyl)-5,7-dihydroxy-4H-benzopyrone-4-one
2-(3,4-Dihydroxyphenyl)-5,7-dihydroxy-4H-chromen-4-one #
4H-Benzopyran-4-one, 2-(3,4-dihydroxyphenyl)-5,7-dihydroxy-
Luteolin (Digitoflavone; Daphneflavonol; Flavopurpol; Luteolol)",5280445,C15H10O6,286.04773803999996,2.7596,0,1,1,BTM00008,BTM00008,Oxidation of secondary alcohol to ketone,BTMR0079,"CYP1A2
CYP2C9
CYP2C19",HUMAN,BTM00031,O1C=2C(C(O)C=C1C3=CC=C(O)C(=C3)O)=C(O)C=C(O)C2,"InChI=1S/C15H12O6/c16-8-4-11(19)15-12(20)6-13(21-14(15)5-8)7-1-2-9(17)10(18)3-7/h1-6,12,16-20H",CKVHUHNHULERKW-UHFFFAOYSA-N,1.6704000000000006,288.06338810399996
"InChI=1S/C15H12O7/c16-7-4-10(19)12-11(5-7)21-15(14(22-15)13(12)20)6-1-2-8(17)9(18)3-6/h1-5,13-14,16-20H",MCYSJRFDKBTKJI-UHFFFAOYSA-N,O1C=2C(C(O)C3C1(C4=CC=C(O)C(=C4)O)O3)=C(O)C=C(O)C2,,,C15H12O7,304.058302724,1.4649000000000003,0,1,1,BTM00202,BTM00202,Epoxidation of vinyl ether,BTMR1026,"CYP1A2
CYP3A4",HUMAN,BTM00031,O1C=2C(C(O)C=C1C3=CC=C(O)C(=C3)O)=C(O)C=C(O)C2,"InChI=1S/C15H12O6/c16-8-4-11(19)15-12(20)6-13(21-14(15)5-8)7-1-2-9(17)10(18)3-7/h1-6,12,16-20H",CKVHUHNHULERKW-UHFFFAOYSA-N,1.6704000000000006,288.06338810399996
"InChI=1S/C15H10O6/c16-8-4-11(19)15-12(20)6-13(21-14(15)5-8)7-1-2-9(17)10(18)3-7/h1-6,16-19H",IQPNAANSBPBGFQ-UHFFFAOYSA-N,O1C=2C(C(=O)C=C1C3=CC=C(O)C(=C3)O)=C(O)C=C(O)C2,"luteolin
491-70-3
3',4',5,7-Tetrahydroxyflavone
Digitoflavone
Luteolol
2-(3,4-Dihydroxyphenyl)-5,7-dihydroxy-4H-chromen-4-one
Flacitran
Luteoline
Salifazide
Yama kariyasu
Weld Lake
5,7,3',4'-Tetrahydroxyflavone
Cyanidenon-1470
2-(3,4-dihydroxyphenyl)-5,7-dihydroxychromen-4-one
4H-1-Benzopyran-4-one, 2-(3,4-dihydroxyphenyl)-5,7-dihydroxy-
2-(3,4-Dihydroxyphenyl)-5,7-dihydroxy-4-benzopyrone
KUX1ZNC9J2
DTXSID4074988
CHEBI:15864
3',4',5,7-Tetrahydroxy-Flavone
RefChem:6458
DTXCID6040668
207-741-0
Cyanidenon 1470
Bismite
MFCD00017309
Luteolin (Standard)
2-(3,4-dihydroxyphenyl)-5,7-dihydroxy-4H-1-benzopyran-4-one
CHEMBL151
2-(3,4-dihydroxyphenyl)-5,7-dihydroxy-chromen-4-one
FLAVONE, 3',4',5,7-TETRAHYDROXY-
2-(3,4-Dihydroxyphenyl)-5,7-dihydroxy-4-chromenone
1318-21-4
C.I. Natural Yellow 2
SMR000326896
7-Tetrahydroxyflavone
CCRIS 3790
SR-01000779333
EINECS 207-741-0
UNII-KUX1ZNC9J2
BRN 0292084
Luteoin
Daphneflavonol;
Digitoflavone;
Lutl
Flavopurpol;
Luteolin?
C.I. 75590
4dew
4dgn
4hkn
LU2
Prestwick_122
DIOSMETIN_met006
LUTEOLIN [MI]
Prestwick0_000870
Prestwick1_000870
Prestwick2_000870
Prestwick3_000870
LUTEOLIN [WHO-DD]
BIDD:PXR0059
Lopac0_000660
Oprea1_849964
SCHEMBL20426
BSPBio_000919
Luteolin, analytical standard
MLS000697655
MLS000860038
MLS002154043
MLS006011917
BIDD:ER0122
SPBio_002840
BDBM7459
BPBio1_001011
GTPL5215
MEGxp0_000143
orb1310014
SCHEMBL29352380
SCHEMBL29376494
SCHEMBL30045580
ACon1_000223
cid_5280445
HY-N0162R
GLXC-06558
HMS1570N21
HMS2097N21
HMS2220C06
HMS3356L02
HMS3561N09
HMS3649N21
HMS3656A05
HMS3714N21
HMS5080H10
Luteolin, >=99.0% (TLC)
BB_NC-01244
HY-N0162
MSK40243
TNP00073
Luteolin, >=98% (TLC), powder
BBL027837
EBC-11086
LMPK12110006
s2320
SBB066117
STK801923
AKOS002140588
AC-1125
CCG-208309
CS-4611
DB15584
FL24959
KS-5202
Luteolin 100 microg/mL in Acetonitrile
SMP2_000042
NCGC00016467-01
NCGC00016467-02
NCGC00016467-03
NCGC00016467-04
NCGC00016467-05
NCGC00016467-06
NCGC00016467-07
NCGC00016467-08
NCGC00016467-12
NCGC00016467-21
NCGC00142375-01
NCGC00142375-02
NCGC00142375-03
NCGC00179375-01
NCGC00179375-02
CAS-491-70-3
ST024703
SY030155
CS-0694839
NS00015143
SW196433-3
T2682
91L703
C01514
L 9283
S00110
EN300-1659559
AM-721/20737006
F079506
Luteolin, primary pharmaceutical reference standard
Q415011
SR-01000779333-4
SR-01000779333-5
SR-01000779333-7
BRD-K05236810-001-05-9
BRD-K05236810-001-19-0
23A002A4-B47B-46CD-848C-65042EACF3FF
Z1741977179
2-(3,4-Dihydroxyphenyl)-5,7-dihydroxy-4H-benzopyrone-4-one
2-(3,4-Dihydroxyphenyl)-5,7-dihydroxy-4H-chromen-4-one #
4H-Benzopyran-4-one, 2-(3,4-dihydroxyphenyl)-5,7-dihydroxy-
Luteolin (Digitoflavone; Daphneflavonol; Flavopurpol; Luteolol)",5280445,C15H10O6,286.04773803999996,2.7596,0,1,1,BTM00008,BTM00008,O-Dealkylation,BTMR0052,"CYP1A2
CYP2A6
CYP2C9
CYP2C19
CYP2D6
CYP2E1
CYP3A4",HUMAN,BTM00032,O1C=2C(C(=O)C=C1C3=CC=C(OC)C(=C3)O)=C(O)C=C(O)C2,"InChI=1S/C16H12O6/c1-21-13-3-2-8(4-10(13)18)14-7-12(20)16-11(19)5-9(17)6-15(16)22-14/h2-7,17-19H,1H3",MBNGWHIJMBWFHU-UHFFFAOYSA-N,3.0106,300.06338810399996
"InChI=1S/C16H12O7/c1-21-11-3-2-7(4-9(11)18)16-15(23-16)14(20)13-10(19)5-8(17)6-12(13)22-16/h2-6,15,17-19H,1H3",TVYKVWFIGGJQLM-UHFFFAOYSA-N,O1C=2C(C(=O)C3C1(C4=CC=C(OC)C(=C4)O)O3)=C(O)C=C(O)C2,,,C16H12O7,316.058302724,2.1123999999999996,0,1,1,BTM00203,BTM00203,Epoxidation of vinyl ether,BTMR1026,"CYP1A2
CYP3A4",HUMAN,BTM00032,O1C=2C(C(=O)C=C1C3=CC=C(OC)C(=C3)O)=C(O)C=C(O)C2,"InChI=1S/C16H12O6/c1-21-13-3-2-8(4-10(13)18)14-7-12(20)16-11(19)5-9(17)6-15(16)22-14/h2-7,17-19H,1H3",MBNGWHIJMBWFHU-UHFFFAOYSA-N,3.0106,300.06338810399996
"InChI=1S/C15H10O6/c16-8-4-11(19)15-12(20)6-13(21-14(15)5-8)7-1-2-9(17)10(18)3-7/h1-6,16-19H",IQPNAANSBPBGFQ-UHFFFAOYSA-N,O1C=2C(C(=O)C=C1C3=CC=C(O)C(=C3)O)=C(O)C=C(O)C2,"luteolin
491-70-3
3',4',5,7-Tetrahydroxyflavone
Digitoflavone
Luteolol
2-(3,4-Dihydroxyphenyl)-5,7-dihydroxy-4H-chromen-4-one
Flacitran
Luteoline
Salifazide
Yama kariyasu
Weld Lake
5,7,3',4'-Tetrahydroxyflavone
Cyanidenon-1470
2-(3,4-dihydroxyphenyl)-5,7-dihydroxychromen-4-one
4H-1-Benzopyran-4-one, 2-(3,4-dihydroxyphenyl)-5,7-dihydroxy-
2-(3,4-Dihydroxyphenyl)-5,7-dihydroxy-4-benzopyrone
KUX1ZNC9J2
DTXSID4074988
CHEBI:15864
3',4',5,7-Tetrahydroxy-Flavone
RefChem:6458
DTXCID6040668
207-741-0
Cyanidenon 1470
Bismite
MFCD00017309
Luteolin (Standard)
2-(3,4-dihydroxyphenyl)-5,7-dihydroxy-4H-1-benzopyran-4-one
CHEMBL151
2-(3,4-dihydroxyphenyl)-5,7-dihydroxy-chromen-4-one
FLAVONE, 3',4',5,7-TETRAHYDROXY-
2-(3,4-Dihydroxyphenyl)-5,7-dihydroxy-4-chromenone
1318-21-4
C.I. Natural Yellow 2
SMR000326896
7-Tetrahydroxyflavone
CCRIS 3790
SR-01000779333
EINECS 207-741-0
UNII-KUX1ZNC9J2
BRN 0292084
Luteoin
Daphneflavonol;
Digitoflavone;
Lutl
Flavopurpol;
Luteolin?
C.I. 75590
4dew
4dgn
4hkn
LU2
Prestwick_122
DIOSMETIN_met006
LUTEOLIN [MI]
Prestwick0_000870
Prestwick1_000870
Prestwick2_000870
Prestwick3_000870
LUTEOLIN [WHO-DD]
BIDD:PXR0059
Lopac0_000660
Oprea1_849964
SCHEMBL20426
BSPBio_000919
Luteolin, analytical standard
MLS000697655
MLS000860038
MLS002154043
MLS006011917
BIDD:ER0122
SPBio_002840
BDBM7459
BPBio1_001011
GTPL5215
MEGxp0_000143
orb1310014
SCHEMBL29352380
SCHEMBL29376494
SCHEMBL30045580
ACon1_000223
cid_5280445
HY-N0162R
GLXC-06558
HMS1570N21
HMS2097N21
HMS2220C06
HMS3356L02
HMS3561N09
HMS3649N21
HMS3656A05
HMS3714N21
HMS5080H10
Luteolin, >=99.0% (TLC)
BB_NC-01244
HY-N0162
MSK40243
TNP00073
Luteolin, >=98% (TLC), powder
BBL027837
EBC-11086
LMPK12110006
s2320
SBB066117
STK801923
AKOS002140588
AC-1125
CCG-208309
CS-4611
DB15584
FL24959
KS-5202
Luteolin 100 microg/mL in Acetonitrile
SMP2_000042
NCGC00016467-01
NCGC00016467-02
NCGC00016467-03
NCGC00016467-04
NCGC00016467-05
NCGC00016467-06
NCGC00016467-07
NCGC00016467-08
NCGC00016467-12
NCGC00016467-21
NCGC00142375-01
NCGC00142375-02
NCGC00142375-03
NCGC00179375-01
NCGC00179375-02
CAS-491-70-3
ST024703
SY030155
CS-0694839
NS00015143
SW196433-3
T2682
91L703
C01514
L 9283
S00110
EN300-1659559
AM-721/20737006
F079506
Luteolin, primary pharmaceutical reference standard
Q415011
SR-01000779333-4
SR-01000779333-5
SR-01000779333-7
BRD-K05236810-001-05-9
BRD-K05236810-001-19-0
23A002A4-B47B-46CD-848C-65042EACF3FF
Z1741977179
2-(3,4-Dihydroxyphenyl)-5,7-dihydroxy-4H-benzopyrone-4-one
2-(3,4-Dihydroxyphenyl)-5,7-dihydroxy-4H-chromen-4-one #
4H-Benzopyran-4-one, 2-(3,4-dihydroxyphenyl)-5,7-dihydroxy-
Luteolin (Digitoflavone; Daphneflavonol; Flavopurpol; Luteolol)",5280445,C15H10O6,286.04773803999996,2.7596,0,1,1,BTM00008,BTM00008,O-Dealkylation,BTMR0052,"CYP1A2
CYP2A6
CYP2C9
CYP2C19
CYP2D6
CYP2E1
CYP3A4",HUMAN,BTM00033,O1C=2C(C(=O)C=C1C3=CC=C(O)C(=C3)OC)=C(O)C=C(O)C2,"InChI=1S/C16H12O6/c1-21-14-4-8(2-3-10(14)18)13-7-12(20)16-11(19)5-9(17)6-15(16)22-13/h2-7,17-19H,1H3",SCZVLDHREVKTSH-UHFFFAOYSA-N,3.0106,300.06338810399996
"InChI=1S/C16H12O7/c1-21-11-4-7(2-3-9(11)18)16-15(23-16)14(20)13-10(19)5-8(17)6-12(13)22-16/h2-6,15,17-19H,1H3",KTMYRLBKWXPEGS-UHFFFAOYSA-N,O1C=2C(C(=O)C3C1(C4=CC=C(O)C(=C4)OC)O3)=C(O)C=C(O)C2,,,C16H12O7,316.058302724,2.1123999999999996,0,1,1,BTM00204,BTM00204,Epoxidation of vinyl ether,BTMR1026,"CYP1A2
CYP3A4",HUMAN,BTM00033,O1C=2C(C(=O)C=C1C3=CC=C(O)C(=C3)OC)=C(O)C=C(O)C2,"InChI=1S/C16H12O6/c1-21-14-4-8(2-3-10(14)18)13-7-12(20)16-11(19)5-9(17)6-15(16)22-13/h2-7,17-19H,1H3",SCZVLDHREVKTSH-UHFFFAOYSA-N,3.0106,300.06338810399996
"InChI=1S/C15H10O6/c16-8-4-11(19)15-12(20)6-13(21-14(15)5-8)7-1-2-9(17)10(18)3-7/h1-6,16-19H",IQPNAANSBPBGFQ-UHFFFAOYSA-N,O1C=2C(C(=O)C=C1C3=CC=C(O)C(=C3)O)=C(O)C=C(O)C2,"luteolin
491-70-3
3',4',5,7-Tetrahydroxyflavone
Digitoflavone
Luteolol
2-(3,4-Dihydroxyphenyl)-5,7-dihydroxy-4H-chromen-4-one
Flacitran
Luteoline
Salifazide
Yama kariyasu
Weld Lake
5,7,3',4'-Tetrahydroxyflavone
Cyanidenon-1470
2-(3,4-dihydroxyphenyl)-5,7-dihydroxychromen-4-one
4H-1-Benzopyran-4-one, 2-(3,4-dihydroxyphenyl)-5,7-dihydroxy-
2-(3,4-Dihydroxyphenyl)-5,7-dihydroxy-4-benzopyrone
KUX1ZNC9J2
DTXSID4074988
CHEBI:15864
3',4',5,7-Tetrahydroxy-Flavone
RefChem:6458
DTXCID6040668
207-741-0
Cyanidenon 1470
Bismite
MFCD00017309
Luteolin (Standard)
2-(3,4-dihydroxyphenyl)-5,7-dihydroxy-4H-1-benzopyran-4-one
CHEMBL151
2-(3,4-dihydroxyphenyl)-5,7-dihydroxy-chromen-4-one
FLAVONE, 3',4',5,7-TETRAHYDROXY-
2-(3,4-Dihydroxyphenyl)-5,7-dihydroxy-4-chromenone
1318-21-4
C.I. Natural Yellow 2
SMR000326896
7-Tetrahydroxyflavone
CCRIS 3790
SR-01000779333
EINECS 207-741-0
UNII-KUX1ZNC9J2
BRN 0292084
Luteoin
Daphneflavonol;
Digitoflavone;
Lutl
Flavopurpol;
Luteolin?
C.I. 75590
4dew
4dgn
4hkn
LU2
Prestwick_122
DIOSMETIN_met006
LUTEOLIN [MI]
Prestwick0_000870
Prestwick1_000870
Prestwick2_000870
Prestwick3_000870
LUTEOLIN [WHO-DD]
BIDD:PXR0059
Lopac0_000660
Oprea1_849964
SCHEMBL20426
BSPBio_000919
Luteolin, analytical standard
MLS000697655
MLS000860038
MLS002154043
MLS006011917
BIDD:ER0122
SPBio_002840
BDBM7459
BPBio1_001011
GTPL5215
MEGxp0_000143
orb1310014
SCHEMBL29352380
SCHEMBL29376494
SCHEMBL30045580
ACon1_000223
cid_5280445
HY-N0162R
GLXC-06558
HMS1570N21
HMS2097N21
HMS2220C06
HMS3356L02
HMS3561N09
HMS3649N21
HMS3656A05
HMS3714N21
HMS5080H10
Luteolin, >=99.0% (TLC)
BB_NC-01244
HY-N0162
MSK40243
TNP00073
Luteolin, >=98% (TLC), powder
BBL027837
EBC-11086
LMPK12110006
s2320
SBB066117
STK801923
AKOS002140588
AC-1125
CCG-208309
CS-4611
DB15584
FL24959
KS-5202
Luteolin 100 microg/mL in Acetonitrile
SMP2_000042
NCGC00016467-01
NCGC00016467-02
NCGC00016467-03
NCGC00016467-04
NCGC00016467-05
NCGC00016467-06
NCGC00016467-07
NCGC00016467-08
NCGC00016467-12
NCGC00016467-21
NCGC00142375-01
NCGC00142375-02
NCGC00142375-03
NCGC00179375-01
NCGC00179375-02
CAS-491-70-3
ST024703
SY030155
CS-0694839
NS00015143
SW196433-3
T2682
91L703
C01514
L 9283
S00110
EN300-1659559
AM-721/20737006
F079506
Luteolin, primary pharmaceutical reference standard
Q415011
SR-01000779333-4
SR-01000779333-5
SR-01000779333-7
BRD-K05236810-001-05-9
BRD-K05236810-001-19-0
23A002A4-B47B-46CD-848C-65042EACF3FF
Z1741977179
2-(3,4-Dihydroxyphenyl)-5,7-dihydroxy-4H-benzopyrone-4-one
2-(3,4-Dihydroxyphenyl)-5,7-dihydroxy-4H-chromen-4-one #
4H-Benzopyran-4-one, 2-(3,4-dihydroxyphenyl)-5,7-dihydroxy-
Luteolin (Digitoflavone; Daphneflavonol; Flavopurpol; Luteolol)",5280445,C15H10O6,286.04773803999996,2.7596,0,1,1,BTM00008,BTM00008,O-Dealkylation,BTMR0052,"CYP1A2
CYP2A6
CYP2C9
CYP2C19
CYP2D6
CYP2E1
CYP3A4",HUMAN,BTM00038,O1C=2C(C(=O)C=C1C3=CC=C(O)C(=C3)O)=C(O)C=C(OC)C2,"InChI=1S/C16H12O6/c1-21-9-5-12(19)16-13(20)7-14(22-15(16)6-9)8-2-3-10(17)11(18)4-8/h2-7,17-19H,1H3",RRRSSAVLTCVNIQ-UHFFFAOYSA-N,3.0106,300.06338810399996
"InChI=1S/C16H12O7/c1-21-8-5-11(19)13-12(6-8)22-16(15(23-16)14(13)20)7-2-3-9(17)10(18)4-7/h2-6,15,17-19H,1H3",GJHGQXKPGBXTNE-UHFFFAOYSA-N,O1C=2C(C(=O)C3C1(C4=CC=C(O)C(=C4)O)O3)=C(O)C=C(OC)C2,,,C16H12O7,316.058302724,2.1123999999999996,0,1,1,BTM00205,BTM00205,Epoxidation of vinyl ether,BTMR1026,"CYP1A2
CYP3A4",HUMAN,BTM00038,O1C=2C(C(=O)C=C1C3=CC=C(O)C(=C3)O)=C(O)C=C(OC)C2,"InChI=1S/C16H12O6/c1-21-9-5-12(19)16-13(20)7-14(22-15(16)6-9)8-2-3-10(17)11(18)4-8/h2-7,17-19H,1H3",RRRSSAVLTCVNIQ-UHFFFAOYSA-N,3.0106,300.06338810399996
"InChI=1S/C15H10O6/c16-8-4-11(19)15-12(20)6-13(21-14(15)5-8)7-1-2-9(17)10(18)3-7/h1-6,16-19H",IQPNAANSBPBGFQ-UHFFFAOYSA-N,O1C=2C(C(=O)C=C1C3=CC=C(O)C(=C3)O)=C(O)C=C(O)C2,"luteolin
491-70-3
3',4',5,7-Tetrahydroxyflavone
Digitoflavone
Luteolol
2-(3,4-Dihydroxyphenyl)-5,7-dihydroxy-4H-chromen-4-one
Flacitran
Luteoline
Salifazide
Yama kariyasu
Weld Lake
5,7,3',4'-Tetrahydroxyflavone
Cyanidenon-1470
2-(3,4-dihydroxyphenyl)-5,7-dihydroxychromen-4-one
4H-1-Benzopyran-4-one, 2-(3,4-dihydroxyphenyl)-5,7-dihydroxy-
2-(3,4-Dihydroxyphenyl)-5,7-dihydroxy-4-benzopyrone
KUX1ZNC9J2
DTXSID4074988
CHEBI:15864
3',4',5,7-Tetrahydroxy-Flavone
RefChem:6458
DTXCID6040668
207-741-0
Cyanidenon 1470
Bismite
MFCD00017309
Luteolin (Standard)
2-(3,4-dihydroxyphenyl)-5,7-dihydroxy-4H-1-benzopyran-4-one
CHEMBL151
2-(3,4-dihydroxyphenyl)-5,7-dihydroxy-chromen-4-one
FLAVONE, 3',4',5,7-TETRAHYDROXY-
2-(3,4-Dihydroxyphenyl)-5,7-dihydroxy-4-chromenone
1318-21-4
C.I. Natural Yellow 2
SMR000326896
7-Tetrahydroxyflavone
CCRIS 3790
SR-01000779333
EINECS 207-741-0
UNII-KUX1ZNC9J2
BRN 0292084
Luteoin
Daphneflavonol;
Digitoflavone;
Lutl
Flavopurpol;
Luteolin?
C.I. 75590
4dew
4dgn
4hkn
LU2
Prestwick_122
DIOSMETIN_met006
LUTEOLIN [MI]
Prestwick0_000870
Prestwick1_000870
Prestwick2_000870
Prestwick3_000870
LUTEOLIN [WHO-DD]
BIDD:PXR0059
Lopac0_000660
Oprea1_849964
SCHEMBL20426
BSPBio_000919
Luteolin, analytical standard
MLS000697655
MLS000860038
MLS002154043
MLS006011917
BIDD:ER0122
SPBio_002840
BDBM7459
BPBio1_001011
GTPL5215
MEGxp0_000143
orb1310014
SCHEMBL29352380
SCHEMBL29376494
SCHEMBL30045580
ACon1_000223
cid_5280445
HY-N0162R
GLXC-06558
HMS1570N21
HMS2097N21
HMS2220C06
HMS3356L02
HMS3561N09
HMS3649N21
HMS3656A05
HMS3714N21
HMS5080H10
Luteolin, >=99.0% (TLC)
BB_NC-01244
HY-N0162
MSK40243
TNP00073
Luteolin, >=98% (TLC), powder
BBL027837
EBC-11086
LMPK12110006
s2320
SBB066117
STK801923
AKOS002140588
AC-1125
CCG-208309
CS-4611
DB15584
FL24959
KS-5202
Luteolin 100 microg/mL in Acetonitrile
SMP2_000042
NCGC00016467-01
NCGC00016467-02
NCGC00016467-03
NCGC00016467-04
NCGC00016467-05
NCGC00016467-06
NCGC00016467-07
NCGC00016467-08
NCGC00016467-12
NCGC00016467-21
NCGC00142375-01
NCGC00142375-02
NCGC00142375-03
NCGC00179375-01
NCGC00179375-02
CAS-491-70-3
ST024703
SY030155
CS-0694839
NS00015143
SW196433-3
T2682
91L703
C01514
L 9283
S00110
EN300-1659559
AM-721/20737006
F079506
Luteolin, primary pharmaceutical reference standard
Q415011
SR-01000779333-4
SR-01000779333-5
SR-01000779333-7
BRD-K05236810-001-05-9
BRD-K05236810-001-19-0
23A002A4-B47B-46CD-848C-65042EACF3FF
Z1741977179
2-(3,4-Dihydroxyphenyl)-5,7-dihydroxy-4H-benzopyrone-4-one
2-(3,4-Dihydroxyphenyl)-5,7-dihydroxy-4H-chromen-4-one #
4H-Benzopyran-4-one, 2-(3,4-dihydroxyphenyl)-5,7-dihydroxy-
Luteolin (Digitoflavone; Daphneflavonol; Flavopurpol; Luteolol)",5280445,C15H10O6,286.04773803999996,2.7596,0,1,1,BTM00008,BTM00008,O-Dealkylation,BTMR0052,"CYP1A2
CYP2A6
CYP2C9
CYP2C19
CYP2D6
CYP2E1
CYP3A4",HUMAN,BTM00039,O1C=2C(C(=O)C=C1C3=CC=C(O)C(=C3)O)=C(OC)C=C(O)C2,"InChI=1S/C16H12O6/c1-21-14-5-9(17)6-15-16(14)12(20)7-13(22-15)8-2-3-10(18)11(19)4-8/h2-7,17-19H,1H3",OZPMKAZMPNDLKX-UHFFFAOYSA-N,3.0106,300.06338810399996
"InChI=1S/C16H12O7/c1-21-11-5-8(17)6-12-13(11)14(20)15-16(22-12,23-15)7-2-3-9(18)10(19)4-7/h2-6,15,17-19H,1H3",TXISTBIJQANAMK-UHFFFAOYSA-N,O1C=2C(C(=O)C3C1(C4=CC=C(O)C(=C4)O)O3)=C(OC)C=C(O)C2,,,C16H12O7,316.058302724,2.1123999999999996,0,1,1,BTM00206,BTM00206,Epoxidation of vinyl ether,BTMR1026,"CYP1A2
CYP3A4",HUMAN,BTM00039,O1C=2C(C(=O)C=C1C3=CC=C(O)C(=C3)O)=C(OC)C=C(O)C2,"InChI=1S/C16H12O6/c1-21-14-5-9(17)6-15-16(14)12(20)7-13(22-15)8-2-3-10(18)11(19)4-8/h2-7,17-19H,1H3",OZPMKAZMPNDLKX-UHFFFAOYSA-N,3.0106,300.06338810399996
"InChI=1S/C15H12O5/c16-9-3-1-8(2-4-9)13-7-12(19)15-11(18)5-10(17)6-14(15)20-13/h1-6,13,16-18H,7H2",FTVWIRXFELQLPI-UHFFFAOYSA-N,O1C=2C(C(=O)CC1C3=CC=C(O)C=C3)=C(O)C=C(O)C2,"67604-48-2
5,7-Dihydroxy-2-(4-hydroxyphenyl)chroman-4-one
DTXSID50274239
(+-)-naringenin
RefChem:528240
GlyTouCan:G03288QY
DTXCID50196624
G03288QY
266-769-1
(+/-)-Naringenin
4',5,7-Trihydroxyflavanone
rac Naringenin
93602-28-9
( inverted exclamation markA)-Naringenin
(R,S)-Naringenin
(-)-Naringenin
5,7-dihydroxy-2-(4-hydroxyphenyl)-2,3-dihydrochromen-4-one
(+)-naringenin
MFCD00006844
5,7-dihydroxy-2-(4-hydroxyphenyl)-3,4-dihydro-2H-1-benzopyran-4-one
CHEMBL32571
rac-Naringenin
MLS000028739
MLS000738094
NSC11855
NSC34875
SMR000059039
4',7-Trihydroxyflavanone
NSC 34875
Flavanone,5,7-trihydroxy-
(+/-)-2,3-Dihydro-5,7-dihydroxy-2-(4-hydroxyphenyl)-4H-1-benzopyran-4-one
Naringenin?
CCRIS 8135
MFCD00870553
4H-1-Benzopyran-4-one,3-dihydro-5,7-dihydroxy-2-(4-hydroxyphenyl)-
(?-Naringenin
4H-1-Benzopyran-4-one,3-dihydro-5,7-dihydroxy-2-(4-hydroxyphenyl)-, (S)-
4H-1-Benzopyran-4-one, 2,3-dihydro-5,7-dihydroxy-2-(4-hydroxyphenyl)-, (S)-
Naringenin (NAR)
Prestwick_531
(??)-Naringenin
EINECS 266-769-1
Opera_ID_106
Prestwick0_000466
Prestwick1_000466
Prestwick2_000466
Prestwick3_000466
(R,S)-Naringenin 1000 microg/mL in Acetone
Oprea1_194140
SCHEMBL20571
BSPBio_000572
MLS001146907
SPBio_002511
5,7-Dihydroxy-2-(4-hydroxyphenyl)-2,3-dihydro-4H-chromen-4-one
BPBio1_000630
MEGxp0_000358
orb1297626
SCHEMBL25894738
ACon1_000582
BDBM19461
GTPL10298
4',5,7-trihydroxyflavan-4-one
(+/-)-Naringenin, >=95%
HMS1569M14
HMS2096M14
HMS2231O18
HMS3352B08
HMS3373N07
HMS3656G15
Naringenin, natural (US), 98%
HY-W011641R
EBC-03890
NSC815094
SBB006461
5,7-Dihydroxy-2-(4-hydroxyphenyl)-2,3-dihydro-4H-1-benzopyran-4-one
AKOS015895052
(+/-)-Naringenin, analytical standard
CS-W012357
FN01176
HY-W011641
KS-5142
NSC-815094
SB17305
(+/-)-Naringenin, ~95% (HPCE)
SMP1_000060
NCGC00017346-02
NCGC00017346-03
NCGC00017346-04
NCGC00017346-09
NCGC00095963-01
NCGC00095963-02
NCGC00095963-03
AC-20273
ST057236
SY049933
SY075819
DB-057415
N0072
NS00003069
EN300-717813
S00279
AE-848/32605045
F320310
( inverted exclamation markA)-Naringenin (Standard)
5,7-Dihydroxy-2-(4-hydroxy-phenyl)-chroman-4-one
BRD-A94669766-001-02-6
BRD-A94669766-001-04-2
Q57826857
Z1741982267
EC19096C-4404-4A16-9BF9-92F9F358E005
( )-Naringenin;   4?,5,7-Trihydroxyflavanone; H-1-benzopyran-4-one
5,7-Dihydroxy-2-(4-hydroxyphenyl)-2,3-dihydro-4H-chromen-4-one, (S)- #
(+/-)-2,3-Dihydro-5,7-dihydroxy-2-(4-hydroxyphenyl)-4H-1-benzopyran-4- one",932,C15H12O5,272.068473484,2.2977000000000007,0,1,1,BTM00010,BTM00010,Oxidation of secondary alcohol to ketone,BTMR0079,"CYP1A2
CYP2C9
CYP2C19",HUMAN,BTM00040,O1C=2C(C(O)CC1C3=CC=C(O)C=C3)=C(O)C=C(O)C2,"InChI=1S/C15H14O5/c16-9-3-1-8(2-4-9)13-7-12(19)15-11(18)5-10(17)6-14(15)20-13/h1-6,12-13,16-19H,7H2",RPKUCYSGAXIESU-UHFFFAOYSA-N,1.928799999999999,274.084123548
"InChI=1S/C15H14O6/c16-8-4-11(19)15-12(20)6-13(21-14(15)5-8)7-1-2-9(17)10(18)3-7/h1-5,12-13,16-20H,6H2",FSYDWKPCKNCRDI-UHFFFAOYSA-N,O1C=2C(C(O)CC1C3=CC=C(O)C(=C3)O)=C(O)C=C(O)C2,"3',4,4',5,7-Pentahydroxyflavan
SCHEMBL489400
SCHEMBL29929144
DTXSID70928348
EINECS 236-471-6
LMPK12020170
2-(3,4-Dihydroxyphenyl)-3,4-dihydro-2H-1-benzopyran-4,5,7-triol
2-(3,4-Dihydroxyphenyl)-3,4-dihydro-2H-1-benzopyran-4,5,7-triol, 9CI
2H-1-Benzopyran-3,5,7-triol, 2-(3,4-dihydroxyphenyl)-3,4-dihydro-",114505,C15H14O6,290.079038168,1.6614000000000002,0,1,1,BTM00145,BTM00145,"2-Hydroxylation of 1,4-disubstituted benzene",BTMR0037,CYP1A2,HUMAN,BTM00040,O1C=2C(C(O)CC1C3=CC=C(O)C=C3)=C(O)C=C(O)C2,"InChI=1S/C15H14O5/c16-9-3-1-8(2-4-9)13-7-12(19)15-11(18)5-10(17)6-14(15)20-13/h1-6,12-13,16-19H,7H2",RPKUCYSGAXIESU-UHFFFAOYSA-N,1.928799999999999,274.084123548
"InChI=1S/C15H14O6/c16-8-3-1-7(2-4-8)15-14(20)13(19)12-10(18)5-9(17)6-11(12)21-15/h1-6,13-20H",FSVMLWOLZHGCQX-UHFFFAOYSA-N,O1C=2C(C(O)C(C1C3=CC=C(O)C=C3)O)=C(O)C=C(O)C2,"520-17-2
3,4,4',5,7-Flavanpentol
2H-Benzopyran-3,4,5,7-tetrol, 3,4-dihydro-2-(4-hydroxyphenyl)-
RefChem:270476
Leucopelargonidin
2-(4-hydroxyphenyl)-3,4-dihydro-2H-chromene-3,4,5,7-tetrol
2-(4-hydroxyphenyl)chromane-3,4,5,7-tetraol
orb1942827
SCHEMBL18196214
DTXSID20966331
CHEBI:190342
3,4,5,7,4'-pentahydroxyflavan
2-(4-Hydroxyphenyl)-3,4-dihydro-2H-1-benzopyran-3,4,5,7-tetrol
HY-N11412
DA-64927
FL158279
CS-0643487
2-(4-hydroxyphenyl)chromane-3,4,5,7-tetrol",3286789,C15H14O6,290.07903816799995,1.3556999999999997,0,1,1,BTM00154,BTM00154,Hydroxylation of heteroalicyclic secondary carbon,BTMR1071,CYP1A2,HUMAN,BTM00040,O1C=2C(C(O)CC1C3=CC=C(O)C=C3)=C(O)C=C(O)C2,"InChI=1S/C15H14O5/c16-9-3-1-8(2-4-9)13-7-12(19)15-11(18)5-10(17)6-14(15)20-13/h1-6,12-13,16-19H,7H2",RPKUCYSGAXIESU-UHFFFAOYSA-N,1.928799999999999,274.084123548
"InChI=1S/C15H12O5/c16-9-3-1-8(2-4-9)13-7-12(19)15-11(18)5-10(17)6-14(15)20-13/h1-6,13,16-18H,7H2",FTVWIRXFELQLPI-UHFFFAOYSA-N,O1C=2C(C(=O)CC1C3=CC=C(O)C=C3)=C(O)C=C(O)C2,"67604-48-2
5,7-Dihydroxy-2-(4-hydroxyphenyl)chroman-4-one
DTXSID50274239
(+-)-naringenin
RefChem:528240
GlyTouCan:G03288QY
DTXCID50196624
G03288QY
266-769-1
(+/-)-Naringenin
4',5,7-Trihydroxyflavanone
rac Naringenin
93602-28-9
( inverted exclamation markA)-Naringenin
(R,S)-Naringenin
(-)-Naringenin
5,7-dihydroxy-2-(4-hydroxyphenyl)-2,3-dihydrochromen-4-one
(+)-naringenin
MFCD00006844
5,7-dihydroxy-2-(4-hydroxyphenyl)-3,4-dihydro-2H-1-benzopyran-4-one
CHEMBL32571
rac-Naringenin
MLS000028739
MLS000738094
NSC11855
NSC34875
SMR000059039
4',7-Trihydroxyflavanone
NSC 34875
Flavanone,5,7-trihydroxy-
(+/-)-2,3-Dihydro-5,7-dihydroxy-2-(4-hydroxyphenyl)-4H-1-benzopyran-4-one
Naringenin?
CCRIS 8135
MFCD00870553
4H-1-Benzopyran-4-one,3-dihydro-5,7-dihydroxy-2-(4-hydroxyphenyl)-
(?-Naringenin
4H-1-Benzopyran-4-one,3-dihydro-5,7-dihydroxy-2-(4-hydroxyphenyl)-, (S)-
4H-1-Benzopyran-4-one, 2,3-dihydro-5,7-dihydroxy-2-(4-hydroxyphenyl)-, (S)-
Naringenin (NAR)
Prestwick_531
(??)-Naringenin
EINECS 266-769-1
Opera_ID_106
Prestwick0_000466
Prestwick1_000466
Prestwick2_000466
Prestwick3_000466
(R,S)-Naringenin 1000 microg/mL in Acetone
Oprea1_194140
SCHEMBL20571
BSPBio_000572
MLS001146907
SPBio_002511
5,7-Dihydroxy-2-(4-hydroxyphenyl)-2,3-dihydro-4H-chromen-4-one
BPBio1_000630
MEGxp0_000358
orb1297626
SCHEMBL25894738
ACon1_000582
BDBM19461
GTPL10298
4',5,7-trihydroxyflavan-4-one
(+/-)-Naringenin, >=95%
HMS1569M14
HMS2096M14
HMS2231O18
HMS3352B08
HMS3373N07
HMS3656G15
Naringenin, natural (US), 98%
HY-W011641R
EBC-03890
NSC815094
SBB006461
5,7-Dihydroxy-2-(4-hydroxyphenyl)-2,3-dihydro-4H-1-benzopyran-4-one
AKOS015895052
(+/-)-Naringenin, analytical standard
CS-W012357
FN01176
HY-W011641
KS-5142
NSC-815094
SB17305
(+/-)-Naringenin, ~95% (HPCE)
SMP1_000060
NCGC00017346-02
NCGC00017346-03
NCGC00017346-04
NCGC00017346-09
NCGC00095963-01
NCGC00095963-02
NCGC00095963-03
AC-20273
ST057236
SY049933
SY075819
DB-057415
N0072
NS00003069
EN300-717813
S00279
AE-848/32605045
F320310
( inverted exclamation markA)-Naringenin (Standard)
5,7-Dihydroxy-2-(4-hydroxy-phenyl)-chroman-4-one
BRD-A94669766-001-02-6
BRD-A94669766-001-04-2
Q57826857
Z1741982267
EC19096C-4404-4A16-9BF9-92F9F358E005
( )-Naringenin;   4?,5,7-Trihydroxyflavanone; H-1-benzopyran-4-one
5,7-Dihydroxy-2-(4-hydroxyphenyl)-2,3-dihydro-4H-chromen-4-one, (S)- #
(+/-)-2,3-Dihydro-5,7-dihydroxy-2-(4-hydroxyphenyl)-4H-1-benzopyran-4- one",932,C15H12O5,272.068473484,2.2977000000000007,0,1,1,BTM00010,BTM00010,O-Dealkylation,BTMR0052,"CYP1A2
CYP2A6
CYP2C9
CYP2C19
CYP2D6
CYP2E1
CYP3A4",HUMAN,BTM00044,O1C=2C(C(=O)CC1C3=CC=C(O)C=C3)=C(O)C=C(OC)C2,"InChI=1S/C16H14O5/c1-20-11-6-12(18)16-13(19)8-14(21-15(16)7-11)9-2-4-10(17)5-3-9/h2-7,14,17-18H,8H2,1H3",DJOJDHGQRNZXQQ-UHFFFAOYSA-N,2.5486999999999997,286.084123548
"InChI=1S/C16H14O6/c1-21-9-5-12(19)16-13(20)7-14(22-15(16)6-9)8-2-3-10(17)11(18)4-8/h2-6,14,17-19H,7H2,1H3",DSAJORLEPQBKDA-UHFFFAOYSA-N,O1C=2C(C(=O)CC1C3=CC=C(O)C(=C3)O)=C(O)C=C(OC)C2,"Sternbin
2-(3,4-dihydroxyphenyl)-5-hydroxy-7-methoxy-2,3-dihydrochromen-4-one
RefChem:185693
51857-11-5
MEGxp0_000573
SCHEMBL2306531
CHEMBL3233849
SCHEMBL29928957
SCHEMBL30017161
7-Methyleriodictyol; 7-O-Methyleriodictyol; Eriodictyol 7-methyl ether; Sternbin
BCA85711
LMPK12140580
3',4',5-hydroxy-7-methoxy-flavanone
5,3',4'-trihydroxy-7-methoxy flavanone
NS00097420",4872981,C16H14O6,302.07903816799995,2.281299999999999,0,1,1,BTM00152,BTM00152,"2-Hydroxylation of 1,4-disubstituted benzene",BTMR0037,CYP1A2,HUMAN,BTM00044,O1C=2C(C(=O)CC1C3=CC=C(O)C=C3)=C(O)C=C(OC)C2,"InChI=1S/C16H14O5/c1-20-11-6-12(18)16-13(19)8-14(21-15(16)7-11)9-2-4-10(17)5-3-9/h2-7,14,17-18H,8H2,1H3",DJOJDHGQRNZXQQ-UHFFFAOYSA-N,2.5486999999999997,286.084123548
"InChI=1S/C16H14O6/c1-21-10-6-11(18)13-12(7-10)22-16(15(20)14(13)19)8-2-4-9(17)5-3-8/h2-7,15-18,20H,1H3",LZLGHWHSUZVUFZ-UHFFFAOYSA-N,O1C=2C(C(=O)C(C1C3=CC=C(O)C=C3)O)=C(O)C=C(OC)C2,"Folerogenin
3,5-dihydroxy-2-(4-hydroxyphenyl)-7-methoxy-2,3-dihydrochromen-4-one
3,5-dihydroxy-2-(4-hydroxyphenyl)-7-methoxy-3,4-dihydro-2H-1-benzopyran-4-one
RefChem:1085497
CHEMBL452130
SCHEMBL28684198
CHEBI:174885
5,4'-dihydroxy-7-methoxydihydroflavonol",5319509,C16H14O6,302.079038168,2.0031999999999983,0,1,1,BTM00162,BTM00162,Hydroxylation of heteroalicyclic secondary carbon,BTMR1071,CYP1A2,HUMAN,BTM00044,O1C=2C(C(=O)CC1C3=CC=C(O)C=C3)=C(O)C=C(OC)C2,"InChI=1S/C16H14O5/c1-20-11-6-12(18)16-13(19)8-14(21-15(16)7-11)9-2-4-10(17)5-3-9/h2-7,14,17-18H,8H2,1H3",DJOJDHGQRNZXQQ-UHFFFAOYSA-N,2.5486999999999997,286.084123548
"InChI=1S/C15H12O5/c16-9-3-1-8(2-4-9)13-7-12(19)15-11(18)5-10(17)6-14(15)20-13/h1-6,13,16-18H,7H2",FTVWIRXFELQLPI-UHFFFAOYSA-N,O1C=2C(C(=O)CC1C3=CC=C(O)C=C3)=C(O)C=C(O)C2,"67604-48-2
5,7-Dihydroxy-2-(4-hydroxyphenyl)chroman-4-one
DTXSID50274239
(+-)-naringenin
RefChem:528240
GlyTouCan:G03288QY
DTXCID50196624
G03288QY
266-769-1
(+/-)-Naringenin
4',5,7-Trihydroxyflavanone
rac Naringenin
93602-28-9
( inverted exclamation markA)-Naringenin
(R,S)-Naringenin
(-)-Naringenin
5,7-dihydroxy-2-(4-hydroxyphenyl)-2,3-dihydrochromen-4-one
(+)-naringenin
MFCD00006844
5,7-dihydroxy-2-(4-hydroxyphenyl)-3,4-dihydro-2H-1-benzopyran-4-one
CHEMBL32571
rac-Naringenin
MLS000028739
MLS000738094
NSC11855
NSC34875
SMR000059039
4',7-Trihydroxyflavanone
NSC 34875
Flavanone,5,7-trihydroxy-
(+/-)-2,3-Dihydro-5,7-dihydroxy-2-(4-hydroxyphenyl)-4H-1-benzopyran-4-one
Naringenin?
CCRIS 8135
MFCD00870553
4H-1-Benzopyran-4-one,3-dihydro-5,7-dihydroxy-2-(4-hydroxyphenyl)-
(?-Naringenin
4H-1-Benzopyran-4-one,3-dihydro-5,7-dihydroxy-2-(4-hydroxyphenyl)-, (S)-
4H-1-Benzopyran-4-one, 2,3-dihydro-5,7-dihydroxy-2-(4-hydroxyphenyl)-, (S)-
Naringenin (NAR)
Prestwick_531
(??)-Naringenin
EINECS 266-769-1
Opera_ID_106
Prestwick0_000466
Prestwick1_000466
Prestwick2_000466
Prestwick3_000466
(R,S)-Naringenin 1000 microg/mL in Acetone
Oprea1_194140
SCHEMBL20571
BSPBio_000572
MLS001146907
SPBio_002511
5,7-Dihydroxy-2-(4-hydroxyphenyl)-2,3-dihydro-4H-chromen-4-one
BPBio1_000630
MEGxp0_000358
orb1297626
SCHEMBL25894738
ACon1_000582
BDBM19461
GTPL10298
4',5,7-trihydroxyflavan-4-one
(+/-)-Naringenin, >=95%
HMS1569M14
HMS2096M14
HMS2231O18
HMS3352B08
HMS3373N07
HMS3656G15
Naringenin, natural (US), 98%
HY-W011641R
EBC-03890
NSC815094
SBB006461
5,7-Dihydroxy-2-(4-hydroxyphenyl)-2,3-dihydro-4H-1-benzopyran-4-one
AKOS015895052
(+/-)-Naringenin, analytical standard
CS-W012357
FN01176
HY-W011641
KS-5142
NSC-815094
SB17305
(+/-)-Naringenin, ~95% (HPCE)
SMP1_000060
NCGC00017346-02
NCGC00017346-03
NCGC00017346-04
NCGC00017346-09
NCGC00095963-01
NCGC00095963-02
NCGC00095963-03
AC-20273
ST057236
SY049933
SY075819
DB-057415
N0072
NS00003069
EN300-717813
S00279
AE-848/32605045
F320310
( inverted exclamation markA)-Naringenin (Standard)
5,7-Dihydroxy-2-(4-hydroxy-phenyl)-chroman-4-one
BRD-A94669766-001-02-6
BRD-A94669766-001-04-2
Q57826857
Z1741982267
EC19096C-4404-4A16-9BF9-92F9F358E005
( )-Naringenin;   4?,5,7-Trihydroxyflavanone; H-1-benzopyran-4-one
5,7-Dihydroxy-2-(4-hydroxyphenyl)-2,3-dihydro-4H-chromen-4-one, (S)- #
(+/-)-2,3-Dihydro-5,7-dihydroxy-2-(4-hydroxyphenyl)-4H-1-benzopyran-4- one",932,C15H12O5,272.068473484,2.2977000000000007,0,1,1,BTM00010,BTM00010,O-Dealkylation,BTMR0052,"CYP1A2
CYP2A6
CYP2C9
CYP2C19
CYP2D6
CYP2E1
CYP3A4",HUMAN,BTM00045,O1C=2C(C(=O)CC1C3=CC=C(O)C=C3)=C(OC)C=C(O)C2,"InChI=1S/C16H14O5/c1-20-14-6-11(18)7-15-16(14)12(19)8-13(21-15)9-2-4-10(17)5-3-9/h2-7,13,17-18H,8H2,1H3",CWZLMWSCLBFCBY-UHFFFAOYSA-N,2.5486999999999997,286.084123548
"InChI=1S/C16H14O6/c1-21-14-5-9(17)6-15-16(14)12(20)7-13(22-15)8-2-3-10(18)11(19)4-8/h2-6,13,17-19H,7H2,1H3",RMJKSMSYIZHFCO-UHFFFAOYSA-N,O1C=2C(C(=O)CC1C3=CC=C(O)C(=C3)O)=C(OC)C=C(O)C2,"SCHEMBL2305087
SCHEMBL29366573",17841897,C16H14O6,302.079038168,2.281299999999999,0,1,1,BTM00153,BTM00153,"2-Hydroxylation of 1,4-disubstituted benzene",BTMR0037,CYP1A2,HUMAN,BTM00045,O1C=2C(C(=O)CC1C3=CC=C(O)C=C3)=C(OC)C=C(O)C2,"InChI=1S/C16H14O5/c1-20-14-6-11(18)7-15-16(14)12(19)8-13(21-15)9-2-4-10(17)5-3-9/h2-7,13,17-18H,8H2,1H3",CWZLMWSCLBFCBY-UHFFFAOYSA-N,2.5486999999999997,286.084123548
"InChI=1S/C16H14O6/c1-21-11-6-10(18)7-12-13(11)14(19)15(20)16(22-12)8-2-4-9(17)5-3-8/h2-7,15-18,20H,1H3",WECLSYISBIFCMA-UHFFFAOYSA-N,O1C=2C(C(=O)C(C1C3=CC=C(O)C=C3)O)=C(OC)C=C(O)C2,SCHEMBL13750522,14794882,C16H14O6,302.07903816799995,2.0031999999999983,0,1,1,BTM00163,BTM00163,Hydroxylation of heteroalicyclic secondary carbon,BTMR1071,CYP1A2,HUMAN,BTM00045,O1C=2C(C(=O)CC1C3=CC=C(O)C=C3)=C(OC)C=C(O)C2,"InChI=1S/C16H14O5/c1-20-14-6-11(18)7-15-16(14)12(19)8-13(21-15)9-2-4-10(17)5-3-9/h2-7,13,17-18H,8H2,1H3",CWZLMWSCLBFCBY-UHFFFAOYSA-N,2.5486999999999997,286.084123548
"InChI=1S/C15H12O5/c16-9-3-1-8(2-4-9)13-7-12(19)15-11(18)5-10(17)6-14(15)20-13/h1-6,13,16-18H,7H2",FTVWIRXFELQLPI-UHFFFAOYSA-N,O1C=2C(C(=O)CC1C3=CC=C(O)C=C3)=C(O)C=C(O)C2,"67604-48-2
5,7-Dihydroxy-2-(4-hydroxyphenyl)chroman-4-one
DTXSID50274239
(+-)-naringenin
RefChem:528240
GlyTouCan:G03288QY
DTXCID50196624
G03288QY
266-769-1
(+/-)-Naringenin
4',5,7-Trihydroxyflavanone
rac Naringenin
93602-28-9
( inverted exclamation markA)-Naringenin
(R,S)-Naringenin
(-)-Naringenin
5,7-dihydroxy-2-(4-hydroxyphenyl)-2,3-dihydrochromen-4-one
(+)-naringenin
MFCD00006844
5,7-dihydroxy-2-(4-hydroxyphenyl)-3,4-dihydro-2H-1-benzopyran-4-one
CHEMBL32571
rac-Naringenin
MLS000028739
MLS000738094
NSC11855
NSC34875
SMR000059039
4',7-Trihydroxyflavanone
NSC 34875
Flavanone,5,7-trihydroxy-
(+/-)-2,3-Dihydro-5,7-dihydroxy-2-(4-hydroxyphenyl)-4H-1-benzopyran-4-one
Naringenin?
CCRIS 8135
MFCD00870553
4H-1-Benzopyran-4-one,3-dihydro-5,7-dihydroxy-2-(4-hydroxyphenyl)-
(?-Naringenin
4H-1-Benzopyran-4-one,3-dihydro-5,7-dihydroxy-2-(4-hydroxyphenyl)-, (S)-
4H-1-Benzopyran-4-one, 2,3-dihydro-5,7-dihydroxy-2-(4-hydroxyphenyl)-, (S)-
Naringenin (NAR)
Prestwick_531
(??)-Naringenin
EINECS 266-769-1
Opera_ID_106
Prestwick0_000466
Prestwick1_000466
Prestwick2_000466
Prestwick3_000466
(R,S)-Naringenin 1000 microg/mL in Acetone
Oprea1_194140
SCHEMBL20571
BSPBio_000572
MLS001146907
SPBio_002511
5,7-Dihydroxy-2-(4-hydroxyphenyl)-2,3-dihydro-4H-chromen-4-one
BPBio1_000630
MEGxp0_000358
orb1297626
SCHEMBL25894738
ACon1_000582
BDBM19461
GTPL10298
4',5,7-trihydroxyflavan-4-one
(+/-)-Naringenin, >=95%
HMS1569M14
HMS2096M14
HMS2231O18
HMS3352B08
HMS3373N07
HMS3656G15
Naringenin, natural (US), 98%
HY-W011641R
EBC-03890
NSC815094
SBB006461
5,7-Dihydroxy-2-(4-hydroxyphenyl)-2,3-dihydro-4H-1-benzopyran-4-one
AKOS015895052
(+/-)-Naringenin, analytical standard
CS-W012357
FN01176
HY-W011641
KS-5142
NSC-815094
SB17305
(+/-)-Naringenin, ~95% (HPCE)
SMP1_000060
NCGC00017346-02
NCGC00017346-03
NCGC00017346-04
NCGC00017346-09
NCGC00095963-01
NCGC00095963-02
NCGC00095963-03
AC-20273
ST057236
SY049933
SY075819
DB-057415
N0072
NS00003069
EN300-717813
S00279
AE-848/32605045
F320310
( inverted exclamation markA)-Naringenin (Standard)
5,7-Dihydroxy-2-(4-hydroxy-phenyl)-chroman-4-one
BRD-A94669766-001-02-6
BRD-A94669766-001-04-2
Q57826857
Z1741982267
EC19096C-4404-4A16-9BF9-92F9F358E005
( )-Naringenin;   4?,5,7-Trihydroxyflavanone; H-1-benzopyran-4-one
5,7-Dihydroxy-2-(4-hydroxyphenyl)-2,3-dihydro-4H-chromen-4-one, (S)- #
(+/-)-2,3-Dihydro-5,7-dihydroxy-2-(4-hydroxyphenyl)-4H-1-benzopyran-4- one",932,C15H12O5,272.068473484,2.2977000000000007,0,1,1,BTM00010,BTM00010,O-Dealkylation,BTMR0052,"CYP1A2
CYP2A6
CYP2C9
CYP2C19
CYP2D6
CYP2E1
CYP3A4",HUMAN,BTM00046,O1C=2C(C(=O)CC1C3=CC=C(OC)C=C3)=C(O)C=C(O)C2,"InChI=1S/C16H14O5/c1-20-11-4-2-9(3-5-11)14-8-13(19)16-12(18)6-10(17)7-15(16)21-14/h2-7,14,17-18H,8H2,1H3",HMUJXQRRKBLVOO-UHFFFAOYSA-N,2.5486999999999997,286.084123548
"InChI=1S/C16H14O6/c1-21-13-3-2-8(4-10(13)18)14-7-12(20)16-11(19)5-9(17)6-15(16)22-14/h2-6,14,17-19H,7H2,1H3",AIONOLUJZLIMTK-UHFFFAOYSA-N,O1C=2C(C(=O)CC1C3=CC=C(OC)C(=C3)O)=C(O)C=C(O)C2,"5,7-dihydroxy-2-(3-hydroxy-4-methoxyphenyl)-3,4-dihydro-2H-1-benzopyran-4-one
5,7-dihydroxy-2-(3-hydroxy-4-methoxyphenyl)-2,3-dihydrochromen-4-one
RefChem:528235
GlyTouCan:G94164LE
G94164LE
639-186-9
69097-99-0
(Rac)-Hesperetin
rac-Hesperetin
hesperetine
(+/-)-Hesperetin
(2S)-5,7-Dihydroxy-2-(3-hydroxy-4-methoxyphenyl)-4-chromanone, 3',5,7-Trihydroxy-4-methoxyflavanone
NSC641520
CHEMBL88169
MLS002667896
5,7-dihydroxy-2-(3-hydroxy-4-methoxy-phenyl)chroman-4-one
5,7-Dihydroxy-2-(3-hydroxy-4-methoxyphenyl)-4-chromanone
5,7-Dihydroxy-2-(3-hydroxy-4-methoxyphenyl)-2,3-dihydro-4H-1-benzopyran-4-one
2,3-Dihydro-5,7-dihydroxy-2-(3-hydroxy-4-methoxyphenyl)-4H-1-benzopyran-4-one; (+/-)-5,7,3'-Trihydroxy-4'-methoxyflavanone; (+/-)-Hesperetin; 5,7-Dihydroxy-2-(3-hydroxy-4-methoxyphenyl)chroman-4-one
MFCD00016956
Diosmin Impurity 26
DIOSMETIN_met010
Hesperetin, >=95%
(Rac)-Hesperetin (Standard)
SCHEMBL765368
Hesperetin, analytical standard
HY-N0168AR
orb1909564
SCHEMBL29484563
SCHEMBL30696626
ACon1_002327
CHEBI:95167
HY-N0168A
DTXSID70859446
DTXSID80274404
HMS3373J01
HMS3656C03
HMS5080H08
NSC57654
ZAA60497
BDBM50638595
3',7-Trihydroxy-4'-methoxyflavanone
5,3'-Trihydroxy-4'-methoxyflavanone
AKOS015995360
(+/-)-Hesperetin, analytical standard
EBC-465044
Flavanone,5,7-trihydroxy-4'-methoxy-
NSC-641520
NCGC00095618-01
NCGC00095618-02
AS-11672
DA-69236
NCI60_014043
SMR001557653
XH167423
CS-0111125
NS00096467
EN300-23521574
BRD-A44482398-001-01-3
Q27166968
FE387278-0643-4EBB-902D-C81B1FCDE1F8
5,7-Dihydroxy-2-(3-hydroxy-4-methoxyphenyl)-2,3-dihydro-4H-chromen-4-one
4H-1-Benzopyran-4-one,3-dihydro-5,7-dihydroxy-2-(3-hydroxy-4-methoxyphenyl)-, (S)-",3593,C16H14O6,302.079038168,2.281299999999999,0,1,1,BTM00146,BTM00146,"2-Hydroxylation of 1,4-disubstituted benzene",BTMR0037,CYP1A2,HUMAN,BTM00046,O1C=2C(C(=O)CC1C3=CC=C(OC)C=C3)=C(O)C=C(O)C2,"InChI=1S/C16H14O5/c1-20-11-4-2-9(3-5-11)14-8-13(19)16-12(18)6-10(17)7-15(16)21-14/h2-7,14,17-18H,8H2,1H3",HMUJXQRRKBLVOO-UHFFFAOYSA-N,2.5486999999999997,286.084123548
"InChI=1S/C16H14O6/c1-21-10-4-2-8(3-5-10)16-15(20)14(19)13-11(18)6-9(17)7-12(13)22-16/h2-7,15-18,20H,1H3",CKDYDMSDCNQHEB-UHFFFAOYSA-N,O1C=2C(C(=O)C(C1C3=CC=C(OC)C=C3)O)=C(O)C=C(O)C2,"Flavanone, 3,5,7-trihydroxy-4'-methoxy-
CHEMBL480655
SCHEMBL28968006
CKDYDMSDCNQHEB-UHFFFAOYSA-N
MFA22559
5,7-dihydroxy-4' -methoxydihydroflavonol
Q3027878
3,5,7-Trihydroxy-2-(4-methoxyphenyl)-2,3-dihydro-4H-chromen-4-one #",586387,C16H14O6,302.079038168,2.0031999999999983,0,1,1,BTM00164,BTM00164,Hydroxylation of heteroalicyclic secondary carbon,BTMR1071,CYP1A2,HUMAN,BTM00046,O1C=2C(C(=O)CC1C3=CC=C(OC)C=C3)=C(O)C=C(O)C2,"InChI=1S/C16H14O5/c1-20-11-4-2-9(3-5-11)14-8-13(19)16-12(18)6-10(17)7-15(16)21-14/h2-7,14,17-18H,8H2,1H3",HMUJXQRRKBLVOO-UHFFFAOYSA-N,2.5486999999999997,286.084123548
"InChI=1S/C15H12O5/c16-8-5-11(18)15-12(19)7-13(20-14(15)6-8)9-3-1-2-4-10(9)17/h1-7,12,16-19H",KUOSVUPSCZBSRN-UHFFFAOYSA-N,O1C=2C(C(O)C=C1C3=C(C=CC=C3)O)=C(O)C=C(O)C2,,,C15H12O5,272.068473484,1.9377999999999997,0,1,1,BTM00165,BTM00165,O-Hydroxylation of monosubstituted benzene,BTMR1034,"CYP1A2
CYP2C8
CYP2C9
CYP2C19
CYP3A4",HUMAN,BTM00047,O1C=2C(C(O)C=C1C3=CC=CC=C3)=C(O)C=C(O)C2,"InChI=1S/C15H12O4/c16-10-6-11(17)15-12(18)8-13(19-14(15)7-10)9-4-2-1-3-5-9/h1-8,12,16-18H",KSDWUEWFECEPMU-UHFFFAOYSA-N,2.2051999999999996,256.073558864
"InChI=1S/C15H10O4/c16-10-6-11(17)15-12(18)8-13(19-14(15)7-10)9-4-2-1-3-5-9/h1-8,16-17H",RTIXKCRFFJGDFG-UHFFFAOYSA-N,O1C=2C(C(=O)C=C1C3=CC=CC=C3)=C(O)C=C(O)C2,"chrysin
480-40-0
5,7-Dihydroxyflavone
Chrysine
5,7-dihydroxy-2-phenylchromen-4-one
4H-1-Benzopyran-4-one, 5,7-dihydroxy-2-phenyl-
5,7-Dihydroxy-2-phenyl-4H-1-benzopyran-4-one
FLAVONE, 5,7-DIHYDROXY-
NSC-407436
DTXSID1022396
3CN01F5ZJ5
DTXCID902396
CHEBI:75095
5,7-dihydroxy-flavone
RefChem:5686
207-549-7
5,7-Dihydroxy-2-phenyl-4H-chromen-4-one
MFCD00006834
5,7-Dihydroxy-2-phenyl-chromen-4-one
NSC407436
CHEMBL117
Crysin
5,7-Dihydroxy-2-phenyl-4H-benzo(b)pyran-4-one
Chrysin 99+%
CAS-480-40-0
Chrysinic acid
SMR000112318
SR-01000765660
EINECS 207-549-7
NSC 407436
BRN 0233276
UNII-3CN01F5ZJ5
Chrysinic acid;
3ebo
4des
5,7-flavonone
57D
Chrysin (Standard)
5,7-diOH-Flavone
Flavone,7-dihydroxy-
Chrysin, 97%
5,7-dihydroxy flavone
Ois 3
Spectrum_000245
CHRYSIN [MI]
Prestwick0_000889
Prestwick1_000889
Prestwick2_000889
Prestwick3_000889
Spectrum2_000753
Spectrum3_001399
Spectrum4_000780
Spectrum5_001503
Chrysin, analytical standard
Oprea1_045160
SCHEMBL44474
BSPBio_000678
BSPBio_002514
BSPBio_003018
KBioGR_001200
KBioSS_000725
5-18-04-00076 (Beilstein Handbook Reference)
MLS000697728
MLS001074879
MLS006011841
BIDD:ER0484
DivK1c_000614
SPECTRUM1500709
SPECTRUM1505144
SPBio_000766
SPBio_002897
AKOS NCG1-0026
BDBM7461
BPBio1_000746
GTPL8789
MEGxp0_001416
orb1304954
SCHEMBL28586240
SCHEMBL29383577
ACon1_000087
cid_5281607
HMS501O16
KBio1_000614
KBio2_000725
KBio2_003293
KBio2_005861
KBio3_002238
MSK7407
NINDS_000614
HMS1570B20
HMS1921E20
HMS2097B20
HMS2268I23
HMS3468N08
HMS3655L20
ALBB-015581
BB_NC-01015
Tox21_302335
BBL010449
CCG-40148
EBC-13872
HY-14589R
LMPK12110189
NSC818102
s2281
SBB012459
STK801609
AKOS000275936
CS-7531
DB15581
FD30010
GS-0927
NSC-818102
SDCCGMLS-0066586.P001
IDI1_000614
SMP1_000070
NCGC00016456-01
NCGC00016456-02
NCGC00016456-03
NCGC00016456-04
NCGC00016456-05
NCGC00016456-06
NCGC00016456-07
NCGC00016456-08
NCGC00016456-09
NCGC00016456-10
NCGC00016456-12
NCGC00094842-01
NCGC00094842-02
NCGC00094842-03
NCGC00094842-04
NCGC00094842-05
NCGC00168807-01
NCGC00168807-02
NCGC00168807-03
NCGC00168807-04
NCGC00255307-01
AC-10052
HY-14589
NCI60_003886
ST069324
SY050125
AB00513947
C1652
NS00008874
SW197197-2
5,7-Dihydroxy-2-phenyl-4H-chromen-4-one #
4H-1-Benzopyran-4-one,7-dihydroxy-2-phenyl-
80C400
EN300-303044
S00112
Chrysin 1000 microg/mL in Acetonitrile:Methanol
AK-693/40848576
F370625
Q973741
SR-01000765660-3
SR-01000765660-4
34B3B4AD-EEDD-4943-A1C6-8857D2FAA8E0
5,7-Dihydroxy-2-phenyl-4H-1-benzopyran-4-one, 9CI
BRD-K22861715-001-07-5
BRD-K22861715-001-12-5
BRD-K22861715-001-17-4
Z1824566175",5281607,C15H10O4,254.0579088,3.2944000000000004,0,0,0,BTM00011,BTM00011,Oxidation of secondary alcohol to ketone,BTMR0079,"CYP1A2
CYP2C9
CYP2C19",HUMAN,BTM00047,O1C=2C(C(O)C=C1C3=CC=CC=C3)=C(O)C=C(O)C2,"InChI=1S/C15H12O4/c16-10-6-11(17)15-12(18)8-13(19-14(15)7-10)9-4-2-1-3-5-9/h1-8,12,16-18H",KSDWUEWFECEPMU-UHFFFAOYSA-N,2.2051999999999996,256.073558864
"InChI=1S/C15H12O5/c16-9-3-1-8(2-4-9)13-7-12(19)15-11(18)5-10(17)6-14(15)20-13/h1-7,12,16-19H",TWLIHXQWVLTBCS-UHFFFAOYSA-N,O1C=2C(C(O)C=C1C3=CC=C(O)C=C3)=C(O)C=C(O)C2,"2-(4-hydroxyphenyl)-4H-chromene-4,5,7-triol",86574168,C15H12O5,272.068473484,1.9377999999999997,0,1,1,BTM00001,BTM00001,Hydroxylation of benzene on carbon para to electron donating group,BTMR1047,"CYP1A2
CYP2C8
CYP2C9
CYP2D6
CYP3A4",HUMAN,BTM00047,O1C=2C(C(O)C=C1C3=CC=CC=C3)=C(O)C=C(O)C2,"InChI=1S/C15H12O4/c16-10-6-11(17)15-12(18)8-13(19-14(15)7-10)9-4-2-1-3-5-9/h1-8,12,16-18H",KSDWUEWFECEPMU-UHFFFAOYSA-N,2.2051999999999996,256.073558864
"InChI=1S/C15H12O5/c16-9-6-10(17)12-11(7-9)19-15(14(20-15)13(12)18)8-4-2-1-3-5-8/h1-7,13-14,16-18H",OUEJGFQRXZQINY-UHFFFAOYSA-N,O1C=2C(C(O)C3C1(C4=CC=CC=C4)O3)=C(O)C=C(O)C2,,,C15H12O5,272.068473484,1.9997,0,1,1,BTM00207,BTM00207,Epoxidation of vinyl ether,BTMR1026,"CYP1A2
CYP3A4",HUMAN,BTM00047,O1C=2C(C(O)C=C1C3=CC=CC=C3)=C(O)C=C(O)C2,"InChI=1S/C15H12O4/c16-10-6-11(17)15-12(18)8-13(19-14(15)7-10)9-4-2-1-3-5-9/h1-8,12,16-18H",KSDWUEWFECEPMU-UHFFFAOYSA-N,2.2051999999999996,256.073558864
"InChI=1S/C16H12O5/c1-20-9-6-12(18)16-13(19)8-14(21-15(16)7-9)10-4-2-3-5-11(10)17/h2-8,17-18H,1H3",PXFLNHWWYOVFDA-UHFFFAOYSA-N,O1C=2C(C(=O)C=C1C3=C(C=CC=C3)O)=C(O)C=C(OC)C2,"Echioidinin
RefChem:136241
4308-56-9
5-hydroxy-2-(2-hydroxyphenyl)-7-methoxychromen-4-one
orb2279280
SCHEMBL26117399
SCHEMBL29435855
5,2'-dihydroxy-7-methoxyflavone
LMPK12110126
AKOS040740330
AK-693/21087015",15559079,C16H12O5,284.068473484,3.278000000000001,0,0,0,BTM00169,BTM00169,O-Hydroxylation of monosubstituted benzene,BTMR1034,"CYP1A2
CYP2C8
CYP2C9
CYP2C19
CYP3A4",HUMAN,BTM00050,O1C=2C(C(=O)C=C1C3=CC=CC=C3)=C(O)C=C(OC)C2,"InChI=1S/C16H12O4/c1-19-11-7-12(17)16-13(18)9-14(20-15(16)8-11)10-5-3-2-4-6-10/h2-9,17H,1H3",IRZVHDLBAYNPCT-UHFFFAOYSA-N,3.5454,268.073558864
"InChI=1S/C15H10O4/c16-10-6-11(17)15-12(18)8-13(19-14(15)7-10)9-4-2-1-3-5-9/h1-8,16-17H",RTIXKCRFFJGDFG-UHFFFAOYSA-N,O1C=2C(C(=O)C=C1C3=CC=CC=C3)=C(O)C=C(O)C2,"chrysin
480-40-0
5,7-Dihydroxyflavone
Chrysine
5,7-dihydroxy-2-phenylchromen-4-one
4H-1-Benzopyran-4-one, 5,7-dihydroxy-2-phenyl-
5,7-Dihydroxy-2-phenyl-4H-1-benzopyran-4-one
FLAVONE, 5,7-DIHYDROXY-
NSC-407436
DTXSID1022396
3CN01F5ZJ5
DTXCID902396
CHEBI:75095
5,7-dihydroxy-flavone
RefChem:5686
207-549-7
5,7-Dihydroxy-2-phenyl-4H-chromen-4-one
MFCD00006834
5,7-Dihydroxy-2-phenyl-chromen-4-one
NSC407436
CHEMBL117
Crysin
5,7-Dihydroxy-2-phenyl-4H-benzo(b)pyran-4-one
Chrysin 99+%
CAS-480-40-0
Chrysinic acid
SMR000112318
SR-01000765660
EINECS 207-549-7
NSC 407436
BRN 0233276
UNII-3CN01F5ZJ5
Chrysinic acid;
3ebo
4des
5,7-flavonone
57D
Chrysin (Standard)
5,7-diOH-Flavone
Flavone,7-dihydroxy-
Chrysin, 97%
5,7-dihydroxy flavone
Ois 3
Spectrum_000245
CHRYSIN [MI]
Prestwick0_000889
Prestwick1_000889
Prestwick2_000889
Prestwick3_000889
Spectrum2_000753
Spectrum3_001399
Spectrum4_000780
Spectrum5_001503
Chrysin, analytical standard
Oprea1_045160
SCHEMBL44474
BSPBio_000678
BSPBio_002514
BSPBio_003018
KBioGR_001200
KBioSS_000725
5-18-04-00076 (Beilstein Handbook Reference)
MLS000697728
MLS001074879
MLS006011841
BIDD:ER0484
DivK1c_000614
SPECTRUM1500709
SPECTRUM1505144
SPBio_000766
SPBio_002897
AKOS NCG1-0026
BDBM7461
BPBio1_000746
GTPL8789
MEGxp0_001416
orb1304954
SCHEMBL28586240
SCHEMBL29383577
ACon1_000087
cid_5281607
HMS501O16
KBio1_000614
KBio2_000725
KBio2_003293
KBio2_005861
KBio3_002238
MSK7407
NINDS_000614
HMS1570B20
HMS1921E20
HMS2097B20
HMS2268I23
HMS3468N08
HMS3655L20
ALBB-015581
BB_NC-01015
Tox21_302335
BBL010449
CCG-40148
EBC-13872
HY-14589R
LMPK12110189
NSC818102
s2281
SBB012459
STK801609
AKOS000275936
CS-7531
DB15581
FD30010
GS-0927
NSC-818102
SDCCGMLS-0066586.P001
IDI1_000614
SMP1_000070
NCGC00016456-01
NCGC00016456-02
NCGC00016456-03
NCGC00016456-04
NCGC00016456-05
NCGC00016456-06
NCGC00016456-07
NCGC00016456-08
NCGC00016456-09
NCGC00016456-10
NCGC00016456-12
NCGC00094842-01
NCGC00094842-02
NCGC00094842-03
NCGC00094842-04
NCGC00094842-05
NCGC00168807-01
NCGC00168807-02
NCGC00168807-03
NCGC00168807-04
NCGC00255307-01
AC-10052
HY-14589
NCI60_003886
ST069324
SY050125
AB00513947
C1652
NS00008874
SW197197-2
5,7-Dihydroxy-2-phenyl-4H-chromen-4-one #
4H-1-Benzopyran-4-one,7-dihydroxy-2-phenyl-
80C400
EN300-303044
S00112
Chrysin 1000 microg/mL in Acetonitrile:Methanol
AK-693/40848576
F370625
Q973741
SR-01000765660-3
SR-01000765660-4
34B3B4AD-EEDD-4943-A1C6-8857D2FAA8E0
5,7-Dihydroxy-2-phenyl-4H-1-benzopyran-4-one, 9CI
BRD-K22861715-001-07-5
BRD-K22861715-001-12-5
BRD-K22861715-001-17-4
Z1824566175",5281607,C15H10O4,254.0579088,3.2944000000000004,0,0,0,BTM00011,BTM00011,O-Dealkylation,BTMR0052,"CYP1A2
CYP2A6
CYP2C9
CYP2C19
CYP2D6
CYP2E1
CYP3A4",HUMAN,BTM00050,O1C=2C(C(=O)C=C1C3=CC=CC=C3)=C(O)C=C(OC)C2,"InChI=1S/C16H12O4/c1-19-11-7-12(17)16-13(18)9-14(20-15(16)8-11)10-5-3-2-4-6-10/h2-9,17H,1H3",IRZVHDLBAYNPCT-UHFFFAOYSA-N,3.5454,268.073558864
"InChI=1S/C16H12O5/c1-20-11-6-12(18)16-13(19)8-14(21-15(16)7-11)9-2-4-10(17)5-3-9/h2-8,17-18H,1H3",JPMYFOBNRRGFNO-UHFFFAOYSA-N,O1C=2C(C(=O)C=C1C3=CC=C(O)C=C3)=C(O)C=C(OC)C2,"Genkwanin
437-64-9
Gengkwanin
7-O-Methylapigenin
7-Methylapigenin
7-Methoxyapigenin
Apigenin 7-methyl ether
5,4'-Dihydroxy-7-methoxyflavone
5-hydroxy-2-(4-hydroxyphenyl)-7-methoxychromen-4-one
5K3I5D6B2B
DTXSID80195908
CHEBI:75718
5,4'-dihydroxy-7-methoxy-flavone
RefChem:142883
DTXCID80118399
4',5-Dihydroxy-7-methoxyflavone
Puddumetin
5-Hydroxy-2-(4-hydroxyphenyl)-7-methoxy-4H-chromen-4-one
4H-1-Benzopyran-4-one, 5-hydroxy-2-(4-hydroxyphenyl)-7-methoxy-
MFCD00017452
CHEMBL210635
5-hydroxy-2-(4-hydroxyphenyl)-7-methoxy-chromen-4-one
UNII-5K3I5D6B2B
Gonkwanin
Henquanin
4'',5-dihydroxy-7-methoxyflavone
7'O-methyl-apigenin
Genkwanin (Standard)
apigenin 7-methylether
Spectrum_000330
SpecPlus_000835
Spectrum2_001355
Spectrum3_001401
Spectrum4_001667
Spectrum5_000573
BSPBio_003042
KBioGR_002193
KBioSS_000810
DivK1c_006931
Genkwanin, analytical standard
SCHEMBL866123
SPBio_001569
orb1300267
4,5-Dihydroxy-7-methoxyflavone
Genkwanin, >=98% (HPLC)
SCHEMBL29445006
HY-N0731R
KBio1_001875
KBio2_000810
KBio2_003378
KBio2_005946
KBio3_002262
5-Hydroxy-2-(4-hydroxyphenyl)-7-methoxy-4H-1-benzopyran-4-one
HY-N0731
4'',5-dihydroxy-7-methoxy flavone
BDBM50187658
CCG-38838
LMPK12111018
MSK158067
s9287
AKOS015896775
Flavone, 4',5-dihydroxy-7-methoxy-
EBC-457056
FG23656
NCGC00178332-01
NCGC00178332-02
AC-34953
AS-60761
ST057642
DB-051163
CS-0009744
NS00083543
4',5-Dihydroxy-7-methoxyflavone, AldrichCPR
C10046
Q3050376
BRD-K29160894-001-02-9
5-Hydroxy-2-(4-hydroxyphenyl)-7-methoxy-4H-chromen-4-one #",5281617,C16H12O5,284.068473484,3.278000000000001,0,0,0,BTM00005,BTM00005,Hydroxylation of benzene on carbon para to electron donating group,BTMR1047,"CYP1A2
CYP2C8
CYP2C9
CYP2D6
CYP3A4",HUMAN,BTM00050,O1C=2C(C(=O)C=C1C3=CC=CC=C3)=C(O)C=C(OC)C2,"InChI=1S/C16H12O4/c1-19-11-7-12(17)16-13(18)9-14(20-15(16)8-11)10-5-3-2-4-6-10/h2-9,17H,1H3",IRZVHDLBAYNPCT-UHFFFAOYSA-N,3.5454,268.073558864
"InChI=1S/C16H12O5/c1-19-10-7-11(17)13-12(8-10)20-16(15(21-16)14(13)18)9-5-3-2-4-6-9/h2-8,15,17H,1H3",KKVMZDZEDIOQOM-UHFFFAOYSA-N,O1C=2C(C(=O)C3C1(C4=CC=CC=C4)O3)=C(O)C=C(OC)C2,,,C16H12O5,284.068473484,2.6471999999999998,0,0,0,BTM00208,BTM00208,Epoxidation of vinyl ether,BTMR1026,"CYP1A2
CYP3A4",HUMAN,BTM00050,O1C=2C(C(=O)C=C1C3=CC=CC=C3)=C(O)C=C(OC)C2,"InChI=1S/C16H12O4/c1-19-11-7-12(17)16-13(18)9-14(20-15(16)8-11)10-5-3-2-4-6-10/h2-9,17H,1H3",IRZVHDLBAYNPCT-UHFFFAOYSA-N,3.5454,268.073558864
"InChI=1S/C16H12O5/c1-20-14-6-9(17)7-15-16(14)12(19)8-13(21-15)10-4-2-3-5-11(10)18/h2-8,17-18H,1H3",UIVFQXAYYFLAGO-UHFFFAOYSA-N,O1C=2C(C(=O)C=C1C3=C(C=CC=C3)O)=C(OC)C=C(O)C2,"7,2'-Dihydroxy-5-methoxyflavone
DTXSID301179930
LMPK12110128
71592-45-5
7-Hydroxy-2-(2-hydroxyphenyl)-5-methoxy-4H-1-benzopyran-4-one",44257615,C16H12O5,284.068473484,3.278000000000001,0,0,0,BTM00170,BTM00170,O-Hydroxylation of monosubstituted benzene,BTMR1034,"CYP1A2
CYP2C8
CYP2C9
CYP2C19
CYP3A4",HUMAN,BTM00051,O1C=2C(C(=O)C=C1C3=CC=CC=C3)=C(OC)C=C(O)C2,"InChI=1S/C16H12O4/c1-19-14-7-11(17)8-15-16(14)12(18)9-13(20-15)10-5-3-2-4-6-10/h2-9,17H,1H3",JVEMWXSMSUNXSD-UHFFFAOYSA-N,3.5454,268.073558864
"InChI=1S/C15H10O4/c16-10-6-11(17)15-12(18)8-13(19-14(15)7-10)9-4-2-1-3-5-9/h1-8,16-17H",RTIXKCRFFJGDFG-UHFFFAOYSA-N,O1C=2C(C(=O)C=C1C3=CC=CC=C3)=C(O)C=C(O)C2,"chrysin
480-40-0
5,7-Dihydroxyflavone
Chrysine
5,7-dihydroxy-2-phenylchromen-4-one
4H-1-Benzopyran-4-one, 5,7-dihydroxy-2-phenyl-
5,7-Dihydroxy-2-phenyl-4H-1-benzopyran-4-one
FLAVONE, 5,7-DIHYDROXY-
NSC-407436
DTXSID1022396
3CN01F5ZJ5
DTXCID902396
CHEBI:75095
5,7-dihydroxy-flavone
RefChem:5686
207-549-7
5,7-Dihydroxy-2-phenyl-4H-chromen-4-one
MFCD00006834
5,7-Dihydroxy-2-phenyl-chromen-4-one
NSC407436
CHEMBL117
Crysin
5,7-Dihydroxy-2-phenyl-4H-benzo(b)pyran-4-one
Chrysin 99+%
CAS-480-40-0
Chrysinic acid
SMR000112318
SR-01000765660
EINECS 207-549-7
NSC 407436
BRN 0233276
UNII-3CN01F5ZJ5
Chrysinic acid;
3ebo
4des
5,7-flavonone
57D
Chrysin (Standard)
5,7-diOH-Flavone
Flavone,7-dihydroxy-
Chrysin, 97%
5,7-dihydroxy flavone
Ois 3
Spectrum_000245
CHRYSIN [MI]
Prestwick0_000889
Prestwick1_000889
Prestwick2_000889
Prestwick3_000889
Spectrum2_000753
Spectrum3_001399
Spectrum4_000780
Spectrum5_001503
Chrysin, analytical standard
Oprea1_045160
SCHEMBL44474
BSPBio_000678
BSPBio_002514
BSPBio_003018
KBioGR_001200
KBioSS_000725
5-18-04-00076 (Beilstein Handbook Reference)
MLS000697728
MLS001074879
MLS006011841
BIDD:ER0484
DivK1c_000614
SPECTRUM1500709
SPECTRUM1505144
SPBio_000766
SPBio_002897
AKOS NCG1-0026
BDBM7461
BPBio1_000746
GTPL8789
MEGxp0_001416
orb1304954
SCHEMBL28586240
SCHEMBL29383577
ACon1_000087
cid_5281607
HMS501O16
KBio1_000614
KBio2_000725
KBio2_003293
KBio2_005861
KBio3_002238
MSK7407
NINDS_000614
HMS1570B20
HMS1921E20
HMS2097B20
HMS2268I23
HMS3468N08
HMS3655L20
ALBB-015581
BB_NC-01015
Tox21_302335
BBL010449
CCG-40148
EBC-13872
HY-14589R
LMPK12110189
NSC818102
s2281
SBB012459
STK801609
AKOS000275936
CS-7531
DB15581
FD30010
GS-0927
NSC-818102
SDCCGMLS-0066586.P001
IDI1_000614
SMP1_000070
NCGC00016456-01
NCGC00016456-02
NCGC00016456-03
NCGC00016456-04
NCGC00016456-05
NCGC00016456-06
NCGC00016456-07
NCGC00016456-08
NCGC00016456-09
NCGC00016456-10
NCGC00016456-12
NCGC00094842-01
NCGC00094842-02
NCGC00094842-03
NCGC00094842-04
NCGC00094842-05
NCGC00168807-01
NCGC00168807-02
NCGC00168807-03
NCGC00168807-04
NCGC00255307-01
AC-10052
HY-14589
NCI60_003886
ST069324
SY050125
AB00513947
C1652
NS00008874
SW197197-2
5,7-Dihydroxy-2-phenyl-4H-chromen-4-one #
4H-1-Benzopyran-4-one,7-dihydroxy-2-phenyl-
80C400
EN300-303044
S00112
Chrysin 1000 microg/mL in Acetonitrile:Methanol
AK-693/40848576
F370625
Q973741
SR-01000765660-3
SR-01000765660-4
34B3B4AD-EEDD-4943-A1C6-8857D2FAA8E0
5,7-Dihydroxy-2-phenyl-4H-1-benzopyran-4-one, 9CI
BRD-K22861715-001-07-5
BRD-K22861715-001-12-5
BRD-K22861715-001-17-4
Z1824566175",5281607,C15H10O4,254.0579088,3.2944000000000004,0,0,0,BTM00011,BTM00011,O-Dealkylation,BTMR0052,"CYP1A2
CYP2A6
CYP2C9
CYP2C19
CYP2D6
CYP2E1
CYP3A4",HUMAN,BTM00051,O1C=2C(C(=O)C=C1C3=CC=CC=C3)=C(OC)C=C(O)C2,"InChI=1S/C16H12O4/c1-19-14-7-11(17)8-15-16(14)12(18)9-13(20-15)10-5-3-2-4-6-10/h2-9,17H,1H3",JVEMWXSMSUNXSD-UHFFFAOYSA-N,3.5454,268.073558864
"InChI=1S/C16H12O5/c1-20-14-6-11(18)7-15-16(14)12(19)8-13(21-15)9-2-4-10(17)5-3-9/h2-8,17-18H,1H3",YQABHAHJGSNVQR-UHFFFAOYSA-N,O1C=2C(C(=O)C=C1C3=CC=C(O)C=C3)=C(OC)C=C(O)C2,"Thevetiaflavone
29376-68-9
7-hydroxy-2-(4-hydroxyphenyl)-5-methoxychromen-4-one
RefChem:189228
5-o-methylapigenin
apigenin-5-methyl ether
4H-1-Benzopyran-4-one, 7-hydroxy-2-(4-hydroxyphenyl)-5-methoxy-
NSC719158
2-Genistein-5-methyl ether
CHEMBL182265
orb1707799
SCHEMBL2874033
5-methoxy-7,4'-dihydroxyflavone
7-hydroxy-2-(4-hydroxyphenyl)-5-methoxy-4H-chromen-4-one
HY-N1157
LMPK12110956
7,4'-dihydroxy-5-methoxy-isoflavone
AKOS040740935
NSC-719158
(2S)-7,4'-dihydroxy-5-methoxyflavone
FT139054
MS-24040
NCI60_040953
PD100264
DB-229427
CS-0016447
E88819
7-hydroxy-2-(4-hydroxyphenyl)-5-methoxy-chromen-4-one",5315202,C16H12O5,284.068473484,3.278000000000001,0,0,0,BTM00006,BTM00006,Hydroxylation of benzene on carbon para to electron donating group,BTMR1047,"CYP1A2
CYP2C8
CYP2C9
CYP2D6
CYP3A4",HUMAN,BTM00051,O1C=2C(C(=O)C=C1C3=CC=CC=C3)=C(OC)C=C(O)C2,"InChI=1S/C16H12O4/c1-19-14-7-11(17)8-15-16(14)12(18)9-13(20-15)10-5-3-2-4-6-10/h2-9,17H,1H3",JVEMWXSMSUNXSD-UHFFFAOYSA-N,3.5454,268.073558864
"InChI=1S/C16H12O5/c1-19-11-7-10(17)8-12-13(11)14(18)15-16(20-12,21-15)9-5-3-2-4-6-9/h2-8,15,17H,1H3",SFUBBBINRLXIKT-UHFFFAOYSA-N,O1C=2C(C(=O)C3C1(C4=CC=CC=C4)O3)=C(OC)C=C(O)C2,,,C16H12O5,284.068473484,2.6471999999999998,0,0,0,BTM00209,BTM00209,Epoxidation of vinyl ether,BTMR1026,"CYP1A2
CYP3A4",HUMAN,BTM00051,O1C=2C(C(=O)C=C1C3=CC=CC=C3)=C(OC)C=C(O)C2,"InChI=1S/C16H12O4/c1-19-14-7-11(17)8-15-16(14)12(18)9-13(20-15)10-5-3-2-4-6-10/h2-9,17H,1H3",JVEMWXSMSUNXSD-UHFFFAOYSA-N,3.5454,268.073558864
"InChI=1S/C15H12O7/c16-7-4-10(19)12-11(5-7)22-15(14(21)13(12)20)6-1-2-8(17)9(18)3-6/h1-5,14-19,21H",CXQWRCVTCMQVQX-UHFFFAOYSA-N,O1C=2C(C(=O)C(C1C3=CC=C(O)C(=C3)O)O)=C(O)C=C(O)C2,"215257-15-1
RefChem:935599
GlyTouCan:G71432QG
G71432QG
3,5,7,3',4'-Pentahydroxyflavanone
(+/-)-Taxifolin
3,3',4',5,7-Pentahydroxyflavanone
2-(3,4-dihydroxyphenyl)-3,5,7-trihydroxychroman-4-one
98006-93-0
NSC2801
17654-26-1
2-(3,4-Dihydroxyphenyl)-3,5,7-trihydroxy-2,3-dihydro-4H-chromen-4-one
2-(3,4-dihydroxyphenyl)-3,5,7-trihydroxy-3,4-dihydro-2H-1-benzopyran-4-one
2-(3,4-dihydroxyphenyl)-3,5,7-trihydroxy-chroman-4-one
(?)-Taxifolin
(+/-)-dihydroquercetin
MFCD00006845
(+)-Dihydroquercetin; (+)-Taxifolin
(y)-Taxifolin
4H-1-Benzopyran-4-one, 2-(3,4-dihydroxyphenyl)-2,3-dihydro-3,5,7-trihydroxy-
3,3',4',5,7-Pentahydroxyflavanone hydrate
QUERCETIN_met014
Lopac0_001197
Oprea1_121838
SCHEMBL39570
MLS006011784
STO167
SCHEMBL29358492
SCHEMBL29390633
DTXSID60859394
BDBM496932
HMS3263P15
HMS3373K02
HMS3393I06
HMS3393M22
HMS3428O01
HMS3656E11
HMS5080P16
( inverted question mark)-Taxifolin
Tox21_501197
SBB002481
STK725114
AKOS001482428
AKOS016347422
cmdc.202100576, 15
CCG-205271
LP01197
SDCCGSBI-0051164.P002
NCGC00016024-02
NCGC00016024-03
NCGC00016024-04
NCGC00016024-05
NCGC00016024-06
NCGC00094447-01
NCGC00094447-02
NCGC00094447-03
NCGC00261882-01
NCGC00674398-01
SMR001456521
ST060285
(+)-3,5,7,3',4'-pentahydroflavonone
EU-0101197
NS00115878
(+/-)-3,5,7,3',4'-pentahydroxyflavanone
FLAVANONE,3',4',5',7-PENTAHYDROXY
T 4512
SR-01000076159
3,5,7,3',4'-Pentahydroxyflavanone, 2,3-dihydro-
SR-01000076159-1
2-(3,4-Dihydroxyphenyl)-2,3-dihydro-3,5,7-trihydroxy-4h-1-benzopyran-4-on
2-(3,4-Dihydroxyphenyl)-3,5,7-trihydroxy-2,3-dihydro-4H-1-benzopyran-4-one
rel-(2R,3R)-2-(3,4-dihydroxyphenyl)-3,5,7-trihydroxy-2,3-dihydro-4H-chromen-4-one",471,C15H12O7,304.058302724,1.4848000000000001,0,1,1,BTM00210,BTM00210,Hydroxylation of heteroalicyclic secondary carbon,BTMR1071,CYP1A2,HUMAN,BTM00057,O1C=2C(C(=O)CC1C3=CC=C(O)C(=C3)O)=C(O)C=C(O)C2,"InChI=1S/C15H12O6/c16-8-4-11(19)15-12(20)6-13(21-14(15)5-8)7-1-2-9(17)10(18)3-7/h1-5,13,16-19H,6H2",SBHXYTNGIZCORC-UHFFFAOYSA-N,2.0303,288.06338810399996
"InChI=1S/C15H10O6/c16-8-3-1-7(2-4-8)15-14(20)13(19)12-10(18)5-9(17)6-11(12)21-15/h1-6,15-18H",FMQGOSLZLQKFAM-UHFFFAOYSA-N,O1C=2C(C(=O)C(C1C3=CC=C(O)C=C3)=O)=C(O)C=C(O)C2,"869650-15-7
5,7-Dihydroxy-2-(4-hydroxyphenyl)chromane-3,4-dione
S00073
4',5,7-trihydroxy flavonone
CHEMBL198640
SCHEMBL3513425
CNC-244131
5,7-Dihydroxy-2-(4-hydroxyphenyl)-2H-1-benzopyran-3,4-dione",6419773,C15H10O6,286.04773803999996,1.9991000000000005,0,1,1,BTM00211,BTM00211,Oxidation of secondary alcohol to ketone,BTMR0079,"CYP1A2
CYP2C9
CYP2C19",HUMAN,BTM00058,O1C=2C(C(=O)C(C1C3=CC=C(O)C=C3)O)=C(O)C=C(O)C2,"InChI=1S/C15H12O6/c16-8-3-1-7(2-4-8)15-14(20)13(19)12-10(18)5-9(17)6-11(12)21-15/h1-6,14-18,20H",PADQINQHPQKXNL-UHFFFAOYSA-N,1.7521999999999995,288.06338810399996
"InChI=1S/C15H12O7/c16-7-4-10(19)12-11(5-7)22-15(14(21)13(12)20)6-1-2-8(17)9(18)3-6/h1-5,14-19,21H",CXQWRCVTCMQVQX-UHFFFAOYSA-N,O1C=2C(C(=O)C(C1C3=CC=C(O)C(=C3)O)O)=C(O)C=C(O)C2,"215257-15-1
RefChem:935599
GlyTouCan:G71432QG
G71432QG
3,5,7,3',4'-Pentahydroxyflavanone
(+/-)-Taxifolin
3,3',4',5,7-Pentahydroxyflavanone
2-(3,4-dihydroxyphenyl)-3,5,7-trihydroxychroman-4-one
98006-93-0
NSC2801
17654-26-1
2-(3,4-Dihydroxyphenyl)-3,5,7-trihydroxy-2,3-dihydro-4H-chromen-4-one
2-(3,4-dihydroxyphenyl)-3,5,7-trihydroxy-3,4-dihydro-2H-1-benzopyran-4-one
2-(3,4-dihydroxyphenyl)-3,5,7-trihydroxy-chroman-4-one
(?)-Taxifolin
(+/-)-dihydroquercetin
MFCD00006845
(+)-Dihydroquercetin; (+)-Taxifolin
(y)-Taxifolin
4H-1-Benzopyran-4-one, 2-(3,4-dihydroxyphenyl)-2,3-dihydro-3,5,7-trihydroxy-
3,3',4',5,7-Pentahydroxyflavanone hydrate
QUERCETIN_met014
Lopac0_001197
Oprea1_121838
SCHEMBL39570
MLS006011784
STO167
SCHEMBL29358492
SCHEMBL29390633
DTXSID60859394
BDBM496932
HMS3263P15
HMS3373K02
HMS3393I06
HMS3393M22
HMS3428O01
HMS3656E11
HMS5080P16
( inverted question mark)-Taxifolin
Tox21_501197
SBB002481
STK725114
AKOS001482428
AKOS016347422
cmdc.202100576, 15
CCG-205271
LP01197
SDCCGSBI-0051164.P002
NCGC00016024-02
NCGC00016024-03
NCGC00016024-04
NCGC00016024-05
NCGC00016024-06
NCGC00094447-01
NCGC00094447-02
NCGC00094447-03
NCGC00261882-01
NCGC00674398-01
SMR001456521
ST060285
(+)-3,5,7,3',4'-pentahydroflavonone
EU-0101197
NS00115878
(+/-)-3,5,7,3',4'-pentahydroxyflavanone
FLAVANONE,3',4',5',7-PENTAHYDROXY
T 4512
SR-01000076159
3,5,7,3',4'-Pentahydroxyflavanone, 2,3-dihydro-
SR-01000076159-1
2-(3,4-Dihydroxyphenyl)-2,3-dihydro-3,5,7-trihydroxy-4h-1-benzopyran-4-on
2-(3,4-Dihydroxyphenyl)-3,5,7-trihydroxy-2,3-dihydro-4H-1-benzopyran-4-one
rel-(2R,3R)-2-(3,4-dihydroxyphenyl)-3,5,7-trihydroxy-2,3-dihydro-4H-chromen-4-one",471,C15H12O7,304.058302724,1.4848000000000001,0,1,1,BTM00210,BTM00210,"2-Hydroxylation of 1,4-disubstituted benzene",BTMR0037,CYP1A2,HUMAN,BTM00058,O1C=2C(C(=O)C(C1C3=CC=C(O)C=C3)O)=C(O)C=C(O)C2,"InChI=1S/C15H12O6/c16-8-3-1-7(2-4-8)15-14(20)13(19)12-10(18)5-9(17)6-11(12)21-15/h1-6,14-18,20H",PADQINQHPQKXNL-UHFFFAOYSA-N,1.7521999999999995,288.06338810399996
"InChI=1S/C15H10O6/c16-7-1-2-10(18)9(3-7)13-6-12(20)15-11(19)4-8(17)5-14(15)21-13/h1-6,16-19H",CFICGXRYLHEUQQ-UHFFFAOYSA-N,O1C=2C(C(=O)C=C1C3=C(C=CC(=C3)O)O)=C(O)C=C(O)C2,"74805-72-4
4H-1-Benzopyran-4-one, 2-(2,5-dihydroxyphenyl)-5,7-dihydroxy-
DTXSID20225778
RefChem:1071838
DTXCID50148269
5,7,2',5'-Tetrahydroxyflavone
2-(2,5-Dihydroxyphenyl)-5,7-dihydroxy-4H-1-benzopyran-4-one
SCHEMBL28349263
LMPK12110131",5487756,C15H10O6,286.04773803999996,2.7596,0,1,1,BTM00212,BTM00212,p-Hydroxylation of phenol,BTMR1038,"CYP1A2
CYP2A6
CYP2B6
CYP2C8
CYP2C9
CYP2C19
CYP2D6
CYP2E1
CYP3A4",HUMAN,BTM00059,O1C=2C(C(=O)C=C1C3=C(C=CC=C3)O)=C(O)C=C(O)C2,"InChI=1S/C15H10O5/c16-8-5-11(18)15-12(19)7-13(20-14(15)6-8)9-3-1-2-4-10(9)17/h1-7,16-18H",OFYPDAKTVZXXPC-UHFFFAOYSA-N,3.0270000000000006,270.05282342
"InChI=1S/C15H10O6/c16-7-4-10(19)15-11(20)6-13(21-12(15)5-7)14-8(17)2-1-3-9(14)18/h1-6,16-19H",WJXXUIYFPVIHDH-UHFFFAOYSA-N,O1C=2C(C(=O)C=C1C3=C(C=CC=C3O)O)=C(O)C=C(O)C2,"82475-00-1
4H-1-Benzopyran-4-one, 2-(2,6-dihydroxyphenyl)-5,7-dihydroxy-
DTXSID40231750
RefChem:1071839
DTXCID70154241
5,7,2',6'-Tetrahydroxyflavone
2',5,6',7-tetrahydroxyflavone
2-(2,6-dihydroxyphenyl)-5,7-dihydroxychromen-4-one
2-(2,6-dihydroxyphenyl)-5,7-dihydroxy-4H-chromen-4-one
Luteolin Impurity 2
orb1992437
SCHEMBL8158889
SCHEMBL29924112
2-(2,6-Dihydroxyphenyl)-5,7-dihydroxy-4H-1-benzopyran-4-one
HDA47500
HY-N9434
LMPK12110134
AKOS030552865
FS-6852
DA-69662
CS-0168080",5321865,C15H10O6,286.04773803999996,2.7596,0,1,1,BTM00213,BTM00213,Hydroxylation of benzene on carbon ortho to electron donating group,BTMR1045,"CYP1A2
CYP2C8
CYP2C9
CYP2C19
CYP2D6
CYP3A4",HUMAN,BTM00059,O1C=2C(C(=O)C=C1C3=C(C=CC=C3)O)=C(O)C=C(O)C2,"InChI=1S/C15H10O5/c16-8-5-11(18)15-12(19)7-13(20-14(15)6-8)9-3-1-2-4-10(9)17/h1-7,16-18H",OFYPDAKTVZXXPC-UHFFFAOYSA-N,3.0270000000000006,270.05282342
"InChI=1S/C15H10O6/c16-7-1-2-9(10(18)3-7)13-6-12(20)15-11(19)4-8(17)5-14(15)21-13/h1-6,16-19H",ZSYPIPFQOQGYHH-UHFFFAOYSA-N,O1C=2C(C(=O)C=C1C3=C(C=C(C=C3)O)O)=C(O)C=C(O)C2,"Norartocarpetin
520-30-9
2-(2,4-dihydroxyphenyl)-5,7-dihydroxychromen-4-one
L2Y5RSY4BM
4H-1-Benzopyran-4-one, 2-(2,4-dihydroxyphenyl)-5,7-dihydroxy-
DTXSID00199963
RefChem:1092571
DTXCID60122454
2-(2,4-dihydroxyphenyl)-5,7-dihydroxy-4H-chromen-4-one
2-(2,4-Dihydroxyphenyl)-5,7-dihydroxy-4H-1-benzopyran-4-one
CHEMBL463145
2-(2,4-Dihydroxy-phenyl)-5,7-dihydroxy-1-benzopyran-4-one
Norartocarpetin, 5
UNII-L2Y5RSY4BM
orb1744655
SCHEMBL1546435
SCHEMBL29435851
5,7,2',4'-tetrahydroxyflavone
2',4',5,7-Tetrahydroxyflavone
CHEBI:174716
BDBM50269559
HY-N10503
LMPK12110941
AKOS015906501
MS-24075
CS-0608332
H38402
2-(2,4-dihydroxyphenyl)-5,7-dihydroxy-chromen-4-one
Q15425765
2-(2,4-BIS(OXIDANYL)PHENYL)-5,7-BIS(OXIDANYL)CHROMEN-4-ONE
2-(2,4-Dihydroxyphenyl)-5,7-dihydroxy-4H-1-benzopyran-4-one, 9CI",5481970,C15H10O6,286.04773804,2.7596,0,1,1,BTM00214,BTM00214,Hydroxylation of benzene on carbon para to electron donating group,BTMR1047,"CYP1A2
CYP2C8
CYP2C9
CYP2D6
CYP3A4",HUMAN,BTM00059,O1C=2C(C(=O)C=C1C3=C(C=CC=C3)O)=C(O)C=C(O)C2,"InChI=1S/C15H10O5/c16-8-5-11(18)15-12(19)7-13(20-14(15)6-8)9-3-1-2-4-10(9)17/h1-7,16-18H",OFYPDAKTVZXXPC-UHFFFAOYSA-N,3.0270000000000006,270.05282342
"InChI=1S/C15H10O6/c16-7-5-10(18)12-11(6-7)20-15(14(21-15)13(12)19)8-3-1-2-4-9(8)17/h1-6,14,16-18H",DXRYSPQPCMXDHX-UHFFFAOYSA-N,O1C=2C(C(=O)C3C1(C4=C(C=CC=C4)O)O3)=C(O)C=C(O)C2,,,C15H10O6,286.04773803999996,2.1288000000000005,0,1,1,BTM00215,BTM00215,Epoxidation of vinyl ether,BTMR1026,"CYP1A2
CYP3A4",HUMAN,BTM00059,O1C=2C(C(=O)C=C1C3=C(C=CC=C3)O)=C(O)C=C(O)C2,"InChI=1S/C15H10O5/c16-8-5-11(18)15-12(19)7-13(20-14(15)6-8)9-3-1-2-4-10(9)17/h1-7,16-18H",OFYPDAKTVZXXPC-UHFFFAOYSA-N,3.0270000000000006,270.05282342
"InChI=1S/C15H10O6/c16-7-4-10(18)14-11(19)6-12(21-13(14)5-7)8-2-1-3-9(17)15(8)20/h1-6,16-18,20H",STAGATUVRDVEAT-UHFFFAOYSA-N,O1C=2C(C(=O)C=C1C3=C(C(=CC=C3)O)O)=C(O)C=C(O)C2,,,C15H10O6,286.04773803999996,2.7596,0,1,1,BTM00216,BTM00216,O-Hydroxylation of phenol,BTMR1037,"CYP1A2
CYP2A6
CYP2B6
CYP2C8
CYP2C9
CYP2C19
CYP2D6
CYP2E1
CYP3A4",HUMAN,BTM00059,O1C=2C(C(=O)C=C1C3=C(C=CC=C3)O)=C(O)C=C(O)C2,"InChI=1S/C15H10O5/c16-8-5-11(18)15-12(19)7-13(20-14(15)6-8)9-3-1-2-4-10(9)17/h1-7,16-18H",OFYPDAKTVZXXPC-UHFFFAOYSA-N,3.0270000000000006,270.05282342
"InChI=1S/C15H10O6/c16-7-1-2-10(18)9(3-7)13-6-12(20)15-11(19)4-8(17)5-14(15)21-13/h1-6,16-19H",CFICGXRYLHEUQQ-UHFFFAOYSA-N,O1C=2C(C(=O)C=C1C3=C(C=CC(=C3)O)O)=C(O)C=C(O)C2,"74805-72-4
4H-1-Benzopyran-4-one, 2-(2,5-dihydroxyphenyl)-5,7-dihydroxy-
DTXSID20225778
RefChem:1071838
DTXCID50148269
5,7,2',5'-Tetrahydroxyflavone
2-(2,5-Dihydroxyphenyl)-5,7-dihydroxy-4H-1-benzopyran-4-one
SCHEMBL28349263
LMPK12110131",5487756,C15H10O6,286.04773803999996,2.7596,0,1,1,BTM00212,BTM00212,p-Hydroxylation of phenol,BTMR1038,"CYP1A2
CYP2A6
CYP2B6
CYP2C8
CYP2C9
CYP2C19
CYP2D6
CYP2E1
CYP3A4",HUMAN,BTM00061,O1C=2C(C(=O)C=C1C3=CC=CC(=C3)O)=C(O)C=C(O)C2,"InChI=1S/C15H10O5/c16-9-3-1-2-8(4-9)13-7-12(19)15-11(18)5-10(17)6-14(15)20-13/h1-7,16-18H",BEXPKGWBRBLIIC-UHFFFAOYSA-N,3.0270000000000006,270.05282342
"InChI=1S/C15H10O6/c16-7-1-2-10(18)9(3-7)13-6-12(20)15-11(19)4-8(17)5-14(15)21-13/h1-6,16-19H",CFICGXRYLHEUQQ-UHFFFAOYSA-N,O1C=2C(C(=O)C=C1C3=C(C=CC(=C3)O)O)=C(O)C=C(O)C2,"74805-72-4
4H-1-Benzopyran-4-one, 2-(2,5-dihydroxyphenyl)-5,7-dihydroxy-
DTXSID20225778
RefChem:1071838
DTXCID50148269
5,7,2',5'-Tetrahydroxyflavone
2-(2,5-Dihydroxyphenyl)-5,7-dihydroxy-4H-1-benzopyran-4-one
SCHEMBL28349263
LMPK12110131",5487756,C15H10O6,286.04773803999996,2.7596,0,1,1,BTM00212,BTM00212,Hydroxylation of benzene on carbon ortho to electron donating group,BTMR1045,"CYP1A2
CYP2C8
CYP2C9
CYP2C19
CYP2D6
CYP3A4",HUMAN,BTM00061,O1C=2C(C(=O)C=C1C3=CC=CC(=C3)O)=C(O)C=C(O)C2,"InChI=1S/C15H10O5/c16-9-3-1-2-8(4-9)13-7-12(19)15-11(18)5-10(17)6-14(15)20-13/h1-7,16-18H",BEXPKGWBRBLIIC-UHFFFAOYSA-N,3.0270000000000006,270.05282342
"InChI=1S/C15H10O6/c16-7-4-10(18)14-11(19)6-12(21-13(14)5-7)8-2-1-3-9(17)15(8)20/h1-6,16-18,20H",STAGATUVRDVEAT-UHFFFAOYSA-N,O1C=2C(C(=O)C=C1C3=C(C(=CC=C3)O)O)=C(O)C=C(O)C2,,,C15H10O6,286.04773803999996,2.7596,0,1,1,BTM00216,BTM00216,Hydroxylation of benzene on carbon ortho to electron donating group,BTMR1045,"CYP1A2
CYP2C8
CYP2C9
CYP2C19
CYP2D6
CYP3A4",HUMAN,BTM00061,O1C=2C(C(=O)C=C1C3=CC=CC(=C3)O)=C(O)C=C(O)C2,"InChI=1S/C15H10O5/c16-9-3-1-2-8(4-9)13-7-12(19)15-11(18)5-10(17)6-14(15)20-13/h1-7,16-18H",BEXPKGWBRBLIIC-UHFFFAOYSA-N,3.0270000000000006,270.05282342
"InChI=1S/C15H10O6/c16-8-3-1-2-7(4-8)15-14(21-15)13(19)12-10(18)5-9(17)6-11(12)20-15/h1-6,14,16-18H",DYRBYZXTNKSBQQ-UHFFFAOYSA-N,O1C=2C(C(=O)C3C1(C4=CC=CC(=C4)O)O3)=C(O)C=C(O)C2,,,C15H10O6,286.04773803999996,2.1288000000000005,0,1,1,BTM00217,BTM00217,Epoxidation of vinyl ether,BTMR1026,"CYP1A2
CYP3A4",HUMAN,BTM00061,O1C=2C(C(=O)C=C1C3=CC=CC(=C3)O)=C(O)C=C(O)C2,"InChI=1S/C15H10O5/c16-9-3-1-2-8(4-9)13-7-12(19)15-11(18)5-10(17)6-14(15)20-13/h1-7,16-18H",BEXPKGWBRBLIIC-UHFFFAOYSA-N,3.0270000000000006,270.05282342
"InChI=1S/C15H12O6/c16-9-6-13(20)15(14(21)7-9)11(18)4-2-8-1-3-10(17)12(19)5-8/h1-7,16-17,19-21H/b4-2+",CRBYNQCDRNZCNX-DUXPYHPUSA-N,OC=1C(C(=O)C=CC2=CC=C(O)C(=C2)O)=C(O)C=C(O)C1,"Eriodictyol chalcone
14917-41-0
DTXSID201343534
RefChem:1084226
DTXCID701772366
(E)-3-(3,4-dihydroxyphenyl)-1-(2,4,6-trihydroxyphenyl)prop-2-en-1-one
2',3,4,4',6'-Pentahydroxychalcone
2',4',6',3,4-Pentahydroxychalcone
73692-51-0
3,4,2',4',6'-Pentahydroxychalcone
Eriodictyolchalcone
MDQ6NJ9LSN
CHEMBL127409
3,4,2',4',6-Pentahydroxychalcone
MFCD00017302
2',3,4,4',6'-Penta-hydroxychalcone
(2E)-3-(3,4-dihydroxyphenyl)-1-(2,4,6-trihydroxyphenyl)prop-2-en-1-one
2-Propen-1-one, 3-(3,4-dihydroxyphenyl)-1-(2,4,6-trihydroxyphenyl)-, (2E)-
(2E)-3-(3,4-Dihydroxyphenyl)-1-(2,4,6-trihydroxyphenyl)-2-propen-1-one
2-Propen-1-one, 3-(3,4-dihydroxyphenyl)-1-(2,4,6-trihydroxyphenyl)-
3-(3,4-dihydroxyphenyl)-1-(2,4,6-trihydroxyphenyl)prop-2-en-1-one
EINECS 277-569-9
UNII-MDQ6NJ9LSN
SCHEMBL159248
orb1682638
SCHEMBL29773083
CHEBI:10836
CHEBI:48967
GTPL12443
HY-N9551
BDBM50042994
LMPK12120271
AKOS024465134
FP65728
FP145714
trans-2',3,4,4',6'-pentahydroxychalcone
CS-0201229
NS00059430
ST50331415
PENTAHYDROXYCHALCONE,2,4,6,3,4-(SH)
trans-2'',3,4,4'',6''-pentahydroxychalcone
Q27108675",5461154,C15H12O6,288.06338810399996,2.3650000000000007,0,1,1,BTM00218,BTM00218,"2-Hydroxylation of 1,4-disubstituted benzene",BTMR0037,CYP1A2,HUMAN,BTM00062,OC=1C(C(=O)C=CC2=CC=C(O)C=C2)=C(O)C=C(O)C1,"InChI=1S/C15H12O5/c16-10-4-1-9(2-5-10)3-6-12(18)15-13(19)7-11(17)8-14(15)20/h1-8,16-17,19-20H/b6-3+",YQHMWTPYORBCMF-ZZXKWVIFSA-N,2.6323999999999996,272.068473484
"InChI=1S/C15H12O6/c16-8-3-1-7(2-4-8)14-15(21-14)13(20)12-10(18)5-9(17)6-11(12)19/h1-6,14-19H",XZJLFDDHZNTLGR-UHFFFAOYSA-N,OC=1C(C(=O)C2C(C3=CC=C(O)C=C3)O2)=C(O)C=C(O)C1,,,C15H12O6,288.06338810399996,1.9096999999999997,0,1,1,BTM00219,BTM00219,Epoxidation of alkene,BTMR0109,"CYP1A2
CYP2B6
CYP2B6
CYP2C8
CYP2C9
CYP2C19
CYP2D6
CYP2E1
CYP3A4",HUMAN,BTM00062,OC=1C(C(=O)C=CC2=CC=C(O)C=C2)=C(O)C=C(O)C1,"InChI=1S/C15H12O5/c16-10-4-1-9(2-5-10)3-6-12(18)15-13(19)7-11(17)8-14(15)20/h1-8,16-17,19-20H/b6-3+",YQHMWTPYORBCMF-ZZXKWVIFSA-N,2.6323999999999996,272.068473484
"InChI=1S/C15H12O5/c16-8-5-11(18)15-12(19)7-13(20-14(15)6-8)9-3-1-2-4-10(9)17/h1-6,13,16-18H,7H2",LSLXUDALHVEMQB-UHFFFAOYSA-N,O1C=2C(C(=O)CC1C3=C(C=CC=C3)O)=C(O)C=C(O)C2,"5,7,2'-Trihydroxyflavanone
120980-68-9
CHEMBL4278949
5,7-dihydroxy-2-(2-hydroxyphenyl)-2,3-dihydrochromen-4-one
5,7-dihydroxy-2-(2-hydroxyphenyl)chroman-4-one
SCHEMBL29650043
DTXSID60923625
CHEBI:186764
BDBM50469097
LMPK12140125
AKOS032962497
5,7-Dihydroxy-2-(2-hydroxyphenyl)-2,3-dihydro-4H-1-benzopyran-4-one",179999,C15H12O5,272.068473484,2.2977000000000007,0,1,1,BTM00220,BTM00220,O-Hydroxylation of monosubstituted benzene,BTMR1034,"CYP1A2
CYP2C8
CYP2C9
CYP2C19
CYP3A4",HUMAN,BTM00063,O1C=2C(C(=O)CC1C3=CC=CC=C3)=C(O)C=C(O)C2,"InChI=1S/C15H12O4/c16-10-6-11(17)15-12(18)8-13(19-14(15)7-10)9-4-2-1-3-5-9/h1-7,13,16-17H,8H2",URFCJEUYXNAHFI-UHFFFAOYSA-N,2.5651,256.073558864
"InChI=1S/C15H12O5/c16-9-3-1-8(2-4-9)13-7-12(19)15-11(18)5-10(17)6-14(15)20-13/h1-6,13,16-18H,7H2",FTVWIRXFELQLPI-UHFFFAOYSA-N,O1C=2C(C(=O)CC1C3=CC=C(O)C=C3)=C(O)C=C(O)C2,"67604-48-2
5,7-Dihydroxy-2-(4-hydroxyphenyl)chroman-4-one
DTXSID50274239
(+-)-naringenin
RefChem:528240
GlyTouCan:G03288QY
DTXCID50196624
G03288QY
266-769-1
(+/-)-Naringenin
4',5,7-Trihydroxyflavanone
rac Naringenin
93602-28-9
( inverted exclamation markA)-Naringenin
(R,S)-Naringenin
(-)-Naringenin
5,7-dihydroxy-2-(4-hydroxyphenyl)-2,3-dihydrochromen-4-one
(+)-naringenin
MFCD00006844
5,7-dihydroxy-2-(4-hydroxyphenyl)-3,4-dihydro-2H-1-benzopyran-4-one
CHEMBL32571
rac-Naringenin
MLS000028739
MLS000738094
NSC11855
NSC34875
SMR000059039
4',7-Trihydroxyflavanone
NSC 34875
Flavanone,5,7-trihydroxy-
(+/-)-2,3-Dihydro-5,7-dihydroxy-2-(4-hydroxyphenyl)-4H-1-benzopyran-4-one
Naringenin?
CCRIS 8135
MFCD00870553
4H-1-Benzopyran-4-one,3-dihydro-5,7-dihydroxy-2-(4-hydroxyphenyl)-
(?-Naringenin
4H-1-Benzopyran-4-one,3-dihydro-5,7-dihydroxy-2-(4-hydroxyphenyl)-, (S)-
4H-1-Benzopyran-4-one, 2,3-dihydro-5,7-dihydroxy-2-(4-hydroxyphenyl)-, (S)-
Naringenin (NAR)
Prestwick_531
(??)-Naringenin
EINECS 266-769-1
Opera_ID_106
Prestwick0_000466
Prestwick1_000466
Prestwick2_000466
Prestwick3_000466
(R,S)-Naringenin 1000 microg/mL in Acetone
Oprea1_194140
SCHEMBL20571
BSPBio_000572
MLS001146907
SPBio_002511
5,7-Dihydroxy-2-(4-hydroxyphenyl)-2,3-dihydro-4H-chromen-4-one
BPBio1_000630
MEGxp0_000358
orb1297626
SCHEMBL25894738
ACon1_000582
BDBM19461
GTPL10298
4',5,7-trihydroxyflavan-4-one
(+/-)-Naringenin, >=95%
HMS1569M14
HMS2096M14
HMS2231O18
HMS3352B08
HMS3373N07
HMS3656G15
Naringenin, natural (US), 98%
HY-W011641R
EBC-03890
NSC815094
SBB006461
5,7-Dihydroxy-2-(4-hydroxyphenyl)-2,3-dihydro-4H-1-benzopyran-4-one
AKOS015895052
(+/-)-Naringenin, analytical standard
CS-W012357
FN01176
HY-W011641
KS-5142
NSC-815094
SB17305
(+/-)-Naringenin, ~95% (HPCE)
SMP1_000060
NCGC00017346-02
NCGC00017346-03
NCGC00017346-04
NCGC00017346-09
NCGC00095963-01
NCGC00095963-02
NCGC00095963-03
AC-20273
ST057236
SY049933
SY075819
DB-057415
N0072
NS00003069
EN300-717813
S00279
AE-848/32605045
F320310
( inverted exclamation markA)-Naringenin (Standard)
5,7-Dihydroxy-2-(4-hydroxy-phenyl)-chroman-4-one
BRD-A94669766-001-02-6
BRD-A94669766-001-04-2
Q57826857
Z1741982267
EC19096C-4404-4A16-9BF9-92F9F358E005
( )-Naringenin;   4?,5,7-Trihydroxyflavanone; H-1-benzopyran-4-one
5,7-Dihydroxy-2-(4-hydroxyphenyl)-2,3-dihydro-4H-chromen-4-one, (S)- #
(+/-)-2,3-Dihydro-5,7-dihydroxy-2-(4-hydroxyphenyl)-4H-1-benzopyran-4- one",932,C15H12O5,272.068473484,2.2977000000000007,0,1,1,BTM00010,BTM00010,Hydroxylation of benzene on carbon para to electron donating group,BTMR1047,"CYP1A2
CYP2C8
CYP2C9
CYP2D6
CYP3A4",HUMAN,BTM00063,O1C=2C(C(=O)CC1C3=CC=CC=C3)=C(O)C=C(O)C2,"InChI=1S/C15H12O4/c16-10-6-11(17)15-12(18)8-13(19-14(15)7-10)9-4-2-1-3-5-9/h1-7,13,16-17H,8H2",URFCJEUYXNAHFI-UHFFFAOYSA-N,2.5651,256.073558864
"InChI=1S/C15H12O5/c16-9-6-10(17)12-11(7-9)20-15(14(19)13(12)18)8-4-2-1-3-5-8/h1-7,14-17,19H",SUYJZKRQHBQNCA-UHFFFAOYSA-N,O1C=2C(C(=O)C(C1C3=CC=CC=C3)O)=C(O)C=C(O)C2,"rac-Pinobanksin
3,5,7-Trihydroxyflavanone; Dihydrogalangin
GALANGIN_met009
SCHEMBL14461145
AAA54882
4H-1-Benzopyran-4-one,2,3-dihydro-3,5,7-trihydroxy-2-phenyl-, (2R,3R)-",3519897,C15H12O5,272.068473484,2.0195999999999996,0,1,1,BTM00221,BTM00221,Hydroxylation of heteroalicyclic secondary carbon,BTMR1071,CYP1A2,HUMAN,BTM00063,O1C=2C(C(=O)CC1C3=CC=CC=C3)=C(O)C=C(O)C2,"InChI=1S/C15H12O4/c16-10-6-11(17)15-12(18)8-13(19-14(15)7-10)9-4-2-1-3-5-9/h1-7,13,16-17H,8H2",URFCJEUYXNAHFI-UHFFFAOYSA-N,2.5651,256.073558864
"InChI=1S/C16H14O4/c1-19-11-7-12(17)16-13(18)9-14(20-15(16)8-11)10-5-3-2-4-6-10/h2-9,13,17-18H,1H3",AXPMATZXGGXSAF-UHFFFAOYSA-N,O1C=2C(C(O)C=C1C3=CC=CC=C3)=C(O)C=C(OC)C2,,,C16H14O4,270.089208928,2.4562,0,0,0,BTM00139,BTM00139,4'-Dehydroxylation of substituted benzene,BTMR1012,Unspecified bacterial dehydroxylase,GUTMICRO,BTM00019,O1C=2C(C(O)C=C1C3=CC=C(O)C=C3)=C(O)C=C(OC)C2,"InChI=1S/C16H14O5/c1-20-11-6-12(18)16-13(19)8-14(21-15(16)7-11)9-2-4-10(17)5-3-9/h2-8,13,17-19H,1H3",ZKYNKKHUVIDQKT-UHFFFAOYSA-N,2.1887999999999996,286.084123548
"InChI=1S/C16H14O4/c1-19-14-7-11(17)8-15-16(14)12(18)9-13(20-15)10-5-3-2-4-6-10/h2-9,12,17-18H,1H3",XYUVAJNYAYZFJS-UHFFFAOYSA-N,O1C=2C(C(O)C=C1C3=CC=CC=C3)=C(OC)C=C(O)C2,,,C16H14O4,270.089208928,2.4562,0,0,0,BTM00140,BTM00140,4'-Dehydroxylation of substituted benzene,BTMR1012,Unspecified bacterial dehydroxylase,GUTMICRO,BTM00020,O1C=2C(C(O)C=C1C3=CC=C(O)C=C3)=C(OC)C=C(O)C2,"InChI=1S/C16H14O5/c1-20-14-6-11(18)7-15-16(14)12(19)8-13(21-15)9-2-4-10(17)5-3-9/h2-8,12,17-19H,1H3",XJDTZUREHVPVNF-UHFFFAOYSA-N,2.1887999999999996,286.084123548
"InChI=1S/C17H14O4/c1-19-12-8-15(20-2)17-13(18)10-14(21-16(17)9-12)11-6-4-3-5-7-11/h3-10H,1-2H3",JRFZSUMZAUHNSL-UHFFFAOYSA-N,O1C=2C(C(=O)C=C1C3=CC=CC=C3)=C(OC)C=C(OC)C2,"5,7-Dimethoxyflavone
21392-57-4
Chrysin dimethyl ether
Chrysin 5,7-dimethyl ether
5,7-dimethoxy-2-phenylchromen-4-one
5,7-dimethoxy-2-phenyl-4H-1-benzopyran-4-one
J8HQQ4R4F2
4H-1-Benzopyran-4-one, 5,7-dimethoxy-2-phenyl-
DTXSID50175656
NSC-741743
CHEBI:3684
RefChem:101386
DTXCID9098147
Chrysin dimethylether
Dimethylchrysin
5,7-Dimethoxy-2-phenyl-chromen-4-one
Chrysin DME
MFCD00016943
5,7-Dimethoxy Flavone
CHEMBL275391
Chrysindimethylether
Chrysin-Dimethylether
5,7 dimethoxyflavone
Spectrum_000364
5,7-Dimethoxy-Flavone
SpecPlus_000913
Chrysin - dimethyl ether
Dimethoxyflavone, 5,7-
Spectrum2_001359
Spectrum3_001034
Spectrum4_001169
Spectrum5_001712
5,7-Di Methoxy Flavone
Flavone, 5,7-dimethoxy-
UNII-J8HQQ4R4F2
4H-1-Benzopyran-4-one,5,7-dimethoxy-2-phenyl-
Oprea1_482940
BSPBio_002847
KBioGR_001777
KBioSS_000844
cid_88881
MLS001049094
DivK1c_007009
SPBio_001577
MEGxp0_001682
orb1301499
SCHEMBL1676012
SCHEMBL29403280
HY-N5011R
KBio1_001953
KBio2_000844
KBio2_003412
KBio2_005980
KBio3_002067
5,7-Dimethoxyflavone (Standard)
5,7-dimethoxyflavone, AldrichCPR
HMS2269A24
HY-N5011
5-O-METHYL-7-METHOXYFLAVONE
BDBM50338972
CCG-39297
LMPK12110188
MSK158739
NSC741743
s3227
STK921429
AKOS002255361
EBC-616332
FC66720
MB00258
NSC 741743
NCGC00178436-01
AC-34393
MS-24007
SMR000386927
DB-045565
CS-0032072
ST50309370
5,7-Dimethoxy-2-phenyl-4H-chromen-4-one #
VU0361824-2
E88577
SR-01000758978
A1-05745
SR-01000758978-2
BRD-K81298036-001-02-1
BRD-K81298036-001-06-2
Q27106162
F3228-0184
Chrysin dimethyletherChrysin dimethylether; Chrysin 5,7-dimethyl ether; Dimethylchrysin",88881,C17H14O4,282.089208928,3.7964,0,0,0,BTM00142,BTM00142,4'-Dehydroxylation of substituted benzene,BTMR1012,Unspecified bacterial dehydroxylase,GUTMICRO,BTM00024,O1C=2C(C(=O)C=C1C3=CC=C(O)C=C3)=C(OC)C=C(OC)C2,"InChI=1S/C17H14O5/c1-20-12-7-15(21-2)17-13(19)9-14(22-16(17)8-12)10-3-5-11(18)6-4-10/h3-9,18H,1-2H3",ARICZLGTUHLTFQ-UHFFFAOYSA-N,3.5289999999999995,298.084123548
"InChI=1S/C15H12O5/c16-9-3-1-8(2-4-9)13-7-12(19)15-11(18)5-10(17)6-14(15)20-13/h1-7,12,16-19H",TWLIHXQWVLTBCS-UHFFFAOYSA-N,O1C=2C(C(O)C=C1C3=CC=C(O)C=C3)=C(O)C=C(O)C2,"2-(4-hydroxyphenyl)-4H-chromene-4,5,7-triol",86574168,C15H12O5,272.068473484,1.9377999999999997,0,1,1,BTM00001,BTM00001,3'-Dehydroxylation of substituted benzene,BTMR1314,Unspecified bacterial dehydroxylase,GUTMICRO,BTM00031,O1C=2C(C(O)C=C1C3=CC=C(O)C(=C3)O)=C(O)C=C(O)C2,"InChI=1S/C15H12O6/c16-8-4-11(19)15-12(20)6-13(21-14(15)5-8)7-1-2-9(17)10(18)3-7/h1-6,12,16-20H",CKVHUHNHULERKW-UHFFFAOYSA-N,1.6704000000000006,288.06338810399996
"InChI=1S/C15H12O5/c16-9-3-1-2-8(4-9)13-7-12(19)15-11(18)5-10(17)6-14(15)20-13/h1-7,12,16-19H",JNNPFNNAKOERPQ-UHFFFAOYSA-N,O1C=2C(C(O)C=C1C3=CC=CC(=C3)O)=C(O)C=C(O)C2,,,C15H12O5,272.068473484,1.9377999999999997,0,1,1,BTM00172,BTM00172,4'-Dehydroxylation of substituted benzene,BTMR1012,Unspecified bacterial dehydroxylase,GUTMICRO,BTM00031,O1C=2C(C(O)C=C1C3=CC=C(O)C(=C3)O)=C(O)C=C(O)C2,"InChI=1S/C15H12O6/c16-8-4-11(19)15-12(20)6-13(21-14(15)5-8)7-1-2-9(17)10(18)3-7/h1-6,12,16-20H",CKVHUHNHULERKW-UHFFFAOYSA-N,1.6704000000000006,288.06338810399996
"InChI=1S/C16H14O6/c1-21-13-3-2-8(4-10(13)18)14-7-12(20)16-11(19)5-9(17)6-15(16)22-14/h2-6,14,17-19H,7H2,1H3",AIONOLUJZLIMTK-UHFFFAOYSA-N,O1C=2C(C(=O)CC1C3=CC=C(OC)C(=C3)O)=C(O)C=C(O)C2,"5,7-dihydroxy-2-(3-hydroxy-4-methoxyphenyl)-3,4-dihydro-2H-1-benzopyran-4-one
5,7-dihydroxy-2-(3-hydroxy-4-methoxyphenyl)-2,3-dihydrochromen-4-one
RefChem:528235
GlyTouCan:G94164LE
G94164LE
639-186-9
69097-99-0
(Rac)-Hesperetin
rac-Hesperetin
hesperetine
(+/-)-Hesperetin
(2S)-5,7-Dihydroxy-2-(3-hydroxy-4-methoxyphenyl)-4-chromanone, 3',5,7-Trihydroxy-4-methoxyflavanone
NSC641520
CHEMBL88169
MLS002667896
5,7-dihydroxy-2-(3-hydroxy-4-methoxy-phenyl)chroman-4-one
5,7-Dihydroxy-2-(3-hydroxy-4-methoxyphenyl)-4-chromanone
5,7-Dihydroxy-2-(3-hydroxy-4-methoxyphenyl)-2,3-dihydro-4H-1-benzopyran-4-one
2,3-Dihydro-5,7-dihydroxy-2-(3-hydroxy-4-methoxyphenyl)-4H-1-benzopyran-4-one; (+/-)-5,7,3'-Trihydroxy-4'-methoxyflavanone; (+/-)-Hesperetin; 5,7-Dihydroxy-2-(3-hydroxy-4-methoxyphenyl)chroman-4-one
MFCD00016956
Diosmin Impurity 26
DIOSMETIN_met010
Hesperetin, >=95%
(Rac)-Hesperetin (Standard)
SCHEMBL765368
Hesperetin, analytical standard
HY-N0168AR
orb1909564
SCHEMBL29484563
SCHEMBL30696626
ACon1_002327
CHEBI:95167
HY-N0168A
DTXSID70859446
DTXSID80274404
HMS3373J01
HMS3656C03
HMS5080H08
NSC57654
ZAA60497
BDBM50638595
3',7-Trihydroxy-4'-methoxyflavanone
5,3'-Trihydroxy-4'-methoxyflavanone
AKOS015995360
(+/-)-Hesperetin, analytical standard
EBC-465044
Flavanone,5,7-trihydroxy-4'-methoxy-
NSC-641520
NCGC00095618-01
NCGC00095618-02
AS-11672
DA-69236
NCI60_014043
SMR001557653
XH167423
CS-0111125
NS00096467
EN300-23521574
BRD-A44482398-001-01-3
Q27166968
FE387278-0643-4EBB-902D-C81B1FCDE1F8
5,7-Dihydroxy-2-(3-hydroxy-4-methoxyphenyl)-2,3-dihydro-4H-chromen-4-one
4H-1-Benzopyran-4-one,3-dihydro-5,7-dihydroxy-2-(3-hydroxy-4-methoxyphenyl)-, (S)-",3593,C16H14O6,302.079038168,2.281299999999999,0,1,1,BTM00146,BTM00146,Flavonoid C-ring reduction,BTMR0255,Unspecified gut bacterial enzyme,GUTMICRO,BTM00032,O1C=2C(C(=O)C=C1C3=CC=C(OC)C(=C3)O)=C(O)C=C(O)C2,"InChI=1S/C16H12O6/c1-21-13-3-2-8(4-10(13)18)14-7-12(20)16-11(19)5-9(17)6-15(16)22-14/h2-7,17-19H,1H3",MBNGWHIJMBWFHU-UHFFFAOYSA-N,3.0106,300.06338810399996
"InChI=1S/C16H12O5/c1-20-11-4-2-9(3-5-11)14-8-13(19)16-12(18)6-10(17)7-15(16)21-14/h2-8,17-18H,1H3",DANYIYRPLHHOCZ-UHFFFAOYSA-N,O1C=2C(C(=O)C=C1C3=CC=C(OC)C=C3)=C(O)C=C(O)C2,"acacetin
480-44-4
Linarigenin
5,7-Dihydroxy-4'-methoxyflavone
5,7-dihydroxy-2-(4-methoxyphenyl)chromen-4-one
4'-Methoxy-5,7-dihydroxyflavone
KWI7J0A2CC
DTXSID00197383
NSC-76061
CHEBI:15335
RefChem:551426
DTXCID10119874
207-552-3
Buddleoflavonol
5,7-Dihydroxy-2-(4-methoxyphenyl)-4H-chromen-4-one
4'-Methoxyapigenin
Acacetine
Linarisenin
Apigenin 4'-methyl ether
Akatsetin
5,7-Dioxy-4'-methoxyflavone
Apisenin 4'-methyl ether
Apigenin 4'-dimethyl ether
4H-1-BENZOPYRAN-4-ONE, 5,7-DIHYDROXY-2-(4-METHOXYPHENYL)-
4'-O-Methylapigenin
MFCD00016936
NSC 76061
Flavone, 5,7-dihydroxy-4'-methoxy-
ACAETIN
NSC76061
5,7-dihydroxy-2-(4-methoxyphenyl)-4h-1-benzopyran-4-one
5,7-Dihydroxy-2-(4-methoxyphenyl)-4-benzopyrone
MLS002693970
CHEMBL243664
2-(4-Methoxyphenyl)-5,7-dihydroxy-4H-1-benzopyran-4-one
SMR001233299
SR-01000841189
EINECS 207-552-3
UNII-KWI7J0A2CC
accacetin
BRN 0277879
Acaceztin
Acacetin?
4'-Methylapigenin
Prestwick_49
Acacetin (Standard)
4'-O-methyl apigenin
4'-O-methyl-apigenin
Kinome_3212
Spectrum_000135
ACACETIN [MI]
Prestwick0_000695
Prestwick1_000695
Prestwick2_000695
Prestwick3_000695
Spectrum5_000930
Acacetin, analytical standard
BSPBio_000849
KBioSS_000595
SPECTRUM200499
5-18-04-00575 (Beilstein Handbook Reference)
MLS002153960
DivK1c_000878
SCHEMBL107712
SPBio_002770
BPBio1_000935
orb1303480
SCHEMBL29387049
BCBcMAP01_000082
BDBM23415
GTPL13776
HMS502L20
HY-N0451R
KBio1_000878
KBio2_000595
KBio2_003163
KBio2_005731
APIGENIN-4'-METHYL ETHER
Flavone,7-dihydroxy-4'-methoxy-
NINDS_000878
HMS1570K11
HMS1922P12
HMS2097K11
HMS2234J17
HMS3374F03
Acacetin, >=97.0% (HPLC)
HY-N0451
MSK15637
LMPK12110468
s5318
AKOS015903365
CCG-208517
CS-5336
EBC-444074
FA16905
IDI1_000878
SMP1_000001
NCGC00016458-01
NCGC00016458-02
NCGC00016458-03
NCGC00016458-04
NCGC00016458-05
NCGC00095213-01
NCGC00095213-02
NCGC00095213-03
NCGC00179402-01
AC-33976
AS-70345
CAS-480-44-4
ST066889
SY067185
WLN: T66 BO EVJ CR DO1& GQ IQ
DB-051509
A3013
NS00031752
C01470
480A444
F241167
Q2822213
SR-01000841189-3
SR-01000841189-4
BRD-K77685744-001-03-6
BRD-K77685744-001-07-7
5,7-Dihydroxy-2-(4-methoxyphenyl)-4H-chromen-4-one #
4H-1-Benzopyran-4-one,7-dihydroxy-2-(4-methoxyphenyl)-
BE7185D3-6331-4E84-8C8E-5D10E505E37A",5280442,C16H12O5,284.068473484,3.278000000000001,0,0,0,BTM00007,BTM00007,3'-Dehydroxylation of substituted benzene,BTMR1314,Unspecified bacterial dehydroxylase,GUTMICRO,BTM00032,O1C=2C(C(=O)C=C1C3=CC=C(OC)C(=C3)O)=C(O)C=C(O)C2,"InChI=1S/C16H12O6/c1-21-13-3-2-8(4-10(13)18)14-7-12(20)16-11(19)5-9(17)6-15(16)22-14/h2-7,17-19H,1H3",MBNGWHIJMBWFHU-UHFFFAOYSA-N,3.0106,300.06338810399996
"InChI=1S/C16H14O6/c1-21-14-4-8(2-3-10(14)18)13-7-12(20)16-11(19)5-9(17)6-15(16)22-13/h2-6,13,17-19H,7H2,1H3",FTODBIPDTXRIGS-UHFFFAOYSA-N,O1C=2C(C(=O)CC1C3=CC=C(O)C(=C3)OC)=C(O)C=C(O)C2,"DTXSID501020066
(+-)-Homoeriodictyol
Homoeriodictyol (+-)-
RefChem:1049036
DTXCID80205834
(+-)-5,7,4'-Trihydroxy-3'-methoxyflavanone
Homoeriodictyol (+/-)-
69097-98-9
(+/-)-Homoeriodictyol
107657-60-3
4H-1-Benzopyran-4-one, 2,3-dihydro-5,7-dihydroxy-2-(4-hydroxy-3-methoxyphenyl)-
UNII-9NB8N7LZ92
MFCD00017314
5,7-dihydroxy-2-(4-hydroxy-3-methoxyphenyl)chroman-4-one
(+/-)-5,7,4'-Trihydroxy-3'-methoxyflavanone
9NB8N7LZ92
(+/-)Homoeriodictyol
MLS000876962
CHEMBL398282
MEGxp0_000571
SCHEMBL2307702
SCHEMBL30016824
ACon1_000195
GTPL12444
HMS2267J05
(-)-HOMOERIODICTYOL with HPLC
2,3-Dihydro-5,7-dihydroxy-2-(4-hydroxy-3-methoxyphenyl)-4H-1-benzopyran-4-one
4',5,7-trihydroxy-3'-methoxyflavanone
NCGC00180792-01
SMR000440598
SY324966
DB-040771
NS00121433
ST50331534
SR-01000758990
SR-01000758990-3
BRD-A52154940-001-01-0
Q27272783
5,7-dihydroxy-2-(4-hydroxy-3-methoxy-phenyl)chroman-4-one
5,7-Dihydroxy-2-(4-hydroxy-3-methoxyphenyl)-2,3-dihydro-4H-1-benzopyran-4-one",3512637,C16H14O6,302.079038168,2.281299999999999,0,1,1,BTM00147,BTM00147,Flavonoid C-ring reduction,BTMR0255,Unspecified gut bacterial enzyme,GUTMICRO,BTM00033,O1C=2C(C(=O)C=C1C3=CC=C(O)C(=C3)OC)=C(O)C=C(O)C2,"InChI=1S/C16H12O6/c1-21-14-4-8(2-3-10(14)18)13-7-12(20)16-11(19)5-9(17)6-15(16)22-13/h2-7,17-19H,1H3",SCZVLDHREVKTSH-UHFFFAOYSA-N,3.0106,300.06338810399996
"InChI=1S/C16H12O5/c1-20-11-4-2-3-9(5-11)14-8-13(19)16-12(18)6-10(17)7-15(16)21-14/h2-8,17-18H,1H3",LYRAAKFLFNBVGJ-UHFFFAOYSA-N,O1C=2C(C(=O)C=C1C3=CC=CC(=C3)OC)=C(O)C=C(O)C2,"28973-32-2
5,7-dihydroxy-2-(3-methoxyphenyl)chromen-4-one
DTXSID40420501
RefChem:298835
DTXCID40371347
5,7-Dihydroxy-2-(3-methoxyphenyl)-4H-chromen-4-one
CHEMBL309936
3'-methoxy-5,7-dihydroxyflavone
BDBM50212749
5,7-Dihydroxy-2-(3-methoxyphenyl)-4H-1-benzopyran-4-one",5481247,C16H12O5,284.068473484,3.278000000000001,0,0,0,BTM00173,BTM00173,4'-Dehydroxylation of substituted benzene,BTMR1012,Unspecified bacterial dehydroxylase,GUTMICRO,BTM00033,O1C=2C(C(=O)C=C1C3=CC=C(O)C(=C3)OC)=C(O)C=C(O)C2,"InChI=1S/C16H12O6/c1-21-14-4-8(2-3-10(14)18)13-7-12(20)16-11(19)5-9(17)6-15(16)22-13/h2-7,17-19H,1H3",SCZVLDHREVKTSH-UHFFFAOYSA-N,3.0106,300.06338810399996
"InChI=1S/C16H12O5/c1-20-11-6-12(18)16-13(19)8-14(21-15(16)7-11)9-2-4-10(17)5-3-9/h2-8,17-18H,1H3",JPMYFOBNRRGFNO-UHFFFAOYSA-N,O1C=2C(C(=O)C=C1C3=CC=C(O)C=C3)=C(O)C=C(OC)C2,"Genkwanin
437-64-9
Gengkwanin
7-O-Methylapigenin
7-Methylapigenin
7-Methoxyapigenin
Apigenin 7-methyl ether
5,4'-Dihydroxy-7-methoxyflavone
5-hydroxy-2-(4-hydroxyphenyl)-7-methoxychromen-4-one
5K3I5D6B2B
DTXSID80195908
CHEBI:75718
5,4'-dihydroxy-7-methoxy-flavone
RefChem:142883
DTXCID80118399
4',5-Dihydroxy-7-methoxyflavone
Puddumetin
5-Hydroxy-2-(4-hydroxyphenyl)-7-methoxy-4H-chromen-4-one
4H-1-Benzopyran-4-one, 5-hydroxy-2-(4-hydroxyphenyl)-7-methoxy-
MFCD00017452
CHEMBL210635
5-hydroxy-2-(4-hydroxyphenyl)-7-methoxy-chromen-4-one
UNII-5K3I5D6B2B
Gonkwanin
Henquanin
4'',5-dihydroxy-7-methoxyflavone
7'O-methyl-apigenin
Genkwanin (Standard)
apigenin 7-methylether
Spectrum_000330
SpecPlus_000835
Spectrum2_001355
Spectrum3_001401
Spectrum4_001667
Spectrum5_000573
BSPBio_003042
KBioGR_002193
KBioSS_000810
DivK1c_006931
Genkwanin, analytical standard
SCHEMBL866123
SPBio_001569
orb1300267
4,5-Dihydroxy-7-methoxyflavone
Genkwanin, >=98% (HPLC)
SCHEMBL29445006
HY-N0731R
KBio1_001875
KBio2_000810
KBio2_003378
KBio2_005946
KBio3_002262
5-Hydroxy-2-(4-hydroxyphenyl)-7-methoxy-4H-1-benzopyran-4-one
HY-N0731
4'',5-dihydroxy-7-methoxy flavone
BDBM50187658
CCG-38838
LMPK12111018
MSK158067
s9287
AKOS015896775
Flavone, 4',5-dihydroxy-7-methoxy-
EBC-457056
FG23656
NCGC00178332-01
NCGC00178332-02
AC-34953
AS-60761
ST057642
DB-051163
CS-0009744
NS00083543
4',5-Dihydroxy-7-methoxyflavone, AldrichCPR
C10046
Q3050376
BRD-K29160894-001-02-9
5-Hydroxy-2-(4-hydroxyphenyl)-7-methoxy-4H-chromen-4-one #",5281617,C16H12O5,284.068473484,3.278000000000001,0,0,0,BTM00005,BTM00005,3'-Dehydroxylation of substituted benzene,BTMR1314,Unspecified bacterial dehydroxylase,GUTMICRO,BTM00038,O1C=2C(C(=O)C=C1C3=CC=C(O)C(=C3)O)=C(O)C=C(OC)C2,"InChI=1S/C16H12O6/c1-21-9-5-12(19)16-13(20)7-14(22-15(16)6-9)8-2-3-10(17)11(18)4-8/h2-7,17-19H,1H3",RRRSSAVLTCVNIQ-UHFFFAOYSA-N,3.0106,300.06338810399996
"InChI=1S/C16H12O5/c1-20-11-6-12(18)16-13(19)8-14(21-15(16)7-11)9-3-2-4-10(17)5-9/h2-8,17-18H,1H3",BQASOSNOLITMSO-UHFFFAOYSA-N,O1C=2C(C(=O)C=C1C3=CC=CC(=C3)O)=C(O)C=C(OC)C2,,,C16H12O5,284.068473484,3.278000000000001,0,0,0,BTM00177,BTM00177,4'-Dehydroxylation of substituted benzene,BTMR1012,Unspecified bacterial dehydroxylase,GUTMICRO,BTM00038,O1C=2C(C(=O)C=C1C3=CC=C(O)C(=C3)O)=C(O)C=C(OC)C2,"InChI=1S/C16H12O6/c1-21-9-5-12(19)16-13(20)7-14(22-15(16)6-9)8-2-3-10(17)11(18)4-8/h2-7,17-19H,1H3",RRRSSAVLTCVNIQ-UHFFFAOYSA-N,3.0106,300.06338810399996
"InChI=1S/C16H12O5/c1-20-14-6-11(18)7-15-16(14)12(19)8-13(21-15)9-2-4-10(17)5-3-9/h2-8,17-18H,1H3",YQABHAHJGSNVQR-UHFFFAOYSA-N,O1C=2C(C(=O)C=C1C3=CC=C(O)C=C3)=C(OC)C=C(O)C2,"Thevetiaflavone
29376-68-9
7-hydroxy-2-(4-hydroxyphenyl)-5-methoxychromen-4-one
RefChem:189228
5-o-methylapigenin
apigenin-5-methyl ether
4H-1-Benzopyran-4-one, 7-hydroxy-2-(4-hydroxyphenyl)-5-methoxy-
NSC719158
2-Genistein-5-methyl ether
CHEMBL182265
orb1707799
SCHEMBL2874033
5-methoxy-7,4'-dihydroxyflavone
7-hydroxy-2-(4-hydroxyphenyl)-5-methoxy-4H-chromen-4-one
HY-N1157
LMPK12110956
7,4'-dihydroxy-5-methoxy-isoflavone
AKOS040740935
NSC-719158
(2S)-7,4'-dihydroxy-5-methoxyflavone
FT139054
MS-24040
NCI60_040953
PD100264
DB-229427
CS-0016447
E88819
7-hydroxy-2-(4-hydroxyphenyl)-5-methoxy-chromen-4-one",5315202,C16H12O5,284.068473484,3.278000000000001,0,0,0,BTM00006,BTM00006,3'-Dehydroxylation of substituted benzene,BTMR1314,Unspecified bacterial dehydroxylase,GUTMICRO,BTM00039,O1C=2C(C(=O)C=C1C3=CC=C(O)C(=C3)O)=C(OC)C=C(O)C2,"InChI=1S/C16H12O6/c1-21-14-5-9(17)6-15-16(14)12(20)7-13(22-15)8-2-3-10(18)11(19)4-8/h2-7,17-19H,1H3",OZPMKAZMPNDLKX-UHFFFAOYSA-N,3.0106,300.06338810399996
"InChI=1S/C16H12O5/c1-20-14-6-11(18)7-15-16(14)12(19)8-13(21-15)9-3-2-4-10(17)5-9/h2-8,17-18H,1H3",UYUGLBRPDXOIPY-UHFFFAOYSA-N,O1C=2C(C(=O)C=C1C3=CC=CC(=C3)O)=C(OC)C=C(O)C2,,,C16H12O5,284.068473484,3.278000000000001,0,0,0,BTM00178,BTM00178,4'-Dehydroxylation of substituted benzene,BTMR1012,Unspecified bacterial dehydroxylase,GUTMICRO,BTM00039,O1C=2C(C(=O)C=C1C3=CC=C(O)C(=C3)O)=C(OC)C=C(O)C2,"InChI=1S/C16H12O6/c1-21-14-5-9(17)6-15-16(14)12(20)7-13(22-15)8-2-3-10(18)11(19)4-8/h2-7,17-19H,1H3",OZPMKAZMPNDLKX-UHFFFAOYSA-N,3.0106,300.06338810399996
"InChI=1S/C15H14O4/c16-10-6-11(17)15-12(18)8-13(19-14(15)7-10)9-4-2-1-3-5-9/h1-7,12-13,16-18H,8H2",QZSGWUDKCQKAIF-UHFFFAOYSA-N,O1C=2C(C(O)CC1C3=CC=CC=C3)=C(O)C=C(O)C2,SCHEMBL18786588,123788610,C15H14O4,258.089208928,2.1961999999999997,0,1,1,BTM00191,BTM00191,4'-Dehydroxylation of substituted benzene,BTMR1012,Unspecified bacterial dehydroxylase,GUTMICRO,BTM00040,O1C=2C(C(O)CC1C3=CC=C(O)C=C3)=C(O)C=C(O)C2,"InChI=1S/C15H14O5/c16-9-3-1-8(2-4-9)13-7-12(19)15-11(18)5-10(17)6-14(15)20-13/h1-6,12-13,16-19H,7H2",RPKUCYSGAXIESU-UHFFFAOYSA-N,1.928799999999999,274.084123548
"InChI=1S/C16H14O4/c1-19-11-7-12(17)16-13(18)9-14(20-15(16)8-11)10-5-3-2-4-6-10/h2-8,14,17H,9H2,1H3",ORJDDOBAOGKRJV-UHFFFAOYSA-N,O1C=2C(C(=O)CC1C3=CC=CC=C3)=C(O)C=C(OC)C2,"RefChem:1092925
Npc235117
5-hydroxy-7-methoxy-2-phenylchroman-4-one
75291-74-6
(+/-)-Pinostrobin
MFCD00017481
(S)-2,3-Dihydro-5-hydroxy-7-methoxy-2-phenyl-4-benzopyrone
2,3-Dihydro-5-hydroxy-7-methoxy-2-phenyl-4H-1-benzopyran-4-one
()-Pinostrobin
7-Methoxy-5-hydroxyflavanone
CHEMBL210800
orb3032916
SCHEMBL1485747
(2R)-5-hydroxy-7-methoxy-2-phenyl-3,4-dihydro-2H-1-benzopyran-4-one
SCHEMBL31264673
LMPK12140216
AKOS016009493
FP66572
ST079166
XP180702
DB-051500
(+/-)-Pinostrobin, >=99.0% (TLC)
5-Hydroxy-7-methoxy-2-phenyl-chroman-4-one
5-Hydroxy-7-methoxyflavanone (Tectochrysin)
NS00074278
H42535
AM-573/21093010",4101463,C16H14O4,270.089208928,2.816099999999999,0,0,0,BTM00194,BTM00194,4'-Dehydroxylation of substituted benzene,BTMR1012,Unspecified bacterial dehydroxylase,GUTMICRO,BTM00044,O1C=2C(C(=O)CC1C3=CC=C(O)C=C3)=C(O)C=C(OC)C2,"InChI=1S/C16H14O5/c1-20-11-6-12(18)16-13(19)8-14(21-15(16)7-11)9-2-4-10(17)5-3-9/h2-7,14,17-18H,8H2,1H3",DJOJDHGQRNZXQQ-UHFFFAOYSA-N,2.5486999999999997,286.084123548
"InChI=1S/C16H14O4/c1-19-14-7-11(17)8-15-16(14)12(18)9-13(20-15)10-5-3-2-4-6-10/h2-8,13,17H,9H2,1H3",QQQCWVDPMPFUGF-UHFFFAOYSA-N,O1C=2C(C(=O)CC1C3=CC=CC=C3)=C(OC)C=C(O)C2,"DTXSID30398801
7-hydroxy-5-methoxy-flavanone
RefChem:915583
DTXCID20349660
Alpinetin
1090-65-9
7-Hydroxy-5-methoxy-2-phenylchroman-4-one
7-hydroxy-5-methoxy-2-phenyl-2,3-dihydrochromen-4-one
7-hydroxy-5-methoxy-2-phenyl-chroman-4-one
2,3-Dihydro-7-hydroxy-5-methoxy-2-phenyl-4H-1-benzopyran-4-one
5-Methoxy-7-hydroxyflavanone
(2S)-Alpinetin
BN35TX485D
CHEMBL427218
MEGxp0_000549
SCHEMBL1460823
ALPINETIN, (+/-)-
SCHEMBL29926405
CHEBI:192656
QQQCWVDPMPFUGF-UHFFFAOYSA-N
7-hydroxy-5-methoxy-2-phenyl-3,4-dihydro-2H-1-benzopyran-4-one
4H-1-Benzopyran-4-one, 2,3-dihydro-7-hydroxy-5-methoxy-2-phenyl-
LMPK12140215
AKOS015914785
AC-20180
DB-048913
NS00066974
090A659
AA-504/20990013
AA-504/21003038
FLAVANONE, 7-HYDROXY-5-METHOXY-, (+/-)-
B2703-091011
7-Hydroxy-5-methoxy-2-phenyl-2,3-dihydro-4H-1-benzopyran-4-one
4H-1-BENZOPYRAN-4-ONE, 2,3-DIHYDRO-7-HYDROXY-5-METHOXY-2-PHENYL-, (+/-)-",4053302,C16H14O4,270.089208928,2.816099999999999,0,0,0,BTM00195,BTM00195,4'-Dehydroxylation of substituted benzene,BTMR1012,Unspecified bacterial dehydroxylase,GUTMICRO,BTM00045,O1C=2C(C(=O)CC1C3=CC=C(O)C=C3)=C(OC)C=C(O)C2,"InChI=1S/C16H14O5/c1-20-14-6-11(18)7-15-16(14)12(19)8-13(21-15)9-2-4-10(17)5-3-9/h2-7,13,17-18H,8H2,1H3",CWZLMWSCLBFCBY-UHFFFAOYSA-N,2.5486999999999997,286.084123548
"InChI=1S/C16H14O5/c1-21-12-5-2-10(3-6-12)4-7-13(18)16-14(19)8-11(17)9-15(16)20/h2-9,17,19-20H,1H3/b7-4+",DGUBZDXYXXUHTJ-QPJJXVBHSA-N,OC=1C(C(=O)C=CC2=CC=C(OC)C=C2)=C(O)C=C(O)C1,"2',4',6'-Trihydroxy-4-methoxychalcone
CHEMBL133588
SCHEMBL11349226
CHEBI:178321
BDBM50235135
LMPK12120265
4-METHOXYL-2',4',6'-TRIHYDROXYCHALCONE
4-METHOXYL-2'',4'',6''-TRIHYDROXYCHALCONE
(E)-3-(4-methoxyphenyl)-1-(2,4,6-trihydroxyphenyl)prop-2-en-1-one",13990811,C16H14O5,286.084123548,2.8833999999999995,0,1,1,BTM00190,BTM00190,Flavanone C-ring fission,BTMR0273,Unspecified gut bacterial enzyme,GUTMICRO,BTM00046,O1C=2C(C(=O)CC1C3=CC=C(OC)C=C3)=C(O)C=C(O)C2,"InChI=1S/C16H14O5/c1-20-11-4-2-9(3-5-11)14-8-13(19)16-12(18)6-10(17)7-15(16)21-14/h2-7,14,17-18H,8H2,1H3",HMUJXQRRKBLVOO-UHFFFAOYSA-N,2.5486999999999997,286.084123548
"InChI=1S/C15H12O6/c16-9-6-13(20)15(14(21)7-9)11(18)4-2-8-1-3-10(17)12(19)5-8/h1-7,16-17,19-21H/b4-2+",CRBYNQCDRNZCNX-DUXPYHPUSA-N,OC=1C(C(=O)C=CC2=CC=C(O)C(=C2)O)=C(O)C=C(O)C1,"Eriodictyol chalcone
14917-41-0
DTXSID201343534
RefChem:1084226
DTXCID701772366
(E)-3-(3,4-dihydroxyphenyl)-1-(2,4,6-trihydroxyphenyl)prop-2-en-1-one
2',3,4,4',6'-Pentahydroxychalcone
2',4',6',3,4-Pentahydroxychalcone
73692-51-0
3,4,2',4',6'-Pentahydroxychalcone
Eriodictyolchalcone
MDQ6NJ9LSN
CHEMBL127409
3,4,2',4',6-Pentahydroxychalcone
MFCD00017302
2',3,4,4',6'-Penta-hydroxychalcone
(2E)-3-(3,4-dihydroxyphenyl)-1-(2,4,6-trihydroxyphenyl)prop-2-en-1-one
2-Propen-1-one, 3-(3,4-dihydroxyphenyl)-1-(2,4,6-trihydroxyphenyl)-, (2E)-
(2E)-3-(3,4-Dihydroxyphenyl)-1-(2,4,6-trihydroxyphenyl)-2-propen-1-one
2-Propen-1-one, 3-(3,4-dihydroxyphenyl)-1-(2,4,6-trihydroxyphenyl)-
3-(3,4-dihydroxyphenyl)-1-(2,4,6-trihydroxyphenyl)prop-2-en-1-one
EINECS 277-569-9
UNII-MDQ6NJ9LSN
SCHEMBL159248
orb1682638
SCHEMBL29773083
CHEBI:10836
CHEBI:48967
GTPL12443
HY-N9551
BDBM50042994
LMPK12120271
AKOS024465134
FP65728
FP145714
trans-2',3,4,4',6'-pentahydroxychalcone
CS-0201229
NS00059430
ST50331415
PENTAHYDROXYCHALCONE,2,4,6,3,4-(SH)
trans-2'',3,4,4'',6''-pentahydroxychalcone
Q27108675",5461154,C15H12O6,288.06338810399996,2.3650000000000007,0,1,1,BTM00218,BTM00218,Flavanone C-ring fission,BTMR0273,Unspecified gut bacterial enzyme,GUTMICRO,BTM00057,O1C=2C(C(=O)CC1C3=CC=C(O)C(=C3)O)=C(O)C=C(O)C2,"InChI=1S/C15H12O6/c16-8-4-11(19)15-12(20)6-13(21-14(15)5-8)7-1-2-9(17)10(18)3-7/h1-5,13,16-19H,6H2",SBHXYTNGIZCORC-UHFFFAOYSA-N,2.0303,288.06338810399996
"InChI=1S/C15H12O5/c16-9-3-1-8(2-4-9)13-7-12(19)15-11(18)5-10(17)6-14(15)20-13/h1-6,13,16-18H,7H2",FTVWIRXFELQLPI-UHFFFAOYSA-N,O1C=2C(C(=O)CC1C3=CC=C(O)C=C3)=C(O)C=C(O)C2,"67604-48-2
5,7-Dihydroxy-2-(4-hydroxyphenyl)chroman-4-one
DTXSID50274239
(+-)-naringenin
RefChem:528240
GlyTouCan:G03288QY
DTXCID50196624
G03288QY
266-769-1
(+/-)-Naringenin
4',5,7-Trihydroxyflavanone
rac Naringenin
93602-28-9
( inverted exclamation markA)-Naringenin
(R,S)-Naringenin
(-)-Naringenin
5,7-dihydroxy-2-(4-hydroxyphenyl)-2,3-dihydrochromen-4-one
(+)-naringenin
MFCD00006844
5,7-dihydroxy-2-(4-hydroxyphenyl)-3,4-dihydro-2H-1-benzopyran-4-one
CHEMBL32571
rac-Naringenin
MLS000028739
MLS000738094
NSC11855
NSC34875
SMR000059039
4',7-Trihydroxyflavanone
NSC 34875
Flavanone,5,7-trihydroxy-
(+/-)-2,3-Dihydro-5,7-dihydroxy-2-(4-hydroxyphenyl)-4H-1-benzopyran-4-one
Naringenin?
CCRIS 8135
MFCD00870553
4H-1-Benzopyran-4-one,3-dihydro-5,7-dihydroxy-2-(4-hydroxyphenyl)-
(?-Naringenin
4H-1-Benzopyran-4-one,3-dihydro-5,7-dihydroxy-2-(4-hydroxyphenyl)-, (S)-
4H-1-Benzopyran-4-one, 2,3-dihydro-5,7-dihydroxy-2-(4-hydroxyphenyl)-, (S)-
Naringenin (NAR)
Prestwick_531
(??)-Naringenin
EINECS 266-769-1
Opera_ID_106
Prestwick0_000466
Prestwick1_000466
Prestwick2_000466
Prestwick3_000466
(R,S)-Naringenin 1000 microg/mL in Acetone
Oprea1_194140
SCHEMBL20571
BSPBio_000572
MLS001146907
SPBio_002511
5,7-Dihydroxy-2-(4-hydroxyphenyl)-2,3-dihydro-4H-chromen-4-one
BPBio1_000630
MEGxp0_000358
orb1297626
SCHEMBL25894738
ACon1_000582
BDBM19461
GTPL10298
4',5,7-trihydroxyflavan-4-one
(+/-)-Naringenin, >=95%
HMS1569M14
HMS2096M14
HMS2231O18
HMS3352B08
HMS3373N07
HMS3656G15
Naringenin, natural (US), 98%
HY-W011641R
EBC-03890
NSC815094
SBB006461
5,7-Dihydroxy-2-(4-hydroxyphenyl)-2,3-dihydro-4H-1-benzopyran-4-one
AKOS015895052
(+/-)-Naringenin, analytical standard
CS-W012357
FN01176
HY-W011641
KS-5142
NSC-815094
SB17305
(+/-)-Naringenin, ~95% (HPCE)
SMP1_000060
NCGC00017346-02
NCGC00017346-03
NCGC00017346-04
NCGC00017346-09
NCGC00095963-01
NCGC00095963-02
NCGC00095963-03
AC-20273
ST057236
SY049933
SY075819
DB-057415
N0072
NS00003069
EN300-717813
S00279
AE-848/32605045
F320310
( inverted exclamation markA)-Naringenin (Standard)
5,7-Dihydroxy-2-(4-hydroxy-phenyl)-chroman-4-one
BRD-A94669766-001-02-6
BRD-A94669766-001-04-2
Q57826857
Z1741982267
EC19096C-4404-4A16-9BF9-92F9F358E005
( )-Naringenin;   4?,5,7-Trihydroxyflavanone; H-1-benzopyran-4-one
5,7-Dihydroxy-2-(4-hydroxyphenyl)-2,3-dihydro-4H-chromen-4-one, (S)- #
(+/-)-2,3-Dihydro-5,7-dihydroxy-2-(4-hydroxyphenyl)-4H-1-benzopyran-4- one",932,C15H12O5,272.068473484,2.2977000000000007,0,1,1,BTM00010,BTM00010,3'-Dehydroxylation of substituted benzene,BTMR1314,Unspecified bacterial dehydroxylase,GUTMICRO,BTM00057,O1C=2C(C(=O)CC1C3=CC=C(O)C(=C3)O)=C(O)C=C(O)C2,"InChI=1S/C15H12O6/c16-8-4-11(19)15-12(20)6-13(21-14(15)5-8)7-1-2-9(17)10(18)3-7/h1-5,13,16-19H,6H2",SBHXYTNGIZCORC-UHFFFAOYSA-N,2.0303,288.06338810399996
"InChI=1S/C15H12O5/c16-9-3-1-2-8(4-9)13-7-12(19)15-11(18)5-10(17)6-14(15)20-13/h1-6,13,16-18H,7H2",NJWJQMLMBXIOJW-UHFFFAOYSA-N,O1C=2C(C(=O)CC1C3=CC=CC(=C3)O)=C(O)C=C(O)C2,"DTXSID00874647
5,7-3'-TRIHYDROXYFLAVANONE
RefChem:1072234
DTXCID001012773
5,7,3'-Trihydroxyflavanone
104732-07-2
5,7-Dihydroxy-2-(3-hydroxyphenyl)chroman-4-one
SCHEMBL7809362
CHEBI:196259
5,7-dihydroxy-2-(3-hydroxyphenyl)-2,3-dihydrochromen-4-one
LMPK12140220
4H-1-Benzopyran-4-one, 2,3-dihydro-5,7-dihydroxy-2-(3-hydroxyphenyl)-, (S)-
5,7-Dihydroxy-2-(3-hydroxyphenyl)-2,3-dihydro-4H-1-benzopyran-4-one",113638,C15H12O5,272.068473484,2.2977000000000007,0,1,1,BTM00222,BTM00222,4'-Dehydroxylation of substituted benzene,BTMR1012,Unspecified bacterial dehydroxylase,GUTMICRO,BTM00057,O1C=2C(C(=O)CC1C3=CC=C(O)C(=C3)O)=C(O)C=C(O)C2,"InChI=1S/C15H12O6/c16-8-4-11(19)15-12(20)6-13(21-14(15)5-8)7-1-2-9(17)10(18)3-7/h1-5,13,16-19H,6H2",SBHXYTNGIZCORC-UHFFFAOYSA-N,2.0303,288.06338810399996
"InChI=1S/C15H12O6/c16-9-3-1-8(2-4-9)5-13(20)15(21)14-11(18)6-10(17)7-12(14)19/h1-4,6-7,16-19H,5H2",UAXKKOUIRYHGCN-UHFFFAOYSA-N,OC=1C(C(=O)C(CC2=CC=C(O)C=C2)=O)=C(O)C=C(O)C1,,,C15H12O6,288.06338810399996,1.9356,0,1,1,BTM00223,BTM00223,Flavanon-3-ol C-ring fission,BTMR0272,Unspecified gut bacterial enzyme,GUTMICRO,BTM00058,O1C=2C(C(=O)C(C1C3=CC=C(O)C=C3)O)=C(O)C=C(O)C2,"InChI=1S/C15H12O6/c16-8-3-1-7(2-4-8)15-14(20)13(19)12-10(18)5-9(17)6-11(12)21-15/h1-6,14-18,20H",PADQINQHPQKXNL-UHFFFAOYSA-N,1.7521999999999995,288.06338810399996
"InChI=1S/C15H12O5/c16-9-6-10(17)12-11(7-9)20-15(14(19)13(12)18)8-4-2-1-3-5-8/h1-7,14-17,19H",SUYJZKRQHBQNCA-UHFFFAOYSA-N,O1C=2C(C(=O)C(C1C3=CC=CC=C3)O)=C(O)C=C(O)C2,"rac-Pinobanksin
3,5,7-Trihydroxyflavanone; Dihydrogalangin
GALANGIN_met009
SCHEMBL14461145
AAA54882
4H-1-Benzopyran-4-one,2,3-dihydro-3,5,7-trihydroxy-2-phenyl-, (2R,3R)-",3519897,C15H12O5,272.068473484,2.0195999999999996,0,1,1,BTM00221,BTM00221,4'-Dehydroxylation of substituted benzene,BTMR1012,Unspecified bacterial dehydroxylase,GUTMICRO,BTM00058,O1C=2C(C(=O)C(C1C3=CC=C(O)C=C3)O)=C(O)C=C(O)C2,"InChI=1S/C15H12O6/c16-8-3-1-7(2-4-8)15-14(20)13(19)12-10(18)5-9(17)6-11(12)21-15/h1-6,14-18,20H",PADQINQHPQKXNL-UHFFFAOYSA-N,1.7521999999999995,288.06338810399996
"InChI=1S/C15H12O5/c16-9-3-1-2-8(4-9)13-7-12(19)15-11(18)5-10(17)6-14(15)20-13/h1-6,13,16-18H,7H2",NJWJQMLMBXIOJW-UHFFFAOYSA-N,O1C=2C(C(=O)CC1C3=CC=CC(=C3)O)=C(O)C=C(O)C2,"DTXSID00874647
5,7-3'-TRIHYDROXYFLAVANONE
RefChem:1072234
DTXCID001012773
5,7,3'-Trihydroxyflavanone
104732-07-2
5,7-Dihydroxy-2-(3-hydroxyphenyl)chroman-4-one
SCHEMBL7809362
CHEBI:196259
5,7-dihydroxy-2-(3-hydroxyphenyl)-2,3-dihydrochromen-4-one
LMPK12140220
4H-1-Benzopyran-4-one, 2,3-dihydro-5,7-dihydroxy-2-(3-hydroxyphenyl)-, (S)-
5,7-Dihydroxy-2-(3-hydroxyphenyl)-2,3-dihydro-4H-1-benzopyran-4-one",113638,C15H12O5,272.068473484,2.2977000000000007,0,1,1,BTM00222,BTM00222,Flavonoid C-ring reduction,BTMR0255,Unspecified gut bacterial enzyme,GUTMICRO,BTM00061,O1C=2C(C(=O)C=C1C3=CC=CC(=C3)O)=C(O)C=C(O)C2,"InChI=1S/C15H10O5/c16-9-3-1-2-8(4-9)13-7-12(19)15-11(18)5-10(17)6-14(15)20-13/h1-7,16-18H",BEXPKGWBRBLIIC-UHFFFAOYSA-N,3.0270000000000006,270.05282342
"InChI=1S/C15H10O4/c16-10-6-11(17)15-12(18)8-13(19-14(15)7-10)9-4-2-1-3-5-9/h1-8,16-17H",RTIXKCRFFJGDFG-UHFFFAOYSA-N,O1C=2C(C(=O)C=C1C3=CC=CC=C3)=C(O)C=C(O)C2,"chrysin
480-40-0
5,7-Dihydroxyflavone
Chrysine
5,7-dihydroxy-2-phenylchromen-4-one
4H-1-Benzopyran-4-one, 5,7-dihydroxy-2-phenyl-
5,7-Dihydroxy-2-phenyl-4H-1-benzopyran-4-one
FLAVONE, 5,7-DIHYDROXY-
NSC-407436
DTXSID1022396
3CN01F5ZJ5
DTXCID902396
CHEBI:75095
5,7-dihydroxy-flavone
RefChem:5686
207-549-7
5,7-Dihydroxy-2-phenyl-4H-chromen-4-one
MFCD00006834
5,7-Dihydroxy-2-phenyl-chromen-4-one
NSC407436
CHEMBL117
Crysin
5,7-Dihydroxy-2-phenyl-4H-benzo(b)pyran-4-one
Chrysin 99+%
CAS-480-40-0
Chrysinic acid
SMR000112318
SR-01000765660
EINECS 207-549-7
NSC 407436
BRN 0233276
UNII-3CN01F5ZJ5
Chrysinic acid;
3ebo
4des
5,7-flavonone
57D
Chrysin (Standard)
5,7-diOH-Flavone
Flavone,7-dihydroxy-
Chrysin, 97%
5,7-dihydroxy flavone
Ois 3
Spectrum_000245
CHRYSIN [MI]
Prestwick0_000889
Prestwick1_000889
Prestwick2_000889
Prestwick3_000889
Spectrum2_000753
Spectrum3_001399
Spectrum4_000780
Spectrum5_001503
Chrysin, analytical standard
Oprea1_045160
SCHEMBL44474
BSPBio_000678
BSPBio_002514
BSPBio_003018
KBioGR_001200
KBioSS_000725
5-18-04-00076 (Beilstein Handbook Reference)
MLS000697728
MLS001074879
MLS006011841
BIDD:ER0484
DivK1c_000614
SPECTRUM1500709
SPECTRUM1505144
SPBio_000766
SPBio_002897
AKOS NCG1-0026
BDBM7461
BPBio1_000746
GTPL8789
MEGxp0_001416
orb1304954
SCHEMBL28586240
SCHEMBL29383577
ACon1_000087
cid_5281607
HMS501O16
KBio1_000614
KBio2_000725
KBio2_003293
KBio2_005861
KBio3_002238
MSK7407
NINDS_000614
HMS1570B20
HMS1921E20
HMS2097B20
HMS2268I23
HMS3468N08
HMS3655L20
ALBB-015581
BB_NC-01015
Tox21_302335
BBL010449
CCG-40148
EBC-13872
HY-14589R
LMPK12110189
NSC818102
s2281
SBB012459
STK801609
AKOS000275936
CS-7531
DB15581
FD30010
GS-0927
NSC-818102
SDCCGMLS-0066586.P001
IDI1_000614
SMP1_000070
NCGC00016456-01
NCGC00016456-02
NCGC00016456-03
NCGC00016456-04
NCGC00016456-05
NCGC00016456-06
NCGC00016456-07
NCGC00016456-08
NCGC00016456-09
NCGC00016456-10
NCGC00016456-12
NCGC00094842-01
NCGC00094842-02
NCGC00094842-03
NCGC00094842-04
NCGC00094842-05
NCGC00168807-01
NCGC00168807-02
NCGC00168807-03
NCGC00168807-04
NCGC00255307-01
AC-10052
HY-14589
NCI60_003886
ST069324
SY050125
AB00513947
C1652
NS00008874
SW197197-2
5,7-Dihydroxy-2-phenyl-4H-chromen-4-one #
4H-1-Benzopyran-4-one,7-dihydroxy-2-phenyl-
80C400
EN300-303044
S00112
Chrysin 1000 microg/mL in Acetonitrile:Methanol
AK-693/40848576
F370625
Q973741
SR-01000765660-3
SR-01000765660-4
34B3B4AD-EEDD-4943-A1C6-8857D2FAA8E0
5,7-Dihydroxy-2-phenyl-4H-1-benzopyran-4-one, 9CI
BRD-K22861715-001-07-5
BRD-K22861715-001-12-5
BRD-K22861715-001-17-4
Z1824566175",5281607,C15H10O4,254.0579088,3.2944000000000004,0,0,0,BTM00011,BTM00011,3'-Dehydroxylation of substituted benzene,BTMR1314,Unspecified bacterial dehydroxylase,GUTMICRO,BTM00061,O1C=2C(C(=O)C=C1C3=CC=CC(=C3)O)=C(O)C=C(O)C2,"InChI=1S/C15H10O5/c16-9-3-1-2-8(4-9)13-7-12(19)15-11(18)5-10(17)6-14(15)20-13/h1-7,16-18H",BEXPKGWBRBLIIC-UHFFFAOYSA-N,3.0270000000000006,270.05282342
"InChI=1S/C15H14O5/c16-10-4-1-9(2-5-10)3-6-12(18)15-13(19)7-11(17)8-14(15)20/h1-2,4-5,7-8,16-17,19-20H,3,6H2",VGEREEWJJVICBM-UHFFFAOYSA-N,OC=1C(C(=O)CCC2=CC=C(O)C=C2)=C(O)C=C(O)C1,"phloretin
60-82-2
Dihydronaringenin
3-(4-Hydroxyphenyl)-1-(2,4,6-trihydroxyphenyl)propan-1-one
Phloretol
1-Propanone, 3-(4-hydroxyphenyl)-1-(2,4,6-trihydroxyphenyl)-
DTXSID6022393
S5J5OE47MK
NSC-407292
DTXCID702393
FEMA NO. 4390
CHEBI:17276
2',4,4',6'-Tetrahydroxydihydrochalcone
2',4,4',6'-Tetrahydroxy-Dihydrochalcone
RefChem:861869
200-488-7
3-(4-Hydroxyphenyl)-1-(2,4,6-trihydroxyphenyl)-1-propanone
MFCD00002288
NSC 407292
2',4',6'-Trihydroxy-3-(4-hydroxyphenyl)-propiophenone
beta-(p-Hydroxyphenyl)phloropropiophenone
2',4',6'-Trihydroxy-3-(p-hydroxyphenyl)propiophenone
NSC407292
beta-(p-Hydroxyphenyl)-2,4,6-trihydroxypropiophenone
4,2',4',6'-Tetrahydroxydihydrochalcone
beta-(4-Hydroxyphenyl)-2,4,6-trihydroxypropiophenone
CHEMBL45068
2',4',6'-Trihydroxy-3-(4-Hydroxyphenyl)propiophenone
Propiophenone, 2',4',6'-trihydroxy-3-(p-hydroxyphenyl)-
.beta.-(p-Hydroxyphenyl)phloropropiophenone
NSC 407292;RJC 02792
SMR000326783
CCRIS 7459
SR-01000076081
EINECS 200-488-7
UNII-S5J5OE47MK
Asebogenol;
Dihydronarigenin;
2uxi
G50
Icaritin Impurity 7
Phloretin (Standard)
Spectrum_001295
Phloretin, >=99%
SpecPlus_000333
PHLORETIN [MI]
Spectrum2_000681
Spectrum3_001036
Spectrum4_001172
Spectrum5_001698
Lopac-P-7912
cid_4788
Lopac0_001012
Oprea1_824722
REGID_for_CID_4788
SCHEMBL38131
BSPBio_002851
KBioGR_001803
KBioSS_001775
SPECTRUM300554
MLS000728507
MLS000859922
MLS006012024
BIDD:ER0174
DivK1c_006429
SPBio_000801
GTPL4285
orb1304838
BCBcMAP01_000040
BDBM23446
HY-N0142R
KBio1_001373
KBio2_001775
KBio2_004343
KBio2_006911
KBio3_002071
Phloretin - CAS 60-82-2
BP_35
HMS2224N17
HMS3263K05
HMS3332J03
HMS3656I07
BB_NC-02660
HY-N0142
TNP00255
Tox21_202854
Tox21_501012
CCG-38573
HB0500
LMPK12120525
MSK000821
O1P165
s2342
SBB066137
STL372996
AKOS015856338
AC-7995
CS-1477
DB07810
EBC-458049
FP06961
LP01012
SDCCGMLS-0066637.P001
SDCCGSBI-0050985.P003
CAS-60-82-2
Phloretin, analytical reference material
SMP1_000238
NCGC00015840-01
NCGC00015840-02
NCGC00015840-03
NCGC00015840-04
NCGC00015840-05
NCGC00015840-06
NCGC00015840-07
NCGC00015840-08
NCGC00015840-09
NCGC00015840-18
NCGC00094304-01
NCGC00094304-02
NCGC00094304-03
NCGC00094304-04
NCGC00260400-01
NCGC00261697-01
AS-14100
ST057164
SY017103
DB-053714
EU-0101012
NS00006825
P1966
SW219308-1
C00774
P 7912
F002612
2',6'-Trihydroxy-3-(p-hydroxyphenyl)propiophenone
2,4,6-Trihydroxy-3-(4-hydroxyphenyl)propiophenone
Q2268463
SR-01000076081-1
SR-01000076081-7
SR-01000076081-8
.beta.-(p-Hydroxyphenyl)-2,6-trihydroxypropiophenone
BRD-K15563106-001-02-4
BRD-K15563106-001-10-7
BRD-K15563106-001-18-0
Propiophenone,4',6'-trihydroxy-3-(p-hydroxyphenyl)-
.beta.-(p-Hydroxyphenyl)-2,4,6-trihydroxypropiophenone
1-(2,4,6-trihydroxyphenyl)-3-(4-hydroxyphenyl)-1-propanone
3-(4-Hydroxy-phenyl)-1-(2,4,6-trihydroxy-phenyl)-propan-1-one
3-(4-Hydroxyphenyl)-1-(2,4,6-trihydroxyphen  yl)-1-propanone
3-(4-HYDROXYPHENYL)-1-(2,4,6-TRIHYDROXYPHENYL)-PROPAN-1-ONE [FHFI]
InChI=1/C15H14O5/c16-10-4-1-9(2-5-10)3-6-12(18)15-13(19)7-11(17)8-14(15)20/h1-2,4-5,7-8,16-17,19-20H,3,6H",4788,C15H14O5,274.084123548,2.6555999999999993,0,1,1,BTM00224,BTM00224,"Reduction of alpha,beta-unsaturated carbon-carbon double bond adjacent to electron withdrawing group",BTMR1209,EC 1.6.99.1,GUTMICRO,BTM00062,OC=1C(C(=O)C=CC2=CC=C(O)C=C2)=C(O)C=C(O)C1,"InChI=1S/C15H12O5/c16-10-4-1-9(2-5-10)3-6-12(18)15-13(19)7-11(17)8-14(15)20/h1-8,16-17,19-20H/b6-3+",YQHMWTPYORBCMF-ZZXKWVIFSA-N,2.6323999999999996,272.068473484
"InChI=1S/C15H12O4/c16-11-8-13(18)15(14(19)9-11)12(17)7-6-10-4-2-1-3-5-10/h1-9,16,18-19H/b7-6+",LOYXTWZXLWHMBX-VOTSOKGWSA-N,OC=1C(C(=O)C=CC2=CC=CC=C2)=C(O)C=C(O)C1,"Pinocembrin chalcone
4197-97-1
(E)-3-phenyl-1-(2,4,6-trihydroxyphenyl)prop-2-en-1-one
CHEBI:80484
DTXSID101343555
RefChem:929306
DTXCID701772378
2',4',6'-Trihydroxychalcone
82451-30-7
246TRIHYDROXYCHALCONE
CHEMBL129371
3-phenyl-1-(2,4,6-trihydroxyphenyl)prop-2-en-1-one
(2E)-3-phenyl-1-(2,4,6-trihydroxyphenyl)prop-2-en-1-one
2-Propen-1-one, 3-phenyl-1-(2,4,6-trihydroxyphenyl)-, (E)-
Pinocembrinchalcone
Spectrum5_001768
BSPBio_001710
SCHEMBL675431
orb1297242
orb3024190
(E)-3-Phenyl-1-(2,4,6-trihydroxyphenyl)-2-propen-1-one
2'',4'',6''-trihydroxychalcone
HY-N7515
2',4',6-TRIHYDROXYCHALCONE
BDBM50042976
LMPK12120243
AKOS040760636
2;,4;,6;-TRIHYDROXYCHALCONE
EBC-521305
NCGC00179067-01
MS-23608
SY346748
CS-0131122
E80735
3-Phenyl-1-(2,4,6-trihydroxy-phenyl)-propenone
(E)-3-Phenyl-1-(2,4,6-trihydroxy-phenyl)-propenone
Q27149535",6474295,C15H12O4,256.073558864,2.8997999999999995,0,1,1,BTM00225,BTM00225,4'-Dehydroxylation of substituted benzene,BTMR1012,Unspecified bacterial dehydroxylase,GUTMICRO,BTM00062,OC=1C(C(=O)C=CC2=CC=C(O)C=C2)=C(O)C=C(O)C1,"InChI=1S/C15H12O5/c16-10-4-1-9(2-5-10)3-6-12(18)15-13(19)7-11(17)8-14(15)20/h1-8,16-17,19-20H/b6-3+",YQHMWTPYORBCMF-ZZXKWVIFSA-N,2.6323999999999996,272.068473484
"InChI=1S/C15H12O4/c16-11-8-13(18)15(14(19)9-11)12(17)7-6-10-4-2-1-3-5-10/h1-9,16,18-19H/b7-6+",LOYXTWZXLWHMBX-VOTSOKGWSA-N,OC=1C(C(=O)C=CC2=CC=CC=C2)=C(O)C=C(O)C1,"Pinocembrin chalcone
4197-97-1
(E)-3-phenyl-1-(2,4,6-trihydroxyphenyl)prop-2-en-1-one
CHEBI:80484
DTXSID101343555
RefChem:929306
DTXCID701772378
2',4',6'-Trihydroxychalcone
82451-30-7
246TRIHYDROXYCHALCONE
CHEMBL129371
3-phenyl-1-(2,4,6-trihydroxyphenyl)prop-2-en-1-one
(2E)-3-phenyl-1-(2,4,6-trihydroxyphenyl)prop-2-en-1-one
2-Propen-1-one, 3-phenyl-1-(2,4,6-trihydroxyphenyl)-, (E)-
Pinocembrinchalcone
Spectrum5_001768
BSPBio_001710
SCHEMBL675431
orb1297242
orb3024190
(E)-3-Phenyl-1-(2,4,6-trihydroxyphenyl)-2-propen-1-one
2'',4'',6''-trihydroxychalcone
HY-N7515
2',4',6-TRIHYDROXYCHALCONE
BDBM50042976
LMPK12120243
AKOS040760636
2;,4;,6;-TRIHYDROXYCHALCONE
EBC-521305
NCGC00179067-01
MS-23608
SY346748
CS-0131122
E80735
3-Phenyl-1-(2,4,6-trihydroxy-phenyl)-propenone
(E)-3-Phenyl-1-(2,4,6-trihydroxy-phenyl)-propenone
Q27149535",6474295,C15H12O4,256.073558864,2.8997999999999995,0,1,1,BTM00225,BTM00225,Flavanone C-ring fission,BTMR0273,Unspecified gut bacterial enzyme,GUTMICRO,BTM00063,O1C=2C(C(=O)CC1C3=CC=CC=C3)=C(O)C=C(O)C2,"InChI=1S/C15H12O4/c16-10-6-11(17)15-12(18)8-13(19-14(15)7-10)9-4-2-1-3-5-9/h1-7,13,16-17H,8H2",URFCJEUYXNAHFI-UHFFFAOYSA-N,2.5651,256.073558864
"InChI=1S/C22H22O12/c1-31-13-3-2-8(4-10(13)23)14-7-12(25)16-11(24)5-9(6-15(16)33-14)32-22-19(28)17(26)18(27)20(34-22)21(29)30/h2-7,12,17-20,22-28H,1H3,(H,29,30)",KQGFWGWUNJRAKQ-UHFFFAOYSA-N,O1C=2C(C(O)C=C1C3=CC=C(OC)C(=C3)O)=C(O)C=C(OC4OC(C(O)=O)C(C(C4O)O)O)C2,,,C22H22O12,478.11112614399997,0.22589999999999982,1,1,1,BTM00226,BTM00226,Aromatic OH-glucuronidation,BTMR0166,EC 2.4.1.17,HUMAN,BTM00082,O1C=2C(C(O)C=C1C3=CC=C(OC)C(=C3)O)=C(O)C=C(O)C2,"InChI=1S/C16H14O6/c1-21-13-3-2-8(4-10(13)18)14-7-12(20)16-11(19)5-9(17)6-15(16)22-14/h2-7,12,17-20H,1H3",TZFYSHXYSXHFHO-UHFFFAOYSA-N,1.9213999999999998,302.07903816799995
"InChI=1S/C22H22O12/c1-31-12-3-2-8(4-10(12)24)13-7-11(25)16-14(32-13)5-9(23)6-15(16)33-22-19(28)17(26)18(27)20(34-22)21(29)30/h2-7,11,17-20,22-28H,1H3,(H,29,30)",CNPCGHGKYOVYGI-UHFFFAOYSA-N,O1C=2C(C(O)C=C1C3=CC=C(OC)C(=C3)O)=C(OC4OC(C(O)=O)C(C(C4O)O)O)C=C(O)C2,,,C22H22O12,478.11112614399997,0.22589999999999982,1,1,1,BTM00227,BTM00227,Aromatic OH-glucuronidation,BTMR0166,EC 2.4.1.17,HUMAN,BTM00082,O1C=2C(C(O)C=C1C3=CC=C(OC)C(=C3)O)=C(O)C=C(O)C2,"InChI=1S/C16H14O6/c1-21-13-3-2-8(4-10(13)18)14-7-12(20)16-11(19)5-9(17)6-15(16)22-14/h2-7,12,17-20H,1H3",TZFYSHXYSXHFHO-UHFFFAOYSA-N,1.9213999999999998,302.07903816799995
"InChI=1S/C22H22O12/c1-31-12-3-2-8(13-7-11(25)16-10(24)5-9(23)6-15(16)32-13)4-14(12)33-22-19(28)17(26)18(27)20(34-22)21(29)30/h2-7,11,17-20,22-28H,1H3,(H,29,30)",PHHGIKBSCVFQHT-UHFFFAOYSA-N,O1C=2C(C(O)C=C1C3=CC=C(OC)C(=C3)OC4OC(C(O)=O)C(C(C4O)O)O)=C(O)C=C(O)C2,,,C22H22O12,478.11112614399997,0.22589999999999982,1,1,1,BTM00228,BTM00228,Aromatic OH-glucuronidation,BTMR0166,EC 2.4.1.17,HUMAN,BTM00082,O1C=2C(C(O)C=C1C3=CC=C(OC)C(=C3)O)=C(O)C=C(O)C2,"InChI=1S/C16H14O6/c1-21-13-3-2-8(4-10(13)18)14-7-12(20)16-11(19)5-9(17)6-15(16)22-14/h2-7,12,17-20H,1H3",TZFYSHXYSXHFHO-UHFFFAOYSA-N,1.9213999999999998,302.07903816799995
"InChI=1S/C16H14O9S/c1-23-13-3-2-8(4-10(13)17)14-7-12(19)16-11(18)5-9(6-15(16)24-14)25-26(20,21)22/h2-7,12,17-19H,1H3,(H,20,21,22)",SUTJMRODPOUUHS-UHFFFAOYSA-N,O1C=2C(C(O)C=C1C3=CC=C(OC)C(=C3)O)=C(O)C=C(OS(O)(=O)=O)C2,,,C16H14O9S,382.035853028,1.1845999999999997,0,1,1,BTM00229,BTM00229,Sulfonation of phenolic compound,BTMR1376,EC 2.8.2.1,HUMAN,BTM00082,O1C=2C(C(O)C=C1C3=CC=C(OC)C(=C3)O)=C(O)C=C(O)C2,"InChI=1S/C16H14O6/c1-21-13-3-2-8(4-10(13)18)14-7-12(20)16-11(19)5-9(17)6-15(16)22-14/h2-7,12,17-20H,1H3",TZFYSHXYSXHFHO-UHFFFAOYSA-N,1.9213999999999998,302.07903816799995
"InChI=1S/C16H14O9S/c1-23-12-3-2-8(4-10(12)18)13-7-11(19)16-14(24-13)5-9(17)6-15(16)25-26(20,21)22/h2-7,11,17-19H,1H3,(H,20,21,22)",UYVQVWKSCNJVRU-UHFFFAOYSA-N,O1C=2C(C(O)C=C1C3=CC=C(OC)C(=C3)O)=C(OS(O)(=O)=O)C=C(O)C2,,,C16H14O9S,382.035853028,1.1845999999999997,0,1,1,BTM00230,BTM00230,Sulfonation of phenolic compound,BTMR1376,EC 2.8.2.1,HUMAN,BTM00082,O1C=2C(C(O)C=C1C3=CC=C(OC)C(=C3)O)=C(O)C=C(O)C2,"InChI=1S/C16H14O6/c1-21-13-3-2-8(4-10(13)18)14-7-12(20)16-11(19)5-9(17)6-15(16)22-14/h2-7,12,17-20H,1H3",TZFYSHXYSXHFHO-UHFFFAOYSA-N,1.9213999999999998,302.07903816799995
"InChI=1S/C16H14O9S/c1-23-12-3-2-8(4-14(12)25-26(20,21)22)13-7-11(19)16-10(18)5-9(17)6-15(16)24-13/h2-7,11,17-19H,1H3,(H,20,21,22)",DNPJTVIKCHYVAX-UHFFFAOYSA-N,O1C=2C(C(O)C=C1C3=CC=C(OC)C(=C3)OS(O)(=O)=O)=C(O)C=C(O)C2,,,C16H14O9S,382.035853028,1.1845999999999997,0,1,1,BTM00231,BTM00231,Sulfonation of phenolic compound,BTMR1376,EC 2.8.2.1,HUMAN,BTM00082,O1C=2C(C(O)C=C1C3=CC=C(OC)C(=C3)O)=C(O)C=C(O)C2,"InChI=1S/C16H14O6/c1-21-13-3-2-8(4-10(13)18)14-7-12(20)16-11(19)5-9(17)6-15(16)22-14/h2-7,12,17-20H,1H3",TZFYSHXYSXHFHO-UHFFFAOYSA-N,1.9213999999999998,302.07903816799995
"InChI=1S/C16H14O9S/c1-23-12-3-2-8(4-10(12)18)13-7-15(25-26(20,21)22)16-11(19)5-9(17)6-14(16)24-13/h2-7,15,17-19H,1H3,(H,20,21,22)",YHJAUOXCGHZMDL-UHFFFAOYSA-N,O1C=2C(C(OS(O)(=O)=O)C=C1C3=CC=C(OC)C(=C3)O)=C(O)C=C(O)C2,,,C16H14O9S,382.035853028,1.3420999999999998,0,1,1,BTM00232,BTM00232,Sulfation of secondary alcohol,BTMR0502,EC 2.8.2.2,HUMAN,BTM00082,O1C=2C(C(O)C=C1C3=CC=C(OC)C(=C3)O)=C(O)C=C(O)C2,"InChI=1S/C16H14O6/c1-21-13-3-2-8(4-10(13)18)14-7-12(20)16-11(19)5-9(17)6-15(16)22-14/h2-7,12,17-20H,1H3",TZFYSHXYSXHFHO-UHFFFAOYSA-N,1.9213999999999998,302.07903816799995
"InChI=1S/C17H16O6/c1-21-10-6-12(19)17-13(20)8-15(23-16(17)7-10)9-3-4-14(22-2)11(18)5-9/h3-8,13,18-20H,1-2H3",KBLDGYXRRFMECY-UHFFFAOYSA-N,O1C=2C(C(O)C=C1C3=CC=C(OC)C(=C3)O)=C(O)C=C(OC)C2,,,C17H16O6,316.09468823199995,2.1723999999999997,0,1,1,BTM00233,BTM00233,Methylation of phenolic compound,BTMR1377,EC 2.1.1.25,HUMAN,BTM00082,O1C=2C(C(O)C=C1C3=CC=C(OC)C(=C3)O)=C(O)C=C(O)C2,"InChI=1S/C16H14O6/c1-21-13-3-2-8(4-10(13)18)14-7-12(20)16-11(19)5-9(17)6-15(16)22-14/h2-7,12,17-20H,1H3",TZFYSHXYSXHFHO-UHFFFAOYSA-N,1.9213999999999998,302.07903816799995
"InChI=1S/C17H16O6/c1-21-13-4-3-9(5-11(13)19)14-8-12(20)17-15(22-2)6-10(18)7-16(17)23-14/h3-8,12,18-20H,1-2H3",RHHNLZXMXLRJFR-UHFFFAOYSA-N,O1C=2C(C(O)C=C1C3=CC=C(OC)C(=C3)O)=C(OC)C=C(O)C2,,,C17H16O6,316.09468823199995,2.1723999999999997,0,1,1,BTM00234,BTM00234,Methylation of phenolic compound,BTMR1377,EC 2.1.1.25,HUMAN,BTM00082,O1C=2C(C(O)C=C1C3=CC=C(OC)C(=C3)O)=C(O)C=C(O)C2,"InChI=1S/C16H14O6/c1-21-13-3-2-8(4-10(13)18)14-7-12(20)16-11(19)5-9(17)6-15(16)22-14/h2-7,12,17-20H,1H3",TZFYSHXYSXHFHO-UHFFFAOYSA-N,1.9213999999999998,302.07903816799995
"InChI=1S/C17H16O6/c1-21-13-4-3-9(5-15(13)22-2)14-8-12(20)17-11(19)6-10(18)7-16(17)23-14/h3-8,12,18-20H,1-2H3",ZDUPWYWNFXZFIB-UHFFFAOYSA-N,O1C=2C(C(O)C=C1C3=CC=C(OC)C(=C3)OC)=C(O)C=C(O)C2,,,C17H16O6,316.09468823199995,2.1723999999999997,0,1,1,BTM00235,BTM00235,Methylation of phenolic compound,BTMR1377,EC 2.1.1.25,HUMAN,BTM00082,O1C=2C(C(O)C=C1C3=CC=C(OC)C(=C3)O)=C(O)C=C(O)C2,"InChI=1S/C16H14O6/c1-21-13-3-2-8(4-10(13)18)14-7-12(20)16-11(19)5-9(17)6-15(16)22-14/h2-7,12,17-20H,1H3",TZFYSHXYSXHFHO-UHFFFAOYSA-N,1.9213999999999998,302.07903816799995
"InChI=1S/C22H22O12/c1-31-14-4-8(2-3-10(14)23)13-7-12(25)16-11(24)5-9(6-15(16)33-13)32-22-19(28)17(26)18(27)20(34-22)21(29)30/h2-7,12,17-20,22-28H,1H3,(H,29,30)",JSFSCVOIXQIFTM-UHFFFAOYSA-N,O1C=2C(C(O)C=C1C3=CC=C(O)C(=C3)OC)=C(O)C=C(OC4OC(C(O)=O)C(C(C4O)O)O)C2,,,C22H22O12,478.11112614399997,0.22589999999999982,1,1,1,BTM00236,BTM00236,Aromatic OH-glucuronidation,BTMR0166,EC 2.4.1.17,HUMAN,BTM00083,O1C=2C(C(O)C=C1C3=CC=C(O)C(=C3)OC)=C(O)C=C(O)C2,"InChI=1S/C16H14O6/c1-21-14-4-8(2-3-10(14)18)13-7-12(20)16-11(19)5-9(17)6-15(16)22-13/h2-7,12,17-20H,1H3",BIIDIBQQVFBUQV-UHFFFAOYSA-N,1.9213999999999998,302.079038168
"InChI=1S/C22H22O12/c1-31-13-4-8(2-3-10(13)24)12-7-11(25)16-14(32-12)5-9(23)6-15(16)33-22-19(28)17(26)18(27)20(34-22)21(29)30/h2-7,11,17-20,22-28H,1H3,(H,29,30)",OTJJXIFRKBBZMA-UHFFFAOYSA-N,O1C=2C(C(O)C=C1C3=CC=C(O)C(=C3)OC)=C(OC4OC(C(O)=O)C(C(C4O)O)O)C=C(O)C2,,,C22H22O12,478.11112614399997,0.22589999999999982,1,1,1,BTM00237,BTM00237,Aromatic OH-glucuronidation,BTMR0166,EC 2.4.1.17,HUMAN,BTM00083,O1C=2C(C(O)C=C1C3=CC=C(O)C(=C3)OC)=C(O)C=C(O)C2,"InChI=1S/C16H14O6/c1-21-14-4-8(2-3-10(14)18)13-7-12(20)16-11(19)5-9(17)6-15(16)22-13/h2-7,12,17-20H,1H3",BIIDIBQQVFBUQV-UHFFFAOYSA-N,1.9213999999999998,302.079038168
"InChI=1S/C22H22O12/c1-31-14-4-8(13-7-11(25)16-10(24)5-9(23)6-15(16)32-13)2-3-12(14)33-22-19(28)17(26)18(27)20(34-22)21(29)30/h2-7,11,17-20,22-28H,1H3,(H,29,30)",HMSBPXQEYIZKFO-UHFFFAOYSA-N,O1C=2C(C(O)C=C1C3=CC=C(OC4OC(C(O)=O)C(C(C4O)O)O)C(=C3)OC)=C(O)C=C(O)C2,,,C22H22O12,478.11112614399997,0.22589999999999982,1,1,1,BTM00238,BTM00238,Aromatic OH-glucuronidation,BTMR0166,EC 2.4.1.17,HUMAN,BTM00083,O1C=2C(C(O)C=C1C3=CC=C(O)C(=C3)OC)=C(O)C=C(O)C2,"InChI=1S/C16H14O6/c1-21-14-4-8(2-3-10(14)18)13-7-12(20)16-11(19)5-9(17)6-15(16)22-13/h2-7,12,17-20H,1H3",BIIDIBQQVFBUQV-UHFFFAOYSA-N,1.9213999999999998,302.079038168
"InChI=1S/C16H14O9S/c1-23-14-4-8(2-3-10(14)17)13-7-12(19)16-11(18)5-9(6-15(16)24-13)25-26(20,21)22/h2-7,12,17-19H,1H3,(H,20,21,22)",SZFFVXVOTGKJAT-UHFFFAOYSA-N,O1C=2C(C(O)C=C1C3=CC=C(O)C(=C3)OC)=C(O)C=C(OS(O)(=O)=O)C2,,,C16H14O9S,382.035853028,1.1845999999999997,0,1,1,BTM00239,BTM00239,Sulfonation of phenolic compound,BTMR1376,EC 2.8.2.1,HUMAN,BTM00083,O1C=2C(C(O)C=C1C3=CC=C(O)C(=C3)OC)=C(O)C=C(O)C2,"InChI=1S/C16H14O6/c1-21-14-4-8(2-3-10(14)18)13-7-12(20)16-11(19)5-9(17)6-15(16)22-13/h2-7,12,17-20H,1H3",BIIDIBQQVFBUQV-UHFFFAOYSA-N,1.9213999999999998,302.079038168
"InChI=1S/C16H14O9S/c1-23-13-4-8(2-3-10(13)18)12-7-11(19)16-14(24-12)5-9(17)6-15(16)25-26(20,21)22/h2-7,11,17-19H,1H3,(H,20,21,22)",CAMUDVDWXKJHPY-UHFFFAOYSA-N,O1C=2C(C(O)C=C1C3=CC=C(O)C(=C3)OC)=C(OS(O)(=O)=O)C=C(O)C2,,,C16H14O9S,382.03585302799996,1.1845999999999997,0,1,1,BTM00240,BTM00240,Sulfonation of phenolic compound,BTMR1376,EC 2.8.2.1,HUMAN,BTM00083,O1C=2C(C(O)C=C1C3=CC=C(O)C(=C3)OC)=C(O)C=C(O)C2,"InChI=1S/C16H14O6/c1-21-14-4-8(2-3-10(14)18)13-7-12(20)16-11(19)5-9(17)6-15(16)22-13/h2-7,12,17-20H,1H3",BIIDIBQQVFBUQV-UHFFFAOYSA-N,1.9213999999999998,302.079038168
"InChI=1S/C16H14O9S/c1-23-14-4-8(2-3-12(14)25-26(20,21)22)13-7-11(19)16-10(18)5-9(17)6-15(16)24-13/h2-7,11,17-19H,1H3,(H,20,21,22)",FDARHTRXUPJAGP-UHFFFAOYSA-N,O1C=2C(C(O)C=C1C3=CC=C(OS(O)(=O)=O)C(=C3)OC)=C(O)C=C(O)C2,,,C16H14O9S,382.03585302799996,1.1845999999999997,0,1,1,BTM00241,BTM00241,Sulfonation of phenolic compound,BTMR1376,EC 2.8.2.1,HUMAN,BTM00083,O1C=2C(C(O)C=C1C3=CC=C(O)C(=C3)OC)=C(O)C=C(O)C2,"InChI=1S/C16H14O6/c1-21-14-4-8(2-3-10(14)18)13-7-12(20)16-11(19)5-9(17)6-15(16)22-13/h2-7,12,17-20H,1H3",BIIDIBQQVFBUQV-UHFFFAOYSA-N,1.9213999999999998,302.079038168
"InChI=1S/C16H14O9S/c1-23-13-4-8(2-3-10(13)18)12-7-15(25-26(20,21)22)16-11(19)5-9(17)6-14(16)24-12/h2-7,15,17-19H,1H3,(H,20,21,22)",ZBNQQOPMEPKOTA-UHFFFAOYSA-N,O1C=2C(C(OS(O)(=O)=O)C=C1C3=CC=C(O)C(=C3)OC)=C(O)C=C(O)C2,,,C16H14O9S,382.03585302799996,1.3420999999999998,0,1,1,BTM00242,BTM00242,Sulfation of secondary alcohol,BTMR0502,EC 2.8.2.2,HUMAN,BTM00083,O1C=2C(C(O)C=C1C3=CC=C(O)C(=C3)OC)=C(O)C=C(O)C2,"InChI=1S/C16H14O6/c1-21-14-4-8(2-3-10(14)18)13-7-12(20)16-11(19)5-9(17)6-15(16)22-13/h2-7,12,17-20H,1H3",BIIDIBQQVFBUQV-UHFFFAOYSA-N,1.9213999999999998,302.079038168
"InChI=1S/C17H16O6/c1-21-10-6-12(19)17-13(20)8-14(23-16(17)7-10)9-3-4-11(18)15(5-9)22-2/h3-8,13,18-20H,1-2H3",CGHLYWXTSMWORW-UHFFFAOYSA-N,O1C=2C(C(O)C=C1C3=CC=C(O)C(=C3)OC)=C(O)C=C(OC)C2,,,C17H16O6,316.09468823199995,2.1723999999999997,0,1,1,BTM00243,BTM00243,Methylation of phenolic compound,BTMR1377,EC 2.1.1.25,HUMAN,BTM00083,O1C=2C(C(O)C=C1C3=CC=C(O)C(=C3)OC)=C(O)C=C(O)C2,"InChI=1S/C16H14O6/c1-21-14-4-8(2-3-10(14)18)13-7-12(20)16-11(19)5-9(17)6-15(16)22-13/h2-7,12,17-20H,1H3",BIIDIBQQVFBUQV-UHFFFAOYSA-N,1.9213999999999998,302.079038168
"InChI=1S/C17H16O6/c1-21-14-5-9(3-4-11(14)19)13-8-12(20)17-15(22-2)6-10(18)7-16(17)23-13/h3-8,12,18-20H,1-2H3",MLXLRZSLXGJVIV-UHFFFAOYSA-N,O1C=2C(C(O)C=C1C3=CC=C(O)C(=C3)OC)=C(OC)C=C(O)C2,,,C17H16O6,316.09468823199995,2.1723999999999997,0,1,1,BTM00244,BTM00244,Methylation of phenolic compound,BTMR1377,EC 2.1.1.25,HUMAN,BTM00083,O1C=2C(C(O)C=C1C3=CC=C(O)C(=C3)OC)=C(O)C=C(O)C2,"InChI=1S/C16H14O6/c1-21-14-4-8(2-3-10(14)18)13-7-12(20)16-11(19)5-9(17)6-15(16)22-13/h2-7,12,17-20H,1H3",BIIDIBQQVFBUQV-UHFFFAOYSA-N,1.9213999999999998,302.079038168
"InChI=1S/C17H16O6/c1-21-13-4-3-9(5-15(13)22-2)14-8-12(20)17-11(19)6-10(18)7-16(17)23-14/h3-8,12,18-20H,1-2H3",ZDUPWYWNFXZFIB-UHFFFAOYSA-N,O1C=2C(C(O)C=C1C3=CC=C(OC)C(=C3)OC)=C(O)C=C(O)C2,,,C17H16O6,316.09468823199995,2.1723999999999997,0,1,1,BTM00235,BTM00235,Methylation of phenolic compound,BTMR1377,EC 2.1.1.25,HUMAN,BTM00083,O1C=2C(C(O)C=C1C3=CC=C(O)C(=C3)OC)=C(O)C=C(O)C2,"InChI=1S/C16H14O6/c1-21-14-4-8(2-3-10(14)18)13-7-12(20)16-11(19)5-9(17)6-15(16)22-13/h2-7,12,17-20H,1H3",BIIDIBQQVFBUQV-UHFFFAOYSA-N,1.9213999999999998,302.079038168
"InChI=1S/C17H16O6/c1-21-10-6-12(19)17-13(20)8-15(23-16(17)7-10)9-3-4-14(22-2)11(18)5-9/h3-8,13,18-20H,1-2H3",KBLDGYXRRFMECY-UHFFFAOYSA-N,O1C=2C(C(O)C=C1C3=CC=C(OC)C(=C3)O)=C(O)C=C(OC)C2,,,C17H16O6,316.09468823199995,2.1723999999999997,0,1,1,BTM00233,BTM00233,Catechol O-methylation,BTMR0212,EC 2.1.1.6,HUMAN,BTM00093,O1C=2C(C(O)C=C1C3=CC=C(O)C(=C3)O)=C(O)C=C(OC)C2,"InChI=1S/C16H14O6/c1-21-9-5-12(19)16-13(20)7-14(22-15(16)6-9)8-2-3-10(17)11(18)4-8/h2-7,13,17-20H,1H3",GFPNNMLDRJMWNV-UHFFFAOYSA-N,1.9213999999999998,302.07903816799995
"InChI=1S/C17H16O6/c1-21-10-6-12(19)17-13(20)8-14(23-16(17)7-10)9-3-4-11(18)15(5-9)22-2/h3-8,13,18-20H,1-2H3",CGHLYWXTSMWORW-UHFFFAOYSA-N,O1C=2C(C(O)C=C1C3=CC=C(O)C(=C3)OC)=C(O)C=C(OC)C2,,,C17H16O6,316.09468823199995,2.1723999999999997,0,1,1,BTM00243,BTM00243,Catechol O-methylation,BTMR1380,EC 2.1.1.6,HUMAN,BTM00093,O1C=2C(C(O)C=C1C3=CC=C(O)C(=C3)O)=C(O)C=C(OC)C2,"InChI=1S/C16H14O6/c1-21-9-5-12(19)16-13(20)7-14(22-15(16)6-9)8-2-3-10(17)11(18)4-8/h2-7,13,17-20H,1H3",GFPNNMLDRJMWNV-UHFFFAOYSA-N,1.9213999999999998,302.07903816799995
"InChI=1S/C22H22O12/c1-31-9-5-14-16(12(25)7-13(32-14)8-2-3-10(23)11(24)4-8)15(6-9)33-22-19(28)17(26)18(27)20(34-22)21(29)30/h2-7,12,17-20,22-28H,1H3,(H,29,30)",YCGXAQBXQVGAFE-UHFFFAOYSA-N,O1C=2C(C(O)C=C1C3=CC=C(O)C(=C3)O)=C(OC4OC(C(O)=O)C(C(C4O)O)O)C=C(OC)C2,,,C22H22O12,478.11112614399997,0.22589999999999982,1,1,1,BTM00245,BTM00245,Aromatic OH-glucuronidation,BTMR0166,EC 2.4.1.17,HUMAN,BTM00093,O1C=2C(C(O)C=C1C3=CC=C(O)C(=C3)O)=C(O)C=C(OC)C2,"InChI=1S/C16H14O6/c1-21-9-5-12(19)16-13(20)7-14(22-15(16)6-9)8-2-3-10(17)11(18)4-8/h2-7,13,17-20H,1H3",GFPNNMLDRJMWNV-UHFFFAOYSA-N,1.9213999999999998,302.07903816799995
"InChI=1S/C22H22O12/c1-31-9-5-11(24)16-12(25)7-13(32-15(16)6-9)8-2-3-10(23)14(4-8)33-22-19(28)17(26)18(27)20(34-22)21(29)30/h2-7,12,17-20,22-28H,1H3,(H,29,30)",LOVMYWGCVSPHRJ-UHFFFAOYSA-N,O1C=2C(C(O)C=C1C3=CC=C(O)C(=C3)OC4OC(C(O)=O)C(C(C4O)O)O)=C(O)C=C(OC)C2,,,C22H22O12,478.11112614399997,0.22589999999999982,1,1,1,BTM00246,BTM00246,Aromatic OH-glucuronidation,BTMR0166,EC 2.4.1.17,HUMAN,BTM00093,O1C=2C(C(O)C=C1C3=CC=C(O)C(=C3)O)=C(O)C=C(OC)C2,"InChI=1S/C16H14O6/c1-21-9-5-12(19)16-13(20)7-14(22-15(16)6-9)8-2-3-10(17)11(18)4-8/h2-7,13,17-20H,1H3",GFPNNMLDRJMWNV-UHFFFAOYSA-N,1.9213999999999998,302.07903816799995
"InChI=1S/C22H22O12/c1-31-9-5-11(24)16-12(25)7-14(32-15(16)6-9)8-2-3-13(10(23)4-8)33-22-19(28)17(26)18(27)20(34-22)21(29)30/h2-7,12,17-20,22-28H,1H3,(H,29,30)",BNXRTNGSBVRUNL-UHFFFAOYSA-N,O1C=2C(C(O)C=C1C3=CC=C(OC4OC(C(O)=O)C(C(C4O)O)O)C(=C3)O)=C(O)C=C(OC)C2,,,C22H22O12,478.11112614399997,0.22589999999999982,1,1,1,BTM00247,BTM00247,Aromatic OH-glucuronidation,BTMR0166,EC 2.4.1.17,HUMAN,BTM00093,O1C=2C(C(O)C=C1C3=CC=C(O)C(=C3)O)=C(O)C=C(OC)C2,"InChI=1S/C16H14O6/c1-21-9-5-12(19)16-13(20)7-14(22-15(16)6-9)8-2-3-10(17)11(18)4-8/h2-7,13,17-20H,1H3",GFPNNMLDRJMWNV-UHFFFAOYSA-N,1.9213999999999998,302.07903816799995
"InChI=1S/C16H14O9S/c1-23-9-5-14-16(15(6-9)25-26(20,21)22)12(19)7-13(24-14)8-2-3-10(17)11(18)4-8/h2-7,12,17-19H,1H3,(H,20,21,22)",OLTPQQLSSMZLBR-UHFFFAOYSA-N,O1C=2C(C(O)C=C1C3=CC=C(O)C(=C3)O)=C(OS(O)(=O)=O)C=C(OC)C2,,,C16H14O9S,382.035853028,1.1845999999999997,0,1,1,BTM00248,BTM00248,Sulfonation of phenolic compound,BTMR1376,EC 2.8.2.1,HUMAN,BTM00093,O1C=2C(C(O)C=C1C3=CC=C(O)C(=C3)O)=C(O)C=C(OC)C2,"InChI=1S/C16H14O6/c1-21-9-5-12(19)16-13(20)7-14(22-15(16)6-9)8-2-3-10(17)11(18)4-8/h2-7,13,17-20H,1H3",GFPNNMLDRJMWNV-UHFFFAOYSA-N,1.9213999999999998,302.07903816799995
"InChI=1S/C16H14O9S/c1-23-9-5-11(18)16-12(19)7-13(24-15(16)6-9)8-2-3-10(17)14(4-8)25-26(20,21)22/h2-7,12,17-19H,1H3,(H,20,21,22)",JMWIWFOTEWUZHV-UHFFFAOYSA-N,O1C=2C(C(O)C=C1C3=CC=C(O)C(=C3)OS(O)(=O)=O)=C(O)C=C(OC)C2,,,C16H14O9S,382.03585302799996,1.1845999999999997,0,1,1,BTM00249,BTM00249,Sulfonation of phenolic compound,BTMR1376,EC 2.8.2.1,HUMAN,BTM00093,O1C=2C(C(O)C=C1C3=CC=C(O)C(=C3)O)=C(O)C=C(OC)C2,"InChI=1S/C16H14O6/c1-21-9-5-12(19)16-13(20)7-14(22-15(16)6-9)8-2-3-10(17)11(18)4-8/h2-7,13,17-20H,1H3",GFPNNMLDRJMWNV-UHFFFAOYSA-N,1.9213999999999998,302.07903816799995
"InChI=1S/C16H14O9S/c1-23-9-5-11(18)16-12(19)7-14(24-15(16)6-9)8-2-3-13(10(17)4-8)25-26(20,21)22/h2-7,12,17-19H,1H3,(H,20,21,22)",FTKRBKUUFXXRPH-UHFFFAOYSA-N,O1C=2C(C(O)C=C1C3=CC=C(OS(O)(=O)=O)C(=C3)O)=C(O)C=C(OC)C2,,,C16H14O9S,382.03585302799996,1.1845999999999997,0,1,1,BTM00250,BTM00250,Sulfonation of phenolic compound,BTMR1376,EC 2.8.2.1,HUMAN,BTM00093,O1C=2C(C(O)C=C1C3=CC=C(O)C(=C3)O)=C(O)C=C(OC)C2,"InChI=1S/C16H14O6/c1-21-9-5-12(19)16-13(20)7-14(22-15(16)6-9)8-2-3-10(17)11(18)4-8/h2-7,13,17-20H,1H3",GFPNNMLDRJMWNV-UHFFFAOYSA-N,1.9213999999999998,302.07903816799995
"InChI=1S/C16H14O9S/c1-23-9-5-12(19)16-14(6-9)24-13(7-15(16)25-26(20,21)22)8-2-3-10(17)11(18)4-8/h2-7,15,17-19H,1H3,(H,20,21,22)",MIRPFIYAEYJHJL-UHFFFAOYSA-N,O1C=2C(C(OS(O)(=O)=O)C=C1C3=CC=C(O)C(=C3)O)=C(O)C=C(OC)C2,,,C16H14O9S,382.03585302799996,1.3420999999999998,0,1,1,BTM00251,BTM00251,Sulfation of secondary alcohol,BTMR0502,EC 2.8.2.2,HUMAN,BTM00093,O1C=2C(C(O)C=C1C3=CC=C(O)C(=C3)O)=C(O)C=C(OC)C2,"InChI=1S/C16H14O6/c1-21-9-5-12(19)16-13(20)7-14(22-15(16)6-9)8-2-3-10(17)11(18)4-8/h2-7,13,17-20H,1H3",GFPNNMLDRJMWNV-UHFFFAOYSA-N,1.9213999999999998,302.07903816799995
"InChI=1S/C17H16O6/c1-21-10-6-15(22-2)17-13(20)8-14(23-16(17)7-10)9-3-4-11(18)12(19)5-9/h3-8,13,18-20H,1-2H3",HLADGAIHMVYMNY-UHFFFAOYSA-N,O1C=2C(C(O)C=C1C3=CC=C(O)C(=C3)O)=C(OC)C=C(OC)C2,,,C17H16O6,316.09468823199995,2.1723999999999997,0,1,1,BTM00252,BTM00252,Methylation of phenolic compound,BTMR1377,EC 2.1.1.25,HUMAN,BTM00093,O1C=2C(C(O)C=C1C3=CC=C(O)C(=C3)O)=C(O)C=C(OC)C2,"InChI=1S/C16H14O6/c1-21-9-5-12(19)16-13(20)7-14(22-15(16)6-9)8-2-3-10(17)11(18)4-8/h2-7,13,17-20H,1H3",GFPNNMLDRJMWNV-UHFFFAOYSA-N,1.9213999999999998,302.07903816799995
"InChI=1S/C17H16O6/c1-21-10-6-12(19)17-13(20)8-14(23-16(17)7-10)9-3-4-11(18)15(5-9)22-2/h3-8,13,18-20H,1-2H3",CGHLYWXTSMWORW-UHFFFAOYSA-N,O1C=2C(C(O)C=C1C3=CC=C(O)C(=C3)OC)=C(O)C=C(OC)C2,,,C17H16O6,316.09468823199995,2.1723999999999997,0,1,1,BTM00243,BTM00243,Methylation of phenolic compound,BTMR1377,EC 2.1.1.25,HUMAN,BTM00093,O1C=2C(C(O)C=C1C3=CC=C(O)C(=C3)O)=C(O)C=C(OC)C2,"InChI=1S/C16H14O6/c1-21-9-5-12(19)16-13(20)7-14(22-15(16)6-9)8-2-3-10(17)11(18)4-8/h2-7,13,17-20H,1H3",GFPNNMLDRJMWNV-UHFFFAOYSA-N,1.9213999999999998,302.07903816799995
"InChI=1S/C17H16O6/c1-21-10-6-12(19)17-13(20)8-15(23-16(17)7-10)9-3-4-14(22-2)11(18)5-9/h3-8,13,18-20H,1-2H3",KBLDGYXRRFMECY-UHFFFAOYSA-N,O1C=2C(C(O)C=C1C3=CC=C(OC)C(=C3)O)=C(O)C=C(OC)C2,,,C17H16O6,316.09468823199995,2.1723999999999997,0,1,1,BTM00233,BTM00233,Methylation of phenolic compound,BTMR1377,EC 2.1.1.25,HUMAN,BTM00093,O1C=2C(C(O)C=C1C3=CC=C(O)C(=C3)O)=C(O)C=C(OC)C2,"InChI=1S/C16H14O6/c1-21-9-5-12(19)16-13(20)7-14(22-15(16)6-9)8-2-3-10(17)11(18)4-8/h2-7,13,17-20H,1H3",GFPNNMLDRJMWNV-UHFFFAOYSA-N,1.9213999999999998,302.07903816799995
"InChI=1S/C17H16O6/c1-21-13-4-3-9(5-11(13)19)14-8-12(20)17-15(22-2)6-10(18)7-16(17)23-14/h3-8,12,18-20H,1-2H3",RHHNLZXMXLRJFR-UHFFFAOYSA-N,O1C=2C(C(O)C=C1C3=CC=C(OC)C(=C3)O)=C(OC)C=C(O)C2,,,C17H16O6,316.09468823199995,2.1723999999999997,0,1,1,BTM00234,BTM00234,Catechol O-methylation,BTMR0212,EC 2.1.1.6,HUMAN,BTM00094,O1C=2C(C(O)C=C1C3=CC=C(O)C(=C3)O)=C(OC)C=C(O)C2,"InChI=1S/C16H14O6/c1-21-14-5-9(17)6-15-16(14)12(20)7-13(22-15)8-2-3-10(18)11(19)4-8/h2-7,12,17-20H,1H3",NYJRQKHPAFIKDM-UHFFFAOYSA-N,1.9213999999999998,302.07903816799995
"InChI=1S/C17H16O6/c1-21-14-5-9(3-4-11(14)19)13-8-12(20)17-15(22-2)6-10(18)7-16(17)23-13/h3-8,12,18-20H,1-2H3",MLXLRZSLXGJVIV-UHFFFAOYSA-N,O1C=2C(C(O)C=C1C3=CC=C(O)C(=C3)OC)=C(OC)C=C(O)C2,,,C17H16O6,316.09468823199995,2.1723999999999997,0,1,1,BTM00244,BTM00244,Catechol O-methylation,BTMR1380,EC 2.1.1.6,HUMAN,BTM00094,O1C=2C(C(O)C=C1C3=CC=C(O)C(=C3)O)=C(OC)C=C(O)C2,"InChI=1S/C16H14O6/c1-21-14-5-9(17)6-15-16(14)12(20)7-13(22-15)8-2-3-10(18)11(19)4-8/h2-7,12,17-20H,1H3",NYJRQKHPAFIKDM-UHFFFAOYSA-N,1.9213999999999998,302.07903816799995
"InChI=1S/C22H22O12/c1-31-14-5-9(32-22-19(28)17(26)18(27)20(34-22)21(29)30)6-15-16(14)12(25)7-13(33-15)8-2-3-10(23)11(24)4-8/h2-7,12,17-20,22-28H,1H3,(H,29,30)",RZPMGSIZYFBRGB-UHFFFAOYSA-N,O1C=2C(C(O)C=C1C3=CC=C(O)C(=C3)O)=C(OC)C=C(OC4OC(C(O)=O)C(C(C4O)O)O)C2,,,C22H22O12,478.11112614399997,0.22589999999999982,1,1,1,BTM00253,BTM00253,Aromatic OH-glucuronidation,BTMR0166,EC 2.4.1.17,HUMAN,BTM00094,O1C=2C(C(O)C=C1C3=CC=C(O)C(=C3)O)=C(OC)C=C(O)C2,"InChI=1S/C16H14O6/c1-21-14-5-9(17)6-15-16(14)12(20)7-13(22-15)8-2-3-10(18)11(19)4-8/h2-7,12,17-20H,1H3",NYJRQKHPAFIKDM-UHFFFAOYSA-N,1.9213999999999998,302.07903816799995
"InChI=1S/C22H22O12/c1-31-14-5-9(23)6-15-16(14)11(25)7-12(32-15)8-2-3-10(24)13(4-8)33-22-19(28)17(26)18(27)20(34-22)21(29)30/h2-7,11,17-20,22-28H,1H3,(H,29,30)",DQADQZPODMINAP-UHFFFAOYSA-N,O1C=2C(C(O)C=C1C3=CC=C(O)C(=C3)OC4OC(C(O)=O)C(C(C4O)O)O)=C(OC)C=C(O)C2,,,C22H22O12,478.11112614399997,0.22589999999999982,1,1,1,BTM00254,BTM00254,Aromatic OH-glucuronidation,BTMR0166,EC 2.4.1.17,HUMAN,BTM00094,O1C=2C(C(O)C=C1C3=CC=C(O)C(=C3)O)=C(OC)C=C(O)C2,"InChI=1S/C16H14O6/c1-21-14-5-9(17)6-15-16(14)12(20)7-13(22-15)8-2-3-10(18)11(19)4-8/h2-7,12,17-20H,1H3",NYJRQKHPAFIKDM-UHFFFAOYSA-N,1.9213999999999998,302.07903816799995
"InChI=1S/C22H22O12/c1-31-14-5-9(23)6-15-16(14)11(25)7-13(32-15)8-2-3-12(10(24)4-8)33-22-19(28)17(26)18(27)20(34-22)21(29)30/h2-7,11,17-20,22-28H,1H3,(H,29,30)",XGYUALFXUDBIGX-UHFFFAOYSA-N,O1C=2C(C(O)C=C1C3=CC=C(OC4OC(C(O)=O)C(C(C4O)O)O)C(=C3)O)=C(OC)C=C(O)C2,,,C22H22O12,478.11112614399997,0.22589999999999982,1,1,1,BTM00255,BTM00255,Aromatic OH-glucuronidation,BTMR0166,EC 2.4.1.17,HUMAN,BTM00094,O1C=2C(C(O)C=C1C3=CC=C(O)C(=C3)O)=C(OC)C=C(O)C2,"InChI=1S/C16H14O6/c1-21-14-5-9(17)6-15-16(14)12(20)7-13(22-15)8-2-3-10(18)11(19)4-8/h2-7,12,17-20H,1H3",NYJRQKHPAFIKDM-UHFFFAOYSA-N,1.9213999999999998,302.07903816799995
"InChI=1S/C16H14O9S/c1-23-14-5-9(25-26(20,21)22)6-15-16(14)12(19)7-13(24-15)8-2-3-10(17)11(18)4-8/h2-7,12,17-19H,1H3,(H,20,21,22)",UNCROMOLCNSDOE-UHFFFAOYSA-N,O1C=2C(C(O)C=C1C3=CC=C(O)C(=C3)O)=C(OC)C=C(OS(O)(=O)=O)C2,,,C16H14O9S,382.035853028,1.1845999999999997,0,1,1,BTM00256,BTM00256,Sulfonation of phenolic compound,BTMR1376,EC 2.8.2.1,HUMAN,BTM00094,O1C=2C(C(O)C=C1C3=CC=C(O)C(=C3)O)=C(OC)C=C(O)C2,"InChI=1S/C16H14O6/c1-21-14-5-9(17)6-15-16(14)12(20)7-13(22-15)8-2-3-10(18)11(19)4-8/h2-7,12,17-20H,1H3",NYJRQKHPAFIKDM-UHFFFAOYSA-N,1.9213999999999998,302.07903816799995
"InChI=1S/C16H14O9S/c1-23-14-5-9(17)6-15-16(14)11(19)7-12(24-15)8-2-3-10(18)13(4-8)25-26(20,21)22/h2-7,11,17-19H,1H3,(H,20,21,22)",LJSVNPCBONWQOF-UHFFFAOYSA-N,O1C=2C(C(O)C=C1C3=CC=C(O)C(=C3)OS(O)(=O)=O)=C(OC)C=C(O)C2,,,C16H14O9S,382.03585302799996,1.1845999999999997,0,1,1,BTM00257,BTM00257,Sulfonation of phenolic compound,BTMR1376,EC 2.8.2.1,HUMAN,BTM00094,O1C=2C(C(O)C=C1C3=CC=C(O)C(=C3)O)=C(OC)C=C(O)C2,"InChI=1S/C16H14O6/c1-21-14-5-9(17)6-15-16(14)12(20)7-13(22-15)8-2-3-10(18)11(19)4-8/h2-7,12,17-20H,1H3",NYJRQKHPAFIKDM-UHFFFAOYSA-N,1.9213999999999998,302.07903816799995
"InChI=1S/C16H14O9S/c1-23-14-5-9(17)6-15-16(14)11(19)7-13(24-15)8-2-3-12(10(18)4-8)25-26(20,21)22/h2-7,11,17-19H,1H3,(H,20,21,22)",YNQDQQNNEWVLGK-UHFFFAOYSA-N,O1C=2C(C(O)C=C1C3=CC=C(OS(O)(=O)=O)C(=C3)O)=C(OC)C=C(O)C2,,,C16H14O9S,382.035853028,1.1845999999999997,0,1,1,BTM00258,BTM00258,Sulfonation of phenolic compound,BTMR1376,EC 2.8.2.1,HUMAN,BTM00094,O1C=2C(C(O)C=C1C3=CC=C(O)C(=C3)O)=C(OC)C=C(O)C2,"InChI=1S/C16H14O6/c1-21-14-5-9(17)6-15-16(14)12(20)7-13(22-15)8-2-3-10(18)11(19)4-8/h2-7,12,17-20H,1H3",NYJRQKHPAFIKDM-UHFFFAOYSA-N,1.9213999999999998,302.07903816799995
"InChI=1S/C16H14O9S/c1-23-13-5-9(17)6-14-16(13)15(25-26(20,21)22)7-12(24-14)8-2-3-10(18)11(19)4-8/h2-7,15,17-19H,1H3,(H,20,21,22)",MHJBEGIFNUDZMJ-UHFFFAOYSA-N,O1C=2C(C(OS(O)(=O)=O)C=C1C3=CC=C(O)C(=C3)O)=C(OC)C=C(O)C2,,,C16H14O9S,382.03585302799996,1.3420999999999998,0,1,1,BTM00259,BTM00259,Sulfation of secondary alcohol,BTMR0502,EC 2.8.2.2,HUMAN,BTM00094,O1C=2C(C(O)C=C1C3=CC=C(O)C(=C3)O)=C(OC)C=C(O)C2,"InChI=1S/C16H14O6/c1-21-14-5-9(17)6-15-16(14)12(20)7-13(22-15)8-2-3-10(18)11(19)4-8/h2-7,12,17-20H,1H3",NYJRQKHPAFIKDM-UHFFFAOYSA-N,1.9213999999999998,302.07903816799995
"InChI=1S/C17H16O6/c1-21-10-6-15(22-2)17-13(20)8-14(23-16(17)7-10)9-3-4-11(18)12(19)5-9/h3-8,13,18-20H,1-2H3",HLADGAIHMVYMNY-UHFFFAOYSA-N,O1C=2C(C(O)C=C1C3=CC=C(O)C(=C3)O)=C(OC)C=C(OC)C2,,,C17H16O6,316.09468823199995,2.1723999999999997,0,1,1,BTM00252,BTM00252,Methylation of phenolic compound,BTMR1377,EC 2.1.1.25,HUMAN,BTM00094,O1C=2C(C(O)C=C1C3=CC=C(O)C(=C3)O)=C(OC)C=C(O)C2,"InChI=1S/C16H14O6/c1-21-14-5-9(17)6-15-16(14)12(20)7-13(22-15)8-2-3-10(18)11(19)4-8/h2-7,12,17-20H,1H3",NYJRQKHPAFIKDM-UHFFFAOYSA-N,1.9213999999999998,302.07903816799995
"InChI=1S/C17H16O6/c1-21-14-5-9(3-4-11(14)19)13-8-12(20)17-15(22-2)6-10(18)7-16(17)23-13/h3-8,12,18-20H,1-2H3",MLXLRZSLXGJVIV-UHFFFAOYSA-N,O1C=2C(C(O)C=C1C3=CC=C(O)C(=C3)OC)=C(OC)C=C(O)C2,,,C17H16O6,316.09468823199995,2.1723999999999997,0,1,1,BTM00244,BTM00244,Methylation of phenolic compound,BTMR1377,EC 2.1.1.25,HUMAN,BTM00094,O1C=2C(C(O)C=C1C3=CC=C(O)C(=C3)O)=C(OC)C=C(O)C2,"InChI=1S/C16H14O6/c1-21-14-5-9(17)6-15-16(14)12(20)7-13(22-15)8-2-3-10(18)11(19)4-8/h2-7,12,17-20H,1H3",NYJRQKHPAFIKDM-UHFFFAOYSA-N,1.9213999999999998,302.07903816799995
"InChI=1S/C17H16O6/c1-21-13-4-3-9(5-11(13)19)14-8-12(20)17-15(22-2)6-10(18)7-16(17)23-14/h3-8,12,18-20H,1-2H3",RHHNLZXMXLRJFR-UHFFFAOYSA-N,O1C=2C(C(O)C=C1C3=CC=C(OC)C(=C3)O)=C(OC)C=C(O)C2,,,C17H16O6,316.09468823199995,2.1723999999999997,0,1,1,BTM00234,BTM00234,Methylation of phenolic compound,BTMR1377,EC 2.1.1.25,HUMAN,BTM00094,O1C=2C(C(O)C=C1C3=CC=C(O)C(=C3)O)=C(OC)C=C(O)C2,"InChI=1S/C16H14O6/c1-21-14-5-9(17)6-15-16(14)12(20)7-13(22-15)8-2-3-10(18)11(19)4-8/h2-7,12,17-20H,1H3",NYJRQKHPAFIKDM-UHFFFAOYSA-N,1.9213999999999998,302.07903816799995
"InChI=1S/C17H16O6/c1-21-13-4-3-9(5-15(13)22-2)14-8-12(20)17-11(19)6-10(18)7-16(17)23-14/h3-8,12,18-20H,1-2H3",ZDUPWYWNFXZFIB-UHFFFAOYSA-N,O1C=2C(C(O)C=C1C3=CC=C(OC)C(=C3)OC)=C(O)C=C(O)C2,,,C17H16O6,316.09468823199995,2.1723999999999997,0,1,1,BTM00235,BTM00235,Reduction of carbonyl,BTMR0368,EC 1.1.1.184,HUMAN,BTM00095,O1C=2C(C(=O)C=C1C3=CC=C(OC)C(=C3)OC)=C(O)C=C(O)C2,"InChI=1S/C17H14O6/c1-21-13-4-3-9(5-15(13)22-2)14-8-12(20)17-11(19)6-10(18)7-16(17)23-14/h3-8,18-19H,1-2H3",AOLOMULCAJQEIG-UHFFFAOYSA-N,3.2615999999999987,314.079038168
"InChI=1S/C17H16O6/c1-21-10-6-12(19)17-13(20)8-15(23-16(17)7-10)9-3-4-14(22-2)11(18)5-9/h3-8,13,18-20H,1-2H3",KBLDGYXRRFMECY-UHFFFAOYSA-N,O1C=2C(C(O)C=C1C3=CC=C(OC)C(=C3)O)=C(O)C=C(OC)C2,,,C17H16O6,316.09468823199995,2.1723999999999997,0,1,1,BTM00233,BTM00233,Reduction of carbonyl,BTMR0368,EC 1.1.1.184,HUMAN,BTM00099,O1C=2C(C(=O)C=C1C3=CC=C(OC)C(=C3)O)=C(O)C=C(OC)C2,"InChI=1S/C17H14O6/c1-21-10-6-12(19)17-13(20)8-15(23-16(17)7-10)9-3-4-14(22-2)11(18)5-9/h3-8,18-19H,1-2H3",UDBHJDTXPDRDNS-UHFFFAOYSA-N,3.2615999999999987,314.07903816799995
"InChI=1S/C17H16O6/c1-21-13-4-3-9(5-11(13)19)14-8-12(20)17-15(22-2)6-10(18)7-16(17)23-14/h3-8,12,18-20H,1-2H3",RHHNLZXMXLRJFR-UHFFFAOYSA-N,O1C=2C(C(O)C=C1C3=CC=C(OC)C(=C3)O)=C(OC)C=C(O)C2,,,C17H16O6,316.09468823199995,2.1723999999999997,0,1,1,BTM00234,BTM00234,Reduction of carbonyl,BTMR0368,EC 1.1.1.184,HUMAN,BTM00100,O1C=2C(C(=O)C=C1C3=CC=C(OC)C(=C3)O)=C(OC)C=C(O)C2,"InChI=1S/C17H14O6/c1-21-13-4-3-9(5-11(13)19)14-8-12(20)17-15(22-2)6-10(18)7-16(17)23-14/h3-8,18-19H,1-2H3",QRQBJVXKGOVPPF-UHFFFAOYSA-N,3.2615999999999987,314.079038168
"InChI=1S/C17H16O6/c1-21-10-6-12(19)17-13(20)8-14(23-16(17)7-10)9-3-4-11(18)15(5-9)22-2/h3-8,13,18-20H,1-2H3",CGHLYWXTSMWORW-UHFFFAOYSA-N,O1C=2C(C(O)C=C1C3=CC=C(O)C(=C3)OC)=C(O)C=C(OC)C2,,,C17H16O6,316.09468823199995,2.1723999999999997,0,1,1,BTM00243,BTM00243,Reduction of carbonyl,BTMR0368,EC 1.1.1.184,HUMAN,BTM00104,O1C=2C(C(=O)C=C1C3=CC=C(O)C(=C3)OC)=C(O)C=C(OC)C2,"InChI=1S/C17H14O6/c1-21-10-6-12(19)17-13(20)8-14(23-16(17)7-10)9-3-4-11(18)15(5-9)22-2/h3-8,18-19H,1-2H3",ROCUOVBWAWAQFD-UHFFFAOYSA-N,3.2615999999999987,314.079038168
"InChI=1S/C17H16O6/c1-21-14-5-9(3-4-11(14)19)13-8-12(20)17-15(22-2)6-10(18)7-16(17)23-13/h3-8,12,18-20H,1-2H3",MLXLRZSLXGJVIV-UHFFFAOYSA-N,O1C=2C(C(O)C=C1C3=CC=C(O)C(=C3)OC)=C(OC)C=C(O)C2,,,C17H16O6,316.09468823199995,2.1723999999999997,0,1,1,BTM00244,BTM00244,Reduction of carbonyl,BTMR0368,EC 1.1.1.184,HUMAN,BTM00105,O1C=2C(C(=O)C=C1C3=CC=C(O)C(=C3)OC)=C(OC)C=C(O)C2,"InChI=1S/C17H14O6/c1-21-14-5-9(3-4-11(14)19)13-8-12(20)17-15(22-2)6-10(18)7-16(17)23-13/h3-8,18-19H,1-2H3",JDMXMMBASFOTIF-UHFFFAOYSA-N,3.2615999999999987,314.07903816799995
"InChI=1S/C17H16O6/c1-21-10-6-15(22-2)17-13(20)8-14(23-16(17)7-10)9-3-4-11(18)12(19)5-9/h3-8,13,18-20H,1-2H3",HLADGAIHMVYMNY-UHFFFAOYSA-N,O1C=2C(C(O)C=C1C3=CC=C(O)C(=C3)O)=C(OC)C=C(OC)C2,,,C17H16O6,316.09468823199995,2.1723999999999997,0,1,1,BTM00252,BTM00252,Reduction of carbonyl,BTMR0368,EC 1.1.1.184,HUMAN,BTM00109,O1C=2C(C(=O)C=C1C3=CC=C(O)C(=C3)O)=C(OC)C=C(OC)C2,"InChI=1S/C17H14O6/c1-21-10-6-15(22-2)17-13(20)8-14(23-16(17)7-10)9-3-4-11(18)12(19)5-9/h3-8,18-19H,1-2H3",NKGJZNRUAGQIRY-UHFFFAOYSA-N,3.2615999999999987,314.079038168
"InChI=1S/C22H24O11/c1-30-11-6-14-16(12(24)8-13(31-14)9-2-4-10(23)5-3-9)15(7-11)32-22-19(27)17(25)18(26)20(33-22)21(28)29/h2-7,12-13,17-20,22-27H,8H2,1H3,(H,28,29)",WWEUOAQLNMNRDP-UHFFFAOYSA-N,O1C=2C(C(O)CC1C3=CC=C(O)C=C3)=C(OC4OC(C(O)=O)C(C(C4O)O)O)C=C(OC)C2,,,C22H24O11,464.131861588,0.48430000000000145,1,1,1,BTM00260,BTM00260,Aromatic OH-glucuronidation,BTMR0166,EC 2.4.1.17,HUMAN,BTM00120,O1C=2C(C(O)CC1C3=CC=C(O)C=C3)=C(O)C=C(OC)C2,"InChI=1S/C16H16O5/c1-20-11-6-12(18)16-13(19)8-14(21-15(16)7-11)9-2-4-10(17)5-3-9/h2-7,13-14,17-19H,8H2,1H3",JVIMGWHMYWNXPU-UHFFFAOYSA-N,2.1798000000000006,288.099773612
"InChI=1S/C22H24O11/c1-30-11-6-12(23)16-13(24)8-14(32-15(16)7-11)9-2-4-10(5-3-9)31-22-19(27)17(25)18(26)20(33-22)21(28)29/h2-7,13-14,17-20,22-27H,8H2,1H3,(H,28,29)",WQYZHKHBADKKLO-UHFFFAOYSA-N,O1C=2C(C(O)CC1C3=CC=C(OC4OC(C(O)=O)C(C(C4O)O)O)C=C3)=C(O)C=C(OC)C2,,,C22H24O11,464.131861588,0.48430000000000145,1,1,1,BTM00261,BTM00261,Aromatic OH-glucuronidation,BTMR0166,EC 2.4.1.17,HUMAN,BTM00120,O1C=2C(C(O)CC1C3=CC=C(O)C=C3)=C(O)C=C(OC)C2,"InChI=1S/C16H16O5/c1-20-11-6-12(18)16-13(19)8-14(21-15(16)7-11)9-2-4-10(17)5-3-9/h2-7,13-14,17-19H,8H2,1H3",JVIMGWHMYWNXPU-UHFFFAOYSA-N,2.1798000000000006,288.099773612
"InChI=1S/C16H16O8S/c1-22-11-6-14-16(15(7-11)24-25(19,20)21)12(18)8-13(23-14)9-2-4-10(17)5-3-9/h2-7,12-13,17-18H,8H2,1H3,(H,19,20,21)",ODHYVHMAPCLOIH-UHFFFAOYSA-N,O1C=2C(C(O)CC1C3=CC=C(O)C=C3)=C(OS(O)(=O)=O)C=C(OC)C2,,,C16H16O8S,368.056588472,1.4430000000000005,0,1,1,BTM00262,BTM00262,Sulfonation of phenolic compound,BTMR1376,EC 2.8.2.1,HUMAN,BTM00120,O1C=2C(C(O)CC1C3=CC=C(O)C=C3)=C(O)C=C(OC)C2,"InChI=1S/C16H16O5/c1-20-11-6-12(18)16-13(19)8-14(21-15(16)7-11)9-2-4-10(17)5-3-9/h2-7,13-14,17-19H,8H2,1H3",JVIMGWHMYWNXPU-UHFFFAOYSA-N,2.1798000000000006,288.099773612
"InChI=1S/C16H16O8S/c1-22-11-6-12(17)16-13(18)8-14(23-15(16)7-11)9-2-4-10(5-3-9)24-25(19,20)21/h2-7,13-14,17-18H,8H2,1H3,(H,19,20,21)",MBHFVUVNUJUIPP-UHFFFAOYSA-N,O1C=2C(C(O)CC1C3=CC=C(OS(O)(=O)=O)C=C3)=C(O)C=C(OC)C2,,,C16H16O8S,368.056588472,1.4430000000000005,0,1,1,BTM00263,BTM00263,Sulfonation of phenolic compound,BTMR1376,EC 2.8.2.1,HUMAN,BTM00120,O1C=2C(C(O)CC1C3=CC=C(O)C=C3)=C(O)C=C(OC)C2,"InChI=1S/C16H16O5/c1-20-11-6-12(18)16-13(19)8-14(21-15(16)7-11)9-2-4-10(17)5-3-9/h2-7,13-14,17-19H,8H2,1H3",JVIMGWHMYWNXPU-UHFFFAOYSA-N,2.1798000000000006,288.099773612
"InChI=1S/C16H16O8S/c1-22-11-6-12(18)16-14(7-11)23-13(8-15(16)24-25(19,20)21)9-2-4-10(17)5-3-9/h2-7,13,15,17-18H,8H2,1H3,(H,19,20,21)",YSOUYMAMUDQDPU-UHFFFAOYSA-N,O1C=2C(C(OS(O)(=O)=O)CC1C3=CC=C(O)C=C3)=C(O)C=C(OC)C2,,,C16H16O8S,368.056588472,1.6005000000000005,0,1,1,BTM00264,BTM00264,Sulfation of secondary alcohol,BTMR0502,EC 2.8.2.2,HUMAN,BTM00120,O1C=2C(C(O)CC1C3=CC=C(O)C=C3)=C(O)C=C(OC)C2,"InChI=1S/C16H16O5/c1-20-11-6-12(18)16-13(19)8-14(21-15(16)7-11)9-2-4-10(17)5-3-9/h2-7,13-14,17-19H,8H2,1H3",JVIMGWHMYWNXPU-UHFFFAOYSA-N,2.1798000000000006,288.099773612
"InChI=1S/C17H18O5/c1-20-12-7-15(21-2)17-13(19)9-14(22-16(17)8-12)10-3-5-11(18)6-4-10/h3-8,13-14,18-19H,9H2,1-2H3",VLAXCOGLSGKQDU-UHFFFAOYSA-N,O1C=2C(C(O)CC1C3=CC=C(O)C=C3)=C(OC)C=C(OC)C2,,,C17H18O5,302.115423676,2.4308000000000005,0,0,0,BTM00265,BTM00265,Methylation of phenolic compound,BTMR1377,EC 2.1.1.25,HUMAN,BTM00120,O1C=2C(C(O)CC1C3=CC=C(O)C=C3)=C(O)C=C(OC)C2,"InChI=1S/C16H16O5/c1-20-11-6-12(18)16-13(19)8-14(21-15(16)7-11)9-2-4-10(17)5-3-9/h2-7,13-14,17-19H,8H2,1H3",JVIMGWHMYWNXPU-UHFFFAOYSA-N,2.1798000000000006,288.099773612
"InChI=1S/C17H18O5/c1-20-11-5-3-10(4-6-11)15-9-14(19)17-13(18)7-12(21-2)8-16(17)22-15/h3-8,14-15,18-19H,9H2,1-2H3",LEJOTQCXYGTEDX-UHFFFAOYSA-N,O1C=2C(C(O)CC1C3=CC=C(OC)C=C3)=C(O)C=C(OC)C2,,,C17H18O5,302.115423676,2.4308000000000005,0,0,0,BTM00266,BTM00266,Methylation of phenolic compound,BTMR1377,EC 2.1.1.25,HUMAN,BTM00120,O1C=2C(C(O)CC1C3=CC=C(O)C=C3)=C(O)C=C(OC)C2,"InChI=1S/C16H16O5/c1-20-11-6-12(18)16-13(19)8-14(21-15(16)7-11)9-2-4-10(17)5-3-9/h2-7,13-14,17-19H,8H2,1H3",JVIMGWHMYWNXPU-UHFFFAOYSA-N,2.1798000000000006,288.099773612
"InChI=1S/C22H24O11/c1-30-14-6-11(31-22-19(27)17(25)18(26)20(33-22)21(28)29)7-15-16(14)12(24)8-13(32-15)9-2-4-10(23)5-3-9/h2-7,12-13,17-20,22-27H,8H2,1H3,(H,28,29)",NODDYOWCJZGTQP-UHFFFAOYSA-N,O1C=2C(C(O)CC1C3=CC=C(O)C=C3)=C(OC)C=C(OC4OC(C(O)=O)C(C(C4O)O)O)C2,,,C22H24O11,464.131861588,0.48430000000000145,1,1,1,BTM00267,BTM00267,Aromatic OH-glucuronidation,BTMR0166,EC 2.4.1.17,HUMAN,BTM00121,O1C=2C(C(O)CC1C3=CC=C(O)C=C3)=C(OC)C=C(O)C2,"InChI=1S/C16H16O5/c1-20-14-6-11(18)7-15-16(14)12(19)8-13(21-15)9-2-4-10(17)5-3-9/h2-7,12-13,17-19H,8H2,1H3",QNJQVYFNIRYAFH-UHFFFAOYSA-N,2.1798000000000006,288.09977361200004
"InChI=1S/C22H24O11/c1-30-14-6-10(23)7-15-16(14)12(24)8-13(32-15)9-2-4-11(5-3-9)31-22-19(27)17(25)18(26)20(33-22)21(28)29/h2-7,12-13,17-20,22-27H,8H2,1H3,(H,28,29)",RXYJMBWOEONTRW-UHFFFAOYSA-N,O1C=2C(C(O)CC1C3=CC=C(OC4OC(C(O)=O)C(C(C4O)O)O)C=C3)=C(OC)C=C(O)C2,,,C22H24O11,464.131861588,0.48430000000000145,1,1,1,BTM00268,BTM00268,Aromatic OH-glucuronidation,BTMR0166,EC 2.4.1.17,HUMAN,BTM00121,O1C=2C(C(O)CC1C3=CC=C(O)C=C3)=C(OC)C=C(O)C2,"InChI=1S/C16H16O5/c1-20-14-6-11(18)7-15-16(14)12(19)8-13(21-15)9-2-4-10(17)5-3-9/h2-7,12-13,17-19H,8H2,1H3",QNJQVYFNIRYAFH-UHFFFAOYSA-N,2.1798000000000006,288.09977361200004
"InChI=1S/C16H16O8S/c1-22-14-6-11(24-25(19,20)21)7-15-16(14)12(18)8-13(23-15)9-2-4-10(17)5-3-9/h2-7,12-13,17-18H,8H2,1H3,(H,19,20,21)",LBSDVFZQMIXQTL-UHFFFAOYSA-N,O1C=2C(C(O)CC1C3=CC=C(O)C=C3)=C(OC)C=C(OS(O)(=O)=O)C2,,,C16H16O8S,368.05658847200004,1.4430000000000005,0,1,1,BTM00269,BTM00269,Sulfonation of phenolic compound,BTMR1376,EC 2.8.2.1,HUMAN,BTM00121,O1C=2C(C(O)CC1C3=CC=C(O)C=C3)=C(OC)C=C(O)C2,"InChI=1S/C16H16O5/c1-20-14-6-11(18)7-15-16(14)12(19)8-13(21-15)9-2-4-10(17)5-3-9/h2-7,12-13,17-19H,8H2,1H3",QNJQVYFNIRYAFH-UHFFFAOYSA-N,2.1798000000000006,288.09977361200004
"InChI=1S/C16H16O8S/c1-22-14-6-10(17)7-15-16(14)12(18)8-13(23-15)9-2-4-11(5-3-9)24-25(19,20)21/h2-7,12-13,17-18H,8H2,1H3,(H,19,20,21)",XCACOKUJXVHPFI-UHFFFAOYSA-N,O1C=2C(C(O)CC1C3=CC=C(OS(O)(=O)=O)C=C3)=C(OC)C=C(O)C2,,,C16H16O8S,368.056588472,1.4430000000000005,0,1,1,BTM00270,BTM00270,Sulfonation of phenolic compound,BTMR1376,EC 2.8.2.1,HUMAN,BTM00121,O1C=2C(C(O)CC1C3=CC=C(O)C=C3)=C(OC)C=C(O)C2,"InChI=1S/C16H16O5/c1-20-14-6-11(18)7-15-16(14)12(19)8-13(21-15)9-2-4-10(17)5-3-9/h2-7,12-13,17-19H,8H2,1H3",QNJQVYFNIRYAFH-UHFFFAOYSA-N,2.1798000000000006,288.09977361200004
"InChI=1S/C16H16O8S/c1-22-13-6-11(18)7-14-16(13)15(24-25(19,20)21)8-12(23-14)9-2-4-10(17)5-3-9/h2-7,12,15,17-18H,8H2,1H3,(H,19,20,21)",BFRBOJBIKIRQJM-UHFFFAOYSA-N,O1C=2C(C(OS(O)(=O)=O)CC1C3=CC=C(O)C=C3)=C(OC)C=C(O)C2,,,C16H16O8S,368.056588472,1.6005000000000005,0,1,1,BTM00271,BTM00271,Sulfation of secondary alcohol,BTMR0502,EC 2.8.2.2,HUMAN,BTM00121,O1C=2C(C(O)CC1C3=CC=C(O)C=C3)=C(OC)C=C(O)C2,"InChI=1S/C16H16O5/c1-20-14-6-11(18)7-15-16(14)12(19)8-13(21-15)9-2-4-10(17)5-3-9/h2-7,12-13,17-19H,8H2,1H3",QNJQVYFNIRYAFH-UHFFFAOYSA-N,2.1798000000000006,288.09977361200004
"InChI=1S/C17H18O5/c1-20-12-7-15(21-2)17-13(19)9-14(22-16(17)8-12)10-3-5-11(18)6-4-10/h3-8,13-14,18-19H,9H2,1-2H3",VLAXCOGLSGKQDU-UHFFFAOYSA-N,O1C=2C(C(O)CC1C3=CC=C(O)C=C3)=C(OC)C=C(OC)C2,,,C17H18O5,302.115423676,2.4308000000000005,0,0,0,BTM00265,BTM00265,Methylation of phenolic compound,BTMR1377,EC 2.1.1.25,HUMAN,BTM00121,O1C=2C(C(O)CC1C3=CC=C(O)C=C3)=C(OC)C=C(O)C2,"InChI=1S/C16H16O5/c1-20-14-6-11(18)7-15-16(14)12(19)8-13(21-15)9-2-4-10(17)5-3-9/h2-7,12-13,17-19H,8H2,1H3",QNJQVYFNIRYAFH-UHFFFAOYSA-N,2.1798000000000006,288.09977361200004
"InChI=1S/C17H18O5/c1-20-12-5-3-10(4-6-12)14-9-13(19)17-15(21-2)7-11(18)8-16(17)22-14/h3-8,13-14,18-19H,9H2,1-2H3",HJOZDFLNSLMSFC-UHFFFAOYSA-N,O1C=2C(C(O)CC1C3=CC=C(OC)C=C3)=C(OC)C=C(O)C2,,,C17H18O5,302.115423676,2.4308000000000005,0,0,0,BTM00272,BTM00272,Methylation of phenolic compound,BTMR1377,EC 2.1.1.25,HUMAN,BTM00121,O1C=2C(C(O)CC1C3=CC=C(O)C=C3)=C(OC)C=C(O)C2,"InChI=1S/C16H16O5/c1-20-14-6-11(18)7-15-16(14)12(19)8-13(21-15)9-2-4-10(17)5-3-9/h2-7,12-13,17-19H,8H2,1H3",QNJQVYFNIRYAFH-UHFFFAOYSA-N,2.1798000000000006,288.09977361200004
"InChI=1S/C22H24O11/c1-30-10-4-2-9(3-5-10)14-8-13(24)16-12(23)6-11(7-15(16)32-14)31-22-19(27)17(25)18(26)20(33-22)21(28)29/h2-7,13-14,17-20,22-27H,8H2,1H3,(H,28,29)",YZSIYLFCTFYYLR-UHFFFAOYSA-N,O1C=2C(C(O)CC1C3=CC=C(OC)C=C3)=C(O)C=C(OC4OC(C(O)=O)C(C(C4O)O)O)C2,,,C22H24O11,464.131861588,0.48430000000000145,1,1,1,BTM00273,BTM00273,Aromatic OH-glucuronidation,BTMR0166,EC 2.4.1.17,HUMAN,BTM00122,O1C=2C(C(O)CC1C3=CC=C(OC)C=C3)=C(O)C=C(O)C2,"InChI=1S/C16H16O5/c1-20-11-4-2-9(3-5-11)14-8-13(19)16-12(18)6-10(17)7-15(16)21-14/h2-7,13-14,17-19H,8H2,1H3",KLWPITHPPHBTPB-UHFFFAOYSA-N,2.1798000000000006,288.099773612
"InChI=1S/C22H24O11/c1-30-11-4-2-9(3-5-11)13-8-12(24)16-14(31-13)6-10(23)7-15(16)32-22-19(27)17(25)18(26)20(33-22)21(28)29/h2-7,12-13,17-20,22-27H,8H2,1H3,(H,28,29)",HSRAEUNHSMOIDB-UHFFFAOYSA-N,O1C=2C(C(O)CC1C3=CC=C(OC)C=C3)=C(OC4OC(C(O)=O)C(C(C4O)O)O)C=C(O)C2,,,C22H24O11,464.131861588,0.48430000000000145,1,1,1,BTM00274,BTM00274,Aromatic OH-glucuronidation,BTMR0166,EC 2.4.1.17,HUMAN,BTM00122,O1C=2C(C(O)CC1C3=CC=C(OC)C=C3)=C(O)C=C(O)C2,"InChI=1S/C16H16O5/c1-20-11-4-2-9(3-5-11)14-8-13(19)16-12(18)6-10(17)7-15(16)21-14/h2-7,13-14,17-19H,8H2,1H3",KLWPITHPPHBTPB-UHFFFAOYSA-N,2.1798000000000006,288.099773612
"InChI=1S/C16H16O8S/c1-22-10-4-2-9(3-5-10)14-8-13(18)16-12(17)6-11(7-15(16)23-14)24-25(19,20)21/h2-7,13-14,17-18H,8H2,1H3,(H,19,20,21)",RWKZJSYWEHCTBD-UHFFFAOYSA-N,O1C=2C(C(O)CC1C3=CC=C(OC)C=C3)=C(O)C=C(OS(O)(=O)=O)C2,,,C16H16O8S,368.056588472,1.4430000000000005,0,1,1,BTM00275,BTM00275,Sulfonation of phenolic compound,BTMR1376,EC 2.8.2.1,HUMAN,BTM00122,O1C=2C(C(O)CC1C3=CC=C(OC)C=C3)=C(O)C=C(O)C2,"InChI=1S/C16H16O5/c1-20-11-4-2-9(3-5-11)14-8-13(19)16-12(18)6-10(17)7-15(16)21-14/h2-7,13-14,17-19H,8H2,1H3",KLWPITHPPHBTPB-UHFFFAOYSA-N,2.1798000000000006,288.099773612
"InChI=1S/C16H16O8S/c1-22-11-4-2-9(3-5-11)13-8-12(18)16-14(23-13)6-10(17)7-15(16)24-25(19,20)21/h2-7,12-13,17-18H,8H2,1H3,(H,19,20,21)",ZWMOFCXRLFYBPK-UHFFFAOYSA-N,O1C=2C(C(O)CC1C3=CC=C(OC)C=C3)=C(OS(O)(=O)=O)C=C(O)C2,,,C16H16O8S,368.05658847200004,1.4430000000000005,0,1,1,BTM00276,BTM00276,Sulfonation of phenolic compound,BTMR1376,EC 2.8.2.1,HUMAN,BTM00122,O1C=2C(C(O)CC1C3=CC=C(OC)C=C3)=C(O)C=C(O)C2,"InChI=1S/C16H16O5/c1-20-11-4-2-9(3-5-11)14-8-13(19)16-12(18)6-10(17)7-15(16)21-14/h2-7,13-14,17-19H,8H2,1H3",KLWPITHPPHBTPB-UHFFFAOYSA-N,2.1798000000000006,288.099773612
"InChI=1S/C16H16O8S/c1-22-11-4-2-9(3-5-11)13-8-15(24-25(19,20)21)16-12(18)6-10(17)7-14(16)23-13/h2-7,13,15,17-18H,8H2,1H3,(H,19,20,21)",FBIPEAWGQDSOAA-UHFFFAOYSA-N,O1C=2C(C(OS(O)(=O)=O)CC1C3=CC=C(OC)C=C3)=C(O)C=C(O)C2,,,C16H16O8S,368.05658847200004,1.6005000000000005,0,1,1,BTM00277,BTM00277,Sulfation of secondary alcohol,BTMR0502,EC 2.8.2.2,HUMAN,BTM00122,O1C=2C(C(O)CC1C3=CC=C(OC)C=C3)=C(O)C=C(O)C2,"InChI=1S/C16H16O5/c1-20-11-4-2-9(3-5-11)14-8-13(19)16-12(18)6-10(17)7-15(16)21-14/h2-7,13-14,17-19H,8H2,1H3",KLWPITHPPHBTPB-UHFFFAOYSA-N,2.1798000000000006,288.099773612
"InChI=1S/C17H18O5/c1-20-11-5-3-10(4-6-11)15-9-14(19)17-13(18)7-12(21-2)8-16(17)22-15/h3-8,14-15,18-19H,9H2,1-2H3",LEJOTQCXYGTEDX-UHFFFAOYSA-N,O1C=2C(C(O)CC1C3=CC=C(OC)C=C3)=C(O)C=C(OC)C2,,,C17H18O5,302.115423676,2.4308000000000005,0,0,0,BTM00266,BTM00266,Methylation of phenolic compound,BTMR1377,EC 2.1.1.25,HUMAN,BTM00122,O1C=2C(C(O)CC1C3=CC=C(OC)C=C3)=C(O)C=C(O)C2,"InChI=1S/C16H16O5/c1-20-11-4-2-9(3-5-11)14-8-13(19)16-12(18)6-10(17)7-15(16)21-14/h2-7,13-14,17-19H,8H2,1H3",KLWPITHPPHBTPB-UHFFFAOYSA-N,2.1798000000000006,288.099773612
"InChI=1S/C17H18O5/c1-20-12-5-3-10(4-6-12)14-9-13(19)17-15(21-2)7-11(18)8-16(17)22-14/h3-8,13-14,18-19H,9H2,1-2H3",HJOZDFLNSLMSFC-UHFFFAOYSA-N,O1C=2C(C(O)CC1C3=CC=C(OC)C=C3)=C(OC)C=C(O)C2,,,C17H18O5,302.115423676,2.4308000000000005,0,0,0,BTM00272,BTM00272,Methylation of phenolic compound,BTMR1377,EC 2.1.1.25,HUMAN,BTM00122,O1C=2C(C(O)CC1C3=CC=C(OC)C=C3)=C(O)C=C(O)C2,"InChI=1S/C16H16O5/c1-20-11-4-2-9(3-5-11)14-8-13(19)16-12(18)6-10(17)7-15(16)21-14/h2-7,13-14,17-19H,8H2,1H3",KLWPITHPPHBTPB-UHFFFAOYSA-N,2.1798000000000006,288.099773612
"InChI=1S/C17H18O5/c1-20-12-7-15(21-2)17-13(19)9-14(22-16(17)8-12)10-3-5-11(18)6-4-10/h3-8,13-14,18-19H,9H2,1-2H3",VLAXCOGLSGKQDU-UHFFFAOYSA-N,O1C=2C(C(O)CC1C3=CC=C(O)C=C3)=C(OC)C=C(OC)C2,,,C17H18O5,302.115423676,2.4308000000000005,0,0,0,BTM00265,BTM00265,Reduction of carbonyl,BTMR0368,EC 1.1.1.184,HUMAN,BTM00125,O1C=2C(C(=O)CC1C3=CC=C(O)C=C3)=C(OC)C=C(OC)C2,"InChI=1S/C17H16O5/c1-20-12-7-15(21-2)17-13(19)9-14(22-16(17)8-12)10-3-5-11(18)6-4-10/h3-8,14,18H,9H2,1-2H3",REBBZOCNEVVAPX-UHFFFAOYSA-N,2.7996999999999983,300.099773612
"InChI=1S/C17H18O5/c1-20-11-5-3-10(4-6-11)15-9-14(19)17-13(18)7-12(21-2)8-16(17)22-15/h3-8,14-15,18-19H,9H2,1-2H3",LEJOTQCXYGTEDX-UHFFFAOYSA-N,O1C=2C(C(O)CC1C3=CC=C(OC)C=C3)=C(O)C=C(OC)C2,,,C17H18O5,302.115423676,2.4308000000000005,0,0,0,BTM00266,BTM00266,Reduction of carbonyl,BTMR0368,EC 1.1.1.184,HUMAN,BTM00126,O1C=2C(C(=O)CC1C3=CC=C(OC)C=C3)=C(O)C=C(OC)C2,"InChI=1S/C17H16O5/c1-20-11-5-3-10(4-6-11)15-9-14(19)17-13(18)7-12(21-2)8-16(17)22-15/h3-8,15,18H,9H2,1-2H3",CKEXCBVNKRHAMX-UHFFFAOYSA-N,2.7996999999999983,300.099773612
"InChI=1S/C17H18O5/c1-20-12-5-3-10(4-6-12)14-9-13(19)17-15(21-2)7-11(18)8-16(17)22-14/h3-8,13-14,18-19H,9H2,1-2H3",HJOZDFLNSLMSFC-UHFFFAOYSA-N,O1C=2C(C(O)CC1C3=CC=C(OC)C=C3)=C(OC)C=C(O)C2,,,C17H18O5,302.115423676,2.4308000000000005,0,0,0,BTM00272,BTM00272,Reduction of carbonyl,BTMR0368,EC 1.1.1.184,HUMAN,BTM00131,O1C=2C(C(=O)CC1C3=CC=C(OC)C=C3)=C(OC)C=C(O)C2,"InChI=1S/C17H16O5/c1-20-12-5-3-10(4-6-12)14-9-13(19)17-15(21-2)7-11(18)8-16(17)22-14/h3-8,14,18H,9H2,1-2H3",KFGFEKHSEPSVNO-UHFFFAOYSA-N,2.7996999999999983,300.099773612
"InChI=1S/C22H22O10/c1-29-11-7-14-16(12(23)9-13(30-14)10-5-3-2-4-6-10)15(8-11)31-22-19(26)17(24)18(25)20(32-22)21(27)28/h2-9,12,17-20,22-26H,1H3,(H,27,28)",NMWLNRJFNKFWGW-UHFFFAOYSA-N,O1C=2C(C(O)C=C1C3=CC=CC=C3)=C(OC4OC(C(O)=O)C(C(C4O)O)O)C=C(OC)C2,,,C22H22O10,446.121296904,0.7606999999999992,0,1,1,BTM00278,BTM00278,Aromatic OH-glucuronidation,BTMR0166,EC 2.4.1.17,HUMAN,BTM00139,O1C=2C(C(O)C=C1C3=CC=CC=C3)=C(O)C=C(OC)C2,"InChI=1S/C16H14O4/c1-19-11-7-12(17)16-13(18)9-14(20-15(16)8-11)10-5-3-2-4-6-10/h2-9,13,17-18H,1H3",AXPMATZXGGXSAF-UHFFFAOYSA-N,2.4562,270.089208928
"InChI=1S/C16H14O7S/c1-21-11-7-14-16(15(8-11)23-24(18,19)20)12(17)9-13(22-14)10-5-3-2-4-6-10/h2-9,12,17H,1H3,(H,18,19,20)",MIKWXRRPEJVGED-UHFFFAOYSA-N,O1C=2C(C(O)C=C1C3=CC=CC=C3)=C(OS(O)(=O)=O)C=C(OC)C2,,,C16H14O7S,350.046023788,1.7193999999999998,0,0,0,BTM00279,BTM00279,Sulfonation of phenolic compound,BTMR1376,EC 2.8.2.1,HUMAN,BTM00139,O1C=2C(C(O)C=C1C3=CC=CC=C3)=C(O)C=C(OC)C2,"InChI=1S/C16H14O4/c1-19-11-7-12(17)16-13(18)9-14(20-15(16)8-11)10-5-3-2-4-6-10/h2-9,13,17-18H,1H3",AXPMATZXGGXSAF-UHFFFAOYSA-N,2.4562,270.089208928
"InChI=1S/C16H14O7S/c1-21-11-7-12(17)16-14(8-11)22-13(10-5-3-2-4-6-10)9-15(16)23-24(18,19)20/h2-9,15,17H,1H3,(H,18,19,20)",DWMFFJPPQUHBBS-UHFFFAOYSA-N,O1C=2C(C(OS(O)(=O)=O)C=C1C3=CC=CC=C3)=C(O)C=C(OC)C2,,,C16H14O7S,350.04602378799996,1.8768999999999996,0,0,0,BTM00280,BTM00280,Sulfation of secondary alcohol,BTMR0502,EC 2.8.2.2,HUMAN,BTM00139,O1C=2C(C(O)C=C1C3=CC=CC=C3)=C(O)C=C(OC)C2,"InChI=1S/C16H14O4/c1-19-11-7-12(17)16-13(18)9-14(20-15(16)8-11)10-5-3-2-4-6-10/h2-9,13,17-18H,1H3",AXPMATZXGGXSAF-UHFFFAOYSA-N,2.4562,270.089208928
"InChI=1S/C17H16O4/c1-19-12-8-15(20-2)17-13(18)10-14(21-16(17)9-12)11-6-4-3-5-7-11/h3-10,13,18H,1-2H3",ODASUNUOGUGDPA-UHFFFAOYSA-N,O1C=2C(C(O)C=C1C3=CC=CC=C3)=C(OC)C=C(OC)C2,,,C17H16O4,284.104858992,2.7071999999999976,0,0,0,BTM00281,BTM00281,Methylation of phenolic compound,BTMR1377,EC 2.1.1.25,HUMAN,BTM00139,O1C=2C(C(O)C=C1C3=CC=CC=C3)=C(O)C=C(OC)C2,"InChI=1S/C16H14O4/c1-19-11-7-12(17)16-13(18)9-14(20-15(16)8-11)10-5-3-2-4-6-10/h2-9,13,17-18H,1H3",AXPMATZXGGXSAF-UHFFFAOYSA-N,2.4562,270.089208928
"InChI=1S/C22H22O10/c1-29-14-7-11(30-22-19(26)17(24)18(25)20(32-22)21(27)28)8-15-16(14)12(23)9-13(31-15)10-5-3-2-4-6-10/h2-9,12,17-20,22-26H,1H3,(H,27,28)",KOFNOYMVAYIAEM-UHFFFAOYSA-N,O1C=2C(C(O)C=C1C3=CC=CC=C3)=C(OC)C=C(OC4OC(C(O)=O)C(C(C4O)O)O)C2,,,C22H22O10,446.12129690399996,0.7606999999999992,0,1,1,BTM00282,BTM00282,Aromatic OH-glucuronidation,BTMR0166,EC 2.4.1.17,HUMAN,BTM00140,O1C=2C(C(O)C=C1C3=CC=CC=C3)=C(OC)C=C(O)C2,"InChI=1S/C16H14O4/c1-19-14-7-11(17)8-15-16(14)12(18)9-13(20-15)10-5-3-2-4-6-10/h2-9,12,17-18H,1H3",XYUVAJNYAYZFJS-UHFFFAOYSA-N,2.4562,270.089208928
"InChI=1S/C16H14O7S/c1-21-14-7-11(23-24(18,19)20)8-15-16(14)12(17)9-13(22-15)10-5-3-2-4-6-10/h2-9,12,17H,1H3,(H,18,19,20)",XXEQGTIFPRLSHM-UHFFFAOYSA-N,O1C=2C(C(O)C=C1C3=CC=CC=C3)=C(OC)C=C(OS(O)(=O)=O)C2,,,C16H14O7S,350.046023788,1.7193999999999998,0,0,0,BTM00283,BTM00283,Sulfonation of phenolic compound,BTMR1376,EC 2.8.2.1,HUMAN,BTM00140,O1C=2C(C(O)C=C1C3=CC=CC=C3)=C(OC)C=C(O)C2,"InChI=1S/C16H14O4/c1-19-14-7-11(17)8-15-16(14)12(18)9-13(20-15)10-5-3-2-4-6-10/h2-9,12,17-18H,1H3",XYUVAJNYAYZFJS-UHFFFAOYSA-N,2.4562,270.089208928
"InChI=1S/C16H14O7S/c1-21-13-7-11(17)8-14-16(13)15(23-24(18,19)20)9-12(22-14)10-5-3-2-4-6-10/h2-9,15,17H,1H3,(H,18,19,20)",RJROEJWWNFBUAE-UHFFFAOYSA-N,O1C=2C(C(OS(O)(=O)=O)C=C1C3=CC=CC=C3)=C(OC)C=C(O)C2,,,C16H14O7S,350.04602378799996,1.8768999999999996,0,0,0,BTM00284,BTM00284,Sulfation of secondary alcohol,BTMR0502,EC 2.8.2.2,HUMAN,BTM00140,O1C=2C(C(O)C=C1C3=CC=CC=C3)=C(OC)C=C(O)C2,"InChI=1S/C16H14O4/c1-19-14-7-11(17)8-15-16(14)12(18)9-13(20-15)10-5-3-2-4-6-10/h2-9,12,17-18H,1H3",XYUVAJNYAYZFJS-UHFFFAOYSA-N,2.4562,270.089208928
"InChI=1S/C17H16O4/c1-19-12-8-15(20-2)17-13(18)10-14(21-16(17)9-12)11-6-4-3-5-7-11/h3-10,13,18H,1-2H3",ODASUNUOGUGDPA-UHFFFAOYSA-N,O1C=2C(C(O)C=C1C3=CC=CC=C3)=C(OC)C=C(OC)C2,,,C17H16O4,284.104858992,2.7071999999999976,0,0,0,BTM00281,BTM00281,Methylation of phenolic compound,BTMR1377,EC 2.1.1.25,HUMAN,BTM00140,O1C=2C(C(O)C=C1C3=CC=CC=C3)=C(OC)C=C(O)C2,"InChI=1S/C16H14O4/c1-19-14-7-11(17)8-15-16(14)12(18)9-13(20-15)10-5-3-2-4-6-10/h2-9,12,17-18H,1H3",XYUVAJNYAYZFJS-UHFFFAOYSA-N,2.4562,270.089208928
"InChI=1S/C17H16O4/c1-19-12-8-15(20-2)17-13(18)10-14(21-16(17)9-12)11-6-4-3-5-7-11/h3-10,13,18H,1-2H3",ODASUNUOGUGDPA-UHFFFAOYSA-N,O1C=2C(C(O)C=C1C3=CC=CC=C3)=C(OC)C=C(OC)C2,,,C17H16O4,284.104858992,2.7071999999999976,0,0,0,BTM00281,BTM00281,Reduction of carbonyl,BTMR0368,EC 1.1.1.184,HUMAN,BTM00142,O1C=2C(C(=O)C=C1C3=CC=CC=C3)=C(OC)C=C(OC)C2,"InChI=1S/C17H14O4/c1-19-12-8-15(20-2)17-13(18)10-14(21-16(17)9-12)11-6-4-3-5-7-11/h3-10H,1-2H3",JRFZSUMZAUHNSL-UHFFFAOYSA-N,3.7964,282.089208928
"InChI=1S/C16H16O6/c1-21-13-3-2-8(4-10(13)18)14-7-12(20)16-11(19)5-9(17)6-15(16)22-14/h2-6,12,14,17-20H,7H2,1H3",YFMHTEHRYRBZBO-UHFFFAOYSA-N,O1C=2C(C(O)CC1C3=CC=C(OC)C(=C3)O)=C(O)C=C(O)C2,SCHEMBL23067811,123204579,C16H16O6,304.09468823199995,1.9124000000000008,0,1,1,BTM00285,BTM00285,Catechol O-methylation,BTMR0212,EC 2.1.1.6,HUMAN,BTM00145,O1C=2C(C(O)CC1C3=CC=C(O)C(=C3)O)=C(O)C=C(O)C2,"InChI=1S/C15H14O6/c16-8-4-11(19)15-12(20)6-13(21-14(15)5-8)7-1-2-9(17)10(18)3-7/h1-5,12-13,16-20H,6H2",FSYDWKPCKNCRDI-UHFFFAOYSA-N,1.6614000000000002,290.079038168
"InChI=1S/C16H16O6/c1-21-14-4-8(2-3-10(14)18)13-7-12(20)16-11(19)5-9(17)6-15(16)22-13/h2-6,12-13,17-20H,7H2,1H3",WJPNPCNTEAGELJ-UHFFFAOYSA-N,O1C=2C(C(O)CC1C3=CC=C(O)C(=C3)OC)=C(O)C=C(O)C2,SCHEMBL18786587,129071281,C16H16O6,304.09468823199995,1.9124000000000008,0,1,1,BTM00286,BTM00286,Catechol O-methylation,BTMR1380,EC 2.1.1.6,HUMAN,BTM00145,O1C=2C(C(O)CC1C3=CC=C(O)C(=C3)O)=C(O)C=C(O)C2,"InChI=1S/C15H14O6/c16-8-4-11(19)15-12(20)6-13(21-14(15)5-8)7-1-2-9(17)10(18)3-7/h1-5,12-13,16-20H,6H2",FSYDWKPCKNCRDI-UHFFFAOYSA-N,1.6614000000000002,290.079038168
"InChI=1S/C21H22O12/c22-9-2-1-7(3-10(9)23)13-6-12(25)15-11(24)4-8(5-14(15)32-13)31-21-18(28)16(26)17(27)19(33-21)20(29)30/h1-5,12-13,16-19,21-28H,6H2,(H,29,30)",XXDUYLFABKVBMZ-UHFFFAOYSA-N,O1C=2C(C(O)CC1C3=CC=C(O)C(=C3)O)=C(O)C=C(OC4OC(C(O)=O)C(C(C4O)O)O)C2,,,C21H22O12,466.11112614399997,-0.03410000000000046,1,1,1,BTM00287,BTM00287,Aromatic OH-glucuronidation,BTMR0166,EC 2.4.1.17,HUMAN,BTM00145,O1C=2C(C(O)CC1C3=CC=C(O)C(=C3)O)=C(O)C=C(O)C2,"InChI=1S/C15H14O6/c16-8-4-11(19)15-12(20)6-13(21-14(15)5-8)7-1-2-9(17)10(18)3-7/h1-5,12-13,16-20H,6H2",FSYDWKPCKNCRDI-UHFFFAOYSA-N,1.6614000000000002,290.079038168
"InChI=1S/C21H22O12/c22-8-4-13-15(11(25)6-12(31-13)7-1-2-9(23)10(24)3-7)14(5-8)32-21-18(28)16(26)17(27)19(33-21)20(29)30/h1-5,11-12,16-19,21-28H,6H2,(H,29,30)",CNWCMERTNRMIBO-UHFFFAOYSA-N,O1C=2C(C(O)CC1C3=CC=C(O)C(=C3)O)=C(OC4OC(C(O)=O)C(C(C4O)O)O)C=C(O)C2,,,C21H22O12,466.11112614399997,-0.03410000000000046,1,1,1,BTM00288,BTM00288,Aromatic OH-glucuronidation,BTMR0166,EC 2.4.1.17,HUMAN,BTM00145,O1C=2C(C(O)CC1C3=CC=C(O)C(=C3)O)=C(O)C=C(O)C2,"InChI=1S/C15H14O6/c16-8-4-11(19)15-12(20)6-13(21-14(15)5-8)7-1-2-9(17)10(18)3-7/h1-5,12-13,16-20H,6H2",FSYDWKPCKNCRDI-UHFFFAOYSA-N,1.6614000000000002,290.079038168
"InChI=1S/C21H22O12/c22-8-4-10(24)15-11(25)6-12(31-14(15)5-8)7-1-2-9(23)13(3-7)32-21-18(28)16(26)17(27)19(33-21)20(29)30/h1-5,11-12,16-19,21-28H,6H2,(H,29,30)",CZENRYROGNSGHO-UHFFFAOYSA-N,O1C=2C(C(O)CC1C3=CC=C(O)C(=C3)OC4OC(C(O)=O)C(C(C4O)O)O)=C(O)C=C(O)C2,,,C21H22O12,466.11112614399997,-0.03410000000000046,1,1,1,BTM00289,BTM00289,Aromatic OH-glucuronidation,BTMR0166,EC 2.4.1.17,HUMAN,BTM00145,O1C=2C(C(O)CC1C3=CC=C(O)C(=C3)O)=C(O)C=C(O)C2,"InChI=1S/C15H14O6/c16-8-4-11(19)15-12(20)6-13(21-14(15)5-8)7-1-2-9(17)10(18)3-7/h1-5,12-13,16-20H,6H2",FSYDWKPCKNCRDI-UHFFFAOYSA-N,1.6614000000000002,290.079038168
"InChI=1S/C21H22O12/c22-8-4-10(24)15-11(25)6-13(31-14(15)5-8)7-1-2-12(9(23)3-7)32-21-18(28)16(26)17(27)19(33-21)20(29)30/h1-5,11,13,16-19,21-28H,6H2,(H,29,30)",VOLQFAWJQUORNE-UHFFFAOYSA-N,O1C=2C(C(O)CC1C3=CC=C(OC4OC(C(O)=O)C(C(C4O)O)O)C(=C3)O)=C(O)C=C(O)C2,,,C21H22O12,466.11112614399997,-0.03410000000000046,1,1,1,BTM00290,BTM00290,Aromatic OH-glucuronidation,BTMR0166,EC 2.4.1.17,HUMAN,BTM00145,O1C=2C(C(O)CC1C3=CC=C(O)C(=C3)O)=C(O)C=C(O)C2,"InChI=1S/C15H14O6/c16-8-4-11(19)15-12(20)6-13(21-14(15)5-8)7-1-2-9(17)10(18)3-7/h1-5,12-13,16-20H,6H2",FSYDWKPCKNCRDI-UHFFFAOYSA-N,1.6614000000000002,290.079038168
"InChI=1S/C15H14O9S/c16-9-2-1-7(3-10(9)17)13-6-12(19)15-11(18)4-8(5-14(15)23-13)24-25(20,21)22/h1-5,12-13,16-19H,6H2,(H,20,21,22)",XKKZIQOFWOUBLO-UHFFFAOYSA-N,O1C=2C(C(O)CC1C3=CC=C(O)C(=C3)O)=C(O)C=C(OS(O)(=O)=O)C2,,,C15H14O9S,370.035853028,0.9246000000000001,0,1,1,BTM00291,BTM00291,Sulfonation of phenolic compound,BTMR1376,EC 2.8.2.1,HUMAN,BTM00145,O1C=2C(C(O)CC1C3=CC=C(O)C(=C3)O)=C(O)C=C(O)C2,"InChI=1S/C15H14O6/c16-8-4-11(19)15-12(20)6-13(21-14(15)5-8)7-1-2-9(17)10(18)3-7/h1-5,12-13,16-20H,6H2",FSYDWKPCKNCRDI-UHFFFAOYSA-N,1.6614000000000002,290.079038168
"InChI=1S/C15H14O9S/c16-8-4-13-15(14(5-8)24-25(20,21)22)11(19)6-12(23-13)7-1-2-9(17)10(18)3-7/h1-5,11-12,16-19H,6H2,(H,20,21,22)",WIIJFYAFQJBCSC-UHFFFAOYSA-N,O1C=2C(C(O)CC1C3=CC=C(O)C(=C3)O)=C(OS(O)(=O)=O)C=C(O)C2,,,C15H14O9S,370.035853028,0.9246000000000001,0,1,1,BTM00292,BTM00292,Sulfonation of phenolic compound,BTMR1376,EC 2.8.2.1,HUMAN,BTM00145,O1C=2C(C(O)CC1C3=CC=C(O)C(=C3)O)=C(O)C=C(O)C2,"InChI=1S/C15H14O6/c16-8-4-11(19)15-12(20)6-13(21-14(15)5-8)7-1-2-9(17)10(18)3-7/h1-5,12-13,16-20H,6H2",FSYDWKPCKNCRDI-UHFFFAOYSA-N,1.6614000000000002,290.079038168
"InChI=1S/C15H14O9S/c16-8-4-10(18)15-11(19)6-12(23-14(15)5-8)7-1-2-9(17)13(3-7)24-25(20,21)22/h1-5,11-12,16-19H,6H2,(H,20,21,22)",DKNBEQROUSIJAB-UHFFFAOYSA-N,O1C=2C(C(O)CC1C3=CC=C(O)C(=C3)OS(O)(=O)=O)=C(O)C=C(O)C2,,,C15H14O9S,370.035853028,0.9246000000000001,0,1,1,BTM00293,BTM00293,Sulfonation of phenolic compound,BTMR1376,EC 2.8.2.1,HUMAN,BTM00145,O1C=2C(C(O)CC1C3=CC=C(O)C(=C3)O)=C(O)C=C(O)C2,"InChI=1S/C15H14O6/c16-8-4-11(19)15-12(20)6-13(21-14(15)5-8)7-1-2-9(17)10(18)3-7/h1-5,12-13,16-20H,6H2",FSYDWKPCKNCRDI-UHFFFAOYSA-N,1.6614000000000002,290.079038168
"InChI=1S/C15H14O9S/c16-8-4-10(18)15-11(19)6-13(23-14(15)5-8)7-1-2-12(9(17)3-7)24-25(20,21)22/h1-5,11,13,16-19H,6H2,(H,20,21,22)",GMRCIXIRECHBOV-UHFFFAOYSA-N,O1C=2C(C(O)CC1C3=CC=C(OS(O)(=O)=O)C(=C3)O)=C(O)C=C(O)C2,,,C15H14O9S,370.035853028,0.9246000000000001,0,1,1,BTM00294,BTM00294,Sulfonation of phenolic compound,BTMR1376,EC 2.8.2.1,HUMAN,BTM00145,O1C=2C(C(O)CC1C3=CC=C(O)C(=C3)O)=C(O)C=C(O)C2,"InChI=1S/C15H14O6/c16-8-4-11(19)15-12(20)6-13(21-14(15)5-8)7-1-2-9(17)10(18)3-7/h1-5,12-13,16-20H,6H2",FSYDWKPCKNCRDI-UHFFFAOYSA-N,1.6614000000000002,290.079038168
"InChI=1S/C15H14O9S/c16-8-4-11(19)15-13(5-8)23-12(6-14(15)24-25(20,21)22)7-1-2-9(17)10(18)3-7/h1-5,12,14,16-19H,6H2,(H,20,21,22)",AFUVTOKYCKSSQG-UHFFFAOYSA-N,O1C=2C(C(OS(O)(=O)=O)CC1C3=CC=C(O)C(=C3)O)=C(O)C=C(O)C2,,,C15H14O9S,370.035853028,1.0821000000000003,0,1,1,BTM00295,BTM00295,Sulfation of secondary alcohol,BTMR0502,EC 2.8.2.2,HUMAN,BTM00145,O1C=2C(C(O)CC1C3=CC=C(O)C(=C3)O)=C(O)C=C(O)C2,"InChI=1S/C15H14O6/c16-8-4-11(19)15-12(20)6-13(21-14(15)5-8)7-1-2-9(17)10(18)3-7/h1-5,12-13,16-20H,6H2",FSYDWKPCKNCRDI-UHFFFAOYSA-N,1.6614000000000002,290.079038168
"InChI=1S/C16H16O6/c1-21-9-5-12(19)16-13(20)7-14(22-15(16)6-9)8-2-3-10(17)11(18)4-8/h2-6,13-14,17-20H,7H2,1H3",LFDXVUCWXHMICD-UHFFFAOYSA-N,O1C=2C(C(O)CC1C3=CC=C(O)C(=C3)O)=C(O)C=C(OC)C2,,,C16H16O6,304.09468823199995,1.9124000000000008,0,1,1,BTM00296,BTM00296,Methylation of phenolic compound,BTMR1377,EC 2.1.1.25,HUMAN,BTM00145,O1C=2C(C(O)CC1C3=CC=C(O)C(=C3)O)=C(O)C=C(O)C2,"InChI=1S/C15H14O6/c16-8-4-11(19)15-12(20)6-13(21-14(15)5-8)7-1-2-9(17)10(18)3-7/h1-5,12-13,16-20H,6H2",FSYDWKPCKNCRDI-UHFFFAOYSA-N,1.6614000000000002,290.079038168
"InChI=1S/C16H16O6/c1-21-14-5-9(17)6-15-16(14)12(20)7-13(22-15)8-2-3-10(18)11(19)4-8/h2-6,12-13,17-20H,7H2,1H3",ZUKOKTMXAOYRMI-UHFFFAOYSA-N,O1C=2C(C(O)CC1C3=CC=C(O)C(=C3)O)=C(OC)C=C(O)C2,,,C16H16O6,304.09468823199995,1.9124000000000008,0,1,1,BTM00297,BTM00297,Methylation of phenolic compound,BTMR1377,EC 2.1.1.25,HUMAN,BTM00145,O1C=2C(C(O)CC1C3=CC=C(O)C(=C3)O)=C(O)C=C(O)C2,"InChI=1S/C15H14O6/c16-8-4-11(19)15-12(20)6-13(21-14(15)5-8)7-1-2-9(17)10(18)3-7/h1-5,12-13,16-20H,6H2",FSYDWKPCKNCRDI-UHFFFAOYSA-N,1.6614000000000002,290.079038168
"InChI=1S/C16H16O6/c1-21-14-4-8(2-3-10(14)18)13-7-12(20)16-11(19)5-9(17)6-15(16)22-13/h2-6,12-13,17-20H,7H2,1H3",WJPNPCNTEAGELJ-UHFFFAOYSA-N,O1C=2C(C(O)CC1C3=CC=C(O)C(=C3)OC)=C(O)C=C(O)C2,SCHEMBL18786587,129071281,C16H16O6,304.09468823199995,1.9124000000000008,0,1,1,BTM00286,BTM00286,Methylation of phenolic compound,BTMR1377,EC 2.1.1.25,HUMAN,BTM00145,O1C=2C(C(O)CC1C3=CC=C(O)C(=C3)O)=C(O)C=C(O)C2,"InChI=1S/C15H14O6/c16-8-4-11(19)15-12(20)6-13(21-14(15)5-8)7-1-2-9(17)10(18)3-7/h1-5,12-13,16-20H,6H2",FSYDWKPCKNCRDI-UHFFFAOYSA-N,1.6614000000000002,290.079038168
"InChI=1S/C16H16O6/c1-21-13-3-2-8(4-10(13)18)14-7-12(20)16-11(19)5-9(17)6-15(16)22-14/h2-6,12,14,17-20H,7H2,1H3",YFMHTEHRYRBZBO-UHFFFAOYSA-N,O1C=2C(C(O)CC1C3=CC=C(OC)C(=C3)O)=C(O)C=C(O)C2,SCHEMBL23067811,123204579,C16H16O6,304.09468823199995,1.9124000000000008,0,1,1,BTM00285,BTM00285,Methylation of phenolic compound,BTMR1377,EC 2.1.1.25,HUMAN,BTM00145,O1C=2C(C(O)CC1C3=CC=C(O)C(=C3)O)=C(O)C=C(O)C2,"InChI=1S/C15H14O6/c16-8-4-11(19)15-12(20)6-13(21-14(15)5-8)7-1-2-9(17)10(18)3-7/h1-5,12-13,16-20H,6H2",FSYDWKPCKNCRDI-UHFFFAOYSA-N,1.6614000000000002,290.079038168
"InChI=1S/C16H16O6/c1-21-13-3-2-8(4-10(13)18)14-7-12(20)16-11(19)5-9(17)6-15(16)22-14/h2-6,12,14,17-20H,7H2,1H3",YFMHTEHRYRBZBO-UHFFFAOYSA-N,O1C=2C(C(O)CC1C3=CC=C(OC)C(=C3)O)=C(O)C=C(O)C2,SCHEMBL23067811,123204579,C16H16O6,304.09468823199995,1.9124000000000008,0,1,1,BTM00285,BTM00285,Reduction of carbonyl,BTMR0368,EC 1.1.1.184,HUMAN,BTM00146,O1C=2C(C(=O)CC1C3=CC=C(OC)C(=C3)O)=C(O)C=C(O)C2,"InChI=1S/C16H14O6/c1-21-13-3-2-8(4-10(13)18)14-7-12(20)16-11(19)5-9(17)6-15(16)22-14/h2-6,14,17-19H,7H2,1H3",AIONOLUJZLIMTK-UHFFFAOYSA-N,2.281299999999999,302.079038168
"InChI=1S/C22H22O12/c1-31-13-3-2-8(4-10(13)23)14-7-12(25)16-11(24)5-9(6-15(16)33-14)32-22-19(28)17(26)18(27)20(34-22)21(29)30/h2-6,14,17-20,22-24,26-28H,7H2,1H3,(H,29,30)",NEAWXAXVQDDFJL-UHFFFAOYSA-N,O1C=2C(C(=O)CC1C3=CC=C(OC)C(=C3)O)=C(O)C=C(OC4OC(C(O)=O)C(C(C4O)O)O)C2,,,C22H22O12,478.11112614399997,0.5858000000000002,1,1,1,BTM00298,BTM00298,Aromatic OH-glucuronidation,BTMR0166,EC 2.4.1.17,HUMAN,BTM00146,O1C=2C(C(=O)CC1C3=CC=C(OC)C(=C3)O)=C(O)C=C(O)C2,"InChI=1S/C16H14O6/c1-21-13-3-2-8(4-10(13)18)14-7-12(20)16-11(19)5-9(17)6-15(16)22-14/h2-6,14,17-19H,7H2,1H3",AIONOLUJZLIMTK-UHFFFAOYSA-N,2.281299999999999,302.079038168
"InChI=1S/C22H22O12/c1-31-12-3-2-8(4-10(12)24)13-7-11(25)16-14(32-13)5-9(23)6-15(16)33-22-19(28)17(26)18(27)20(34-22)21(29)30/h2-6,13,17-20,22-24,26-28H,7H2,1H3,(H,29,30)",CBVJYALZVWCCEC-UHFFFAOYSA-N,O1C=2C(C(=O)CC1C3=CC=C(OC)C(=C3)O)=C(OC4OC(C(O)=O)C(C(C4O)O)O)C=C(O)C2,,,C22H22O12,478.11112614399997,0.5858000000000002,1,1,1,BTM00299,BTM00299,Aromatic OH-glucuronidation,BTMR0166,EC 2.4.1.17,HUMAN,BTM00146,O1C=2C(C(=O)CC1C3=CC=C(OC)C(=C3)O)=C(O)C=C(O)C2,"InChI=1S/C16H14O6/c1-21-13-3-2-8(4-10(13)18)14-7-12(20)16-11(19)5-9(17)6-15(16)22-14/h2-6,14,17-19H,7H2,1H3",AIONOLUJZLIMTK-UHFFFAOYSA-N,2.281299999999999,302.079038168
"InChI=1S/C22H22O12/c1-31-12-3-2-8(13-7-11(25)16-10(24)5-9(23)6-15(16)32-13)4-14(12)33-22-19(28)17(26)18(27)20(34-22)21(29)30/h2-6,13,17-20,22-24,26-28H,7H2,1H3,(H,29,30)",PJAUEKWZQWLQSU-UHFFFAOYSA-N,O1C=2C(C(=O)CC1C3=CC=C(OC)C(=C3)OC4OC(C(O)=O)C(C(C4O)O)O)=C(O)C=C(O)C2,FH174825,74431625,C22H22O12,478.11112614399997,0.5858000000000002,1,1,1,BTM00300,BTM00300,Aromatic OH-glucuronidation,BTMR0166,EC 2.4.1.17,HUMAN,BTM00146,O1C=2C(C(=O)CC1C3=CC=C(OC)C(=C3)O)=C(O)C=C(O)C2,"InChI=1S/C16H14O6/c1-21-13-3-2-8(4-10(13)18)14-7-12(20)16-11(19)5-9(17)6-15(16)22-14/h2-6,14,17-19H,7H2,1H3",AIONOLUJZLIMTK-UHFFFAOYSA-N,2.281299999999999,302.079038168
"InChI=1S/C17H16O6/c1-21-10-6-12(19)17-13(20)8-15(23-16(17)7-10)9-3-4-14(22-2)11(18)5-9/h3-7,15,18-19H,8H2,1-2H3",LWBHKKLWSUFUNZ-UHFFFAOYSA-N,O1C=2C(C(=O)CC1C3=CC=C(OC)C(=C3)O)=C(O)C=C(OC)C2,"Persicogenin
28590-40-1
5-hydroxy-2-(3-hydroxy-4-methoxyphenyl)-7-methoxy-2,3-dihydrochromen-4-one
DTXSID10313097
RefChem:171866
DTXCID00264221
3',5-Dihydroxy-4',7-dimethoxyflavanone
5,3'-dihydroxy-7,4'-dimethoxyflavanone
NSC266222
Hesperidin Impurity 11
SCHEMBL13889072
SCHEMBL29887710
CHEBI:175060
DBA59040
7,4'-DI-O-METHYLERIODICTYOL
LMPK12140588
NSC-266222
DA-56707
5,3'-dihydroxy-7,4'-dimethoxy flavanone
5-Hydroxy-2-(3-hydroxy-4-methoxyphenyl)-7-methoxy-2,3-dihydro-4H-1-benzopyran-4-one",320054,C17H16O6,316.09468823199995,2.532299999999999,0,0,0,BTM00301,BTM00301,Methylation of phenolic compound,BTMR1377,EC 2.1.1.25,HUMAN,BTM00146,O1C=2C(C(=O)CC1C3=CC=C(OC)C(=C3)O)=C(O)C=C(O)C2,"InChI=1S/C16H14O6/c1-21-13-3-2-8(4-10(13)18)14-7-12(20)16-11(19)5-9(17)6-15(16)22-14/h2-6,14,17-19H,7H2,1H3",AIONOLUJZLIMTK-UHFFFAOYSA-N,2.281299999999999,302.079038168
"InChI=1S/C17H16O6/c1-21-13-4-3-9(5-11(13)19)14-8-12(20)17-15(22-2)6-10(18)7-16(17)23-14/h3-7,14,18-19H,8H2,1-2H3",AAGUAUBOYZASIR-UHFFFAOYSA-N,O1C=2C(C(=O)CC1C3=CC=C(OC)C(=C3)O)=C(OC)C=C(O)C2,,,C17H16O6,316.09468823199995,2.532299999999999,0,0,0,BTM00302,BTM00302,Methylation of phenolic compound,BTMR1377,EC 2.1.1.25,HUMAN,BTM00146,O1C=2C(C(=O)CC1C3=CC=C(OC)C(=C3)O)=C(O)C=C(O)C2,"InChI=1S/C16H14O6/c1-21-13-3-2-8(4-10(13)18)14-7-12(20)16-11(19)5-9(17)6-15(16)22-14/h2-6,14,17-19H,7H2,1H3",AIONOLUJZLIMTK-UHFFFAOYSA-N,2.281299999999999,302.079038168
"InChI=1S/C17H16O6/c1-21-13-4-3-9(5-15(13)22-2)14-8-12(20)17-11(19)6-10(18)7-16(17)23-14/h3-7,14,18-19H,8H2,1-2H3",HRFSSDXPHTZMLA-UHFFFAOYSA-N,O1C=2C(C(=O)CC1C3=CC=C(OC)C(=C3)OC)=C(O)C=C(O)C2,"5,7-dihydroxy3',4'-dimethoxyflavanone
CHEMBL2205298
SCHEMBL31028356
HRFSSDXPHTZMLA-UHFFFAOYSA-N
DTXSID801359555
2-(3,4-Dimethyloxyphenyl)-2,3-dihydro-5,7-dihydroxy-4H-1-benzopyran-4-one",14466293,C17H16O6,316.09468823199995,2.532299999999999,0,0,0,BTM00303,BTM00303,Methylation of phenolic compound,BTMR1377,EC 2.1.1.25,HUMAN,BTM00146,O1C=2C(C(=O)CC1C3=CC=C(OC)C(=C3)O)=C(O)C=C(O)C2,"InChI=1S/C16H14O6/c1-21-13-3-2-8(4-10(13)18)14-7-12(20)16-11(19)5-9(17)6-15(16)22-14/h2-6,14,17-19H,7H2,1H3",AIONOLUJZLIMTK-UHFFFAOYSA-N,2.281299999999999,302.079038168
"InChI=1S/C16H16O6/c1-21-14-4-8(2-3-10(14)18)13-7-12(20)16-11(19)5-9(17)6-15(16)22-13/h2-6,12-13,17-20H,7H2,1H3",WJPNPCNTEAGELJ-UHFFFAOYSA-N,O1C=2C(C(O)CC1C3=CC=C(O)C(=C3)OC)=C(O)C=C(O)C2,SCHEMBL18786587,129071281,C16H16O6,304.09468823199995,1.9124000000000008,0,1,1,BTM00286,BTM00286,Reduction of carbonyl,BTMR0368,EC 1.1.1.184,HUMAN,BTM00147,O1C=2C(C(=O)CC1C3=CC=C(O)C(=C3)OC)=C(O)C=C(O)C2,"InChI=1S/C16H14O6/c1-21-14-4-8(2-3-10(14)18)13-7-12(20)16-11(19)5-9(17)6-15(16)22-13/h2-6,13,17-19H,7H2,1H3",FTODBIPDTXRIGS-UHFFFAOYSA-N,2.281299999999999,302.079038168
"InChI=1S/C22H22O12/c1-31-14-4-8(2-3-10(14)23)13-7-12(25)16-11(24)5-9(6-15(16)33-13)32-22-19(28)17(26)18(27)20(34-22)21(29)30/h2-6,13,17-20,22-24,26-28H,7H2,1H3,(H,29,30)",DWRWUJOWQSLIKP-UHFFFAOYSA-N,O1C=2C(C(=O)CC1C3=CC=C(O)C(=C3)OC)=C(O)C=C(OC4OC(C(O)=O)C(C(C4O)O)O)C2,Homoeriodictyol-7-O-glucuronide,169501846,C22H22O12,478.11112614399997,0.5858000000000002,1,1,1,BTM00304,BTM00304,Aromatic OH-glucuronidation,BTMR0166,EC 2.4.1.17,HUMAN,BTM00147,O1C=2C(C(=O)CC1C3=CC=C(O)C(=C3)OC)=C(O)C=C(O)C2,"InChI=1S/C16H14O6/c1-21-14-4-8(2-3-10(14)18)13-7-12(20)16-11(19)5-9(17)6-15(16)22-13/h2-6,13,17-19H,7H2,1H3",FTODBIPDTXRIGS-UHFFFAOYSA-N,2.281299999999999,302.079038168
"InChI=1S/C22H22O12/c1-31-13-4-8(2-3-10(13)24)12-7-11(25)16-14(32-12)5-9(23)6-15(16)33-22-19(28)17(26)18(27)20(34-22)21(29)30/h2-6,12,17-20,22-24,26-28H,7H2,1H3,(H,29,30)",VMTJLIGDFSLSGT-UHFFFAOYSA-N,O1C=2C(C(=O)CC1C3=CC=C(O)C(=C3)OC)=C(OC4OC(C(O)=O)C(C(C4O)O)O)C=C(O)C2,,,C22H22O12,478.11112614399997,0.5858000000000002,1,1,1,BTM00305,BTM00305,Aromatic OH-glucuronidation,BTMR0166,EC 2.4.1.17,HUMAN,BTM00147,O1C=2C(C(=O)CC1C3=CC=C(O)C(=C3)OC)=C(O)C=C(O)C2,"InChI=1S/C16H14O6/c1-21-14-4-8(2-3-10(14)18)13-7-12(20)16-11(19)5-9(17)6-15(16)22-13/h2-6,13,17-19H,7H2,1H3",FTODBIPDTXRIGS-UHFFFAOYSA-N,2.281299999999999,302.079038168
"InChI=1S/C22H22O12/c1-31-14-4-8(13-7-11(25)16-10(24)5-9(23)6-15(16)32-13)2-3-12(14)33-22-19(28)17(26)18(27)20(34-22)21(29)30/h2-6,13,17-20,22-24,26-28H,7H2,1H3,(H,29,30)",GLLUZJVOSGFTFH-UHFFFAOYSA-N,O1C=2C(C(=O)CC1C3=CC=C(OC4OC(C(O)=O)C(C(C4O)O)O)C(=C3)OC)=C(O)C=C(O)C2,,,C22H22O12,478.11112614399997,0.5858000000000002,1,1,1,BTM00306,BTM00306,Aromatic OH-glucuronidation,BTMR0166,EC 2.4.1.17,HUMAN,BTM00147,O1C=2C(C(=O)CC1C3=CC=C(O)C(=C3)OC)=C(O)C=C(O)C2,"InChI=1S/C16H14O6/c1-21-14-4-8(2-3-10(14)18)13-7-12(20)16-11(19)5-9(17)6-15(16)22-13/h2-6,13,17-19H,7H2,1H3",FTODBIPDTXRIGS-UHFFFAOYSA-N,2.281299999999999,302.079038168
"InChI=1S/C17H16O6/c1-21-10-6-12(19)17-13(20)8-14(23-16(17)7-10)9-3-4-11(18)15(5-9)22-2/h3-7,14,18-19H,8H2,1-2H3",QZJVBGCZOLNWHW-UHFFFAOYSA-N,O1C=2C(C(=O)CC1C3=CC=C(O)C(=C3)OC)=C(O)C=C(OC)C2,"66568-98-7
NSC 271636
5-hydroxy-2-(4-hydroxy-3-methoxyphenyl)-7-methoxy-2,3-dihydrochromen-4-one
NSC271636
SCHEMBL31551703
SCHEMBL31551704
eriodictyol 3',7-dimethyl ether
DTXSID20313528
CHALCONE B646854K030
LMPK12140585
NSC-271636
4',5-dihydroxy-3',7-dimethoxyflavanone
5,4'-dihydroxy-7,3'-dimethoxy-flavanone
5-Hydroxy-2-(4-hydroxy-3-methoxyphenyl)-7-methoxychroman-4-one
5-Hydroxy-2-(4-hydroxy-3-methoxyphenyl)-7-methoxy-2,3-dihydro-4H-1-benzopyran-4-one",321347,C17H16O6,316.09468823199995,2.532299999999999,0,0,0,BTM00307,BTM00307,Methylation of phenolic compound,BTMR1377,EC 2.1.1.25,HUMAN,BTM00147,O1C=2C(C(=O)CC1C3=CC=C(O)C(=C3)OC)=C(O)C=C(O)C2,"InChI=1S/C16H14O6/c1-21-14-4-8(2-3-10(14)18)13-7-12(20)16-11(19)5-9(17)6-15(16)22-13/h2-6,13,17-19H,7H2,1H3",FTODBIPDTXRIGS-UHFFFAOYSA-N,2.281299999999999,302.079038168
"InChI=1S/C17H16O6/c1-21-14-5-9(3-4-11(14)19)13-8-12(20)17-15(22-2)6-10(18)7-16(17)23-13/h3-7,13,18-19H,8H2,1-2H3",WRSMUTJHTHWFDH-UHFFFAOYSA-N,O1C=2C(C(=O)CC1C3=CC=C(O)C(=C3)OC)=C(OC)C=C(O)C2,"SCHEMBL28464154
SCHEMBL29501694",73235351,C17H16O6,316.09468823199995,2.532299999999999,0,0,0,BTM00308,BTM00308,Methylation of phenolic compound,BTMR1377,EC 2.1.1.25,HUMAN,BTM00147,O1C=2C(C(=O)CC1C3=CC=C(O)C(=C3)OC)=C(O)C=C(O)C2,"InChI=1S/C16H14O6/c1-21-14-4-8(2-3-10(14)18)13-7-12(20)16-11(19)5-9(17)6-15(16)22-13/h2-6,13,17-19H,7H2,1H3",FTODBIPDTXRIGS-UHFFFAOYSA-N,2.281299999999999,302.079038168
"InChI=1S/C17H16O6/c1-21-13-4-3-9(5-15(13)22-2)14-8-12(20)17-11(19)6-10(18)7-16(17)23-14/h3-7,14,18-19H,8H2,1-2H3",HRFSSDXPHTZMLA-UHFFFAOYSA-N,O1C=2C(C(=O)CC1C3=CC=C(OC)C(=C3)OC)=C(O)C=C(O)C2,"5,7-dihydroxy3',4'-dimethoxyflavanone
CHEMBL2205298
SCHEMBL31028356
HRFSSDXPHTZMLA-UHFFFAOYSA-N
DTXSID801359555
2-(3,4-Dimethyloxyphenyl)-2,3-dihydro-5,7-dihydroxy-4H-1-benzopyran-4-one",14466293,C17H16O6,316.09468823199995,2.532299999999999,0,0,0,BTM00303,BTM00303,Methylation of phenolic compound,BTMR1377,EC 2.1.1.25,HUMAN,BTM00147,O1C=2C(C(=O)CC1C3=CC=C(O)C(=C3)OC)=C(O)C=C(O)C2,"InChI=1S/C16H14O6/c1-21-14-4-8(2-3-10(14)18)13-7-12(20)16-11(19)5-9(17)6-15(16)22-13/h2-6,13,17-19H,7H2,1H3",FTODBIPDTXRIGS-UHFFFAOYSA-N,2.281299999999999,302.079038168
"InChI=1S/C16H16O6/c1-21-9-5-12(19)16-13(20)7-14(22-15(16)6-9)8-2-3-10(17)11(18)4-8/h2-6,13-14,17-20H,7H2,1H3",LFDXVUCWXHMICD-UHFFFAOYSA-N,O1C=2C(C(O)CC1C3=CC=C(O)C(=C3)O)=C(O)C=C(OC)C2,,,C16H16O6,304.09468823199995,1.9124000000000008,0,1,1,BTM00296,BTM00296,Reduction of carbonyl,BTMR0368,EC 1.1.1.184,HUMAN,BTM00152,O1C=2C(C(=O)CC1C3=CC=C(O)C(=C3)O)=C(O)C=C(OC)C2,"InChI=1S/C16H14O6/c1-21-9-5-12(19)16-13(20)7-14(22-15(16)6-9)8-2-3-10(17)11(18)4-8/h2-6,14,17-19H,7H2,1H3",DSAJORLEPQBKDA-UHFFFAOYSA-N,2.281299999999999,302.07903816799995
"InChI=1S/C17H16O6/c1-21-10-6-12(19)17-13(20)8-15(23-16(17)7-10)9-3-4-14(22-2)11(18)5-9/h3-7,15,18-19H,8H2,1-2H3",LWBHKKLWSUFUNZ-UHFFFAOYSA-N,O1C=2C(C(=O)CC1C3=CC=C(OC)C(=C3)O)=C(O)C=C(OC)C2,"Persicogenin
28590-40-1
5-hydroxy-2-(3-hydroxy-4-methoxyphenyl)-7-methoxy-2,3-dihydrochromen-4-one
DTXSID10313097
RefChem:171866
DTXCID00264221
3',5-Dihydroxy-4',7-dimethoxyflavanone
5,3'-dihydroxy-7,4'-dimethoxyflavanone
NSC266222
Hesperidin Impurity 11
SCHEMBL13889072
SCHEMBL29887710
CHEBI:175060
DBA59040
7,4'-DI-O-METHYLERIODICTYOL
LMPK12140588
NSC-266222
DA-56707
5,3'-dihydroxy-7,4'-dimethoxy flavanone
5-Hydroxy-2-(3-hydroxy-4-methoxyphenyl)-7-methoxy-2,3-dihydro-4H-1-benzopyran-4-one",320054,C17H16O6,316.09468823199995,2.532299999999999,0,0,0,BTM00301,BTM00301,Catechol O-methylation,BTMR0212,EC 2.1.1.6,HUMAN,BTM00152,O1C=2C(C(=O)CC1C3=CC=C(O)C(=C3)O)=C(O)C=C(OC)C2,"InChI=1S/C16H14O6/c1-21-9-5-12(19)16-13(20)7-14(22-15(16)6-9)8-2-3-10(17)11(18)4-8/h2-6,14,17-19H,7H2,1H3",DSAJORLEPQBKDA-UHFFFAOYSA-N,2.281299999999999,302.07903816799995
"InChI=1S/C17H16O6/c1-21-10-6-12(19)17-13(20)8-14(23-16(17)7-10)9-3-4-11(18)15(5-9)22-2/h3-7,14,18-19H,8H2,1-2H3",QZJVBGCZOLNWHW-UHFFFAOYSA-N,O1C=2C(C(=O)CC1C3=CC=C(O)C(=C3)OC)=C(O)C=C(OC)C2,"66568-98-7
NSC 271636
5-hydroxy-2-(4-hydroxy-3-methoxyphenyl)-7-methoxy-2,3-dihydrochromen-4-one
NSC271636
SCHEMBL31551703
SCHEMBL31551704
eriodictyol 3',7-dimethyl ether
DTXSID20313528
CHALCONE B646854K030
LMPK12140585
NSC-271636
4',5-dihydroxy-3',7-dimethoxyflavanone
5,4'-dihydroxy-7,3'-dimethoxy-flavanone
5-Hydroxy-2-(4-hydroxy-3-methoxyphenyl)-7-methoxychroman-4-one
5-Hydroxy-2-(4-hydroxy-3-methoxyphenyl)-7-methoxy-2,3-dihydro-4H-1-benzopyran-4-one",321347,C17H16O6,316.09468823199995,2.532299999999999,0,0,0,BTM00307,BTM00307,Catechol O-methylation,BTMR1380,EC 2.1.1.6,HUMAN,BTM00152,O1C=2C(C(=O)CC1C3=CC=C(O)C(=C3)O)=C(O)C=C(OC)C2,"InChI=1S/C16H14O6/c1-21-9-5-12(19)16-13(20)7-14(22-15(16)6-9)8-2-3-10(17)11(18)4-8/h2-6,14,17-19H,7H2,1H3",DSAJORLEPQBKDA-UHFFFAOYSA-N,2.281299999999999,302.07903816799995
"InChI=1S/C22H22O12/c1-31-9-5-14-16(12(25)7-13(32-14)8-2-3-10(23)11(24)4-8)15(6-9)33-22-19(28)17(26)18(27)20(34-22)21(29)30/h2-6,13,17-20,22-24,26-28H,7H2,1H3,(H,29,30)",VGCIVVAXXAYAJG-UHFFFAOYSA-N,O1C=2C(C(=O)CC1C3=CC=C(O)C(=C3)O)=C(OC4OC(C(O)=O)C(C(C4O)O)O)C=C(OC)C2,,,C22H22O12,478.11112614399997,0.5858000000000002,1,1,1,BTM00309,BTM00309,Aromatic OH-glucuronidation,BTMR0166,EC 2.4.1.17,HUMAN,BTM00152,O1C=2C(C(=O)CC1C3=CC=C(O)C(=C3)O)=C(O)C=C(OC)C2,"InChI=1S/C16H14O6/c1-21-9-5-12(19)16-13(20)7-14(22-15(16)6-9)8-2-3-10(17)11(18)4-8/h2-6,14,17-19H,7H2,1H3",DSAJORLEPQBKDA-UHFFFAOYSA-N,2.281299999999999,302.07903816799995
"InChI=1S/C22H22O12/c1-31-9-5-11(24)16-12(25)7-13(32-15(16)6-9)8-2-3-10(23)14(4-8)33-22-19(28)17(26)18(27)20(34-22)21(29)30/h2-6,13,17-20,22-24,26-28H,7H2,1H3,(H,29,30)",IBDNGWXDPIQUQK-UHFFFAOYSA-N,O1C=2C(C(=O)CC1C3=CC=C(O)C(=C3)OC4OC(C(O)=O)C(C(C4O)O)O)=C(O)C=C(OC)C2,,,C22H22O12,478.11112614399997,0.5858000000000002,1,1,1,BTM00310,BTM00310,Aromatic OH-glucuronidation,BTMR0166,EC 2.4.1.17,HUMAN,BTM00152,O1C=2C(C(=O)CC1C3=CC=C(O)C(=C3)O)=C(O)C=C(OC)C2,"InChI=1S/C16H14O6/c1-21-9-5-12(19)16-13(20)7-14(22-15(16)6-9)8-2-3-10(17)11(18)4-8/h2-6,14,17-19H,7H2,1H3",DSAJORLEPQBKDA-UHFFFAOYSA-N,2.281299999999999,302.07903816799995
"InChI=1S/C22H22O12/c1-31-9-5-11(24)16-12(25)7-14(32-15(16)6-9)8-2-3-13(10(23)4-8)33-22-19(28)17(26)18(27)20(34-22)21(29)30/h2-6,14,17-20,22-24,26-28H,7H2,1H3,(H,29,30)",XZRBWPKOIMIQJM-UHFFFAOYSA-N,O1C=2C(C(=O)CC1C3=CC=C(OC4OC(C(O)=O)C(C(C4O)O)O)C(=C3)O)=C(O)C=C(OC)C2,,,C22H22O12,478.11112614399997,0.5858000000000002,1,1,1,BTM00311,BTM00311,Aromatic OH-glucuronidation,BTMR0166,EC 2.4.1.17,HUMAN,BTM00152,O1C=2C(C(=O)CC1C3=CC=C(O)C(=C3)O)=C(O)C=C(OC)C2,"InChI=1S/C16H14O6/c1-21-9-5-12(19)16-13(20)7-14(22-15(16)6-9)8-2-3-10(17)11(18)4-8/h2-6,14,17-19H,7H2,1H3",DSAJORLEPQBKDA-UHFFFAOYSA-N,2.281299999999999,302.07903816799995
"InChI=1S/C17H16O6/c1-21-10-6-15(22-2)17-13(20)8-14(23-16(17)7-10)9-3-4-11(18)12(19)5-9/h3-7,14,18-19H,8H2,1-2H3",ZUVFGPUKMNGJTR-UHFFFAOYSA-N,O1C=2C(C(=O)CC1C3=CC=C(O)C(=C3)O)=C(OC)C=C(OC)C2,,,C17H16O6,316.09468823199995,2.532299999999999,0,0,0,BTM00312,BTM00312,Methylation of phenolic compound,BTMR1377,EC 2.1.1.25,HUMAN,BTM00152,O1C=2C(C(=O)CC1C3=CC=C(O)C(=C3)O)=C(O)C=C(OC)C2,"InChI=1S/C16H14O6/c1-21-9-5-12(19)16-13(20)7-14(22-15(16)6-9)8-2-3-10(17)11(18)4-8/h2-6,14,17-19H,7H2,1H3",DSAJORLEPQBKDA-UHFFFAOYSA-N,2.281299999999999,302.07903816799995
"InChI=1S/C17H16O6/c1-21-10-6-12(19)17-13(20)8-14(23-16(17)7-10)9-3-4-11(18)15(5-9)22-2/h3-7,14,18-19H,8H2,1-2H3",QZJVBGCZOLNWHW-UHFFFAOYSA-N,O1C=2C(C(=O)CC1C3=CC=C(O)C(=C3)OC)=C(O)C=C(OC)C2,"66568-98-7
NSC 271636
5-hydroxy-2-(4-hydroxy-3-methoxyphenyl)-7-methoxy-2,3-dihydrochromen-4-one
NSC271636
SCHEMBL31551703
SCHEMBL31551704
eriodictyol 3',7-dimethyl ether
DTXSID20313528
CHALCONE B646854K030
LMPK12140585
NSC-271636
4',5-dihydroxy-3',7-dimethoxyflavanone
5,4'-dihydroxy-7,3'-dimethoxy-flavanone
5-Hydroxy-2-(4-hydroxy-3-methoxyphenyl)-7-methoxychroman-4-one
5-Hydroxy-2-(4-hydroxy-3-methoxyphenyl)-7-methoxy-2,3-dihydro-4H-1-benzopyran-4-one",321347,C17H16O6,316.09468823199995,2.532299999999999,0,0,0,BTM00307,BTM00307,Methylation of phenolic compound,BTMR1377,EC 2.1.1.25,HUMAN,BTM00152,O1C=2C(C(=O)CC1C3=CC=C(O)C(=C3)O)=C(O)C=C(OC)C2,"InChI=1S/C16H14O6/c1-21-9-5-12(19)16-13(20)7-14(22-15(16)6-9)8-2-3-10(17)11(18)4-8/h2-6,14,17-19H,7H2,1H3",DSAJORLEPQBKDA-UHFFFAOYSA-N,2.281299999999999,302.07903816799995
"InChI=1S/C17H16O6/c1-21-10-6-12(19)17-13(20)8-15(23-16(17)7-10)9-3-4-14(22-2)11(18)5-9/h3-7,15,18-19H,8H2,1-2H3",LWBHKKLWSUFUNZ-UHFFFAOYSA-N,O1C=2C(C(=O)CC1C3=CC=C(OC)C(=C3)O)=C(O)C=C(OC)C2,"Persicogenin
28590-40-1
5-hydroxy-2-(3-hydroxy-4-methoxyphenyl)-7-methoxy-2,3-dihydrochromen-4-one
DTXSID10313097
RefChem:171866
DTXCID00264221
3',5-Dihydroxy-4',7-dimethoxyflavanone
5,3'-dihydroxy-7,4'-dimethoxyflavanone
NSC266222
Hesperidin Impurity 11
SCHEMBL13889072
SCHEMBL29887710
CHEBI:175060
DBA59040
7,4'-DI-O-METHYLERIODICTYOL
LMPK12140588
NSC-266222
DA-56707
5,3'-dihydroxy-7,4'-dimethoxy flavanone
5-Hydroxy-2-(3-hydroxy-4-methoxyphenyl)-7-methoxy-2,3-dihydro-4H-1-benzopyran-4-one",320054,C17H16O6,316.09468823199995,2.532299999999999,0,0,0,BTM00301,BTM00301,Methylation of phenolic compound,BTMR1377,EC 2.1.1.25,HUMAN,BTM00152,O1C=2C(C(=O)CC1C3=CC=C(O)C(=C3)O)=C(O)C=C(OC)C2,"InChI=1S/C16H14O6/c1-21-9-5-12(19)16-13(20)7-14(22-15(16)6-9)8-2-3-10(17)11(18)4-8/h2-6,14,17-19H,7H2,1H3",DSAJORLEPQBKDA-UHFFFAOYSA-N,2.281299999999999,302.07903816799995
"InChI=1S/C16H16O6/c1-21-14-5-9(17)6-15-16(14)12(20)7-13(22-15)8-2-3-10(18)11(19)4-8/h2-6,12-13,17-20H,7H2,1H3",ZUKOKTMXAOYRMI-UHFFFAOYSA-N,O1C=2C(C(O)CC1C3=CC=C(O)C(=C3)O)=C(OC)C=C(O)C2,,,C16H16O6,304.09468823199995,1.9124000000000008,0,1,1,BTM00297,BTM00297,Reduction of carbonyl,BTMR0368,EC 1.1.1.184,HUMAN,BTM00153,O1C=2C(C(=O)CC1C3=CC=C(O)C(=C3)O)=C(OC)C=C(O)C2,"InChI=1S/C16H14O6/c1-21-14-5-9(17)6-15-16(14)12(20)7-13(22-15)8-2-3-10(18)11(19)4-8/h2-6,13,17-19H,7H2,1H3",RMJKSMSYIZHFCO-UHFFFAOYSA-N,2.281299999999999,302.079038168
"InChI=1S/C17H16O6/c1-21-13-4-3-9(5-11(13)19)14-8-12(20)17-15(22-2)6-10(18)7-16(17)23-14/h3-7,14,18-19H,8H2,1-2H3",AAGUAUBOYZASIR-UHFFFAOYSA-N,O1C=2C(C(=O)CC1C3=CC=C(OC)C(=C3)O)=C(OC)C=C(O)C2,,,C17H16O6,316.09468823199995,2.532299999999999,0,0,0,BTM00302,BTM00302,Catechol O-methylation,BTMR0212,EC 2.1.1.6,HUMAN,BTM00153,O1C=2C(C(=O)CC1C3=CC=C(O)C(=C3)O)=C(OC)C=C(O)C2,"InChI=1S/C16H14O6/c1-21-14-5-9(17)6-15-16(14)12(20)7-13(22-15)8-2-3-10(18)11(19)4-8/h2-6,13,17-19H,7H2,1H3",RMJKSMSYIZHFCO-UHFFFAOYSA-N,2.281299999999999,302.079038168
"InChI=1S/C17H16O6/c1-21-14-5-9(3-4-11(14)19)13-8-12(20)17-15(22-2)6-10(18)7-16(17)23-13/h3-7,13,18-19H,8H2,1-2H3",WRSMUTJHTHWFDH-UHFFFAOYSA-N,O1C=2C(C(=O)CC1C3=CC=C(O)C(=C3)OC)=C(OC)C=C(O)C2,"SCHEMBL28464154
SCHEMBL29501694",73235351,C17H16O6,316.09468823199995,2.532299999999999,0,0,0,BTM00308,BTM00308,Catechol O-methylation,BTMR1380,EC 2.1.1.6,HUMAN,BTM00153,O1C=2C(C(=O)CC1C3=CC=C(O)C(=C3)O)=C(OC)C=C(O)C2,"InChI=1S/C16H14O6/c1-21-14-5-9(17)6-15-16(14)12(20)7-13(22-15)8-2-3-10(18)11(19)4-8/h2-6,13,17-19H,7H2,1H3",RMJKSMSYIZHFCO-UHFFFAOYSA-N,2.281299999999999,302.079038168
"InChI=1S/C22H22O12/c1-31-14-5-9(32-22-19(28)17(26)18(27)20(34-22)21(29)30)6-15-16(14)12(25)7-13(33-15)8-2-3-10(23)11(24)4-8/h2-6,13,17-20,22-24,26-28H,7H2,1H3,(H,29,30)",ACOCUOMKYHKRME-UHFFFAOYSA-N,O1C=2C(C(=O)CC1C3=CC=C(O)C(=C3)O)=C(OC)C=C(OC4OC(C(O)=O)C(C(C4O)O)O)C2,,,C22H22O12,478.11112614399997,0.5858000000000002,1,1,1,BTM00313,BTM00313,Aromatic OH-glucuronidation,BTMR0166,EC 2.4.1.17,HUMAN,BTM00153,O1C=2C(C(=O)CC1C3=CC=C(O)C(=C3)O)=C(OC)C=C(O)C2,"InChI=1S/C16H14O6/c1-21-14-5-9(17)6-15-16(14)12(20)7-13(22-15)8-2-3-10(18)11(19)4-8/h2-6,13,17-19H,7H2,1H3",RMJKSMSYIZHFCO-UHFFFAOYSA-N,2.281299999999999,302.079038168
"InChI=1S/C22H22O12/c1-31-14-5-9(23)6-15-16(14)11(25)7-12(32-15)8-2-3-10(24)13(4-8)33-22-19(28)17(26)18(27)20(34-22)21(29)30/h2-6,12,17-20,22-24,26-28H,7H2,1H3,(H,29,30)",BULUUWPRIKFQDU-UHFFFAOYSA-N,O1C=2C(C(=O)CC1C3=CC=C(O)C(=C3)OC4OC(C(O)=O)C(C(C4O)O)O)=C(OC)C=C(O)C2,,,C22H22O12,478.11112614399997,0.5858000000000002,1,1,1,BTM00314,BTM00314,Aromatic OH-glucuronidation,BTMR0166,EC 2.4.1.17,HUMAN,BTM00153,O1C=2C(C(=O)CC1C3=CC=C(O)C(=C3)O)=C(OC)C=C(O)C2,"InChI=1S/C16H14O6/c1-21-14-5-9(17)6-15-16(14)12(20)7-13(22-15)8-2-3-10(18)11(19)4-8/h2-6,13,17-19H,7H2,1H3",RMJKSMSYIZHFCO-UHFFFAOYSA-N,2.281299999999999,302.079038168
"InChI=1S/C22H22O12/c1-31-14-5-9(23)6-15-16(14)11(25)7-13(32-15)8-2-3-12(10(24)4-8)33-22-19(28)17(26)18(27)20(34-22)21(29)30/h2-6,13,17-20,22-24,26-28H,7H2,1H3,(H,29,30)",CWLASDSJRZURQF-UHFFFAOYSA-N,O1C=2C(C(=O)CC1C3=CC=C(OC4OC(C(O)=O)C(C(C4O)O)O)C(=C3)O)=C(OC)C=C(O)C2,,,C22H22O12,478.11112614399997,0.5858000000000002,1,1,1,BTM00315,BTM00315,Aromatic OH-glucuronidation,BTMR0166,EC 2.4.1.17,HUMAN,BTM00153,O1C=2C(C(=O)CC1C3=CC=C(O)C(=C3)O)=C(OC)C=C(O)C2,"InChI=1S/C16H14O6/c1-21-14-5-9(17)6-15-16(14)12(20)7-13(22-15)8-2-3-10(18)11(19)4-8/h2-6,13,17-19H,7H2,1H3",RMJKSMSYIZHFCO-UHFFFAOYSA-N,2.281299999999999,302.079038168
"InChI=1S/C16H14O9S/c1-23-14-5-9(25-26(20,21)22)6-15-16(14)12(19)7-13(24-15)8-2-3-10(17)11(18)4-8/h2-6,13,17-18H,7H2,1H3,(H,20,21,22)",ZXPABRZVDFWBDY-UHFFFAOYSA-N,O1C=2C(C(=O)CC1C3=CC=C(O)C(=C3)O)=C(OC)C=C(OS(O)(=O)=O)C2,,,C16H14O9S,382.03585302799996,1.5444999999999987,0,1,1,BTM00316,BTM00316,Sulfonation of phenolic compound,BTMR1376,EC 2.8.2.1,HUMAN,BTM00153,O1C=2C(C(=O)CC1C3=CC=C(O)C(=C3)O)=C(OC)C=C(O)C2,"InChI=1S/C16H14O6/c1-21-14-5-9(17)6-15-16(14)12(20)7-13(22-15)8-2-3-10(18)11(19)4-8/h2-6,13,17-19H,7H2,1H3",RMJKSMSYIZHFCO-UHFFFAOYSA-N,2.281299999999999,302.079038168
"InChI=1S/C16H14O9S/c1-23-14-5-9(17)6-15-16(14)11(19)7-12(24-15)8-2-3-10(18)13(4-8)25-26(20,21)22/h2-6,12,17-18H,7H2,1H3,(H,20,21,22)",ILEJMAXAEMVUBJ-UHFFFAOYSA-N,O1C=2C(C(=O)CC1C3=CC=C(O)C(=C3)OS(O)(=O)=O)=C(OC)C=C(O)C2,,,C16H14O9S,382.035853028,1.5444999999999987,0,1,1,BTM00317,BTM00317,Sulfonation of phenolic compound,BTMR1376,EC 2.8.2.1,HUMAN,BTM00153,O1C=2C(C(=O)CC1C3=CC=C(O)C(=C3)O)=C(OC)C=C(O)C2,"InChI=1S/C16H14O6/c1-21-14-5-9(17)6-15-16(14)12(20)7-13(22-15)8-2-3-10(18)11(19)4-8/h2-6,13,17-19H,7H2,1H3",RMJKSMSYIZHFCO-UHFFFAOYSA-N,2.281299999999999,302.079038168
"InChI=1S/C16H14O9S/c1-23-14-5-9(17)6-15-16(14)11(19)7-13(24-15)8-2-3-12(10(18)4-8)25-26(20,21)22/h2-6,13,17-18H,7H2,1H3,(H,20,21,22)",XYWHYCCOIUMJJY-UHFFFAOYSA-N,O1C=2C(C(=O)CC1C3=CC=C(OS(O)(=O)=O)C(=C3)O)=C(OC)C=C(O)C2,,,C16H14O9S,382.035853028,1.5444999999999987,0,1,1,BTM00318,BTM00318,Sulfonation of phenolic compound,BTMR1376,EC 2.8.2.1,HUMAN,BTM00153,O1C=2C(C(=O)CC1C3=CC=C(O)C(=C3)O)=C(OC)C=C(O)C2,"InChI=1S/C16H14O6/c1-21-14-5-9(17)6-15-16(14)12(20)7-13(22-15)8-2-3-10(18)11(19)4-8/h2-6,13,17-19H,7H2,1H3",RMJKSMSYIZHFCO-UHFFFAOYSA-N,2.281299999999999,302.079038168
"InChI=1S/C17H16O6/c1-21-10-6-15(22-2)17-13(20)8-14(23-16(17)7-10)9-3-4-11(18)12(19)5-9/h3-7,14,18-19H,8H2,1-2H3",ZUVFGPUKMNGJTR-UHFFFAOYSA-N,O1C=2C(C(=O)CC1C3=CC=C(O)C(=C3)O)=C(OC)C=C(OC)C2,,,C17H16O6,316.09468823199995,2.532299999999999,0,0,0,BTM00312,BTM00312,Methylation of phenolic compound,BTMR1377,EC 2.1.1.25,HUMAN,BTM00153,O1C=2C(C(=O)CC1C3=CC=C(O)C(=C3)O)=C(OC)C=C(O)C2,"InChI=1S/C16H14O6/c1-21-14-5-9(17)6-15-16(14)12(20)7-13(22-15)8-2-3-10(18)11(19)4-8/h2-6,13,17-19H,7H2,1H3",RMJKSMSYIZHFCO-UHFFFAOYSA-N,2.281299999999999,302.079038168
"InChI=1S/C17H16O6/c1-21-14-5-9(3-4-11(14)19)13-8-12(20)17-15(22-2)6-10(18)7-16(17)23-13/h3-7,13,18-19H,8H2,1-2H3",WRSMUTJHTHWFDH-UHFFFAOYSA-N,O1C=2C(C(=O)CC1C3=CC=C(O)C(=C3)OC)=C(OC)C=C(O)C2,"SCHEMBL28464154
SCHEMBL29501694",73235351,C17H16O6,316.09468823199995,2.532299999999999,0,0,0,BTM00308,BTM00308,Methylation of phenolic compound,BTMR1377,EC 2.1.1.25,HUMAN,BTM00153,O1C=2C(C(=O)CC1C3=CC=C(O)C(=C3)O)=C(OC)C=C(O)C2,"InChI=1S/C16H14O6/c1-21-14-5-9(17)6-15-16(14)12(20)7-13(22-15)8-2-3-10(18)11(19)4-8/h2-6,13,17-19H,7H2,1H3",RMJKSMSYIZHFCO-UHFFFAOYSA-N,2.281299999999999,302.079038168
"InChI=1S/C17H16O6/c1-21-13-4-3-9(5-11(13)19)14-8-12(20)17-15(22-2)6-10(18)7-16(17)23-14/h3-7,14,18-19H,8H2,1-2H3",AAGUAUBOYZASIR-UHFFFAOYSA-N,O1C=2C(C(=O)CC1C3=CC=C(OC)C(=C3)O)=C(OC)C=C(O)C2,,,C17H16O6,316.09468823199995,2.532299999999999,0,0,0,BTM00302,BTM00302,Methylation of phenolic compound,BTMR1377,EC 2.1.1.25,HUMAN,BTM00153,O1C=2C(C(=O)CC1C3=CC=C(O)C(=C3)O)=C(OC)C=C(O)C2,"InChI=1S/C16H14O6/c1-21-14-5-9(17)6-15-16(14)12(20)7-13(22-15)8-2-3-10(18)11(19)4-8/h2-6,13,17-19H,7H2,1H3",RMJKSMSYIZHFCO-UHFFFAOYSA-N,2.281299999999999,302.079038168
"InChI=1S/C21H22O12/c22-8-3-1-7(2-4-8)18-15(26)13(24)12-10(23)5-9(6-11(12)32-18)31-21-17(28)14(25)16(27)19(33-21)20(29)30/h1-6,13-19,21-28H,(H,29,30)",MGDFQBXJZMSYLL-UHFFFAOYSA-N,O1C=2C(C(O)C(C1C3=CC=C(O)C=C3)O)=C(O)C=C(OC4OC(C(O)=O)C(C(C4O)O)O)C2,,,C21H22O12,466.11112614399997,-0.33980000000000055,1,1,1,BTM00319,BTM00319,Aromatic OH-glucuronidation,BTMR0166,EC 2.4.1.17,HUMAN,BTM00154,O1C=2C(C(O)C(C1C3=CC=C(O)C=C3)O)=C(O)C=C(O)C2,"InChI=1S/C15H14O6/c16-8-3-1-7(2-4-8)15-14(20)13(19)12-10(18)5-9(17)6-11(12)21-15/h1-6,13-20H",FSVMLWOLZHGCQX-UHFFFAOYSA-N,1.3556999999999997,290.07903816799995
"InChI=1S/C21H22O12/c22-8-3-1-7(2-4-8)18-15(26)13(24)12-10(31-18)5-9(23)6-11(12)32-21-17(28)14(25)16(27)19(33-21)20(29)30/h1-6,13-19,21-28H,(H,29,30)",UMEILGSHFSACSO-UHFFFAOYSA-N,O1C=2C(C(O)C(C1C3=CC=C(O)C=C3)O)=C(OC4OC(C(O)=O)C(C(C4O)O)O)C=C(O)C2,,,C21H22O12,466.11112614399997,-0.33980000000000055,1,1,1,BTM00320,BTM00320,Aromatic OH-glucuronidation,BTMR0166,EC 2.4.1.17,HUMAN,BTM00154,O1C=2C(C(O)C(C1C3=CC=C(O)C=C3)O)=C(O)C=C(O)C2,"InChI=1S/C15H14O6/c16-8-3-1-7(2-4-8)15-14(20)13(19)12-10(18)5-9(17)6-11(12)21-15/h1-6,13-20H",FSVMLWOLZHGCQX-UHFFFAOYSA-N,1.3556999999999997,290.07903816799995
"InChI=1S/C21H22O12/c22-8-5-10(23)12-11(6-8)32-18(15(26)13(12)24)7-1-3-9(4-2-7)31-21-17(28)14(25)16(27)19(33-21)20(29)30/h1-6,13-19,21-28H,(H,29,30)",LMYINGHDOUXANL-UHFFFAOYSA-N,O1C=2C(C(O)C(C1C3=CC=C(OC4OC(C(O)=O)C(C(C4O)O)O)C=C3)O)=C(O)C=C(O)C2,,,C21H22O12,466.11112614399997,-0.33980000000000055,1,1,1,BTM00321,BTM00321,Aromatic OH-glucuronidation,BTMR0166,EC 2.4.1.17,HUMAN,BTM00154,O1C=2C(C(O)C(C1C3=CC=C(O)C=C3)O)=C(O)C=C(O)C2,"InChI=1S/C15H14O6/c16-8-3-1-7(2-4-8)15-14(20)13(19)12-10(18)5-9(17)6-11(12)21-15/h1-6,13-20H",FSVMLWOLZHGCQX-UHFFFAOYSA-N,1.3556999999999997,290.07903816799995
"InChI=1S/C15H14O9S/c16-8-3-1-7(2-4-8)15-14(19)13(18)12-10(17)5-9(6-11(12)23-15)24-25(20,21)22/h1-6,13-19H,(H,20,21,22)",VGDKLEPWYCOFDK-UHFFFAOYSA-N,O1C=2C(C(O)C(C1C3=CC=C(O)C=C3)O)=C(O)C=C(OS(O)(=O)=O)C2,,,C15H14O9S,370.03585302799996,0.6188999999999998,0,1,1,BTM00322,BTM00322,Sulfonation of phenolic compound,BTMR1376,EC 2.8.2.1,HUMAN,BTM00154,O1C=2C(C(O)C(C1C3=CC=C(O)C=C3)O)=C(O)C=C(O)C2,"InChI=1S/C15H14O6/c16-8-3-1-7(2-4-8)15-14(20)13(19)12-10(18)5-9(17)6-11(12)21-15/h1-6,13-20H",FSVMLWOLZHGCQX-UHFFFAOYSA-N,1.3556999999999997,290.07903816799995
"InChI=1S/C15H14O9S/c16-8-3-1-7(2-4-8)15-14(19)13(18)12-10(23-15)5-9(17)6-11(12)24-25(20,21)22/h1-6,13-19H,(H,20,21,22)",OONUGRCVLPIFPN-UHFFFAOYSA-N,O1C=2C(C(O)C(C1C3=CC=C(O)C=C3)O)=C(OS(O)(=O)=O)C=C(O)C2,,,C15H14O9S,370.035853028,0.6188999999999998,0,1,1,BTM00323,BTM00323,Sulfonation of phenolic compound,BTMR1376,EC 2.8.2.1,HUMAN,BTM00154,O1C=2C(C(O)C(C1C3=CC=C(O)C=C3)O)=C(O)C=C(O)C2,"InChI=1S/C15H14O6/c16-8-3-1-7(2-4-8)15-14(20)13(19)12-10(18)5-9(17)6-11(12)21-15/h1-6,13-20H",FSVMLWOLZHGCQX-UHFFFAOYSA-N,1.3556999999999997,290.07903816799995
"InChI=1S/C15H14O9S/c16-8-5-10(17)12-11(6-8)23-15(14(19)13(12)18)7-1-3-9(4-2-7)24-25(20,21)22/h1-6,13-19H,(H,20,21,22)",UJERMRJNXAAGJT-UHFFFAOYSA-N,O1C=2C(C(O)C(C1C3=CC=C(OS(O)(=O)=O)C=C3)O)=C(O)C=C(O)C2,,,C15H14O9S,370.035853028,0.6188999999999998,0,1,1,BTM00324,BTM00324,Sulfonation of phenolic compound,BTMR1376,EC 2.8.2.1,HUMAN,BTM00154,O1C=2C(C(O)C(C1C3=CC=C(O)C=C3)O)=C(O)C=C(O)C2,"InChI=1S/C15H14O6/c16-8-3-1-7(2-4-8)15-14(20)13(19)12-10(18)5-9(17)6-11(12)21-15/h1-6,13-20H",FSVMLWOLZHGCQX-UHFFFAOYSA-N,1.3556999999999997,290.07903816799995
"InChI=1S/C15H14O9S/c16-8-3-1-7(2-4-8)14-15(24-25(20,21)22)13(19)12-10(18)5-9(17)6-11(12)23-14/h1-6,13-19H,(H,20,21,22)",NLTNIGYBRNHNPU-UHFFFAOYSA-N,O1C=2C(C(O)C(C1C3=CC=C(O)C=C3)OS(O)(=O)=O)=C(O)C=C(O)C2,,,C15H14O9S,370.03585302799996,0.7763999999999998,0,1,1,BTM00325,BTM00325,Sulfation of secondary alcohol,BTMR0502,EC 2.8.2.2,HUMAN,BTM00154,O1C=2C(C(O)C(C1C3=CC=C(O)C=C3)O)=C(O)C=C(O)C2,"InChI=1S/C15H14O6/c16-8-3-1-7(2-4-8)15-14(20)13(19)12-10(18)5-9(17)6-11(12)21-15/h1-6,13-20H",FSVMLWOLZHGCQX-UHFFFAOYSA-N,1.3556999999999997,290.07903816799995
"InChI=1S/C15H14O9S/c16-8-3-1-7(2-4-8)14-13(19)15(24-25(20,21)22)12-10(18)5-9(17)6-11(12)23-14/h1-6,13-19H,(H,20,21,22)",XLGXBWNEZLNFJG-UHFFFAOYSA-N,O1C=2C(C(OS(O)(=O)=O)C(C1C3=CC=C(O)C=C3)O)=C(O)C=C(O)C2,,,C15H14O9S,370.035853028,0.7763999999999998,0,1,1,BTM00326,BTM00326,Sulfation of secondary alcohol,BTMR0502,EC 2.8.2.2,HUMAN,BTM00154,O1C=2C(C(O)C(C1C3=CC=C(O)C=C3)O)=C(O)C=C(O)C2,"InChI=1S/C15H14O6/c16-8-3-1-7(2-4-8)15-14(20)13(19)12-10(18)5-9(17)6-11(12)21-15/h1-6,13-20H",FSVMLWOLZHGCQX-UHFFFAOYSA-N,1.3556999999999997,290.07903816799995
"InChI=1S/C16H16O6/c1-21-10-6-11(18)13-12(7-10)22-16(15(20)14(13)19)8-2-4-9(17)5-3-8/h2-7,14-20H,1H3",LHFUOLSLPVMCJX-UHFFFAOYSA-N,O1C=2C(C(O)C(C1C3=CC=C(O)C=C3)O)=C(O)C=C(OC)C2,,,C16H16O6,304.09468823199995,1.606699999999998,0,1,1,BTM00327,BTM00327,Methylation of phenolic compound,BTMR1377,EC 2.1.1.25,HUMAN,BTM00154,O1C=2C(C(O)C(C1C3=CC=C(O)C=C3)O)=C(O)C=C(O)C2,"InChI=1S/C15H14O6/c16-8-3-1-7(2-4-8)15-14(20)13(19)12-10(18)5-9(17)6-11(12)21-15/h1-6,13-20H",FSVMLWOLZHGCQX-UHFFFAOYSA-N,1.3556999999999997,290.07903816799995
"InChI=1S/C16H16O6/c1-21-11-6-10(18)7-12-13(11)14(19)15(20)16(22-12)8-2-4-9(17)5-3-8/h2-7,14-20H,1H3",CBNPBINEAFHOFN-UHFFFAOYSA-N,O1C=2C(C(O)C(C1C3=CC=C(O)C=C3)O)=C(OC)C=C(O)C2,,,C16H16O6,304.09468823199995,1.606699999999998,0,1,1,BTM00328,BTM00328,Methylation of phenolic compound,BTMR1377,EC 2.1.1.25,HUMAN,BTM00154,O1C=2C(C(O)C(C1C3=CC=C(O)C=C3)O)=C(O)C=C(O)C2,"InChI=1S/C15H14O6/c16-8-3-1-7(2-4-8)15-14(20)13(19)12-10(18)5-9(17)6-11(12)21-15/h1-6,13-20H",FSVMLWOLZHGCQX-UHFFFAOYSA-N,1.3556999999999997,290.07903816799995
"InChI=1S/C16H16O6/c1-21-10-4-2-8(3-5-10)16-15(20)14(19)13-11(18)6-9(17)7-12(13)22-16/h2-7,14-20H,1H3",GIHMCODANBIJMV-UHFFFAOYSA-N,O1C=2C(C(O)C(C1C3=CC=C(OC)C=C3)O)=C(O)C=C(O)C2,"61823-40-3
DTXSID10796745
2-(4-Methoxyphenyl)-3,4-dihydro-2H-1-benzopyran-3,4,5,7-tetrol",71373942,C16H16O6,304.09468823199995,1.606699999999998,0,1,1,BTM00329,BTM00329,Methylation of phenolic compound,BTMR1377,EC 2.1.1.25,HUMAN,BTM00154,O1C=2C(C(O)C(C1C3=CC=C(O)C=C3)O)=C(O)C=C(O)C2,"InChI=1S/C15H14O6/c16-8-3-1-7(2-4-8)15-14(20)13(19)12-10(18)5-9(17)6-11(12)21-15/h1-6,13-20H",FSVMLWOLZHGCQX-UHFFFAOYSA-N,1.3556999999999997,290.07903816799995
"InChI=1S/C16H16O6/c1-21-10-6-11(18)13-12(7-10)22-16(15(20)14(13)19)8-2-4-9(17)5-3-8/h2-7,14-20H,1H3",LHFUOLSLPVMCJX-UHFFFAOYSA-N,O1C=2C(C(O)C(C1C3=CC=C(O)C=C3)O)=C(O)C=C(OC)C2,,,C16H16O6,304.09468823199995,1.606699999999998,0,1,1,BTM00327,BTM00327,Reduction of carbonyl,BTMR0368,EC 1.1.1.184,HUMAN,BTM00162,O1C=2C(C(=O)C(C1C3=CC=C(O)C=C3)O)=C(O)C=C(OC)C2,"InChI=1S/C16H14O6/c1-21-10-6-11(18)13-12(7-10)22-16(15(20)14(13)19)8-2-4-9(17)5-3-8/h2-7,15-18,20H,1H3",LZLGHWHSUZVUFZ-UHFFFAOYSA-N,2.0031999999999983,302.079038168
"InChI=1S/C22H22O12/c1-31-10-6-11-13(14(24)16(26)19(32-11)8-2-4-9(23)5-3-8)12(7-10)33-22-18(28)15(25)17(27)20(34-22)21(29)30/h2-7,15-20,22-23,25-28H,1H3,(H,29,30)",CKEBQMLJBKKGJS-UHFFFAOYSA-N,O1C=2C(C(=O)C(C1C3=CC=C(O)C=C3)O)=C(OC4OC(C(O)=O)C(C(C4O)O)O)C=C(OC)C2,,,C22H22O12,478.11112614399997,0.3076999999999986,1,1,1,BTM00330,BTM00330,Aromatic OH-glucuronidation,BTMR0166,EC 2.4.1.17,HUMAN,BTM00162,O1C=2C(C(=O)C(C1C3=CC=C(O)C=C3)O)=C(O)C=C(OC)C2,"InChI=1S/C16H14O6/c1-21-10-6-11(18)13-12(7-10)22-16(15(20)14(13)19)8-2-4-9(17)5-3-8/h2-7,15-18,20H,1H3",LZLGHWHSUZVUFZ-UHFFFAOYSA-N,2.0031999999999983,302.079038168
"InChI=1S/C22H22O12/c1-31-10-6-11(23)13-12(7-10)33-19(16(26)14(13)24)8-2-4-9(5-3-8)32-22-18(28)15(25)17(27)20(34-22)21(29)30/h2-7,15-20,22-23,25-28H,1H3,(H,29,30)",ZHXSXAMQKTUNLP-UHFFFAOYSA-N,O1C=2C(C(=O)C(C1C3=CC=C(OC4OC(C(O)=O)C(C(C4O)O)O)C=C3)O)=C(O)C=C(OC)C2,,,C22H22O12,478.11112614399997,0.3076999999999986,1,1,1,BTM00331,BTM00331,Aromatic OH-glucuronidation,BTMR0166,EC 2.4.1.17,HUMAN,BTM00162,O1C=2C(C(=O)C(C1C3=CC=C(O)C=C3)O)=C(O)C=C(OC)C2,"InChI=1S/C16H14O6/c1-21-10-6-11(18)13-12(7-10)22-16(15(20)14(13)19)8-2-4-9(17)5-3-8/h2-7,15-18,20H,1H3",LZLGHWHSUZVUFZ-UHFFFAOYSA-N,2.0031999999999983,302.079038168
"InChI=1S/C16H14O9S/c1-23-10-6-11-13(12(7-10)25-26(20,21)22)14(18)15(19)16(24-11)8-2-4-9(17)5-3-8/h2-7,15-17,19H,1H3,(H,20,21,22)",IEXHVJZSAJWIPZ-UHFFFAOYSA-N,O1C=2C(C(=O)C(C1C3=CC=C(O)C=C3)O)=C(OS(O)(=O)=O)C=C(OC)C2,,,C16H14O9S,382.035853028,1.2663999999999984,0,1,1,BTM00332,BTM00332,Sulfonation of phenolic compound,BTMR1376,EC 2.8.2.1,HUMAN,BTM00162,O1C=2C(C(=O)C(C1C3=CC=C(O)C=C3)O)=C(O)C=C(OC)C2,"InChI=1S/C16H14O6/c1-21-10-6-11(18)13-12(7-10)22-16(15(20)14(13)19)8-2-4-9(17)5-3-8/h2-7,15-18,20H,1H3",LZLGHWHSUZVUFZ-UHFFFAOYSA-N,2.0031999999999983,302.079038168
"InChI=1S/C16H14O9S/c1-23-10-6-11(17)13-12(7-10)24-16(15(19)14(13)18)8-2-4-9(5-3-8)25-26(20,21)22/h2-7,15-17,19H,1H3,(H,20,21,22)",LAGNRDNWLWMVLB-UHFFFAOYSA-N,O1C=2C(C(=O)C(C1C3=CC=C(OS(O)(=O)=O)C=C3)O)=C(O)C=C(OC)C2,,,C16H14O9S,382.035853028,1.2663999999999984,0,1,1,BTM00333,BTM00333,Sulfonation of phenolic compound,BTMR1376,EC 2.8.2.1,HUMAN,BTM00162,O1C=2C(C(=O)C(C1C3=CC=C(O)C=C3)O)=C(O)C=C(OC)C2,"InChI=1S/C16H14O6/c1-21-10-6-11(18)13-12(7-10)22-16(15(20)14(13)19)8-2-4-9(17)5-3-8/h2-7,15-18,20H,1H3",LZLGHWHSUZVUFZ-UHFFFAOYSA-N,2.0031999999999983,302.079038168
"InChI=1S/C16H14O9S/c1-23-10-6-11(18)13-12(7-10)24-15(8-2-4-9(17)5-3-8)16(14(13)19)25-26(20,21)22/h2-7,15-18H,1H3,(H,20,21,22)",GSWIOWAWMGRJPN-UHFFFAOYSA-N,O1C=2C(C(=O)C(C1C3=CC=C(O)C=C3)OS(O)(=O)=O)=C(O)C=C(OC)C2,,,C16H14O9S,382.03585302799996,1.4238999999999984,0,1,1,BTM00334,BTM00334,Sulfation of secondary alcohol,BTMR0502,EC 2.8.2.2,HUMAN,BTM00162,O1C=2C(C(=O)C(C1C3=CC=C(O)C=C3)O)=C(O)C=C(OC)C2,"InChI=1S/C16H14O6/c1-21-10-6-11(18)13-12(7-10)22-16(15(20)14(13)19)8-2-4-9(17)5-3-8/h2-7,15-18,20H,1H3",LZLGHWHSUZVUFZ-UHFFFAOYSA-N,2.0031999999999983,302.079038168
"InChI=1S/C17H16O6/c1-21-11-7-12(22-2)14-13(8-11)23-17(16(20)15(14)19)9-3-5-10(18)6-4-9/h3-8,16-18,20H,1-2H3",COAPWVZMQPXXGQ-UHFFFAOYSA-N,O1C=2C(C(=O)C(C1C3=CC=C(O)C=C3)O)=C(OC)C=C(OC)C2,,,C17H16O6,316.09468823199995,2.254199999999999,0,0,0,BTM00335,BTM00335,Methylation of phenolic compound,BTMR1377,EC 2.1.1.25,HUMAN,BTM00162,O1C=2C(C(=O)C(C1C3=CC=C(O)C=C3)O)=C(O)C=C(OC)C2,"InChI=1S/C16H14O6/c1-21-10-6-11(18)13-12(7-10)22-16(15(20)14(13)19)8-2-4-9(17)5-3-8/h2-7,15-18,20H,1H3",LZLGHWHSUZVUFZ-UHFFFAOYSA-N,2.0031999999999983,302.079038168
"InChI=1S/C17H16O6/c1-21-10-5-3-9(4-6-10)17-16(20)15(19)14-12(18)7-11(22-2)8-13(14)23-17/h3-8,16-18,20H,1-2H3",FEKOGNMSBYBYSO-UHFFFAOYSA-N,O1C=2C(C(=O)C(C1C3=CC=C(OC)C=C3)O)=C(O)C=C(OC)C2,,,C17H16O6,316.09468823199995,2.254199999999999,0,0,0,BTM00336,BTM00336,Methylation of phenolic compound,BTMR1377,EC 2.1.1.25,HUMAN,BTM00162,O1C=2C(C(=O)C(C1C3=CC=C(O)C=C3)O)=C(O)C=C(OC)C2,"InChI=1S/C16H14O6/c1-21-10-6-11(18)13-12(7-10)22-16(15(20)14(13)19)8-2-4-9(17)5-3-8/h2-7,15-18,20H,1H3",LZLGHWHSUZVUFZ-UHFFFAOYSA-N,2.0031999999999983,302.079038168
"InChI=1S/C16H16O6/c1-21-11-6-10(18)7-12-13(11)14(19)15(20)16(22-12)8-2-4-9(17)5-3-8/h2-7,14-20H,1H3",CBNPBINEAFHOFN-UHFFFAOYSA-N,O1C=2C(C(O)C(C1C3=CC=C(O)C=C3)O)=C(OC)C=C(O)C2,,,C16H16O6,304.09468823199995,1.606699999999998,0,1,1,BTM00328,BTM00328,Reduction of carbonyl,BTMR0368,EC 1.1.1.184,HUMAN,BTM00163,O1C=2C(C(=O)C(C1C3=CC=C(O)C=C3)O)=C(OC)C=C(O)C2,"InChI=1S/C16H14O6/c1-21-11-6-10(18)7-12-13(11)14(19)15(20)16(22-12)8-2-4-9(17)5-3-8/h2-7,15-18,20H,1H3",WECLSYISBIFCMA-UHFFFAOYSA-N,2.0031999999999983,302.07903816799995
"InChI=1S/C22H22O12/c1-31-11-6-10(32-22-18(28)15(25)17(27)20(34-22)21(29)30)7-12-13(11)14(24)16(26)19(33-12)8-2-4-9(23)5-3-8/h2-7,15-20,22-23,25-28H,1H3,(H,29,30)",SVMOAIGKPPZVSE-UHFFFAOYSA-N,O1C=2C(C(=O)C(C1C3=CC=C(O)C=C3)O)=C(OC)C=C(OC4OC(C(O)=O)C(C(C4O)O)O)C2,,,C22H22O12,478.11112614399997,0.3076999999999986,1,1,1,BTM00337,BTM00337,Aromatic OH-glucuronidation,BTMR0166,EC 2.4.1.17,HUMAN,BTM00163,O1C=2C(C(=O)C(C1C3=CC=C(O)C=C3)O)=C(OC)C=C(O)C2,"InChI=1S/C16H14O6/c1-21-11-6-10(18)7-12-13(11)14(19)15(20)16(22-12)8-2-4-9(17)5-3-8/h2-7,15-18,20H,1H3",WECLSYISBIFCMA-UHFFFAOYSA-N,2.0031999999999983,302.07903816799995
"InChI=1S/C22H22O12/c1-31-11-6-9(23)7-12-13(11)14(24)16(26)19(33-12)8-2-4-10(5-3-8)32-22-18(28)15(25)17(27)20(34-22)21(29)30/h2-7,15-20,22-23,25-28H,1H3,(H,29,30)",NIHGPPWWKVTWJU-UHFFFAOYSA-N,O1C=2C(C(=O)C(C1C3=CC=C(OC4OC(C(O)=O)C(C(C4O)O)O)C=C3)O)=C(OC)C=C(O)C2,,,C22H22O12,478.11112614399997,0.3076999999999986,1,1,1,BTM00338,BTM00338,Aromatic OH-glucuronidation,BTMR0166,EC 2.4.1.17,HUMAN,BTM00163,O1C=2C(C(=O)C(C1C3=CC=C(O)C=C3)O)=C(OC)C=C(O)C2,"InChI=1S/C16H14O6/c1-21-11-6-10(18)7-12-13(11)14(19)15(20)16(22-12)8-2-4-9(17)5-3-8/h2-7,15-18,20H,1H3",WECLSYISBIFCMA-UHFFFAOYSA-N,2.0031999999999983,302.07903816799995
"InChI=1S/C16H14O9S/c1-23-11-6-10(25-26(20,21)22)7-12-13(11)14(18)15(19)16(24-12)8-2-4-9(17)5-3-8/h2-7,15-17,19H,1H3,(H,20,21,22)",IPMJCIPCQVOYSX-UHFFFAOYSA-N,O1C=2C(C(=O)C(C1C3=CC=C(O)C=C3)O)=C(OC)C=C(OS(O)(=O)=O)C2,,,C16H14O9S,382.035853028,1.2663999999999984,0,1,1,BTM00339,BTM00339,Sulfonation of phenolic compound,BTMR1376,EC 2.8.2.1,HUMAN,BTM00163,O1C=2C(C(=O)C(C1C3=CC=C(O)C=C3)O)=C(OC)C=C(O)C2,"InChI=1S/C16H14O6/c1-21-11-6-10(18)7-12-13(11)14(19)15(20)16(22-12)8-2-4-9(17)5-3-8/h2-7,15-18,20H,1H3",WECLSYISBIFCMA-UHFFFAOYSA-N,2.0031999999999983,302.07903816799995
"InChI=1S/C16H14O9S/c1-23-11-6-9(17)7-12-13(11)14(18)15(19)16(24-12)8-2-4-10(5-3-8)25-26(20,21)22/h2-7,15-17,19H,1H3,(H,20,21,22)",HAYOLKXMQSBGDJ-UHFFFAOYSA-N,O1C=2C(C(=O)C(C1C3=CC=C(OS(O)(=O)=O)C=C3)O)=C(OC)C=C(O)C2,,,C16H14O9S,382.035853028,1.2663999999999984,0,1,1,BTM00340,BTM00340,Sulfonation of phenolic compound,BTMR1376,EC 2.8.2.1,HUMAN,BTM00163,O1C=2C(C(=O)C(C1C3=CC=C(O)C=C3)O)=C(OC)C=C(O)C2,"InChI=1S/C16H14O6/c1-21-11-6-10(18)7-12-13(11)14(19)15(20)16(22-12)8-2-4-9(17)5-3-8/h2-7,15-18,20H,1H3",WECLSYISBIFCMA-UHFFFAOYSA-N,2.0031999999999983,302.07903816799995
"InChI=1S/C16H14O9S/c1-23-11-6-10(18)7-12-13(11)14(19)16(25-26(20,21)22)15(24-12)8-2-4-9(17)5-3-8/h2-7,15-18H,1H3,(H,20,21,22)",JLALAZQTXSWAOL-UHFFFAOYSA-N,O1C=2C(C(=O)C(C1C3=CC=C(O)C=C3)OS(O)(=O)=O)=C(OC)C=C(O)C2,,,C16H14O9S,382.035853028,1.4238999999999984,0,1,1,BTM00341,BTM00341,Sulfation of secondary alcohol,BTMR0502,EC 2.8.2.2,HUMAN,BTM00163,O1C=2C(C(=O)C(C1C3=CC=C(O)C=C3)O)=C(OC)C=C(O)C2,"InChI=1S/C16H14O6/c1-21-11-6-10(18)7-12-13(11)14(19)15(20)16(22-12)8-2-4-9(17)5-3-8/h2-7,15-18,20H,1H3",WECLSYISBIFCMA-UHFFFAOYSA-N,2.0031999999999983,302.07903816799995
"InChI=1S/C17H16O6/c1-21-11-7-12(22-2)14-13(8-11)23-17(16(20)15(14)19)9-3-5-10(18)6-4-9/h3-8,16-18,20H,1-2H3",COAPWVZMQPXXGQ-UHFFFAOYSA-N,O1C=2C(C(=O)C(C1C3=CC=C(O)C=C3)O)=C(OC)C=C(OC)C2,,,C17H16O6,316.09468823199995,2.254199999999999,0,0,0,BTM00335,BTM00335,Methylation of phenolic compound,BTMR1377,EC 2.1.1.25,HUMAN,BTM00163,O1C=2C(C(=O)C(C1C3=CC=C(O)C=C3)O)=C(OC)C=C(O)C2,"InChI=1S/C16H14O6/c1-21-11-6-10(18)7-12-13(11)14(19)15(20)16(22-12)8-2-4-9(17)5-3-8/h2-7,15-18,20H,1H3",WECLSYISBIFCMA-UHFFFAOYSA-N,2.0031999999999983,302.07903816799995
"InChI=1S/C17H16O6/c1-21-11-5-3-9(4-6-11)17-16(20)15(19)14-12(22-2)7-10(18)8-13(14)23-17/h3-8,16-18,20H,1-2H3",WWOODAOPZBVOGE-UHFFFAOYSA-N,O1C=2C(C(=O)C(C1C3=CC=C(OC)C=C3)O)=C(OC)C=C(O)C2,,,C17H16O6,316.09468823199995,2.254199999999999,0,0,0,BTM00342,BTM00342,Methylation of phenolic compound,BTMR1377,EC 2.1.1.25,HUMAN,BTM00163,O1C=2C(C(=O)C(C1C3=CC=C(O)C=C3)O)=C(OC)C=C(O)C2,"InChI=1S/C16H14O6/c1-21-11-6-10(18)7-12-13(11)14(19)15(20)16(22-12)8-2-4-9(17)5-3-8/h2-7,15-18,20H,1H3",WECLSYISBIFCMA-UHFFFAOYSA-N,2.0031999999999983,302.07903816799995
"InChI=1S/C16H16O6/c1-21-10-4-2-8(3-5-10)16-15(20)14(19)13-11(18)6-9(17)7-12(13)22-16/h2-7,14-20H,1H3",GIHMCODANBIJMV-UHFFFAOYSA-N,O1C=2C(C(O)C(C1C3=CC=C(OC)C=C3)O)=C(O)C=C(O)C2,"61823-40-3
DTXSID10796745
2-(4-Methoxyphenyl)-3,4-dihydro-2H-1-benzopyran-3,4,5,7-tetrol",71373942,C16H16O6,304.09468823199995,1.606699999999998,0,1,1,BTM00329,BTM00329,Reduction of carbonyl,BTMR0368,EC 1.1.1.184,HUMAN,BTM00164,O1C=2C(C(=O)C(C1C3=CC=C(OC)C=C3)O)=C(O)C=C(O)C2,"InChI=1S/C16H14O6/c1-21-10-4-2-8(3-5-10)16-15(20)14(19)13-11(18)6-9(17)7-12(13)22-16/h2-7,15-18,20H,1H3",CKDYDMSDCNQHEB-UHFFFAOYSA-N,2.0031999999999983,302.079038168
"InChI=1S/C22H22O12/c1-31-9-4-2-8(3-5-9)19-16(26)14(24)13-11(23)6-10(7-12(13)33-19)32-22-18(28)15(25)17(27)20(34-22)21(29)30/h2-7,15-20,22-23,25-28H,1H3,(H,29,30)",YDZHURLMNKYCJD-UHFFFAOYSA-N,O1C=2C(C(=O)C(C1C3=CC=C(OC)C=C3)O)=C(O)C=C(OC4OC(C(O)=O)C(C(C4O)O)O)C2,,,C22H22O12,478.11112614399997,0.3076999999999986,1,1,1,BTM00343,BTM00343,Aromatic OH-glucuronidation,BTMR0166,EC 2.4.1.17,HUMAN,BTM00164,O1C=2C(C(=O)C(C1C3=CC=C(OC)C=C3)O)=C(O)C=C(O)C2,"InChI=1S/C16H14O6/c1-21-10-4-2-8(3-5-10)16-15(20)14(19)13-11(18)6-9(17)7-12(13)22-16/h2-7,15-18,20H,1H3",CKDYDMSDCNQHEB-UHFFFAOYSA-N,2.0031999999999983,302.079038168
"InChI=1S/C22H22O12/c1-31-10-4-2-8(3-5-10)19-16(26)14(24)13-11(32-19)6-9(23)7-12(13)33-22-18(28)15(25)17(27)20(34-22)21(29)30/h2-7,15-20,22-23,25-28H,1H3,(H,29,30)",XOGSCXAPCFQBBF-UHFFFAOYSA-N,O1C=2C(C(=O)C(C1C3=CC=C(OC)C=C3)O)=C(OC4OC(C(O)=O)C(C(C4O)O)O)C=C(O)C2,,,C22H22O12,478.11112614399997,0.3076999999999986,1,1,1,BTM00344,BTM00344,Aromatic OH-glucuronidation,BTMR0166,EC 2.4.1.17,HUMAN,BTM00164,O1C=2C(C(=O)C(C1C3=CC=C(OC)C=C3)O)=C(O)C=C(O)C2,"InChI=1S/C16H14O6/c1-21-10-4-2-8(3-5-10)16-15(20)14(19)13-11(18)6-9(17)7-12(13)22-16/h2-7,15-18,20H,1H3",CKDYDMSDCNQHEB-UHFFFAOYSA-N,2.0031999999999983,302.079038168
"InChI=1S/C16H14O9S/c1-23-9-4-2-8(3-5-9)16-15(19)14(18)13-11(17)6-10(7-12(13)24-16)25-26(20,21)22/h2-7,15-17,19H,1H3,(H,20,21,22)",WQUZRGZQYYOLKN-UHFFFAOYSA-N,O1C=2C(C(=O)C(C1C3=CC=C(OC)C=C3)O)=C(O)C=C(OS(O)(=O)=O)C2,,,C16H14O9S,382.035853028,1.2663999999999984,0,1,1,BTM00345,BTM00345,Sulfonation of phenolic compound,BTMR1376,EC 2.8.2.1,HUMAN,BTM00164,O1C=2C(C(=O)C(C1C3=CC=C(OC)C=C3)O)=C(O)C=C(O)C2,"InChI=1S/C16H14O6/c1-21-10-4-2-8(3-5-10)16-15(20)14(19)13-11(18)6-9(17)7-12(13)22-16/h2-7,15-18,20H,1H3",CKDYDMSDCNQHEB-UHFFFAOYSA-N,2.0031999999999983,302.079038168
"InChI=1S/C16H14O9S/c1-23-10-4-2-8(3-5-10)16-15(19)14(18)13-11(24-16)6-9(17)7-12(13)25-26(20,21)22/h2-7,15-17,19H,1H3,(H,20,21,22)",GVUHZVAPQICECV-UHFFFAOYSA-N,O1C=2C(C(=O)C(C1C3=CC=C(OC)C=C3)O)=C(OS(O)(=O)=O)C=C(O)C2,,,C16H14O9S,382.035853028,1.2663999999999984,0,1,1,BTM00346,BTM00346,Sulfonation of phenolic compound,BTMR1376,EC 2.8.2.1,HUMAN,BTM00164,O1C=2C(C(=O)C(C1C3=CC=C(OC)C=C3)O)=C(O)C=C(O)C2,"InChI=1S/C16H14O6/c1-21-10-4-2-8(3-5-10)16-15(20)14(19)13-11(18)6-9(17)7-12(13)22-16/h2-7,15-18,20H,1H3",CKDYDMSDCNQHEB-UHFFFAOYSA-N,2.0031999999999983,302.079038168
"InChI=1S/C16H14O9S/c1-23-10-4-2-8(3-5-10)15-16(25-26(20,21)22)14(19)13-11(18)6-9(17)7-12(13)24-15/h2-7,15-18H,1H3,(H,20,21,22)",GHGKSSDOAMXHPL-UHFFFAOYSA-N,O1C=2C(C(=O)C(C1C3=CC=C(OC)C=C3)OS(O)(=O)=O)=C(O)C=C(O)C2,,,C16H14O9S,382.03585302799996,1.4238999999999984,0,1,1,BTM00347,BTM00347,Sulfation of secondary alcohol,BTMR0502,EC 2.8.2.2,HUMAN,BTM00164,O1C=2C(C(=O)C(C1C3=CC=C(OC)C=C3)O)=C(O)C=C(O)C2,"InChI=1S/C16H14O6/c1-21-10-4-2-8(3-5-10)16-15(20)14(19)13-11(18)6-9(17)7-12(13)22-16/h2-7,15-18,20H,1H3",CKDYDMSDCNQHEB-UHFFFAOYSA-N,2.0031999999999983,302.079038168
"InChI=1S/C17H16O6/c1-21-10-5-3-9(4-6-10)17-16(20)15(19)14-12(18)7-11(22-2)8-13(14)23-17/h3-8,16-18,20H,1-2H3",FEKOGNMSBYBYSO-UHFFFAOYSA-N,O1C=2C(C(=O)C(C1C3=CC=C(OC)C=C3)O)=C(O)C=C(OC)C2,,,C17H16O6,316.09468823199995,2.254199999999999,0,0,0,BTM00336,BTM00336,Methylation of phenolic compound,BTMR1377,EC 2.1.1.25,HUMAN,BTM00164,O1C=2C(C(=O)C(C1C3=CC=C(OC)C=C3)O)=C(O)C=C(O)C2,"InChI=1S/C16H14O6/c1-21-10-4-2-8(3-5-10)16-15(20)14(19)13-11(18)6-9(17)7-12(13)22-16/h2-7,15-18,20H,1H3",CKDYDMSDCNQHEB-UHFFFAOYSA-N,2.0031999999999983,302.079038168
"InChI=1S/C17H16O6/c1-21-11-5-3-9(4-6-11)17-16(20)15(19)14-12(22-2)7-10(18)8-13(14)23-17/h3-8,16-18,20H,1-2H3",WWOODAOPZBVOGE-UHFFFAOYSA-N,O1C=2C(C(=O)C(C1C3=CC=C(OC)C=C3)O)=C(OC)C=C(O)C2,,,C17H16O6,316.09468823199995,2.254199999999999,0,0,0,BTM00342,BTM00342,Methylation of phenolic compound,BTMR1377,EC 2.1.1.25,HUMAN,BTM00164,O1C=2C(C(=O)C(C1C3=CC=C(OC)C=C3)O)=C(O)C=C(O)C2,"InChI=1S/C16H14O6/c1-21-10-4-2-8(3-5-10)16-15(20)14(19)13-11(18)6-9(17)7-12(13)22-16/h2-7,15-18,20H,1H3",CKDYDMSDCNQHEB-UHFFFAOYSA-N,2.0031999999999983,302.079038168
"InChI=1S/C21H20O11/c22-10-4-2-1-3-9(10)13-7-12(24)15-11(23)5-8(6-14(15)31-13)30-21-18(27)16(25)17(26)19(32-21)20(28)29/h1-7,12,16-19,21-27H,(H,28,29)",FQVVLIYNEGPBDM-UHFFFAOYSA-N,O1C=2C(C(O)C=C1C3=C(C=CC=C3)O)=C(O)C=C(OC4OC(C(O)=O)C(C(C4O)O)O)C2,,,C21H20O11,448.10056146,0.24229999999999802,1,1,1,BTM00348,BTM00348,Aromatic OH-glucuronidation,BTMR0166,EC 2.4.1.17,HUMAN,BTM00165,O1C=2C(C(O)C=C1C3=C(C=CC=C3)O)=C(O)C=C(O)C2,"InChI=1S/C15H12O5/c16-8-5-11(18)15-12(19)7-13(20-14(15)6-8)9-3-1-2-4-10(9)17/h1-7,12,16-19H",KUOSVUPSCZBSRN-UHFFFAOYSA-N,1.9377999999999997,272.068473484
"InChI=1S/C21H20O11/c22-8-5-13-15(11(24)7-12(30-13)9-3-1-2-4-10(9)23)14(6-8)31-21-18(27)16(25)17(26)19(32-21)20(28)29/h1-7,11,16-19,21-27H,(H,28,29)",LSZLYUHOOWNHNK-UHFFFAOYSA-N,O1C=2C(C(O)C=C1C3=C(C=CC=C3)O)=C(OC4OC(C(O)=O)C(C(C4O)O)O)C=C(O)C2,,,C21H20O11,448.10056146,0.24229999999999802,1,1,1,BTM00349,BTM00349,Aromatic OH-glucuronidation,BTMR0166,EC 2.4.1.17,HUMAN,BTM00165,O1C=2C(C(O)C=C1C3=C(C=CC=C3)O)=C(O)C=C(O)C2,"InChI=1S/C15H12O5/c16-8-5-11(18)15-12(19)7-13(20-14(15)6-8)9-3-1-2-4-10(9)17/h1-7,12,16-19H",KUOSVUPSCZBSRN-UHFFFAOYSA-N,1.9377999999999997,272.068473484
"InChI=1S/C21H20O11/c22-8-5-10(23)15-11(24)7-13(30-14(15)6-8)9-3-1-2-4-12(9)31-21-18(27)16(25)17(26)19(32-21)20(28)29/h1-7,11,16-19,21-27H,(H,28,29)",HGFJWUPFJMBYQV-UHFFFAOYSA-N,O1C=2C(C(O)C=C1C3=C(C=CC=C3)OC4OC(C(O)=O)C(C(C4O)O)O)=C(O)C=C(O)C2,,,C21H20O11,448.10056146,0.24229999999999802,1,1,1,BTM00350,BTM00350,Aromatic OH-glucuronidation,BTMR0166,EC 2.4.1.17,HUMAN,BTM00165,O1C=2C(C(O)C=C1C3=C(C=CC=C3)O)=C(O)C=C(O)C2,"InChI=1S/C15H12O5/c16-8-5-11(18)15-12(19)7-13(20-14(15)6-8)9-3-1-2-4-10(9)17/h1-7,12,16-19H",KUOSVUPSCZBSRN-UHFFFAOYSA-N,1.9377999999999997,272.068473484
"InChI=1S/C15H12O8S/c16-10-4-2-1-3-9(10)13-7-12(18)15-11(17)5-8(6-14(15)22-13)23-24(19,20)21/h1-7,12,16-18H,(H,19,20,21)",BWZIARIUMLSDFT-UHFFFAOYSA-N,O1C=2C(C(O)C=C1C3=C(C=CC=C3)O)=C(O)C=C(OS(O)(=O)=O)C2,,,C15H12O8S,352.02528834400005,1.2009999999999996,0,1,1,BTM00351,BTM00351,Sulfonation of phenolic compound,BTMR1376,EC 2.8.2.1,HUMAN,BTM00165,O1C=2C(C(O)C=C1C3=C(C=CC=C3)O)=C(O)C=C(O)C2,"InChI=1S/C15H12O5/c16-8-5-11(18)15-12(19)7-13(20-14(15)6-8)9-3-1-2-4-10(9)17/h1-7,12,16-19H",KUOSVUPSCZBSRN-UHFFFAOYSA-N,1.9377999999999997,272.068473484
"InChI=1S/C15H12O8S/c16-8-5-13-15(14(6-8)23-24(19,20)21)11(18)7-12(22-13)9-3-1-2-4-10(9)17/h1-7,11,16-18H,(H,19,20,21)",YAAVMQSOQCERPT-UHFFFAOYSA-N,O1C=2C(C(O)C=C1C3=C(C=CC=C3)O)=C(OS(O)(=O)=O)C=C(O)C2,,,C15H12O8S,352.025288344,1.2009999999999996,0,1,1,BTM00352,BTM00352,Sulfonation of phenolic compound,BTMR1376,EC 2.8.2.1,HUMAN,BTM00165,O1C=2C(C(O)C=C1C3=C(C=CC=C3)O)=C(O)C=C(O)C2,"InChI=1S/C15H12O5/c16-8-5-11(18)15-12(19)7-13(20-14(15)6-8)9-3-1-2-4-10(9)17/h1-7,12,16-19H",KUOSVUPSCZBSRN-UHFFFAOYSA-N,1.9377999999999997,272.068473484
"InChI=1S/C15H12O8S/c16-8-5-10(17)15-11(18)7-13(22-14(15)6-8)9-3-1-2-4-12(9)23-24(19,20)21/h1-7,11,16-18H,(H,19,20,21)",ARJZJSRBHVHLDH-UHFFFAOYSA-N,O1C=2C(C(O)C=C1C3=C(C=CC=C3)OS(O)(=O)=O)=C(O)C=C(O)C2,,,C15H12O8S,352.025288344,1.2009999999999996,0,1,1,BTM00353,BTM00353,Sulfonation of phenolic compound,BTMR1376,EC 2.8.2.1,HUMAN,BTM00165,O1C=2C(C(O)C=C1C3=C(C=CC=C3)O)=C(O)C=C(O)C2,"InChI=1S/C15H12O5/c16-8-5-11(18)15-12(19)7-13(20-14(15)6-8)9-3-1-2-4-10(9)17/h1-7,12,16-19H",KUOSVUPSCZBSRN-UHFFFAOYSA-N,1.9377999999999997,272.068473484
"InChI=1S/C15H12O8S/c16-8-5-11(18)15-13(6-8)22-12(7-14(15)23-24(19,20)21)9-3-1-2-4-10(9)17/h1-7,14,16-18H,(H,19,20,21)",GLMKCZHWHYZMHN-UHFFFAOYSA-N,O1C=2C(C(OS(O)(=O)=O)C=C1C3=C(C=CC=C3)O)=C(O)C=C(O)C2,,,C15H12O8S,352.02528834400005,1.3584999999999998,0,1,1,BTM00354,BTM00354,Sulfation of secondary alcohol,BTMR0502,EC 2.8.2.2,HUMAN,BTM00165,O1C=2C(C(O)C=C1C3=C(C=CC=C3)O)=C(O)C=C(O)C2,"InChI=1S/C15H12O5/c16-8-5-11(18)15-12(19)7-13(20-14(15)6-8)9-3-1-2-4-10(9)17/h1-7,12,16-19H",KUOSVUPSCZBSRN-UHFFFAOYSA-N,1.9377999999999997,272.068473484
"InChI=1S/C16H14O5/c1-20-9-6-12(18)16-13(19)8-14(21-15(16)7-9)10-4-2-3-5-11(10)17/h2-8,13,17-19H,1H3",QBHDZBUYSJUNEK-UHFFFAOYSA-N,O1C=2C(C(O)C=C1C3=C(C=CC=C3)O)=C(O)C=C(OC)C2,,,C16H14O5,286.084123548,2.1887999999999996,0,1,1,BTM00355,BTM00355,Methylation of phenolic compound,BTMR1377,EC 2.1.1.25,HUMAN,BTM00165,O1C=2C(C(O)C=C1C3=C(C=CC=C3)O)=C(O)C=C(O)C2,"InChI=1S/C15H12O5/c16-8-5-11(18)15-12(19)7-13(20-14(15)6-8)9-3-1-2-4-10(9)17/h1-7,12,16-19H",KUOSVUPSCZBSRN-UHFFFAOYSA-N,1.9377999999999997,272.068473484
"InChI=1S/C16H14O5/c1-20-14-6-9(17)7-15-16(14)12(19)8-13(21-15)10-4-2-3-5-11(10)18/h2-8,12,17-19H,1H3",QFLYDIIXPPVSQI-UHFFFAOYSA-N,O1C=2C(C(O)C=C1C3=C(C=CC=C3)O)=C(OC)C=C(O)C2,,,C16H14O5,286.084123548,2.1887999999999996,0,1,1,BTM00356,BTM00356,Methylation of phenolic compound,BTMR1377,EC 2.1.1.25,HUMAN,BTM00165,O1C=2C(C(O)C=C1C3=C(C=CC=C3)O)=C(O)C=C(O)C2,"InChI=1S/C15H12O5/c16-8-5-11(18)15-12(19)7-13(20-14(15)6-8)9-3-1-2-4-10(9)17/h1-7,12,16-19H",KUOSVUPSCZBSRN-UHFFFAOYSA-N,1.9377999999999997,272.068473484
"InChI=1S/C16H14O5/c1-20-13-5-3-2-4-10(13)14-8-12(19)16-11(18)6-9(17)7-15(16)21-14/h2-8,12,17-19H,1H3",UHEPDMFYKNSZKV-UHFFFAOYSA-N,O1C=2C(C(O)C=C1C3=C(C=CC=C3)OC)=C(O)C=C(O)C2,,,C16H14O5,286.084123548,2.1887999999999996,0,1,1,BTM00357,BTM00357,Methylation of phenolic compound,BTMR1377,EC 2.1.1.25,HUMAN,BTM00165,O1C=2C(C(O)C=C1C3=C(C=CC=C3)O)=C(O)C=C(O)C2,"InChI=1S/C15H12O5/c16-8-5-11(18)15-12(19)7-13(20-14(15)6-8)9-3-1-2-4-10(9)17/h1-7,12,16-19H",KUOSVUPSCZBSRN-UHFFFAOYSA-N,1.9377999999999997,272.068473484
"InChI=1S/C16H14O5/c1-20-9-6-12(18)16-13(19)8-14(21-15(16)7-9)10-4-2-3-5-11(10)17/h2-8,13,17-19H,1H3",QBHDZBUYSJUNEK-UHFFFAOYSA-N,O1C=2C(C(O)C=C1C3=C(C=CC=C3)O)=C(O)C=C(OC)C2,,,C16H14O5,286.084123548,2.1887999999999996,0,1,1,BTM00355,BTM00355,Reduction of carbonyl,BTMR0368,EC 1.1.1.184,HUMAN,BTM00169,O1C=2C(C(=O)C=C1C3=C(C=CC=C3)O)=C(O)C=C(OC)C2,"InChI=1S/C16H12O5/c1-20-9-6-12(18)16-13(19)8-14(21-15(16)7-9)10-4-2-3-5-11(10)17/h2-8,17-18H,1H3",PXFLNHWWYOVFDA-UHFFFAOYSA-N,3.278000000000001,284.068473484
"InChI=1S/C22H20O11/c1-30-9-6-14-16(12(24)8-13(31-14)10-4-2-3-5-11(10)23)15(7-9)32-22-19(27)17(25)18(26)20(33-22)21(28)29/h2-8,17-20,22-23,25-27H,1H3,(H,28,29)",QSYNHSKOHOYFHT-UHFFFAOYSA-N,O1C=2C(C(=O)C=C1C3=C(C=CC=C3)O)=C(OC4OC(C(O)=O)C(C(C4O)O)O)C=C(OC)C2,,,C22H20O11,460.10056146,1.5824999999999994,0,1,1,BTM00358,BTM00358,Aromatic OH-glucuronidation,BTMR0166,EC 2.4.1.17,HUMAN,BTM00169,O1C=2C(C(=O)C=C1C3=C(C=CC=C3)O)=C(O)C=C(OC)C2,"InChI=1S/C16H12O5/c1-20-9-6-12(18)16-13(19)8-14(21-15(16)7-9)10-4-2-3-5-11(10)17/h2-8,17-18H,1H3",PXFLNHWWYOVFDA-UHFFFAOYSA-N,3.278000000000001,284.068473484
"InChI=1S/C22H20O11/c1-30-9-6-11(23)16-12(24)8-14(31-15(16)7-9)10-4-2-3-5-13(10)32-22-19(27)17(25)18(26)20(33-22)21(28)29/h2-8,17-20,22-23,25-27H,1H3,(H,28,29)",RCMPSXWHUDPKSW-UHFFFAOYSA-N,O1C=2C(C(=O)C=C1C3=C(C=CC=C3)OC4OC(C(O)=O)C(C(C4O)O)O)=C(O)C=C(OC)C2,,,C22H20O11,460.10056146,1.5824999999999994,0,1,1,BTM00359,BTM00359,Aromatic OH-glucuronidation,BTMR0166,EC 2.4.1.17,HUMAN,BTM00169,O1C=2C(C(=O)C=C1C3=C(C=CC=C3)O)=C(O)C=C(OC)C2,"InChI=1S/C16H12O5/c1-20-9-6-12(18)16-13(19)8-14(21-15(16)7-9)10-4-2-3-5-11(10)17/h2-8,17-18H,1H3",PXFLNHWWYOVFDA-UHFFFAOYSA-N,3.278000000000001,284.068473484
"InChI=1S/C17H14O5/c1-20-10-7-15(21-2)17-13(19)9-14(22-16(17)8-10)11-5-3-4-6-12(11)18/h3-9,18H,1-2H3",MWRQFAAWESDTJF-UHFFFAOYSA-N,O1C=2C(C(=O)C=C1C3=C(C=CC=C3)O)=C(OC)C=C(OC)C2,"4398-31-6
2-(2-Hydroxyphenyl)-5,7-dimethoxy-4H-1-benzopyran-4-one
RefChem:250756
2'-hydroxy-5,7-dimethoxyflavone
DTXSID701203662",15921937,C17H14O5,298.084123548,3.5289999999999995,0,0,0,BTM00360,BTM00360,Methylation of phenolic compound,BTMR1377,EC 2.1.1.25,HUMAN,BTM00169,O1C=2C(C(=O)C=C1C3=C(C=CC=C3)O)=C(O)C=C(OC)C2,"InChI=1S/C16H12O5/c1-20-9-6-12(18)16-13(19)8-14(21-15(16)7-9)10-4-2-3-5-11(10)17/h2-8,17-18H,1H3",PXFLNHWWYOVFDA-UHFFFAOYSA-N,3.278000000000001,284.068473484
"InChI=1S/C17H14O5/c1-20-10-7-12(18)17-13(19)9-15(22-16(17)8-10)11-5-3-4-6-14(11)21-2/h3-9,18H,1-2H3",AYJUELGFLABMLR-UHFFFAOYSA-N,O1C=2C(C(=O)C=C1C3=C(C=CC=C3)OC)=C(O)C=C(OC)C2,"5-Hydroxy-7,2'-dimethoxyflavone
RefChem:102828
5-hydroxy-7-methoxy-2-(2-methoxyphenyl)chromen-4-one
LMPK12110129",10913533,C17H14O5,298.084123548,3.5289999999999995,0,0,0,BTM00361,BTM00361,Methylation of phenolic compound,BTMR1377,EC 2.1.1.25,HUMAN,BTM00169,O1C=2C(C(=O)C=C1C3=C(C=CC=C3)O)=C(O)C=C(OC)C2,"InChI=1S/C16H12O5/c1-20-9-6-12(18)16-13(19)8-14(21-15(16)7-9)10-4-2-3-5-11(10)17/h2-8,17-18H,1H3",PXFLNHWWYOVFDA-UHFFFAOYSA-N,3.278000000000001,284.068473484
"InChI=1S/C16H14O5/c1-20-14-6-9(17)7-15-16(14)12(19)8-13(21-15)10-4-2-3-5-11(10)18/h2-8,12,17-19H,1H3",QFLYDIIXPPVSQI-UHFFFAOYSA-N,O1C=2C(C(O)C=C1C3=C(C=CC=C3)O)=C(OC)C=C(O)C2,,,C16H14O5,286.084123548,2.1887999999999996,0,1,1,BTM00356,BTM00356,Reduction of carbonyl,BTMR0368,EC 1.1.1.184,HUMAN,BTM00170,O1C=2C(C(=O)C=C1C3=C(C=CC=C3)O)=C(OC)C=C(O)C2,"InChI=1S/C16H12O5/c1-20-14-6-9(17)7-15-16(14)12(19)8-13(21-15)10-4-2-3-5-11(10)18/h2-8,17-18H,1H3",UIVFQXAYYFLAGO-UHFFFAOYSA-N,3.278000000000001,284.068473484
"InChI=1S/C22H20O11/c1-30-14-6-9(31-22-19(27)17(25)18(26)20(33-22)21(28)29)7-15-16(14)12(24)8-13(32-15)10-4-2-3-5-11(10)23/h2-8,17-20,22-23,25-27H,1H3,(H,28,29)",FHMNVIGGDAKRAP-UHFFFAOYSA-N,O1C=2C(C(=O)C=C1C3=C(C=CC=C3)O)=C(OC)C=C(OC4OC(C(O)=O)C(C(C4O)O)O)C2,,,C22H20O11,460.10056146,1.5824999999999994,0,1,1,BTM00362,BTM00362,Aromatic OH-glucuronidation,BTMR0166,EC 2.4.1.17,HUMAN,BTM00170,O1C=2C(C(=O)C=C1C3=C(C=CC=C3)O)=C(OC)C=C(O)C2,"InChI=1S/C16H12O5/c1-20-14-6-9(17)7-15-16(14)12(19)8-13(21-15)10-4-2-3-5-11(10)18/h2-8,17-18H,1H3",UIVFQXAYYFLAGO-UHFFFAOYSA-N,3.278000000000001,284.068473484
"InChI=1S/C22H20O11/c1-30-14-6-9(23)7-15-16(14)11(24)8-13(31-15)10-4-2-3-5-12(10)32-22-19(27)17(25)18(26)20(33-22)21(28)29/h2-8,17-20,22-23,25-27H,1H3,(H,28,29)",NIEPEGOVWXKODK-UHFFFAOYSA-N,O1C=2C(C(=O)C=C1C3=C(C=CC=C3)OC4OC(C(O)=O)C(C(C4O)O)O)=C(OC)C=C(O)C2,,,C22H20O11,460.10056146,1.5824999999999994,0,1,1,BTM00363,BTM00363,Aromatic OH-glucuronidation,BTMR0166,EC 2.4.1.17,HUMAN,BTM00170,O1C=2C(C(=O)C=C1C3=C(C=CC=C3)O)=C(OC)C=C(O)C2,"InChI=1S/C16H12O5/c1-20-14-6-9(17)7-15-16(14)12(19)8-13(21-15)10-4-2-3-5-11(10)18/h2-8,17-18H,1H3",UIVFQXAYYFLAGO-UHFFFAOYSA-N,3.278000000000001,284.068473484
"InChI=1S/C16H12O8S/c1-22-14-6-9(24-25(19,20)21)7-15-16(14)12(18)8-13(23-15)10-4-2-3-5-11(10)17/h2-8,17H,1H3,(H,19,20,21)",VLOFRBJHRLZMBV-UHFFFAOYSA-N,O1C=2C(C(=O)C=C1C3=C(C=CC=C3)O)=C(OC)C=C(OS(O)(=O)=O)C2,,,C16H12O8S,364.025288344,2.5412000000000003,0,0,0,BTM00364,BTM00364,Sulfonation of phenolic compound,BTMR1376,EC 2.8.2.1,HUMAN,BTM00170,O1C=2C(C(=O)C=C1C3=C(C=CC=C3)O)=C(OC)C=C(O)C2,"InChI=1S/C16H12O5/c1-20-14-6-9(17)7-15-16(14)12(19)8-13(21-15)10-4-2-3-5-11(10)18/h2-8,17-18H,1H3",UIVFQXAYYFLAGO-UHFFFAOYSA-N,3.278000000000001,284.068473484
"InChI=1S/C16H12O8S/c1-22-14-6-9(17)7-15-16(14)11(18)8-13(23-15)10-4-2-3-5-12(10)24-25(19,20)21/h2-8,17H,1H3,(H,19,20,21)",ZWNAEBPBTJJSNZ-UHFFFAOYSA-N,O1C=2C(C(=O)C=C1C3=C(C=CC=C3)OS(O)(=O)=O)=C(OC)C=C(O)C2,,,C16H12O8S,364.025288344,2.5412000000000003,0,0,0,BTM00365,BTM00365,Sulfonation of phenolic compound,BTMR1376,EC 2.8.2.1,HUMAN,BTM00170,O1C=2C(C(=O)C=C1C3=C(C=CC=C3)O)=C(OC)C=C(O)C2,"InChI=1S/C16H12O5/c1-20-14-6-9(17)7-15-16(14)12(19)8-13(21-15)10-4-2-3-5-11(10)18/h2-8,17-18H,1H3",UIVFQXAYYFLAGO-UHFFFAOYSA-N,3.278000000000001,284.068473484
"InChI=1S/C17H14O5/c1-20-10-7-15(21-2)17-13(19)9-14(22-16(17)8-10)11-5-3-4-6-12(11)18/h3-9,18H,1-2H3",MWRQFAAWESDTJF-UHFFFAOYSA-N,O1C=2C(C(=O)C=C1C3=C(C=CC=C3)O)=C(OC)C=C(OC)C2,"4398-31-6
2-(2-Hydroxyphenyl)-5,7-dimethoxy-4H-1-benzopyran-4-one
RefChem:250756
2'-hydroxy-5,7-dimethoxyflavone
DTXSID701203662",15921937,C17H14O5,298.084123548,3.5289999999999995,0,0,0,BTM00360,BTM00360,Methylation of phenolic compound,BTMR1377,EC 2.1.1.25,HUMAN,BTM00170,O1C=2C(C(=O)C=C1C3=C(C=CC=C3)O)=C(OC)C=C(O)C2,"InChI=1S/C16H12O5/c1-20-14-6-9(17)7-15-16(14)12(19)8-13(21-15)10-4-2-3-5-11(10)18/h2-8,17-18H,1H3",UIVFQXAYYFLAGO-UHFFFAOYSA-N,3.278000000000001,284.068473484
"InChI=1S/C17H14O5/c1-20-13-6-4-3-5-11(13)14-9-12(19)17-15(21-2)7-10(18)8-16(17)22-14/h3-9,18H,1-2H3",VGHUPFDCSZSPGN-UHFFFAOYSA-N,O1C=2C(C(=O)C=C1C3=C(C=CC=C3)OC)=C(OC)C=C(O)C2,,,C17H14O5,298.084123548,3.5289999999999995,0,0,0,BTM00366,BTM00366,Methylation of phenolic compound,BTMR1377,EC 2.1.1.25,HUMAN,BTM00170,O1C=2C(C(=O)C=C1C3=C(C=CC=C3)O)=C(OC)C=C(O)C2,"InChI=1S/C16H12O5/c1-20-14-6-9(17)7-15-16(14)12(19)8-13(21-15)10-4-2-3-5-11(10)18/h2-8,17-18H,1H3",UIVFQXAYYFLAGO-UHFFFAOYSA-N,3.278000000000001,284.068473484
"InChI=1S/C16H14O5/c1-20-13-5-3-2-4-10(13)14-8-12(19)16-11(18)6-9(17)7-15(16)21-14/h2-8,12,17-19H,1H3",UHEPDMFYKNSZKV-UHFFFAOYSA-N,O1C=2C(C(O)C=C1C3=C(C=CC=C3)OC)=C(O)C=C(O)C2,,,C16H14O5,286.084123548,2.1887999999999996,0,1,1,BTM00357,BTM00357,Reduction of carbonyl,BTMR0368,EC 1.1.1.184,HUMAN,BTM00171,O1C=2C(C(=O)C=C1C3=C(C=CC=C3)OC)=C(O)C=C(O)C2,"InChI=1S/C16H12O5/c1-20-13-5-3-2-4-10(13)14-8-12(19)16-11(18)6-9(17)7-15(16)21-14/h2-8,17-18H,1H3",SWYVZKGICYEZDR-UHFFFAOYSA-N,3.278000000000001,284.068473484
"InChI=1S/C22H20O11/c1-30-13-5-3-2-4-10(13)14-8-12(24)16-11(23)6-9(7-15(16)32-14)31-22-19(27)17(25)18(26)20(33-22)21(28)29/h2-8,17-20,22-23,25-27H,1H3,(H,28,29)",MGRIXGWHQZJMBG-UHFFFAOYSA-N,O1C=2C(C(=O)C=C1C3=C(C=CC=C3)OC)=C(O)C=C(OC4OC(C(O)=O)C(C(C4O)O)O)C2,Oprea1_282084,6066808,C22H20O11,460.10056146,1.5824999999999994,0,1,1,BTM00367,BTM00367,Aromatic OH-glucuronidation,BTMR0166,EC 2.4.1.17,HUMAN,BTM00171,O1C=2C(C(=O)C=C1C3=C(C=CC=C3)OC)=C(O)C=C(O)C2,"InChI=1S/C16H12O5/c1-20-13-5-3-2-4-10(13)14-8-12(19)16-11(18)6-9(17)7-15(16)21-14/h2-8,17-18H,1H3",SWYVZKGICYEZDR-UHFFFAOYSA-N,3.278000000000001,284.068473484
"InChI=1S/C22H20O11/c1-30-12-5-3-2-4-10(12)13-8-11(24)16-14(31-13)6-9(23)7-15(16)32-22-19(27)17(25)18(26)20(33-22)21(28)29/h2-8,17-20,22-23,25-27H,1H3,(H,28,29)",SCSYUTCIRXRYRC-UHFFFAOYSA-N,O1C=2C(C(=O)C=C1C3=C(C=CC=C3)OC)=C(OC4OC(C(O)=O)C(C(C4O)O)O)C=C(O)C2,,,C22H20O11,460.10056146,1.5824999999999994,0,1,1,BTM00368,BTM00368,Aromatic OH-glucuronidation,BTMR0166,EC 2.4.1.17,HUMAN,BTM00171,O1C=2C(C(=O)C=C1C3=C(C=CC=C3)OC)=C(O)C=C(O)C2,"InChI=1S/C16H12O5/c1-20-13-5-3-2-4-10(13)14-8-12(19)16-11(18)6-9(17)7-15(16)21-14/h2-8,17-18H,1H3",SWYVZKGICYEZDR-UHFFFAOYSA-N,3.278000000000001,284.068473484
"InChI=1S/C17H14O5/c1-20-10-7-12(18)17-13(19)9-15(22-16(17)8-10)11-5-3-4-6-14(11)21-2/h3-9,18H,1-2H3",AYJUELGFLABMLR-UHFFFAOYSA-N,O1C=2C(C(=O)C=C1C3=C(C=CC=C3)OC)=C(O)C=C(OC)C2,"5-Hydroxy-7,2'-dimethoxyflavone
RefChem:102828
5-hydroxy-7-methoxy-2-(2-methoxyphenyl)chromen-4-one
LMPK12110129",10913533,C17H14O5,298.084123548,3.5289999999999995,0,0,0,BTM00361,BTM00361,Methylation of phenolic compound,BTMR1377,EC 2.1.1.25,HUMAN,BTM00171,O1C=2C(C(=O)C=C1C3=C(C=CC=C3)OC)=C(O)C=C(O)C2,"InChI=1S/C16H12O5/c1-20-13-5-3-2-4-10(13)14-8-12(19)16-11(18)6-9(17)7-15(16)21-14/h2-8,17-18H,1H3",SWYVZKGICYEZDR-UHFFFAOYSA-N,3.278000000000001,284.068473484
"InChI=1S/C17H14O5/c1-20-13-6-4-3-5-11(13)14-9-12(19)17-15(21-2)7-10(18)8-16(17)22-14/h3-9,18H,1-2H3",VGHUPFDCSZSPGN-UHFFFAOYSA-N,O1C=2C(C(=O)C=C1C3=C(C=CC=C3)OC)=C(OC)C=C(O)C2,,,C17H14O5,298.084123548,3.5289999999999995,0,0,0,BTM00366,BTM00366,Methylation of phenolic compound,BTMR1377,EC 2.1.1.25,HUMAN,BTM00171,O1C=2C(C(=O)C=C1C3=C(C=CC=C3)OC)=C(O)C=C(O)C2,"InChI=1S/C16H12O5/c1-20-13-5-3-2-4-10(13)14-8-12(19)16-11(18)6-9(17)7-15(16)21-14/h2-8,17-18H,1H3",SWYVZKGICYEZDR-UHFFFAOYSA-N,3.278000000000001,284.068473484
"InChI=1S/C21H20O11/c22-9-3-1-2-8(4-9)13-7-12(24)15-11(23)5-10(6-14(15)31-13)30-21-18(27)16(25)17(26)19(32-21)20(28)29/h1-7,12,16-19,21-27H,(H,28,29)",WKJDYTRTAYVJSO-UHFFFAOYSA-N,O1C=2C(C(O)C=C1C3=CC=CC(=C3)O)=C(O)C=C(OC4OC(C(O)=O)C(C(C4O)O)O)C2,,,C21H20O11,448.10056146,0.24229999999999802,1,1,1,BTM00369,BTM00369,Aromatic OH-glucuronidation,BTMR0166,EC 2.4.1.17,HUMAN,BTM00172,O1C=2C(C(O)C=C1C3=CC=CC(=C3)O)=C(O)C=C(O)C2,"InChI=1S/C15H12O5/c16-9-3-1-2-8(4-9)13-7-12(19)15-11(18)5-10(17)6-14(15)20-13/h1-7,12,16-19H",JNNPFNNAKOERPQ-UHFFFAOYSA-N,1.9377999999999997,272.068473484
"InChI=1S/C21H20O11/c22-9-3-1-2-8(4-9)12-7-11(24)15-13(30-12)5-10(23)6-14(15)31-21-18(27)16(25)17(26)19(32-21)20(28)29/h1-7,11,16-19,21-27H,(H,28,29)",WOAZDFDPOOALSM-UHFFFAOYSA-N,O1C=2C(C(O)C=C1C3=CC=CC(=C3)O)=C(OC4OC(C(O)=O)C(C(C4O)O)O)C=C(O)C2,,,C21H20O11,448.10056146,0.24229999999999802,1,1,1,BTM00370,BTM00370,Aromatic OH-glucuronidation,BTMR0166,EC 2.4.1.17,HUMAN,BTM00172,O1C=2C(C(O)C=C1C3=CC=CC(=C3)O)=C(O)C=C(O)C2,"InChI=1S/C15H12O5/c16-9-3-1-2-8(4-9)13-7-12(19)15-11(18)5-10(17)6-14(15)20-13/h1-7,12,16-19H",JNNPFNNAKOERPQ-UHFFFAOYSA-N,1.9377999999999997,272.068473484
"InChI=1S/C21H20O11/c22-9-5-11(23)15-12(24)7-13(31-14(15)6-9)8-2-1-3-10(4-8)30-21-18(27)16(25)17(26)19(32-21)20(28)29/h1-7,12,16-19,21-27H,(H,28,29)",VOCHVDXFWMZHST-UHFFFAOYSA-N,O1C=2C(C(O)C=C1C3=CC=CC(=C3)OC4OC(C(O)=O)C(C(C4O)O)O)=C(O)C=C(O)C2,,,C21H20O11,448.10056146,0.24229999999999802,1,1,1,BTM00371,BTM00371,Aromatic OH-glucuronidation,BTMR0166,EC 2.4.1.17,HUMAN,BTM00172,O1C=2C(C(O)C=C1C3=CC=CC(=C3)O)=C(O)C=C(O)C2,"InChI=1S/C15H12O5/c16-9-3-1-2-8(4-9)13-7-12(19)15-11(18)5-10(17)6-14(15)20-13/h1-7,12,16-19H",JNNPFNNAKOERPQ-UHFFFAOYSA-N,1.9377999999999997,272.068473484
"InChI=1S/C15H12O8S/c16-9-3-1-2-8(4-9)13-7-12(18)15-11(17)5-10(6-14(15)22-13)23-24(19,20)21/h1-7,12,16-18H,(H,19,20,21)",JIYLNZFOBKTSFK-UHFFFAOYSA-N,O1C=2C(C(O)C=C1C3=CC=CC(=C3)O)=C(O)C=C(OS(O)(=O)=O)C2,,,C15H12O8S,352.02528834400005,1.2009999999999996,0,1,1,BTM00372,BTM00372,Sulfonation of phenolic compound,BTMR1376,EC 2.8.2.1,HUMAN,BTM00172,O1C=2C(C(O)C=C1C3=CC=CC(=C3)O)=C(O)C=C(O)C2,"InChI=1S/C15H12O5/c16-9-3-1-2-8(4-9)13-7-12(19)15-11(18)5-10(17)6-14(15)20-13/h1-7,12,16-19H",JNNPFNNAKOERPQ-UHFFFAOYSA-N,1.9377999999999997,272.068473484
"InChI=1S/C15H12O8S/c16-9-3-1-2-8(4-9)12-7-11(18)15-13(22-12)5-10(17)6-14(15)23-24(19,20)21/h1-7,11,16-18H,(H,19,20,21)",ZEQAKKGQPCHSHR-UHFFFAOYSA-N,O1C=2C(C(O)C=C1C3=CC=CC(=C3)O)=C(OS(O)(=O)=O)C=C(O)C2,,,C15H12O8S,352.025288344,1.2009999999999996,0,1,1,BTM00373,BTM00373,Sulfonation of phenolic compound,BTMR1376,EC 2.8.2.1,HUMAN,BTM00172,O1C=2C(C(O)C=C1C3=CC=CC(=C3)O)=C(O)C=C(O)C2,"InChI=1S/C15H12O5/c16-9-3-1-2-8(4-9)13-7-12(19)15-11(18)5-10(17)6-14(15)20-13/h1-7,12,16-19H",JNNPFNNAKOERPQ-UHFFFAOYSA-N,1.9377999999999997,272.068473484
"InChI=1S/C15H12O8S/c16-9-5-11(17)15-12(18)7-13(22-14(15)6-9)8-2-1-3-10(4-8)23-24(19,20)21/h1-7,12,16-18H,(H,19,20,21)",UEBDHMYQGNGSER-UHFFFAOYSA-N,O1C=2C(C(O)C=C1C3=CC=CC(=C3)OS(O)(=O)=O)=C(O)C=C(O)C2,,,C15H12O8S,352.02528834400005,1.2009999999999996,0,1,1,BTM00374,BTM00374,Sulfonation of phenolic compound,BTMR1376,EC 2.8.2.1,HUMAN,BTM00172,O1C=2C(C(O)C=C1C3=CC=CC(=C3)O)=C(O)C=C(O)C2,"InChI=1S/C15H12O5/c16-9-3-1-2-8(4-9)13-7-12(19)15-11(18)5-10(17)6-14(15)20-13/h1-7,12,16-19H",JNNPFNNAKOERPQ-UHFFFAOYSA-N,1.9377999999999997,272.068473484
"InChI=1S/C15H12O8S/c16-9-3-1-2-8(4-9)12-7-14(23-24(19,20)21)15-11(18)5-10(17)6-13(15)22-12/h1-7,14,16-18H,(H,19,20,21)",CBMUYBGKKVTDDY-UHFFFAOYSA-N,O1C=2C(C(OS(O)(=O)=O)C=C1C3=CC=CC(=C3)O)=C(O)C=C(O)C2,,,C15H12O8S,352.025288344,1.3584999999999998,0,1,1,BTM00375,BTM00375,Sulfation of secondary alcohol,BTMR0502,EC 2.8.2.2,HUMAN,BTM00172,O1C=2C(C(O)C=C1C3=CC=CC(=C3)O)=C(O)C=C(O)C2,"InChI=1S/C15H12O5/c16-9-3-1-2-8(4-9)13-7-12(19)15-11(18)5-10(17)6-14(15)20-13/h1-7,12,16-19H",JNNPFNNAKOERPQ-UHFFFAOYSA-N,1.9377999999999997,272.068473484
"InChI=1S/C16H14O5/c1-20-11-6-12(18)16-13(19)8-14(21-15(16)7-11)9-3-2-4-10(17)5-9/h2-8,13,17-19H,1H3",AHGZTBKVFUABKD-UHFFFAOYSA-N,O1C=2C(C(O)C=C1C3=CC=CC(=C3)O)=C(O)C=C(OC)C2,,,C16H14O5,286.084123548,2.1887999999999996,0,1,1,BTM00376,BTM00376,Methylation of phenolic compound,BTMR1377,EC 2.1.1.25,HUMAN,BTM00172,O1C=2C(C(O)C=C1C3=CC=CC(=C3)O)=C(O)C=C(O)C2,"InChI=1S/C15H12O5/c16-9-3-1-2-8(4-9)13-7-12(19)15-11(18)5-10(17)6-14(15)20-13/h1-7,12,16-19H",JNNPFNNAKOERPQ-UHFFFAOYSA-N,1.9377999999999997,272.068473484
"InChI=1S/C16H14O5/c1-20-14-6-11(18)7-15-16(14)12(19)8-13(21-15)9-3-2-4-10(17)5-9/h2-8,12,17-19H,1H3",KOQXLZHIHVOTGZ-UHFFFAOYSA-N,O1C=2C(C(O)C=C1C3=CC=CC(=C3)O)=C(OC)C=C(O)C2,,,C16H14O5,286.084123548,2.1887999999999996,0,1,1,BTM00377,BTM00377,Methylation of phenolic compound,BTMR1377,EC 2.1.1.25,HUMAN,BTM00172,O1C=2C(C(O)C=C1C3=CC=CC(=C3)O)=C(O)C=C(O)C2,"InChI=1S/C15H12O5/c16-9-3-1-2-8(4-9)13-7-12(19)15-11(18)5-10(17)6-14(15)20-13/h1-7,12,16-19H",JNNPFNNAKOERPQ-UHFFFAOYSA-N,1.9377999999999997,272.068473484
"InChI=1S/C16H14O5/c1-20-11-4-2-3-9(5-11)14-8-13(19)16-12(18)6-10(17)7-15(16)21-14/h2-8,13,17-19H,1H3",KJQLFMKWOOUKJE-UHFFFAOYSA-N,O1C=2C(C(O)C=C1C3=CC=CC(=C3)OC)=C(O)C=C(O)C2,,,C16H14O5,286.084123548,2.1887999999999996,0,1,1,BTM00378,BTM00378,Methylation of phenolic compound,BTMR1377,EC 2.1.1.25,HUMAN,BTM00172,O1C=2C(C(O)C=C1C3=CC=CC(=C3)O)=C(O)C=C(O)C2,"InChI=1S/C15H12O5/c16-9-3-1-2-8(4-9)13-7-12(19)15-11(18)5-10(17)6-14(15)20-13/h1-7,12,16-19H",JNNPFNNAKOERPQ-UHFFFAOYSA-N,1.9377999999999997,272.068473484
"InChI=1S/C16H14O5/c1-20-11-4-2-3-9(5-11)14-8-13(19)16-12(18)6-10(17)7-15(16)21-14/h2-8,13,17-19H,1H3",KJQLFMKWOOUKJE-UHFFFAOYSA-N,O1C=2C(C(O)C=C1C3=CC=CC(=C3)OC)=C(O)C=C(O)C2,,,C16H14O5,286.084123548,2.1887999999999996,0,1,1,BTM00378,BTM00378,Reduction of carbonyl,BTMR0368,EC 1.1.1.184,HUMAN,BTM00173,O1C=2C(C(=O)C=C1C3=CC=CC(=C3)OC)=C(O)C=C(O)C2,"InChI=1S/C16H12O5/c1-20-11-4-2-3-9(5-11)14-8-13(19)16-12(18)6-10(17)7-15(16)21-14/h2-8,17-18H,1H3",LYRAAKFLFNBVGJ-UHFFFAOYSA-N,3.278000000000001,284.068473484
"InChI=1S/C22H20O11/c1-30-10-4-2-3-9(5-10)14-8-13(24)16-12(23)6-11(7-15(16)32-14)31-22-19(27)17(25)18(26)20(33-22)21(28)29/h2-8,17-20,22-23,25-27H,1H3,(H,28,29)",GKONEVIQDJICSX-UHFFFAOYSA-N,O1C=2C(C(=O)C=C1C3=CC=CC(=C3)OC)=C(O)C=C(OC4OC(C(O)=O)C(C(C4O)O)O)C2,,,C22H20O11,460.10056146,1.5824999999999994,0,1,1,BTM00379,BTM00379,Aromatic OH-glucuronidation,BTMR0166,EC 2.4.1.17,HUMAN,BTM00173,O1C=2C(C(=O)C=C1C3=CC=CC(=C3)OC)=C(O)C=C(O)C2,"InChI=1S/C16H12O5/c1-20-11-4-2-3-9(5-11)14-8-13(19)16-12(18)6-10(17)7-15(16)21-14/h2-8,17-18H,1H3",LYRAAKFLFNBVGJ-UHFFFAOYSA-N,3.278000000000001,284.068473484
"InChI=1S/C22H20O11/c1-30-11-4-2-3-9(5-11)13-8-12(24)16-14(31-13)6-10(23)7-15(16)32-22-19(27)17(25)18(26)20(33-22)21(28)29/h2-8,17-20,22-23,25-27H,1H3,(H,28,29)",KOJYLTJIZNDJJF-UHFFFAOYSA-N,O1C=2C(C(=O)C=C1C3=CC=CC(=C3)OC)=C(OC4OC(C(O)=O)C(C(C4O)O)O)C=C(O)C2,,,C22H20O11,460.10056146,1.5824999999999994,0,1,1,BTM00380,BTM00380,Aromatic OH-glucuronidation,BTMR0166,EC 2.4.1.17,HUMAN,BTM00173,O1C=2C(C(=O)C=C1C3=CC=CC(=C3)OC)=C(O)C=C(O)C2,"InChI=1S/C16H12O5/c1-20-11-4-2-3-9(5-11)14-8-13(19)16-12(18)6-10(17)7-15(16)21-14/h2-8,17-18H,1H3",LYRAAKFLFNBVGJ-UHFFFAOYSA-N,3.278000000000001,284.068473484
"InChI=1S/C17H14O5/c1-20-11-5-3-4-10(6-11)15-9-14(19)17-13(18)7-12(21-2)8-16(17)22-15/h3-9,18H,1-2H3",UPQPVJDISPFHEA-UHFFFAOYSA-N,O1C=2C(C(=O)C=C1C3=CC=CC(=C3)OC)=C(O)C=C(OC)C2,"57396-77-7
4H-1-Benzopyran-4-one, 5-hydroxy-7-methoxy-2-(3-methoxyphenyl)-
UPQPVJDISPFHEA-UHFFFAOYSA-N
4h-1-benzopyran-4-one,5-hydroxy-7-methoxy-2-(3-methoxyphenyl)-
DB-325003
5-Hydroxy-7-methoxy-2-(3-methoxyphenyl)-4H-chromen-4-one #",5378175,C17H14O5,298.084123548,3.5289999999999995,0,0,0,BTM00381,BTM00381,Methylation of phenolic compound,BTMR1377,EC 2.1.1.25,HUMAN,BTM00173,O1C=2C(C(=O)C=C1C3=CC=CC(=C3)OC)=C(O)C=C(O)C2,"InChI=1S/C16H12O5/c1-20-11-4-2-3-9(5-11)14-8-13(19)16-12(18)6-10(17)7-15(16)21-14/h2-8,17-18H,1H3",LYRAAKFLFNBVGJ-UHFFFAOYSA-N,3.278000000000001,284.068473484
"InChI=1S/C17H14O5/c1-20-12-5-3-4-10(6-12)14-9-13(19)17-15(21-2)7-11(18)8-16(17)22-14/h3-9,18H,1-2H3",OHFZWFXNKAEAMC-UHFFFAOYSA-N,O1C=2C(C(=O)C=C1C3=CC=CC(=C3)OC)=C(OC)C=C(O)C2,,,C17H14O5,298.084123548,3.5289999999999995,0,0,0,BTM00382,BTM00382,Methylation of phenolic compound,BTMR1377,EC 2.1.1.25,HUMAN,BTM00173,O1C=2C(C(=O)C=C1C3=CC=CC(=C3)OC)=C(O)C=C(O)C2,"InChI=1S/C16H12O5/c1-20-11-4-2-3-9(5-11)14-8-13(19)16-12(18)6-10(17)7-15(16)21-14/h2-8,17-18H,1H3",LYRAAKFLFNBVGJ-UHFFFAOYSA-N,3.278000000000001,284.068473484
"InChI=1S/C16H14O5/c1-20-11-6-12(18)16-13(19)8-14(21-15(16)7-11)9-3-2-4-10(17)5-9/h2-8,13,17-19H,1H3",AHGZTBKVFUABKD-UHFFFAOYSA-N,O1C=2C(C(O)C=C1C3=CC=CC(=C3)O)=C(O)C=C(OC)C2,,,C16H14O5,286.084123548,2.1887999999999996,0,1,1,BTM00376,BTM00376,Reduction of carbonyl,BTMR0368,EC 1.1.1.184,HUMAN,BTM00177,O1C=2C(C(=O)C=C1C3=CC=CC(=C3)O)=C(O)C=C(OC)C2,"InChI=1S/C16H12O5/c1-20-11-6-12(18)16-13(19)8-14(21-15(16)7-11)9-3-2-4-10(17)5-9/h2-8,17-18H,1H3",BQASOSNOLITMSO-UHFFFAOYSA-N,3.278000000000001,284.068473484
"InChI=1S/C17H14O5/c1-20-11-5-3-4-10(6-11)15-9-14(19)17-13(18)7-12(21-2)8-16(17)22-15/h3-9,18H,1-2H3",UPQPVJDISPFHEA-UHFFFAOYSA-N,O1C=2C(C(=O)C=C1C3=CC=CC(=C3)OC)=C(O)C=C(OC)C2,"57396-77-7
4H-1-Benzopyran-4-one, 5-hydroxy-7-methoxy-2-(3-methoxyphenyl)-
UPQPVJDISPFHEA-UHFFFAOYSA-N
4h-1-benzopyran-4-one,5-hydroxy-7-methoxy-2-(3-methoxyphenyl)-
DB-325003
5-Hydroxy-7-methoxy-2-(3-methoxyphenyl)-4H-chromen-4-one #",5378175,C17H14O5,298.084123548,3.5289999999999995,0,0,0,BTM00381,BTM00381,3'-O-Methylation of flavone,BTMR0417,EC 2.1.1.42,HUMAN,BTM00177,O1C=2C(C(=O)C=C1C3=CC=CC(=C3)O)=C(O)C=C(OC)C2,"InChI=1S/C16H12O5/c1-20-11-6-12(18)16-13(19)8-14(21-15(16)7-11)9-3-2-4-10(17)5-9/h2-8,17-18H,1H3",BQASOSNOLITMSO-UHFFFAOYSA-N,3.278000000000001,284.068473484
"InChI=1S/C22H20O11/c1-30-11-6-14-16(12(24)8-13(31-14)9-3-2-4-10(23)5-9)15(7-11)32-22-19(27)17(25)18(26)20(33-22)21(28)29/h2-8,17-20,22-23,25-27H,1H3,(H,28,29)",FWABBHLCZNTVQH-UHFFFAOYSA-N,O1C=2C(C(=O)C=C1C3=CC=CC(=C3)O)=C(OC4OC(C(O)=O)C(C(C4O)O)O)C=C(OC)C2,,,C22H20O11,460.10056146,1.5824999999999994,0,1,1,BTM00383,BTM00383,Aromatic OH-glucuronidation,BTMR0166,EC 2.4.1.17,HUMAN,BTM00177,O1C=2C(C(=O)C=C1C3=CC=CC(=C3)O)=C(O)C=C(OC)C2,"InChI=1S/C16H12O5/c1-20-11-6-12(18)16-13(19)8-14(21-15(16)7-11)9-3-2-4-10(17)5-9/h2-8,17-18H,1H3",BQASOSNOLITMSO-UHFFFAOYSA-N,3.278000000000001,284.068473484
"InChI=1S/C22H20O11/c1-30-11-6-12(23)16-13(24)8-14(32-15(16)7-11)9-3-2-4-10(5-9)31-22-19(27)17(25)18(26)20(33-22)21(28)29/h2-8,17-20,22-23,25-27H,1H3,(H,28,29)",WNIOXLCJSASFCW-UHFFFAOYSA-N,O1C=2C(C(=O)C=C1C3=CC=CC(=C3)OC4OC(C(O)=O)C(C(C4O)O)O)=C(O)C=C(OC)C2,,,C22H20O11,460.10056146,1.5824999999999994,0,1,1,BTM00384,BTM00384,Aromatic OH-glucuronidation,BTMR0166,EC 2.4.1.17,HUMAN,BTM00177,O1C=2C(C(=O)C=C1C3=CC=CC(=C3)O)=C(O)C=C(OC)C2,"InChI=1S/C16H12O5/c1-20-11-6-12(18)16-13(19)8-14(21-15(16)7-11)9-3-2-4-10(17)5-9/h2-8,17-18H,1H3",BQASOSNOLITMSO-UHFFFAOYSA-N,3.278000000000001,284.068473484
"InChI=1S/C17H14O5/c1-20-12-7-15(21-2)17-13(19)9-14(22-16(17)8-12)10-4-3-5-11(18)6-10/h3-9,18H,1-2H3",QCBVVYLBNAZDPE-UHFFFAOYSA-N,O1C=2C(C(=O)C=C1C3=CC=CC(=C3)O)=C(OC)C=C(OC)C2,,,C17H14O5,298.084123548,3.5289999999999995,0,0,0,BTM00385,BTM00385,Methylation of phenolic compound,BTMR1377,EC 2.1.1.25,HUMAN,BTM00177,O1C=2C(C(=O)C=C1C3=CC=CC(=C3)O)=C(O)C=C(OC)C2,"InChI=1S/C16H12O5/c1-20-11-6-12(18)16-13(19)8-14(21-15(16)7-11)9-3-2-4-10(17)5-9/h2-8,17-18H,1H3",BQASOSNOLITMSO-UHFFFAOYSA-N,3.278000000000001,284.068473484
"InChI=1S/C17H14O5/c1-20-11-5-3-4-10(6-11)15-9-14(19)17-13(18)7-12(21-2)8-16(17)22-15/h3-9,18H,1-2H3",UPQPVJDISPFHEA-UHFFFAOYSA-N,O1C=2C(C(=O)C=C1C3=CC=CC(=C3)OC)=C(O)C=C(OC)C2,"57396-77-7
4H-1-Benzopyran-4-one, 5-hydroxy-7-methoxy-2-(3-methoxyphenyl)-
UPQPVJDISPFHEA-UHFFFAOYSA-N
4h-1-benzopyran-4-one,5-hydroxy-7-methoxy-2-(3-methoxyphenyl)-
DB-325003
5-Hydroxy-7-methoxy-2-(3-methoxyphenyl)-4H-chromen-4-one #",5378175,C17H14O5,298.084123548,3.5289999999999995,0,0,0,BTM00381,BTM00381,Methylation of phenolic compound,BTMR1377,EC 2.1.1.25,HUMAN,BTM00177,O1C=2C(C(=O)C=C1C3=CC=CC(=C3)O)=C(O)C=C(OC)C2,"InChI=1S/C16H12O5/c1-20-11-6-12(18)16-13(19)8-14(21-15(16)7-11)9-3-2-4-10(17)5-9/h2-8,17-18H,1H3",BQASOSNOLITMSO-UHFFFAOYSA-N,3.278000000000001,284.068473484
"InChI=1S/C16H14O5/c1-20-14-6-11(18)7-15-16(14)12(19)8-13(21-15)9-3-2-4-10(17)5-9/h2-8,12,17-19H,1H3",KOQXLZHIHVOTGZ-UHFFFAOYSA-N,O1C=2C(C(O)C=C1C3=CC=CC(=C3)O)=C(OC)C=C(O)C2,,,C16H14O5,286.084123548,2.1887999999999996,0,1,1,BTM00377,BTM00377,Reduction of carbonyl,BTMR0368,EC 1.1.1.184,HUMAN,BTM00178,O1C=2C(C(=O)C=C1C3=CC=CC(=C3)O)=C(OC)C=C(O)C2,"InChI=1S/C16H12O5/c1-20-14-6-11(18)7-15-16(14)12(19)8-13(21-15)9-3-2-4-10(17)5-9/h2-8,17-18H,1H3",UYUGLBRPDXOIPY-UHFFFAOYSA-N,3.278000000000001,284.068473484
"InChI=1S/C17H14O5/c1-20-12-5-3-4-10(6-12)14-9-13(19)17-15(21-2)7-11(18)8-16(17)22-14/h3-9,18H,1-2H3",OHFZWFXNKAEAMC-UHFFFAOYSA-N,O1C=2C(C(=O)C=C1C3=CC=CC(=C3)OC)=C(OC)C=C(O)C2,,,C17H14O5,298.084123548,3.5289999999999995,0,0,0,BTM00382,BTM00382,3'-O-Methylation of flavone,BTMR0417,EC 2.1.1.42,HUMAN,BTM00178,O1C=2C(C(=O)C=C1C3=CC=CC(=C3)O)=C(OC)C=C(O)C2,"InChI=1S/C16H12O5/c1-20-14-6-11(18)7-15-16(14)12(19)8-13(21-15)9-3-2-4-10(17)5-9/h2-8,17-18H,1H3",UYUGLBRPDXOIPY-UHFFFAOYSA-N,3.278000000000001,284.068473484
"InChI=1S/C22H20O11/c1-30-14-6-11(31-22-19(27)17(25)18(26)20(33-22)21(28)29)7-15-16(14)12(24)8-13(32-15)9-3-2-4-10(23)5-9/h2-8,17-20,22-23,25-27H,1H3,(H,28,29)",STFAFIOSDXNFNO-UHFFFAOYSA-N,O1C=2C(C(=O)C=C1C3=CC=CC(=C3)O)=C(OC)C=C(OC4OC(C(O)=O)C(C(C4O)O)O)C2,,,C22H20O11,460.10056146,1.5824999999999994,0,1,1,BTM00386,BTM00386,Aromatic OH-glucuronidation,BTMR0166,EC 2.4.1.17,HUMAN,BTM00178,O1C=2C(C(=O)C=C1C3=CC=CC(=C3)O)=C(OC)C=C(O)C2,"InChI=1S/C16H12O5/c1-20-14-6-11(18)7-15-16(14)12(19)8-13(21-15)9-3-2-4-10(17)5-9/h2-8,17-18H,1H3",UYUGLBRPDXOIPY-UHFFFAOYSA-N,3.278000000000001,284.068473484
"InChI=1S/C22H20O11/c1-30-14-6-10(23)7-15-16(14)12(24)8-13(32-15)9-3-2-4-11(5-9)31-22-19(27)17(25)18(26)20(33-22)21(28)29/h2-8,17-20,22-23,25-27H,1H3,(H,28,29)",QDBDIDYDLBZNOA-UHFFFAOYSA-N,O1C=2C(C(=O)C=C1C3=CC=CC(=C3)OC4OC(C(O)=O)C(C(C4O)O)O)=C(OC)C=C(O)C2,,,C22H20O11,460.10056146,1.5824999999999994,0,1,1,BTM00387,BTM00387,Aromatic OH-glucuronidation,BTMR0166,EC 2.4.1.17,HUMAN,BTM00178,O1C=2C(C(=O)C=C1C3=CC=CC(=C3)O)=C(OC)C=C(O)C2,"InChI=1S/C16H12O5/c1-20-14-6-11(18)7-15-16(14)12(19)8-13(21-15)9-3-2-4-10(17)5-9/h2-8,17-18H,1H3",UYUGLBRPDXOIPY-UHFFFAOYSA-N,3.278000000000001,284.068473484
"InChI=1S/C16H12O8S/c1-22-14-6-11(24-25(19,20)21)7-15-16(14)12(18)8-13(23-15)9-3-2-4-10(17)5-9/h2-8,17H,1H3,(H,19,20,21)",QRJCCAVFNDJGJB-UHFFFAOYSA-N,O1C=2C(C(=O)C=C1C3=CC=CC(=C3)O)=C(OC)C=C(OS(O)(=O)=O)C2,,,C16H12O8S,364.025288344,2.5412000000000003,0,0,0,BTM00388,BTM00388,Sulfonation of phenolic compound,BTMR1376,EC 2.8.2.1,HUMAN,BTM00178,O1C=2C(C(=O)C=C1C3=CC=CC(=C3)O)=C(OC)C=C(O)C2,"InChI=1S/C16H12O5/c1-20-14-6-11(18)7-15-16(14)12(19)8-13(21-15)9-3-2-4-10(17)5-9/h2-8,17-18H,1H3",UYUGLBRPDXOIPY-UHFFFAOYSA-N,3.278000000000001,284.068473484
"InChI=1S/C16H12O8S/c1-22-14-6-10(17)7-15-16(14)12(18)8-13(23-15)9-3-2-4-11(5-9)24-25(19,20)21/h2-8,17H,1H3,(H,19,20,21)",RRYVNBIJAZWVRD-UHFFFAOYSA-N,O1C=2C(C(=O)C=C1C3=CC=CC(=C3)OS(O)(=O)=O)=C(OC)C=C(O)C2,,,C16H12O8S,364.025288344,2.5412000000000003,0,0,0,BTM00389,BTM00389,Sulfonation of phenolic compound,BTMR1376,EC 2.8.2.1,HUMAN,BTM00178,O1C=2C(C(=O)C=C1C3=CC=CC(=C3)O)=C(OC)C=C(O)C2,"InChI=1S/C16H12O5/c1-20-14-6-11(18)7-15-16(14)12(19)8-13(21-15)9-3-2-4-10(17)5-9/h2-8,17-18H,1H3",UYUGLBRPDXOIPY-UHFFFAOYSA-N,3.278000000000001,284.068473484
"InChI=1S/C17H14O5/c1-20-12-7-15(21-2)17-13(19)9-14(22-16(17)8-12)10-4-3-5-11(18)6-10/h3-9,18H,1-2H3",QCBVVYLBNAZDPE-UHFFFAOYSA-N,O1C=2C(C(=O)C=C1C3=CC=CC(=C3)O)=C(OC)C=C(OC)C2,,,C17H14O5,298.084123548,3.5289999999999995,0,0,0,BTM00385,BTM00385,Methylation of phenolic compound,BTMR1377,EC 2.1.1.25,HUMAN,BTM00178,O1C=2C(C(=O)C=C1C3=CC=CC(=C3)O)=C(OC)C=C(O)C2,"InChI=1S/C16H12O5/c1-20-14-6-11(18)7-15-16(14)12(19)8-13(21-15)9-3-2-4-10(17)5-9/h2-8,17-18H,1H3",UYUGLBRPDXOIPY-UHFFFAOYSA-N,3.278000000000001,284.068473484
"InChI=1S/C17H14O5/c1-20-12-5-3-4-10(6-12)14-9-13(19)17-15(21-2)7-11(18)8-16(17)22-14/h3-9,18H,1-2H3",OHFZWFXNKAEAMC-UHFFFAOYSA-N,O1C=2C(C(=O)C=C1C3=CC=CC(=C3)OC)=C(OC)C=C(O)C2,,,C17H14O5,298.084123548,3.5289999999999995,0,0,0,BTM00382,BTM00382,Methylation of phenolic compound,BTMR1377,EC 2.1.1.25,HUMAN,BTM00178,O1C=2C(C(=O)C=C1C3=CC=CC(=C3)O)=C(OC)C=C(O)C2,"InChI=1S/C16H12O5/c1-20-14-6-11(18)7-15-16(14)12(19)8-13(21-15)9-3-2-4-10(17)5-9/h2-8,17-18H,1H3",UYUGLBRPDXOIPY-UHFFFAOYSA-N,3.278000000000001,284.068473484
"InChI=1S/C21H22O11/c22-10-4-1-9(2-5-10)3-6-12(24)15-13(25)7-11(23)8-14(15)31-21-18(28)16(26)17(27)19(32-21)20(29)30/h1-8,12,16-19,21-28H,(H,29,30)",NNECKFZXHANSAF-UHFFFAOYSA-N,O(C=1C(C(O)C=CC2=CC=C(O)C=C2)=C(O)C=C(O)C1)C3OC(C(O)=O)C(C(C3O)O)O,,,C21H22O11,450.116211524,0.5403999999999993,1,1,1,BTM00390,BTM00390,Aromatic OH-glucuronidation,BTMR0166,EC 2.4.1.17,HUMAN,BTM00179,OC=1C(C(O)C=CC2=CC=C(O)C=C2)=C(O)C=C(O)C1,"InChI=1S/C15H14O5/c16-10-4-1-9(2-5-10)3-6-12(18)15-13(19)7-11(17)8-14(15)20/h1-8,12,16-20H/b6-3+",DIABYVGHSDUKHY-ZZXKWVIFSA-N,2.2358999999999996,274.084123548
"InChI=1S/C21H22O11/c22-10-4-1-9(2-5-10)3-6-12(23)15-13(24)7-11(8-14(15)25)31-21-18(28)16(26)17(27)19(32-21)20(29)30/h1-8,12,16-19,21-28H,(H,29,30)",ZVIQKYWWSMHVMP-UHFFFAOYSA-N,OC=1C(C(O)C=CC2=CC=C(O)C=C2)=C(O)C=C(OC3OC(C(O)=O)C(C(C3O)O)O)C1,,,C21H22O11,450.116211524,0.5403999999999993,1,1,1,BTM00391,BTM00391,Aromatic OH-glucuronidation,BTMR0166,EC 2.4.1.17,HUMAN,BTM00179,OC=1C(C(O)C=CC2=CC=C(O)C=C2)=C(O)C=C(O)C1,"InChI=1S/C15H14O5/c16-10-4-1-9(2-5-10)3-6-12(18)15-13(19)7-11(17)8-14(15)20/h1-8,12,16-20H/b6-3+",DIABYVGHSDUKHY-ZZXKWVIFSA-N,2.2358999999999996,274.084123548
"InChI=1S/C21H22O11/c22-10-7-13(24)15(14(25)8-10)12(23)6-3-9-1-4-11(5-2-9)31-21-18(28)16(26)17(27)19(32-21)20(29)30/h1-8,12,16-19,21-28H,(H,29,30)",MDPIOYSTTMRFNI-UHFFFAOYSA-N,OC=1C(C(O)C=CC2=CC=C(OC3OC(C(O)=O)C(C(C3O)O)O)C=C2)=C(O)C=C(O)C1,,,C21H22O11,450.116211524,0.5403999999999993,1,1,1,BTM00392,BTM00392,Aromatic OH-glucuronidation,BTMR0166,EC 2.4.1.17,HUMAN,BTM00179,OC=1C(C(O)C=CC2=CC=C(O)C=C2)=C(O)C=C(O)C1,"InChI=1S/C15H14O5/c16-10-4-1-9(2-5-10)3-6-12(18)15-13(19)7-11(17)8-14(15)20/h1-8,12,16-20H/b6-3+",DIABYVGHSDUKHY-ZZXKWVIFSA-N,2.2358999999999996,274.084123548
"InChI=1S/C15H14O8S/c16-10-4-1-9(2-5-10)3-6-12(18)15-13(19)7-11(17)8-14(15)23-24(20,21)22/h1-8,12,16-19H,(H,20,21,22)",SEDWVWCRHKIYSC-UHFFFAOYSA-N,O(C=1C(C(O)C=CC2=CC=C(O)C=C2)=C(O)C=C(O)C1)S(O)(=O)=O,,,C15H14O8S,354.040938408,1.4990999999999997,0,1,1,BTM00393,BTM00393,Sulfonation of phenolic compound,BTMR1376,EC 2.8.2.1,HUMAN,BTM00179,OC=1C(C(O)C=CC2=CC=C(O)C=C2)=C(O)C=C(O)C1,"InChI=1S/C15H14O5/c16-10-4-1-9(2-5-10)3-6-12(18)15-13(19)7-11(17)8-14(15)20/h1-8,12,16-20H/b6-3+",DIABYVGHSDUKHY-ZZXKWVIFSA-N,2.2358999999999996,274.084123548
"InChI=1S/C15H14O8S/c16-10-4-1-9(2-5-10)3-6-12(17)15-13(18)7-11(8-14(15)19)23-24(20,21)22/h1-8,12,16-19H,(H,20,21,22)",FFDHJALJOCKLGK-UHFFFAOYSA-N,OC=1C(C(O)C=CC2=CC=C(O)C=C2)=C(O)C=C(OS(O)(=O)=O)C1,,,C15H14O8S,354.040938408,1.4990999999999997,0,1,1,BTM00394,BTM00394,Sulfonation of phenolic compound,BTMR1376,EC 2.8.2.1,HUMAN,BTM00179,OC=1C(C(O)C=CC2=CC=C(O)C=C2)=C(O)C=C(O)C1,"InChI=1S/C15H14O5/c16-10-4-1-9(2-5-10)3-6-12(18)15-13(19)7-11(17)8-14(15)20/h1-8,12,16-20H/b6-3+",DIABYVGHSDUKHY-ZZXKWVIFSA-N,2.2358999999999996,274.084123548
"InChI=1S/C15H14O8S/c16-10-7-13(18)15(14(19)8-10)12(17)6-3-9-1-4-11(5-2-9)23-24(20,21)22/h1-8,12,16-19H,(H,20,21,22)",BKTISTXHKBWYFF-UHFFFAOYSA-N,OC=1C(C(O)C=CC2=CC=C(OS(O)(=O)=O)C=C2)=C(O)C=C(O)C1,,,C15H14O8S,354.040938408,1.4990999999999997,0,1,1,BTM00395,BTM00395,Sulfonation of phenolic compound,BTMR1376,EC 2.8.2.1,HUMAN,BTM00179,OC=1C(C(O)C=CC2=CC=C(O)C=C2)=C(O)C=C(O)C1,"InChI=1S/C15H14O5/c16-10-4-1-9(2-5-10)3-6-12(18)15-13(19)7-11(17)8-14(15)20/h1-8,12,16-20H/b6-3+",DIABYVGHSDUKHY-ZZXKWVIFSA-N,2.2358999999999996,274.084123548
"InChI=1S/C15H14O8S/c16-10-4-1-9(2-5-10)3-6-14(23-24(20,21)22)15-12(18)7-11(17)8-13(15)19/h1-8,14,16-19H,(H,20,21,22)",AVBUHDHGGXOVIU-UHFFFAOYSA-N,OC=1C(C(OS(O)(=O)=O)C=CC2=CC=C(O)C=C2)=C(O)C=C(O)C1,,,C15H14O8S,354.040938408,1.6565999999999992,0,1,1,BTM00396,BTM00396,Sulfation of secondary alcohol,BTMR0502,EC 2.8.2.2,HUMAN,BTM00179,OC=1C(C(O)C=CC2=CC=C(O)C=C2)=C(O)C=C(O)C1,"InChI=1S/C15H14O5/c16-10-4-1-9(2-5-10)3-6-12(18)15-13(19)7-11(17)8-14(15)20/h1-8,12,16-20H/b6-3+",DIABYVGHSDUKHY-ZZXKWVIFSA-N,2.2358999999999996,274.084123548
"InChI=1S/C16H16O5/c1-21-15-9-12(18)8-14(20)16(15)13(19)7-4-10-2-5-11(17)6-3-10/h2-9,13,17-20H,1H3",RBVBMQMEGHSKRD-UHFFFAOYSA-N,O(C=1C(C(O)C=CC2=CC=C(O)C=C2)=C(O)C=C(O)C1)C,,,C16H16O5,288.099773612,2.486899999999998,0,1,1,BTM00397,BTM00397,Methylation of phenolic compound,BTMR1377,EC 2.1.1.25,HUMAN,BTM00179,OC=1C(C(O)C=CC2=CC=C(O)C=C2)=C(O)C=C(O)C1,"InChI=1S/C15H14O5/c16-10-4-1-9(2-5-10)3-6-12(18)15-13(19)7-11(17)8-14(15)20/h1-8,12,16-20H/b6-3+",DIABYVGHSDUKHY-ZZXKWVIFSA-N,2.2358999999999996,274.084123548
"InChI=1S/C16H16O5/c1-21-12-8-14(19)16(15(20)9-12)13(18)7-4-10-2-5-11(17)6-3-10/h2-9,13,17-20H,1H3",BYTXSMNFHIPIMU-UHFFFAOYSA-N,OC=1C(C(O)C=CC2=CC=C(O)C=C2)=C(O)C=C(OC)C1,,,C16H16O5,288.099773612,2.486899999999998,0,1,1,BTM00398,BTM00398,Methylation of phenolic compound,BTMR1377,EC 2.1.1.25,HUMAN,BTM00179,OC=1C(C(O)C=CC2=CC=C(O)C=C2)=C(O)C=C(O)C1,"InChI=1S/C15H14O5/c16-10-4-1-9(2-5-10)3-6-12(18)15-13(19)7-11(17)8-14(15)20/h1-8,12,16-20H/b6-3+",DIABYVGHSDUKHY-ZZXKWVIFSA-N,2.2358999999999996,274.084123548
"InChI=1S/C16H16O5/c1-21-12-5-2-10(3-6-12)4-7-13(18)16-14(19)8-11(17)9-15(16)20/h2-9,13,17-20H,1H3",GCECWFABFCOJOH-UHFFFAOYSA-N,OC=1C(C(O)C=CC2=CC=C(OC)C=C2)=C(O)C=C(O)C1,,,C16H16O5,288.099773612,2.486899999999998,0,1,1,BTM00399,BTM00399,Methylation of phenolic compound,BTMR1377,EC 2.1.1.25,HUMAN,BTM00179,OC=1C(C(O)C=CC2=CC=C(O)C=C2)=C(O)C=C(O)C1,"InChI=1S/C15H14O5/c16-10-4-1-9(2-5-10)3-6-12(18)15-13(19)7-11(17)8-14(15)20/h1-8,12,16-20H/b6-3+",DIABYVGHSDUKHY-ZZXKWVIFSA-N,2.2358999999999996,274.084123548
"InChI=1S/C11H11NO4/c13-9-4-1-8(2-5-9)3-6-10(14)12-7-11(15)16/h1-6,13H,7H2,(H,12,14)(H,15,16)/b6-3+",NZSACLXQEHBCNF-ZZXKWVIFSA-N,C(=O)(C=CC1=CC=C(O)C=C1)NCC(O)=O,,,C11H11NO4,221.068807832,0.9079999999999998,0,1,1,BTM00400,BTM00400,Glycine conjugation,BTMR1325,EC 2.3.1.13,HUMAN,BTM00181,C(=O)(C=CC1=CC=C(O)C=C1)O,"InChI=1S/C9H8O3/c10-8-4-1-7(2-5-8)3-6-9(11)12/h1-6,10H,(H,11,12)/b6-3+",NGSWKAQJJWESNS-ZZXKWVIFSA-N,1.6347999999999994,164.04734411599998
"InChI=1S/C15H16O9/c16-9(17)6-3-7-1-4-8(5-2-7)23-15-12(20)10(18)11(19)13(24-15)14(21)22/h1-6,10-13,15,18-20H,(H,16,17)(H,21,22)/b6-3+",SOKJXEKPKWKYKR-ZZXKWVIFSA-N,C(=O)(C=CC1=CC=C(OC2OC(C(O)=O)C(C(C2O)O)O)C=C1)O,,,C15H16O9,340.079432092,-0.0606999999999991,0,1,1,BTM00401,BTM00401,Aromatic OH-glucuronidation,BTMR0166,EC 2.4.1.17,HUMAN,BTM00181,C(=O)(C=CC1=CC=C(O)C=C1)O,"InChI=1S/C9H8O3/c10-8-4-1-7(2-5-8)3-6-9(11)12/h1-6,10H,(H,11,12)/b6-3+",NGSWKAQJJWESNS-ZZXKWVIFSA-N,1.6347999999999994,164.04734411599998
"InChI=1S/C15H16O9/c16-8-4-1-7(2-5-8)3-6-9(17)23-15-12(20)10(18)11(19)13(24-15)14(21)22/h1-6,10-13,15-16,18-20H,(H,21,22)/b6-3+",XCRVBSANZVGYQB-ZZXKWVIFSA-N,C(=O)(C=CC1=CC=C(O)C=C1)OC2OC(C(O)C(O)C2O)C(O)=O,,,C15H16O9,340.079432092,-0.0606999999999991,0,1,1,BTM00402,BTM00402,O-Glucuronidation of aliphatic acid,BTMR0167,EC 2.4.1.17,HUMAN,BTM00181,C(=O)(C=CC1=CC=C(O)C=C1)O,"InChI=1S/C9H8O3/c10-8-4-1-7(2-5-8)3-6-9(11)12/h1-6,10H,(H,11,12)/b6-3+",NGSWKAQJJWESNS-ZZXKWVIFSA-N,1.6347999999999994,164.04734411599998
"InChI=1S/C9H8O6S/c10-9(11)6-3-7-1-4-8(5-2-7)15-16(12,13)14/h1-6H,(H,10,11)(H,12,13,14)/b6-3+",OYDCCWNLILCHDJ-ZZXKWVIFSA-N,C(=O)(C=CC1=CC=C(OS(O)(=O)=O)C=C1)O,"Zosteric acid
RefChem:934570
(E)-3-(4-sulfooxyphenyl)prop-2-enoic acid
151481-49-1
NSC670825
376374-66-2
p-CoumaricAcid-d44-O-Sulfate
4-(Sulfooxy)benzeneacrylic acid
p-sulfoxycinnamic acid
p-coumaric acid sulfate
4-Hydroxycinnamate sulfate
p-(sulfooxy)-cinnamic acid
4-(sulfooxy)-cinnamic acid
p-(sulphooxy)-cinnamic acid
(2E)-3-[4-(sulfooxy)phenyl]prop-2-enoic acid
p-(sulfo-oxy) cinnamic acid
p-Coumaric acid 4-O-sulfate
CHEMBL575429
SCHEMBL6041181
CHEBI:144380
DTXSID701035287
tras-4-Hydroxycinnamic acid sulfate
3-(4-(Sulfooxy)phenyl)acrylic acid
2-Propenoic acid, 3-[4-(sulfooxy)phenyl]-, (2E)-",6070438,C9H8O6S,244.00415897599999,0.8979999999999995,0,0,0,BTM00403,BTM00403,4-OH-Sulfation of hydroxycinnamate,BTMR1289,EC 2.8.2.1,HUMAN,BTM00181,C(=O)(C=CC1=CC=C(O)C=C1)O,"InChI=1S/C9H8O3/c10-8-4-1-7(2-5-8)3-6-9(11)12/h1-6,10H,(H,11,12)/b6-3+",NGSWKAQJJWESNS-ZZXKWVIFSA-N,1.6347999999999994,164.04734411599998
"InChI=1S/C16H21NO5/c1-17(2,3)11-14(10-15(19)20)22-16(21)9-6-12-4-7-13(18)8-5-12/h4-9,14H,10-11H2,1-3H3,(H-,18,19,20,21)",VLYSPNQOEUHYCZ-UHFFFAOYSA-N,C(=O)(C=CC1=CC=C(O)C=C1)OC(C[N+](C)(C)C)CC([O-])=O,,,C16H21NO5,307.14197277200003,-0.2751000000000001,0,0,0,BTM00404,BTM00404,Carnitine conjugation,BTMR1324,EC 2.3.1.7,HUMAN,BTM00181,C(=O)(C=CC1=CC=C(O)C=C1)O,"InChI=1S/C9H8O3/c10-8-4-1-7(2-5-8)3-6-9(11)12/h1-6,10H,(H,11,12)/b6-3+",NGSWKAQJJWESNS-ZZXKWVIFSA-N,1.6347999999999994,164.04734411599998
"InChI=1S/C10H10O3/c1-13-9-5-2-8(3-6-9)4-7-10(11)12/h2-7H,1H3,(H,11,12)/b7-4+",AFDXODALSZRGIH-QPJJXVBHSA-N,C(=O)(C=CC1=CC=C(OC)C=C1)O,"4-Methoxycinnamic acid
830-09-1
3-(4-methoxyphenyl)acrylic acid
(2E)-3-(4-methoxyphenyl)prop-2-enoic acid
(E)-3-(4-methoxyphenyl)prop-2-enoic acid
2-Propenoic acid, 3-(4-methoxyphenyl)-
3-(4-Methoxyphenyl)-2-propenoic acid
NSC-5303
NSC-623437
6G4ML8401A
CHEBI:48541
DTXSID4048147
RefChem:25958
DTXCID4028121
212-594-0
3-(4-methoxyphenyl)prop-2-enoic acid
943-89-5
(E)-3-(4-Methoxyphenyl)acrylic acid
P-METHOXYCINNAMIC ACID
trans-4-Methoxycinnamic acid
(E)-4-METHOXYCINNAMIC ACID
MFCD00004398
Cinnamic acid, p-methoxy-
para-methoxycinnamic acid
4-Methoxycinnamic acid, predominantly trans
O-Methyl-p-coumaric acid
2-Propenoic acid, 3-(4-methoxyphenyl)-, (2E)-
Cinnamic acid, 4-methoxy-
(E)-p-Methoxycinnamic acid
(E)-3-(4-methoxyphenyl)-2-propenoic acid
Bernel hydro
METHOXYCINNAMIC ACID, PARA
PMCA
p-methoxycinnamate
CHEMBL95770
4-Methoxy-(2E)-cinnamic acid
DTXSID1046059
trans-2-Propenoic acid, 3-(4-methoxyphenyl)-
NCGC00159448-02
(E)-3-(4-Methoxy-phenyl)-acrylic acid
F1638-0067
4-Methoxycinnamicacid
p-methoxy cinnamic acid
NSC 5303
P-Methoxy ciannamic acid
(2E)-3-(4-METHOXYPHENYL)ACRYLIC ACID
EINECS 212-594-0
UNII-6G4ML8401A
AI3-23399
p-MeOCinnamicAcid
K3Z
EINECS 213-405-4
para-methoxycinnamate
4-Methoxy cinnamate
P-Methoxy ciannamate
O-Methyl-p-coumarate
p-MCA
p-methoxycinnamylic acid
E-p-methoxycinnamic acid
trans-4-Methoxycinnamate
O-Methyl-p-cumaric Acid
bmse010212
trans-4-methoxycinnamic-acid
2-Propenoic acid, 3-(4-methoxyphenyl)-, (E)-
SCHEMBL58699
(E)-p-Methoxy-cinnamic acid
30-09-1
MLS002473129
trans-4-methoxy-cinnamic acid
orb1690128
SCHEMBL1510084
SCHEMBL4908350
4-Methoxycinnamic acid, trans-
3-(4-Methoxy-phenyl)-acrylate
DTXCID9026059
AFDXODALSZRGIH-QPJJXVBHSA-
NSC5303
CHEBI:143736
HMS1783A08
HMS2267B19
(E)-3-(4-Methoxyphenyl)acrylate
3-(4-methoxyphenyl)-2-Propenoate
SMSSF-0042310
AAA94389
ALBB-011726
BB_NC-02252
HY-N1387
STR01310
Tox21_111674
BBL012085
BDBM50146453
EBC-13389
EBC-44435
NSC623437
SBB005717
STK005095
(E)-3-(p-methoxyphenyl)acrylic acid
AKOS000118882
FM38609
PS-5777
(E)-3-(4-methoxyphenyl)-acrylic acid
NCGC00159448-03
NCGC00159448-04
AC-10371
CAS-943-89-5
DA-59571
SMR000112200
ST098720
SY011584
4-Methoxycinnamic acid, >=98.0% (GC)
p-Methoxycinnamic acid, predominantly trans
CS-0016807
M0576
NS00013547
A10220
EN300-312690
G60885
SBI-0635112.0002
(2E)-3-(4-Methoxyphenyl)-2-propenoic acid #
4-Methoxycinnamic acid, predominantly trans, 99%
830M091
A837404
AE-641/00135031
F319110
F862589
TRANS-3-(4-METHOXYPHENYL)-2-PROPENOIC ACID
BRD-K26273521-001-07-3
Q63391599
Z56931888
0C546A89-9721-4B4E-89EE-7EC28A9A3391
InChI=1/C10H10O3/c1-13-9-5-2-8(3-6-9)4-7-10(11)12/h2-7H,1H3,(H,11,12)/b7-4+",699414,C10H10O3,178.06299417999998,1.8858,0,0,0,BTM00405,BTM00405,Methylation of phenolic compound,BTMR1377,EC 2.1.1.25,HUMAN,BTM00181,C(=O)(C=CC1=CC=C(O)C=C1)O,"InChI=1S/C9H8O3/c10-8-4-1-7(2-5-8)3-6-9(11)12/h1-6,10H,(H,11,12)/b6-3+",NGSWKAQJJWESNS-ZZXKWVIFSA-N,1.6347999999999994,164.04734411599998
"InChI=1S/C16H16O5/c1-21-15-9-12(18)8-14(20)16(15)13(19)7-4-10-2-5-11(17)6-3-10/h2-9,13,17-20H,1H3/b7-4+",RBVBMQMEGHSKRD-QPJJXVBHSA-N,O(C=1C(C(O)C=CC2=CC=C(O)C=C2)=C(O)C=C(O)C1)C,,,C16H16O5,288.099773612,2.486899999999998,0,1,1,BTM00406,BTM00406,Reduction of carbonyl,BTMR0368,EC 1.1.1.184,HUMAN,BTM00188,O(C=1C(C(=O)C=CC2=CC=C(O)C=C2)=C(O)C=C(O)C1)C,"InChI=1S/C16H14O5/c1-21-15-9-12(18)8-14(20)16(15)13(19)7-4-10-2-5-11(17)6-3-10/h2-9,17-18,20H,1H3/b7-4+",OWGUBYRKZATRIT-QPJJXVBHSA-N,2.8833999999999995,286.084123548
"InChI=1S/C7H8O3/c1-10-7-3-5(8)2-6(9)4-7/h2-4,8-9H,1H3",HDVRLUFGYQYLFJ-UHFFFAOYSA-N,O(C=1C=C(O)C=C(O)C1)C,"5-Methoxyresorcinol
2174-64-3
Flamenol
3,5-Dihydroxyanisole
Phloroglucinol monomethyl ether
Flamenolum
DTXSID4046525
6201E0JIF3
DTXCID2026525
CHEBI:136806
RefChem:599267
218-532-9
5-methoxybenzene-1,3-diol
3-hydroxy-5-methoxyphenol
1,3-Benzenediol, 5-methoxy-
MFCD00002285
5-Methoxy-benzene-1,3-diol
3,5-DIHYDROXYANISOLE HYDRATE
NCGC00166043-01
5-Methoxy-1,3-benzenediol
CAS-2174-64-3
phloroglucinol mono-methyl ether
Flamenol [INN:DCF]
FLAMENOL [INN]
Flamenolum [INN-Latin]
5-Methoxyresorcinol, 98%
SCHEMBL69428
UNII-6201E0JIF3
5-Methoxy-1,3-benzenediol #
orb1297788
SCHEMBL5872144
CHEMBL1738712
SCHEMBL16758731
MONO-O-METHYLPHLOROGLUCINOL
EINECS 218-532-9
Tox21_112298
ZB0657
AKOS005146154
Tox21_112298_1
AC-5487
CS-W016468
FM61771
HY-W015752
1-3-5-TRIMETHOXYBENZENE_met002
NCGC00166043-02
AS-40131
SY051509
M1413
NS00026959
ST50331824
F377675
SR-01000944713
5-Methoxyresorcinol(Discontinued,See C4X-221729)
SR-01000944713-1
Q27263412
InChI=1/C7H8O3/c1-10-7-3-5(8)2-6(9)4-7/h2-4,8-9H,1H
2A7",71648,C7H8O3,140.04734411599998,1.2787999999999995,0,0,0,BTM00407,BTM00407,Keto hydrolysis,BTMR0254,EC 3.7.1.,HUMAN,BTM00188,O(C=1C(C(=O)C=CC2=CC=C(O)C=C2)=C(O)C=C(O)C1)C,"InChI=1S/C16H14O5/c1-21-15-9-12(18)8-14(20)16(15)13(19)7-4-10-2-5-11(17)6-3-10/h2-9,17-18,20H,1H3/b7-4+",OWGUBYRKZATRIT-QPJJXVBHSA-N,2.8833999999999995,286.084123548
"InChI=1S/C9H8O3/c10-8-4-1-7(2-5-8)3-6-9(11)12/h1-6,10H,(H,11,12)/b6-3+",NGSWKAQJJWESNS-ZZXKWVIFSA-N,C(=O)(C=CC1=CC=C(O)C=C1)O,"p-coumaric acid
trans-p-Coumaric acid
Hydroxycinnamic acid
Naringeninic acid
Para-Coumaric acid
(E)-p-Coumaric acid
trans-4-coumaric acid
2-propenoic acid, 3-(4-hydroxyphenyl)-, (2E)-
trans-p-Coumarinic acid
4'-hydroxycinnamic acid
(E)-p-Hydroxycinnamic acid
trans-p-Hydroxycinnamic acid
p-Hydroxyphenylacrylic acid
Cinnamic acid, p-hydroxy-
3-(4-Hydroxyphenyl)-2-propenoic acid
(E)-3-(4-Hydroxyphenyl)-2-propenoic acid
beta-(4-Hydroxyphenyl)acrylic acid
Cinnamic acid, p-hydroxy-, (E)-
(2E)-3-(4-hydroxyphenyl)acrylic acid
IBS9D1EU3J
2-Propenoic acid, 3-(4-hydroxyphenyl)-, (E)-
ORISTAR PCA
NSC-59260
NSC-674321
CHEBI:32374
beta-[4-Hydroxyphenyl]acrylic acid
(E)-3-[4-hydroxyphenyl]-2-propenoic acid
trans-HPPA
RefChem:44621
4-coumaric acid, (E)-
CHEBI:24689
trans-3-(4'-hydroxyphenyl)-2-propenoic acid
231-000-0
4-Hydroxycinnamic acid
501-98-4
trans-4-Hydroxycinnamic acid
7400-08-0
3-(4-hydroxyphenyl)acrylic acid
p-Cumaric acid
(E)-3-(4-Hydroxyphenyl)acrylic acid
p-Hydroxy-cinnamic acid
Coumaric Acid
(2E)-3-(4-hydroxyphenyl)prop-2-enoic acid
(E)-3-(4-hydroxyphenyl)prop-2-enoic acid
4-coumarate
trans-p-Hydroxycinnamate
2-Propenoic acid, 3-(4-hydroxyphenyl)-
4-hydroxy cinnamic acid
MFCD00004399
trans-p-Cumaric Acid
trans-4-hydroxycinnamate
Para coumaric acid
p-coumarate
CHEMBL66879
(2E)-3-(4-Hydroxyphenyl)-2-propenoic acid
NSC674321
trans-p-coumarate
(E)-4-hydroxycinnamic acid
3-(4-hydroxyphenyl)acrylate
.beta.-[4-Hydroxyphenyl]acrylic acid
parahydroxycinnamic acid
p-hydroxy cinnamic acid
4-Hydroxycinnamicacid
.BETA.-(4-HYDROXYPHENYL)ACRYLIC ACID
2-Propenoic acid, 3-(4-hydroxyphenyl)-, (Z)-
EINECS 231-000-0
UNII-IBS9D1EU3J
NSC 59260
NSC 674321
BRN 2207381
BRN 2207383
hydroxycinnamate
Para coumarate
p-coumaric-acid
Para-Coumarate
p-Cumarate
E-coumaric acid
naringeninic-acid
p-Hydroxycinnamate
rho-coumaric acid
4qem
trans-coumaric acid
4'-Hydroxycinnamate
4-Hydroxy cinnamate
trans p-cumaric acid
p-Coumaric acid,trans
p-hydroxylcinnamic acid
p-Coumaric acid 98%
4f8j
p-Coumaric acid, trans
4-hydroxy cinnamic aicd
4-Hydroxyphenylpropenoate
trans-hydroxycinnamic acid
e-p-hydroxy-cinnamic acid
bmse000150
bmse000591
bmse010208
trans-4-HydroxycinnamicAcid
p-Coumaric acid (Standard)
b-[4-Hydroxyphenyl]acrylate
SCHEMBL39106
p-hydroxy-trans-cinnamic acid
p-hydroxycinnamic acid (M4)
trans-p-hydroxy-cinnamic acid
0-10-00-00297 (Beilstein Handbook Reference)
4-10-00-01005 (Beilstein Handbook Reference)
MLS001066419
p-Hydroxycinnamic acid, trans
P-COUMARIC ACID [MI]
beta-[4-Hydroxyphenyl]acrylate
BDBM4374
GTPL5787
orb1304915
PARA HYDROXYCINNAMIC ACID
SCHEMBL10458861
SCHEMBL28156814
b-[4-Hydroxyphenyl]acrylic acid
HY-N0351R
trans-p-HydroxyzimtsA currencyure
DTXSID30901076
P-COUMARIC ACID [WHO-DD]
HMS1409E10
HMS5083D06
3-(4-Hydroxyphenyl)-2-propenoate
BB_NC-02249
HY-N2391
MSK40051
NSC59260
STR06515
4-HYDROXYPHENYLPROPENOIC ACID
Cinnamic acid, 4-hydroxy-, trans-
AC7957
BBL012226
CK2547
EBC-00010
MSK157672
s4759
s9564
SBB007613
STL163567
AKOS000120685
CCG-266309
CS-W020394
DB04066
FC11235
propenoic acid, 3-(4-hydroxyphenyl)-
p-Coumaric acid, >=98.0% (HPLC)
(E)-3-(4-hydroxyphenyl)prop-2-enoate
MSK157672-1000M
NCGC00246974-01
50940-26-6
AC-10318
AC-34130
AC-34133
AS-12000
BP-13278
SMR000112201
ST093691
SY015618
SY020906
(E)-3-(4-hydroxyphenyl)prop-2-enoicacid
trans-p-Coumaric acid, analytical standard
NS00068187
EN300-17292
C00811
Q99374
(2E)-3-(4-Hydroxyphenyl)-2-propenoic acid #
Dehydroepiandrosterone-[D6] (CertiMass solution)
4-Coumaric acid Solution in Methanol, 1000ug/mL
400H080
AE-562/40414679
F076727
F554453
p-Coumaric acid (synonym: p-Hydroxycinnamic acid)
trans-p-Coumaric acid 1000 microg/mL in Acetone
Q-100560
BRD-K87122641-001-08-1
BRD-K87122641-001-10-7
Z56911963
0C1BFF2D-2CF7-4FC1-9F76-3268C2C7F783
F2191-0188
p-Coumaric acid, primary pharmaceutical reference standard
InChI=1/C9H8O3/c10-8-4-1-7(2-5-8)3-6-9(11)12/h1-6,10H,(H,11,12)/b6-3",637542,C9H8O3,164.04734411599998,1.6347999999999994,0,0,0,BTM00181,BTM00181,Keto hydrolysis,BTMR0254,EC 3.7.1.,HUMAN,BTM00188,O(C=1C(C(=O)C=CC2=CC=C(O)C=C2)=C(O)C=C(O)C1)C,"InChI=1S/C16H14O5/c1-21-15-9-12(18)8-14(20)16(15)13(19)7-4-10-2-5-11(17)6-3-10/h2-9,17-18,20H,1H3/b7-4+",OWGUBYRKZATRIT-QPJJXVBHSA-N,2.8833999999999995,286.084123548
"InChI=1S/C22H22O11/c1-31-15-9-12(32-22-19(28)17(26)18(27)20(33-22)21(29)30)8-14(25)16(15)13(24)7-4-10-2-5-11(23)6-3-10/h2-9,17-20,22-23,25-28H,1H3,(H,29,30)/b7-4+",OJAMKKQTEXNXKJ-QPJJXVBHSA-N,O(C=1C(C(=O)C=CC2=CC=C(O)C=C2)=C(O)C=C(OC3OC(C(O)=O)C(C(C3O)O)O)C1)C,,,C22H22O11,462.116211524,1.1878999999999986,1,1,1,BTM00408,BTM00408,Aromatic OH-glucuronidation,BTMR0166,EC 2.4.1.17,HUMAN,BTM00188,O(C=1C(C(=O)C=CC2=CC=C(O)C=C2)=C(O)C=C(O)C1)C,"InChI=1S/C16H14O5/c1-21-15-9-12(18)8-14(20)16(15)13(19)7-4-10-2-5-11(17)6-3-10/h2-9,17-18,20H,1H3/b7-4+",OWGUBYRKZATRIT-QPJJXVBHSA-N,2.8833999999999995,286.084123548
"InChI=1S/C22H22O11/c1-31-14-8-12(24)9-15(16(14)13(25)7-4-10-2-5-11(23)6-3-10)32-22-19(28)17(26)18(27)20(33-22)21(29)30/h2-9,17-20,22-24,26-28H,1H3,(H,29,30)/b7-4+",BODASJJSUWPPPL-QPJJXVBHSA-N,O(C=1C(C(=O)C=CC2=CC=C(O)C=C2)=C(OC3OC(C(O)=O)C(C(C3O)O)O)C=C(O)C1)C,,,C22H22O11,462.116211524,1.1878999999999986,1,1,1,BTM00409,BTM00409,Aromatic OH-glucuronidation,BTMR0166,EC 2.4.1.17,HUMAN,BTM00188,O(C=1C(C(=O)C=CC2=CC=C(O)C=C2)=C(O)C=C(O)C1)C,"InChI=1S/C16H14O5/c1-21-15-9-12(18)8-14(20)16(15)13(19)7-4-10-2-5-11(17)6-3-10/h2-9,17-18,20H,1H3/b7-4+",OWGUBYRKZATRIT-QPJJXVBHSA-N,2.8833999999999995,286.084123548
"InChI=1S/C22H22O11/c1-31-15-9-11(23)8-14(25)16(15)13(24)7-4-10-2-5-12(6-3-10)32-22-19(28)17(26)18(27)20(33-22)21(29)30/h2-9,17-20,22-23,25-28H,1H3,(H,29,30)/b7-4+",JTBDBTIAJOMJSZ-QPJJXVBHSA-N,O(C=1C(C(=O)C=CC2=CC=C(OC3OC(C(O)=O)C(C(C3O)O)O)C=C2)=C(O)C=C(O)C1)C,,,C22H22O11,462.116211524,1.1878999999999986,1,1,1,BTM00410,BTM00410,Aromatic OH-glucuronidation,BTMR0166,EC 2.4.1.17,HUMAN,BTM00188,O(C=1C(C(=O)C=CC2=CC=C(O)C=C2)=C(O)C=C(O)C1)C,"InChI=1S/C16H14O5/c1-21-15-9-12(18)8-14(20)16(15)13(19)7-4-10-2-5-11(17)6-3-10/h2-9,17-18,20H,1H3/b7-4+",OWGUBYRKZATRIT-QPJJXVBHSA-N,2.8833999999999995,286.084123548
"InChI=1S/C16H14O8S/c1-23-15-9-12(24-25(20,21)22)8-14(19)16(15)13(18)7-4-10-2-5-11(17)6-3-10/h2-9,17,19H,1H3,(H,20,21,22)/b7-4+",GHDUCHJWOLGPQS-QPJJXVBHSA-N,O(C=1C(C(=O)C=CC2=CC=C(O)C=C2)=C(O)C=C(OS(O)(=O)=O)C1)C,,,C16H14O8S,366.040938408,2.1465999999999994,0,1,1,BTM00411,BTM00411,Sulfonation of phenolic compound,BTMR1376,EC 2.8.2.1,HUMAN,BTM00188,O(C=1C(C(=O)C=CC2=CC=C(O)C=C2)=C(O)C=C(O)C1)C,"InChI=1S/C16H14O5/c1-21-15-9-12(18)8-14(20)16(15)13(19)7-4-10-2-5-11(17)6-3-10/h2-9,17-18,20H,1H3/b7-4+",OWGUBYRKZATRIT-QPJJXVBHSA-N,2.8833999999999995,286.084123548
"InChI=1S/C16H14O8S/c1-23-14-8-12(18)9-15(24-25(20,21)22)16(14)13(19)7-4-10-2-5-11(17)6-3-10/h2-9,17-18H,1H3,(H,20,21,22)/b7-4+",ASGSLGJRDZDXHM-QPJJXVBHSA-N,O(C=1C(C(=O)C=CC2=CC=C(O)C=C2)=C(OS(O)(=O)=O)C=C(O)C1)C,,,C16H14O8S,366.040938408,2.1465999999999994,0,1,1,BTM00412,BTM00412,Sulfonation of phenolic compound,BTMR1376,EC 2.8.2.1,HUMAN,BTM00188,O(C=1C(C(=O)C=CC2=CC=C(O)C=C2)=C(O)C=C(O)C1)C,"InChI=1S/C16H14O5/c1-21-15-9-12(18)8-14(20)16(15)13(19)7-4-10-2-5-11(17)6-3-10/h2-9,17-18,20H,1H3/b7-4+",OWGUBYRKZATRIT-QPJJXVBHSA-N,2.8833999999999995,286.084123548
"InChI=1S/C16H14O8S/c1-23-15-9-11(17)8-14(19)16(15)13(18)7-4-10-2-5-12(6-3-10)24-25(20,21)22/h2-9,17,19H,1H3,(H,20,21,22)/b7-4+",MNVDNPJVSIITCP-QPJJXVBHSA-N,O(C=1C(C(=O)C=CC2=CC=C(OS(O)(=O)=O)C=C2)=C(O)C=C(O)C1)C,,,C16H14O8S,366.04093840800005,2.1465999999999994,0,1,1,BTM00413,BTM00413,Sulfonation of phenolic compound,BTMR1376,EC 2.8.2.1,HUMAN,BTM00188,O(C=1C(C(=O)C=CC2=CC=C(O)C=C2)=C(O)C=C(O)C1)C,"InChI=1S/C16H14O5/c1-21-15-9-12(18)8-14(20)16(15)13(19)7-4-10-2-5-11(17)6-3-10/h2-9,17-18,20H,1H3/b7-4+",OWGUBYRKZATRIT-QPJJXVBHSA-N,2.8833999999999995,286.084123548
"InChI=1S/C17H16O5/c1-21-13-9-15(20)17(16(10-13)22-2)14(19)8-5-11-3-6-12(18)7-4-11/h3-10,18,20H,1-2H3/b8-5+",UXUFMIJZNYXWDX-VMPITWQZSA-N,O(C=1C(C(=O)C=CC2=CC=C(O)C=C2)=C(O)C=C(OC)C1)C,"Flavokawain C
37308-75-1
Flavokavain C
5LE8KTR6G2
RefChem:921645
56798-34-6
FLAVOKAWAINC
Flavokawin C
2',4-DIHYDROXY-4',6'-DIMETHOXYCHALCONE
(E)-1-(2-hydroxy-4,6-dimethoxyphenyl)-3-(4-hydroxyphenyl)prop-2-en-1-one
flavokawin
4,2'-Dihydroxy-4',6'-dimethoxychalcone
1-(2-hydroxy-4,6-dimethoxyphenyl)-3-(4-hydroxyphenyl)prop-2-en-1-one
MFCD00016489
(2E)-1-(2-hydroxy-4,6-dimethoxyphenyl)-3-(4-hydroxyphenyl)prop-2-en-1-one
Flavokavin C
4-Hydroxyflavokawain B
SCHEMBL144230
CHEMBL251958
orb1301523
DTXSID60958437
CHEBI:157718
UXUFMIJZNYXWDX-VMPITWQZSA-N
HY-N6582
MBA30875
LMPK12120320
AKOS024306997
Flavokawain C; 4-Hydroxyflavokavain B
EBC-615374
FD66229
2-Propen-1-one, 1-(2-hydroxy-4,6-dimethoxyphenyl)-3-(4-hydroxyphenyl)-, (E)-
AC-34389
MS-24327
CS-0034278
ST50308956
2',4-Dihydroxy-4',6'-dimethoxy-trans-chalcone
4,2'-DIHYDROXY-4',6'-DIMETHYLCHALCONE
AQ-358/42003063
Q5458168
1-(2-hydroxy-4,6-dimethoxyphenyl)-3-(4-hydroxyphenyl)-2-propen-1-one
2-Propen-1-one, 1-(2-hydroxy-4,6-dimethoxyphenyl)-3-(4-hydroxyphenyl)-
(2E)-1-(2-Hydroxy-4,6-dimethoxyphenyl)-3-(4-hydroxyphenyl)-2-propen-1-one
(E)-1-(2-hydroxy-4,6-dimethoxy-phenyl)-3-(4-hydroxyphenyl)prop-2-en-1-one
(E)-1-(2-Hydroxy-4,6-dimethoxyphenyl)-3-(4-hydroxyphenyl)prop-2-en-1-one (flavokawain C)
2-Propen-1-one, 1-(2-hydroxy-4,6-dimethoxyphenyl)-3-(4-hydroxyphenyl)-, (2E)-",6293081,C17H16O5,300.099773612,3.1343999999999994,0,0,0,BTM00414,BTM00414,Methylation of phenolic compound,BTMR1377,EC 2.1.1.25,HUMAN,BTM00188,O(C=1C(C(=O)C=CC2=CC=C(O)C=C2)=C(O)C=C(O)C1)C,"InChI=1S/C16H14O5/c1-21-15-9-12(18)8-14(20)16(15)13(19)7-4-10-2-5-11(17)6-3-10/h2-9,17-18,20H,1H3/b7-4+",OWGUBYRKZATRIT-QPJJXVBHSA-N,2.8833999999999995,286.084123548
"InChI=1S/C17H16O5/c1-21-15-9-13(19)10-16(22-2)17(15)14(20)8-5-11-3-6-12(18)7-4-11/h3-10,18-19H,1-2H3/b8-5+",SJULMVKFURWCFM-VMPITWQZSA-N,O(C=1C(C(=O)C=CC2=CC=C(O)C=C2)=C(OC)C=C(O)C1)C,"2'-O-Methylhelichrysetin
123316-64-3
4,4'-Dihydroxy-2',6'-dimethoxychalcone
2-O-Methylhelichrysetin
(E)-1-(4-Hydroxy-2,6-dimethoxyphenyl)-3-(4-hydroxyphenyl)prop-2-en-1-one
CH625
starbld0000817
CHEMBL449907
orb1984258
SCHEMBL4834935
CHEBI:174868
LMPK12120319
AKOS040761017
FS-9448",11022960,C17H16O5,300.09977361200004,3.1343999999999994,0,0,0,BTM00415,BTM00415,Methylation of phenolic compound,BTMR1377,EC 2.1.1.25,HUMAN,BTM00188,O(C=1C(C(=O)C=CC2=CC=C(O)C=C2)=C(O)C=C(O)C1)C,"InChI=1S/C16H14O5/c1-21-15-9-12(18)8-14(20)16(15)13(19)7-4-10-2-5-11(17)6-3-10/h2-9,17-18,20H,1H3/b7-4+",OWGUBYRKZATRIT-QPJJXVBHSA-N,2.8833999999999995,286.084123548
"InChI=1S/C17H16O5/c1-21-13-6-3-11(4-7-13)5-8-14(19)17-15(20)9-12(18)10-16(17)22-2/h3-10,18,20H,1-2H3/b8-5+",YROJPKUFDFWHAO-VMPITWQZSA-N,O(C=1C(C(=O)C=CC2=CC=C(OC)C=C2)=C(O)C=C(O)C1)C,"2',4'-Dihydroxy-4,6'-dimethoxychalcone
(E)-1-(2,4-dihydroxy-6-methoxyphenyl)-3-(4-methoxyphenyl)prop-2-en-1-one
RefChem:80120
855740-21-5
4-O-Methylhelichrysetin
56121-44-9
CHEMBL494264
orb1683492
SCHEMBL2286230
SCHEMBL30383887
LMPK12120301
AKOS040761151
FS-8663
XM173146
CS-0017868",11449431,C17H16O5,300.099773612,3.1343999999999994,0,0,0,BTM00416,BTM00416,Methylation of phenolic compound,BTMR1377,EC 2.1.1.25,HUMAN,BTM00188,O(C=1C(C(=O)C=CC2=CC=C(O)C=C2)=C(O)C=C(O)C1)C,"InChI=1S/C16H14O5/c1-21-15-9-12(18)8-14(20)16(15)13(19)7-4-10-2-5-11(17)6-3-10/h2-9,17-18,20H,1H3/b7-4+",OWGUBYRKZATRIT-QPJJXVBHSA-N,2.8833999999999995,286.084123548
"InChI=1S/C16H16O5/c1-21-12-8-14(19)16(15(20)9-12)13(18)7-4-10-2-5-11(17)6-3-10/h2-9,13,17-20H,1H3/b7-4+",BYTXSMNFHIPIMU-QPJJXVBHSA-N,OC=1C(C(O)C=CC2=CC=C(O)C=C2)=C(O)C=C(OC)C1,,,C16H16O5,288.099773612,2.486899999999998,0,1,1,BTM00417,BTM00417,Reduction of carbonyl,BTMR0368,EC 1.1.1.184,HUMAN,BTM00189,OC=1C(C(=O)C=CC2=CC=C(O)C=C2)=C(O)C=C(OC)C1,"InChI=1S/C16H14O5/c1-21-12-8-14(19)16(15(20)9-12)13(18)7-4-10-2-5-11(17)6-3-10/h2-9,17,19-20H,1H3/b7-4+",JGPQAWUEYNNXOH-QPJJXVBHSA-N,2.8833999999999995,286.084123548
"InChI=1S/C7H8O3/c1-10-7-3-5(8)2-6(9)4-7/h2-4,8-9H,1H3",HDVRLUFGYQYLFJ-UHFFFAOYSA-N,O(C=1C=C(O)C=C(O)C1)C,"5-Methoxyresorcinol
2174-64-3
Flamenol
3,5-Dihydroxyanisole
Phloroglucinol monomethyl ether
Flamenolum
DTXSID4046525
6201E0JIF3
DTXCID2026525
CHEBI:136806
RefChem:599267
218-532-9
5-methoxybenzene-1,3-diol
3-hydroxy-5-methoxyphenol
1,3-Benzenediol, 5-methoxy-
MFCD00002285
5-Methoxy-benzene-1,3-diol
3,5-DIHYDROXYANISOLE HYDRATE
NCGC00166043-01
5-Methoxy-1,3-benzenediol
CAS-2174-64-3
phloroglucinol mono-methyl ether
Flamenol [INN:DCF]
FLAMENOL [INN]
Flamenolum [INN-Latin]
5-Methoxyresorcinol, 98%
SCHEMBL69428
UNII-6201E0JIF3
5-Methoxy-1,3-benzenediol #
orb1297788
SCHEMBL5872144
CHEMBL1738712
SCHEMBL16758731
MONO-O-METHYLPHLOROGLUCINOL
EINECS 218-532-9
Tox21_112298
ZB0657
AKOS005146154
Tox21_112298_1
AC-5487
CS-W016468
FM61771
HY-W015752
1-3-5-TRIMETHOXYBENZENE_met002
NCGC00166043-02
AS-40131
SY051509
M1413
NS00026959
ST50331824
F377675
SR-01000944713
5-Methoxyresorcinol(Discontinued,See C4X-221729)
SR-01000944713-1
Q27263412
InChI=1/C7H8O3/c1-10-7-3-5(8)2-6(9)4-7/h2-4,8-9H,1H
2A7",71648,C7H8O3,140.04734411599998,1.2787999999999995,0,0,0,BTM00407,BTM00407,Keto hydrolysis,BTMR0254,EC 3.7.1.,HUMAN,BTM00189,OC=1C(C(=O)C=CC2=CC=C(O)C=C2)=C(O)C=C(OC)C1,"InChI=1S/C16H14O5/c1-21-12-8-14(19)16(15(20)9-12)13(18)7-4-10-2-5-11(17)6-3-10/h2-9,17,19-20H,1H3/b7-4+",JGPQAWUEYNNXOH-QPJJXVBHSA-N,2.8833999999999995,286.084123548
"InChI=1S/C9H8O3/c10-8-4-1-7(2-5-8)3-6-9(11)12/h1-6,10H,(H,11,12)/b6-3+",NGSWKAQJJWESNS-ZZXKWVIFSA-N,C(=O)(C=CC1=CC=C(O)C=C1)O,"p-coumaric acid
trans-p-Coumaric acid
Hydroxycinnamic acid
Naringeninic acid
Para-Coumaric acid
(E)-p-Coumaric acid
trans-4-coumaric acid
2-propenoic acid, 3-(4-hydroxyphenyl)-, (2E)-
trans-p-Coumarinic acid
4'-hydroxycinnamic acid
(E)-p-Hydroxycinnamic acid
trans-p-Hydroxycinnamic acid
p-Hydroxyphenylacrylic acid
Cinnamic acid, p-hydroxy-
3-(4-Hydroxyphenyl)-2-propenoic acid
(E)-3-(4-Hydroxyphenyl)-2-propenoic acid
beta-(4-Hydroxyphenyl)acrylic acid
Cinnamic acid, p-hydroxy-, (E)-
(2E)-3-(4-hydroxyphenyl)acrylic acid
IBS9D1EU3J
2-Propenoic acid, 3-(4-hydroxyphenyl)-, (E)-
ORISTAR PCA
NSC-59260
NSC-674321
CHEBI:32374
beta-[4-Hydroxyphenyl]acrylic acid
(E)-3-[4-hydroxyphenyl]-2-propenoic acid
trans-HPPA
RefChem:44621
4-coumaric acid, (E)-
CHEBI:24689
trans-3-(4'-hydroxyphenyl)-2-propenoic acid
231-000-0
4-Hydroxycinnamic acid
501-98-4
trans-4-Hydroxycinnamic acid
7400-08-0
3-(4-hydroxyphenyl)acrylic acid
p-Cumaric acid
(E)-3-(4-Hydroxyphenyl)acrylic acid
p-Hydroxy-cinnamic acid
Coumaric Acid
(2E)-3-(4-hydroxyphenyl)prop-2-enoic acid
(E)-3-(4-hydroxyphenyl)prop-2-enoic acid
4-coumarate
trans-p-Hydroxycinnamate
2-Propenoic acid, 3-(4-hydroxyphenyl)-
4-hydroxy cinnamic acid
MFCD00004399
trans-p-Cumaric Acid
trans-4-hydroxycinnamate
Para coumaric acid
p-coumarate
CHEMBL66879
(2E)-3-(4-Hydroxyphenyl)-2-propenoic acid
NSC674321
trans-p-coumarate
(E)-4-hydroxycinnamic acid
3-(4-hydroxyphenyl)acrylate
.beta.-[4-Hydroxyphenyl]acrylic acid
parahydroxycinnamic acid
p-hydroxy cinnamic acid
4-Hydroxycinnamicacid
.BETA.-(4-HYDROXYPHENYL)ACRYLIC ACID
2-Propenoic acid, 3-(4-hydroxyphenyl)-, (Z)-
EINECS 231-000-0
UNII-IBS9D1EU3J
NSC 59260
NSC 674321
BRN 2207381
BRN 2207383
hydroxycinnamate
Para coumarate
p-coumaric-acid
Para-Coumarate
p-Cumarate
E-coumaric acid
naringeninic-acid
p-Hydroxycinnamate
rho-coumaric acid
4qem
trans-coumaric acid
4'-Hydroxycinnamate
4-Hydroxy cinnamate
trans p-cumaric acid
p-Coumaric acid,trans
p-hydroxylcinnamic acid
p-Coumaric acid 98%
4f8j
p-Coumaric acid, trans
4-hydroxy cinnamic aicd
4-Hydroxyphenylpropenoate
trans-hydroxycinnamic acid
e-p-hydroxy-cinnamic acid
bmse000150
bmse000591
bmse010208
trans-4-HydroxycinnamicAcid
p-Coumaric acid (Standard)
b-[4-Hydroxyphenyl]acrylate
SCHEMBL39106
p-hydroxy-trans-cinnamic acid
p-hydroxycinnamic acid (M4)
trans-p-hydroxy-cinnamic acid
0-10-00-00297 (Beilstein Handbook Reference)
4-10-00-01005 (Beilstein Handbook Reference)
MLS001066419
p-Hydroxycinnamic acid, trans
P-COUMARIC ACID [MI]
beta-[4-Hydroxyphenyl]acrylate
BDBM4374
GTPL5787
orb1304915
PARA HYDROXYCINNAMIC ACID
SCHEMBL10458861
SCHEMBL28156814
b-[4-Hydroxyphenyl]acrylic acid
HY-N0351R
trans-p-HydroxyzimtsA currencyure
DTXSID30901076
P-COUMARIC ACID [WHO-DD]
HMS1409E10
HMS5083D06
3-(4-Hydroxyphenyl)-2-propenoate
BB_NC-02249
HY-N2391
MSK40051
NSC59260
STR06515
4-HYDROXYPHENYLPROPENOIC ACID
Cinnamic acid, 4-hydroxy-, trans-
AC7957
BBL012226
CK2547
EBC-00010
MSK157672
s4759
s9564
SBB007613
STL163567
AKOS000120685
CCG-266309
CS-W020394
DB04066
FC11235
propenoic acid, 3-(4-hydroxyphenyl)-
p-Coumaric acid, >=98.0% (HPLC)
(E)-3-(4-hydroxyphenyl)prop-2-enoate
MSK157672-1000M
NCGC00246974-01
50940-26-6
AC-10318
AC-34130
AC-34133
AS-12000
BP-13278
SMR000112201
ST093691
SY015618
SY020906
(E)-3-(4-hydroxyphenyl)prop-2-enoicacid
trans-p-Coumaric acid, analytical standard
NS00068187
EN300-17292
C00811
Q99374
(2E)-3-(4-Hydroxyphenyl)-2-propenoic acid #
Dehydroepiandrosterone-[D6] (CertiMass solution)
4-Coumaric acid Solution in Methanol, 1000ug/mL
400H080
AE-562/40414679
F076727
F554453
p-Coumaric acid (synonym: p-Hydroxycinnamic acid)
trans-p-Coumaric acid 1000 microg/mL in Acetone
Q-100560
BRD-K87122641-001-08-1
BRD-K87122641-001-10-7
Z56911963
0C1BFF2D-2CF7-4FC1-9F76-3268C2C7F783
F2191-0188
p-Coumaric acid, primary pharmaceutical reference standard
InChI=1/C9H8O3/c10-8-4-1-7(2-5-8)3-6-9(11)12/h1-6,10H,(H,11,12)/b6-3",637542,C9H8O3,164.04734411599998,1.6347999999999994,0,0,0,BTM00181,BTM00181,Keto hydrolysis,BTMR0254,EC 3.7.1.,HUMAN,BTM00189,OC=1C(C(=O)C=CC2=CC=C(O)C=C2)=C(O)C=C(OC)C1,"InChI=1S/C16H14O5/c1-21-12-8-14(19)16(15(20)9-12)13(18)7-4-10-2-5-11(17)6-3-10/h2-9,17,19-20H,1H3/b7-4+",JGPQAWUEYNNXOH-QPJJXVBHSA-N,2.8833999999999995,286.084123548
"InChI=1S/C22H22O11/c1-31-12-8-14(25)16(13(24)7-4-10-2-5-11(23)6-3-10)15(9-12)32-22-19(28)17(26)18(27)20(33-22)21(29)30/h2-9,17-20,22-23,25-28H,1H3,(H,29,30)/b7-4+",AIBAFBNULZXPBU-QPJJXVBHSA-N,O(C=1C(C(=O)C=CC2=CC=C(O)C=C2)=C(O)C=C(OC)C1)C3OC(C(O)=O)C(C(C3O)O)O,,,C22H22O11,462.116211524,1.1878999999999986,1,1,1,BTM00418,BTM00418,Aromatic OH-glucuronidation,BTMR0166,EC 2.4.1.17,HUMAN,BTM00189,OC=1C(C(=O)C=CC2=CC=C(O)C=C2)=C(O)C=C(OC)C1,"InChI=1S/C16H14O5/c1-21-12-8-14(19)16(15(20)9-12)13(18)7-4-10-2-5-11(17)6-3-10/h2-9,17,19-20H,1H3/b7-4+",JGPQAWUEYNNXOH-QPJJXVBHSA-N,2.8833999999999995,286.084123548
"InChI=1S/C22H22O11/c1-31-12-8-14(24)16(15(25)9-12)13(23)7-4-10-2-5-11(6-3-10)32-22-19(28)17(26)18(27)20(33-22)21(29)30/h2-9,17-20,22,24-28H,1H3,(H,29,30)/b7-4+",FIKNGKHYOUGNBG-QPJJXVBHSA-N,OC=1C(C(=O)C=CC2=CC=C(OC3OC(C(O)=O)C(C(C3O)O)O)C=C2)=C(O)C=C(OC)C1,,,C22H22O11,462.116211524,1.1878999999999986,1,1,1,BTM00419,BTM00419,Aromatic OH-glucuronidation,BTMR0166,EC 2.4.1.17,HUMAN,BTM00189,OC=1C(C(=O)C=CC2=CC=C(O)C=C2)=C(O)C=C(OC)C1,"InChI=1S/C16H14O5/c1-21-12-8-14(19)16(15(20)9-12)13(18)7-4-10-2-5-11(17)6-3-10/h2-9,17,19-20H,1H3/b7-4+",JGPQAWUEYNNXOH-QPJJXVBHSA-N,2.8833999999999995,286.084123548
"InChI=1S/C16H14O8S/c1-23-12-8-14(19)16(15(9-12)24-25(20,21)22)13(18)7-4-10-2-5-11(17)6-3-10/h2-9,17,19H,1H3,(H,20,21,22)/b7-4+",ZMPMBHVMGYARQV-QPJJXVBHSA-N,O(C=1C(C(=O)C=CC2=CC=C(O)C=C2)=C(O)C=C(OC)C1)S(O)(=O)=O,,,C16H14O8S,366.040938408,2.1465999999999994,0,1,1,BTM00420,BTM00420,Sulfonation of phenolic compound,BTMR1376,EC 2.8.2.1,HUMAN,BTM00189,OC=1C(C(=O)C=CC2=CC=C(O)C=C2)=C(O)C=C(OC)C1,"InChI=1S/C16H14O5/c1-21-12-8-14(19)16(15(20)9-12)13(18)7-4-10-2-5-11(17)6-3-10/h2-9,17,19-20H,1H3/b7-4+",JGPQAWUEYNNXOH-QPJJXVBHSA-N,2.8833999999999995,286.084123548
"InChI=1S/C16H14O8S/c1-23-12-8-14(18)16(15(19)9-12)13(17)7-4-10-2-5-11(6-3-10)24-25(20,21)22/h2-9,18-19H,1H3,(H,20,21,22)/b7-4+",PBBFRWIKBQIKDO-QPJJXVBHSA-N,OC=1C(C(=O)C=CC2=CC=C(OS(O)(=O)=O)C=C2)=C(O)C=C(OC)C1,,,C16H14O8S,366.04093840800005,2.1465999999999994,0,1,1,BTM00421,BTM00421,Sulfonation of phenolic compound,BTMR1376,EC 2.8.2.1,HUMAN,BTM00189,OC=1C(C(=O)C=CC2=CC=C(O)C=C2)=C(O)C=C(OC)C1,"InChI=1S/C16H14O5/c1-21-12-8-14(19)16(15(20)9-12)13(18)7-4-10-2-5-11(17)6-3-10/h2-9,17,19-20H,1H3/b7-4+",JGPQAWUEYNNXOH-QPJJXVBHSA-N,2.8833999999999995,286.084123548
"InChI=1S/C17H16O5/c1-21-13-9-15(20)17(16(10-13)22-2)14(19)8-5-11-3-6-12(18)7-4-11/h3-10,18,20H,1-2H3/b8-5+",UXUFMIJZNYXWDX-VMPITWQZSA-N,O(C=1C(C(=O)C=CC2=CC=C(O)C=C2)=C(O)C=C(OC)C1)C,"Flavokawain C
37308-75-1
Flavokavain C
5LE8KTR6G2
RefChem:921645
56798-34-6
FLAVOKAWAINC
Flavokawin C
2',4-DIHYDROXY-4',6'-DIMETHOXYCHALCONE
(E)-1-(2-hydroxy-4,6-dimethoxyphenyl)-3-(4-hydroxyphenyl)prop-2-en-1-one
flavokawin
4,2'-Dihydroxy-4',6'-dimethoxychalcone
1-(2-hydroxy-4,6-dimethoxyphenyl)-3-(4-hydroxyphenyl)prop-2-en-1-one
MFCD00016489
(2E)-1-(2-hydroxy-4,6-dimethoxyphenyl)-3-(4-hydroxyphenyl)prop-2-en-1-one
Flavokavin C
4-Hydroxyflavokawain B
SCHEMBL144230
CHEMBL251958
orb1301523
DTXSID60958437
CHEBI:157718
UXUFMIJZNYXWDX-VMPITWQZSA-N
HY-N6582
MBA30875
LMPK12120320
AKOS024306997
Flavokawain C; 4-Hydroxyflavokavain B
EBC-615374
FD66229
2-Propen-1-one, 1-(2-hydroxy-4,6-dimethoxyphenyl)-3-(4-hydroxyphenyl)-, (E)-
AC-34389
MS-24327
CS-0034278
ST50308956
2',4-Dihydroxy-4',6'-dimethoxy-trans-chalcone
4,2'-DIHYDROXY-4',6'-DIMETHYLCHALCONE
AQ-358/42003063
Q5458168
1-(2-hydroxy-4,6-dimethoxyphenyl)-3-(4-hydroxyphenyl)-2-propen-1-one
2-Propen-1-one, 1-(2-hydroxy-4,6-dimethoxyphenyl)-3-(4-hydroxyphenyl)-
(2E)-1-(2-Hydroxy-4,6-dimethoxyphenyl)-3-(4-hydroxyphenyl)-2-propen-1-one
(E)-1-(2-hydroxy-4,6-dimethoxy-phenyl)-3-(4-hydroxyphenyl)prop-2-en-1-one
(E)-1-(2-Hydroxy-4,6-dimethoxyphenyl)-3-(4-hydroxyphenyl)prop-2-en-1-one (flavokawain C)
2-Propen-1-one, 1-(2-hydroxy-4,6-dimethoxyphenyl)-3-(4-hydroxyphenyl)-, (2E)-",6293081,C17H16O5,300.099773612,3.1343999999999994,0,0,0,BTM00414,BTM00414,Methylation of phenolic compound,BTMR1377,EC 2.1.1.25,HUMAN,BTM00189,OC=1C(C(=O)C=CC2=CC=C(O)C=C2)=C(O)C=C(OC)C1,"InChI=1S/C16H14O5/c1-21-12-8-14(19)16(15(20)9-12)13(18)7-4-10-2-5-11(17)6-3-10/h2-9,17,19-20H,1H3/b7-4+",JGPQAWUEYNNXOH-QPJJXVBHSA-N,2.8833999999999995,286.084123548
"InChI=1S/C17H16O5/c1-21-12-6-3-11(4-7-12)5-8-14(18)17-15(19)9-13(22-2)10-16(17)20/h3-10,19-20H,1-2H3/b8-5+",NXHNEWMDVUHUCV-VMPITWQZSA-N,OC=1C(C(=O)C=CC2=CC=C(OC)C=C2)=C(O)C=C(OC)C1,"2',6'-Dihydroxy-4,4'-dimethoxychalcone
94441-99-3
(E)-1-(2,6-dihydroxy-4-methoxyphenyl)-3-(4-methoxyphenyl)prop-2-en-1-one
DTXSID601146849
(2E)-1-(2,6-Dihydroxy-4-methoxyphenyl)-3-(4-methoxyphenyl)-2-propen-1-one
1-(2,6-dihydroxy-4-methoxyphenyl)-3-(4-methoxyphenyl)-2-propen-1-one
RefChem:905794
DTXCID101578425
305-324-9
Gymnogrammene
20621-49-2
MFCD00017364
(2E)-1-(2,6-dihydroxy-4-methoxyphenyl)-3-(4-methoxyphenyl)prop-2-en-1-one
1-(2,6-dihydroxy-4-methoxyphenyl)-3-(4-methoxyphenyl)prop-2-en-1-one
EINECS 305-324-9
(E)-2',6'-Dihydroxy-4,4'-dimethoxychalcone
SCHEMBL2632343
2-Propen-1-one, 1-(2,6-dihydroxy-4-methoxyphenyl)-3-(4-methoxyphenyl)-
NXHNEWMDVUHUCV-VMPITWQZSA-N
LMPK12120311
AKOS040760995
FD65523
2',6'-Dihydroxy 4',4-dimethoxychalcone
DB-292550
CS-0158834
NS00066287
ST50331402
(E)-1-(2,6-dihydroxy-4-methoxy-phenyl)-3-(4-methoxyphenyl)prop-2-en-1-one",6438580,C17H16O5,300.099773612,3.1343999999999994,0,0,0,BTM00422,BTM00422,Methylation of phenolic compound,BTMR1377,EC 2.1.1.25,HUMAN,BTM00189,OC=1C(C(=O)C=CC2=CC=C(O)C=C2)=C(O)C=C(OC)C1,"InChI=1S/C16H14O5/c1-21-12-8-14(19)16(15(20)9-12)13(18)7-4-10-2-5-11(17)6-3-10/h2-9,17,19-20H,1H3/b7-4+",JGPQAWUEYNNXOH-QPJJXVBHSA-N,2.8833999999999995,286.084123548
"InChI=1S/C16H16O5/c1-21-12-5-2-10(3-6-12)4-7-13(18)16-14(19)8-11(17)9-15(16)20/h2-9,13,17-20H,1H3/b7-4+",GCECWFABFCOJOH-QPJJXVBHSA-N,OC=1C(C(O)C=CC2=CC=C(OC)C=C2)=C(O)C=C(O)C1,,,C16H16O5,288.099773612,2.486899999999998,0,1,1,BTM00423,BTM00423,Reduction of carbonyl,BTMR0368,EC 1.1.1.184,HUMAN,BTM00190,OC=1C(C(=O)C=CC2=CC=C(OC)C=C2)=C(O)C=C(O)C1,"InChI=1S/C16H14O5/c1-21-12-5-2-10(3-6-12)4-7-13(18)16-14(19)8-11(17)9-15(16)20/h2-9,17,19-20H,1H3/b7-4+",DGUBZDXYXXUHTJ-QPJJXVBHSA-N,2.8833999999999995,286.084123548
"InChI=1S/C6H6O3/c7-4-1-5(8)3-6(9)2-4/h1-3,7-9H",QCDYQQDYXPDABM-UHFFFAOYSA-N,OC=1C=C(O)C=C(O)C1,"phloroglucinol
108-73-6
Benzene-1,3,5-triol
1,3,5-benzenetriol
1,3,5-trihydroxybenzene
Phloroglucin
Phloroglucine
Spasfon-Lyoc
Dilospan S
sym-Trihydroxybenzene
s-Trihydroxybenzene
Benzene, trihydroxy
Floroglucin
Floroglucinol
DHD7FFG6YS
Benezene-1,3,5-triol
NSC-1572
DTXSID9048354
CHEBI:16204
RefChem:6129
DTXCID0028329
203-611-2
Benzene-s-triol
Phloroglucinol anhydrous
3,5-Dihydroxyphenol
5-Hydroxyresorcinol
5-Oxyresorcinol
5-Oxyresorcinolphloroglucin
1,3,5-THB
MFCD00002286
1,3,5-Trihydroxycyclohexatriene
1,3,5-Triol
Benzene, 1,3,5-trihydroxy-
Phloroglucinol, anhydrous
5-Benzenetriol
NSC 1572
Phloroglucinol (JAN)
CHEMBL473159
PHLOROGLUCINOL [JAN]
Floroglucin [Czech]
Floroglucinol [Czech]
CCRIS 4147
UNII-DHD7FFG6YS
NCGC00166270-01
1,2,5-trihydroxybenzene
EINECS 203-611-2
BRN 1341907
Phloroglucinolum
AI3-08848
1,5-Benzenetriol
13X
Dilospan S (TN)
Phloroglucinol [BAN]
1,5-Trihydroxybenzene
1,5-Triol
Benzene,3,5-trihydroxy-
Phloroglucinol (anhydrous)
WLN: QR CQ EQ
1,3,5-trihydroxylbenzene
1,3,5-trihydroxy-benzene
PHLOROGLUCINOL [MI]
Phloroglucinol Impurity 33
1,3, 5-Trihydroxybenzene
SCHEMBL26311
SCHEMBL82570
1,5-Trihydroxycyclohexatriene
4-06-00-07361 (Beilstein Handbook Reference)
6,17-alpha Epoxypregnenolone
Phloroglucinol, p.a., 99%
PHLOROGLUCINOL [MART.]
Phloroglucinol (anhydrous) CRS
SCHEMBL3711657
PHLOROGLUCINOL [WHO-DD]
1,3,5-Benzenetriol, anhydrous
SCHEMBL30710583
NSC1572
BB_NC-02225
EDC49724
BBL018701
BDBM50249069
CS0115
EBC-48043
MSK168374
PHLOROGLUCINOL [EP MONOGRAPH]
STL146346
phloroglucinol (1,3,5-benzenetriol)
Phloroglucinol, >=99.0% (HPLC)
AKOS000119851
DB12944
FP12341
FS-4574
1,3,5-Benzenetriol (ACD/Name 4.0)
NCGC00166270-02
AC-10081
NS00013979
P0249
P1376
ST50214381
EN300-19648
Phloroglucinol 100 microg/mL in Acetonitrile
C02183
D00152
F13526
SBI-0653926.0001
USP Solution Phloroglucinol TS Conforms to USP
A801919
Q899008
BRD-K00405906-001-01-9
Phloroglucinol, plant cell culture tested, BioReagent
F0001-0177
Z104474594
Phloroglucinol, Used to detect the presence of wood fiber.
1,3,5-Benzenetriol; 1,3,5-THB; 1,3,5-Trihydroxybenzene
InChI=1/C6H6O3/c7-4-1-5(8)3-6(9)2-4/h1-3,7-9
Phloroglucinol (anhydrous), European Pharmacopoeia (EP) Reference Standard",359,C6H6O3,126.03169405199999,1.0277999999999998,0,1,1,BTM00180,BTM00180,Keto hydrolysis,BTMR0254,EC 3.7.1.,HUMAN,BTM00190,OC=1C(C(=O)C=CC2=CC=C(OC)C=C2)=C(O)C=C(O)C1,"InChI=1S/C16H14O5/c1-21-12-5-2-10(3-6-12)4-7-13(18)16-14(19)8-11(17)9-15(16)20/h2-9,17,19-20H,1H3/b7-4+",DGUBZDXYXXUHTJ-QPJJXVBHSA-N,2.8833999999999995,286.084123548
"InChI=1S/C10H10O3/c1-13-9-5-2-8(3-6-9)4-7-10(11)12/h2-7H,1H3,(H,11,12)/b7-4+",AFDXODALSZRGIH-QPJJXVBHSA-N,C(=O)(C=CC1=CC=C(OC)C=C1)O,"4-Methoxycinnamic acid
830-09-1
3-(4-methoxyphenyl)acrylic acid
(2E)-3-(4-methoxyphenyl)prop-2-enoic acid
(E)-3-(4-methoxyphenyl)prop-2-enoic acid
2-Propenoic acid, 3-(4-methoxyphenyl)-
3-(4-Methoxyphenyl)-2-propenoic acid
NSC-5303
NSC-623437
6G4ML8401A
CHEBI:48541
DTXSID4048147
RefChem:25958
DTXCID4028121
212-594-0
3-(4-methoxyphenyl)prop-2-enoic acid
943-89-5
(E)-3-(4-Methoxyphenyl)acrylic acid
P-METHOXYCINNAMIC ACID
trans-4-Methoxycinnamic acid
(E)-4-METHOXYCINNAMIC ACID
MFCD00004398
Cinnamic acid, p-methoxy-
para-methoxycinnamic acid
4-Methoxycinnamic acid, predominantly trans
O-Methyl-p-coumaric acid
2-Propenoic acid, 3-(4-methoxyphenyl)-, (2E)-
Cinnamic acid, 4-methoxy-
(E)-p-Methoxycinnamic acid
(E)-3-(4-methoxyphenyl)-2-propenoic acid
Bernel hydro
METHOXYCINNAMIC ACID, PARA
PMCA
p-methoxycinnamate
CHEMBL95770
4-Methoxy-(2E)-cinnamic acid
DTXSID1046059
trans-2-Propenoic acid, 3-(4-methoxyphenyl)-
NCGC00159448-02
(E)-3-(4-Methoxy-phenyl)-acrylic acid
F1638-0067
4-Methoxycinnamicacid
p-methoxy cinnamic acid
NSC 5303
P-Methoxy ciannamic acid
(2E)-3-(4-METHOXYPHENYL)ACRYLIC ACID
EINECS 212-594-0
UNII-6G4ML8401A
AI3-23399
p-MeOCinnamicAcid
K3Z
EINECS 213-405-4
para-methoxycinnamate
4-Methoxy cinnamate
P-Methoxy ciannamate
O-Methyl-p-coumarate
p-MCA
p-methoxycinnamylic acid
E-p-methoxycinnamic acid
trans-4-Methoxycinnamate
O-Methyl-p-cumaric Acid
bmse010212
trans-4-methoxycinnamic-acid
2-Propenoic acid, 3-(4-methoxyphenyl)-, (E)-
SCHEMBL58699
(E)-p-Methoxy-cinnamic acid
30-09-1
MLS002473129
trans-4-methoxy-cinnamic acid
orb1690128
SCHEMBL1510084
SCHEMBL4908350
4-Methoxycinnamic acid, trans-
3-(4-Methoxy-phenyl)-acrylate
DTXCID9026059
AFDXODALSZRGIH-QPJJXVBHSA-
NSC5303
CHEBI:143736
HMS1783A08
HMS2267B19
(E)-3-(4-Methoxyphenyl)acrylate
3-(4-methoxyphenyl)-2-Propenoate
SMSSF-0042310
AAA94389
ALBB-011726
BB_NC-02252
HY-N1387
STR01310
Tox21_111674
BBL012085
BDBM50146453
EBC-13389
EBC-44435
NSC623437
SBB005717
STK005095
(E)-3-(p-methoxyphenyl)acrylic acid
AKOS000118882
FM38609
PS-5777
(E)-3-(4-methoxyphenyl)-acrylic acid
NCGC00159448-03
NCGC00159448-04
AC-10371
CAS-943-89-5
DA-59571
SMR000112200
ST098720
SY011584
4-Methoxycinnamic acid, >=98.0% (GC)
p-Methoxycinnamic acid, predominantly trans
CS-0016807
M0576
NS00013547
A10220
EN300-312690
G60885
SBI-0635112.0002
(2E)-3-(4-Methoxyphenyl)-2-propenoic acid #
4-Methoxycinnamic acid, predominantly trans, 99%
830M091
A837404
AE-641/00135031
F319110
F862589
TRANS-3-(4-METHOXYPHENYL)-2-PROPENOIC ACID
BRD-K26273521-001-07-3
Q63391599
Z56931888
0C546A89-9721-4B4E-89EE-7EC28A9A3391
InChI=1/C10H10O3/c1-13-9-5-2-8(3-6-9)4-7-10(11)12/h2-7H,1H3,(H,11,12)/b7-4+",699414,C10H10O3,178.06299417999998,1.8858,0,0,0,BTM00405,BTM00405,Keto hydrolysis,BTMR0254,EC 3.7.1.,HUMAN,BTM00190,OC=1C(C(=O)C=CC2=CC=C(OC)C=C2)=C(O)C=C(O)C1,"InChI=1S/C16H14O5/c1-21-12-5-2-10(3-6-12)4-7-13(18)16-14(19)8-11(17)9-15(16)20/h2-9,17,19-20H,1H3/b7-4+",DGUBZDXYXXUHTJ-QPJJXVBHSA-N,2.8833999999999995,286.084123548
"InChI=1S/C22H22O11/c1-31-12-5-2-10(3-6-12)4-7-13(24)16-14(25)8-11(23)9-15(16)32-22-19(28)17(26)18(27)20(33-22)21(29)30/h2-9,17-20,22-23,25-28H,1H3,(H,29,30)/b7-4+",OZUTYEXWPPPVRJ-QPJJXVBHSA-N,O(C=1C(C(=O)C=CC2=CC=C(OC)C=C2)=C(O)C=C(O)C1)C3OC(C(O)=O)C(C(C3O)O)O,,,C22H22O11,462.116211524,1.1878999999999986,1,1,1,BTM00424,BTM00424,Aromatic OH-glucuronidation,BTMR0166,EC 2.4.1.17,HUMAN,BTM00190,OC=1C(C(=O)C=CC2=CC=C(OC)C=C2)=C(O)C=C(O)C1,"InChI=1S/C16H14O5/c1-21-12-5-2-10(3-6-12)4-7-13(18)16-14(19)8-11(17)9-15(16)20/h2-9,17,19-20H,1H3/b7-4+",DGUBZDXYXXUHTJ-QPJJXVBHSA-N,2.8833999999999995,286.084123548
"InChI=1S/C22H22O11/c1-31-11-5-2-10(3-6-11)4-7-13(23)16-14(24)8-12(9-15(16)25)32-22-19(28)17(26)18(27)20(33-22)21(29)30/h2-9,17-20,22,24-28H,1H3,(H,29,30)/b7-4+",YBURBISFXXYJSX-QPJJXVBHSA-N,OC=1C(C(=O)C=CC2=CC=C(OC)C=C2)=C(O)C=C(OC3OC(C(O)=O)C(C(C3O)O)O)C1,,,C22H22O11,462.116211524,1.1878999999999986,1,1,1,BTM00425,BTM00425,Aromatic OH-glucuronidation,BTMR0166,EC 2.4.1.17,HUMAN,BTM00190,OC=1C(C(=O)C=CC2=CC=C(OC)C=C2)=C(O)C=C(O)C1,"InChI=1S/C16H14O5/c1-21-12-5-2-10(3-6-12)4-7-13(18)16-14(19)8-11(17)9-15(16)20/h2-9,17,19-20H,1H3/b7-4+",DGUBZDXYXXUHTJ-QPJJXVBHSA-N,2.8833999999999995,286.084123548
"InChI=1S/C16H14O8S/c1-23-12-5-2-10(3-6-12)4-7-13(18)16-14(19)8-11(17)9-15(16)24-25(20,21)22/h2-9,17,19H,1H3,(H,20,21,22)/b7-4+",OZVYTIRKPUBRIQ-QPJJXVBHSA-N,O(C=1C(C(=O)C=CC2=CC=C(OC)C=C2)=C(O)C=C(O)C1)S(O)(=O)=O,,,C16H14O8S,366.040938408,2.1465999999999994,0,1,1,BTM00426,BTM00426,Sulfonation of phenolic compound,BTMR1376,EC 2.8.2.1,HUMAN,BTM00190,OC=1C(C(=O)C=CC2=CC=C(OC)C=C2)=C(O)C=C(O)C1,"InChI=1S/C16H14O5/c1-21-12-5-2-10(3-6-12)4-7-13(18)16-14(19)8-11(17)9-15(16)20/h2-9,17,19-20H,1H3/b7-4+",DGUBZDXYXXUHTJ-QPJJXVBHSA-N,2.8833999999999995,286.084123548
"InChI=1S/C16H14O8S/c1-23-11-5-2-10(3-6-11)4-7-13(17)16-14(18)8-12(9-15(16)19)24-25(20,21)22/h2-9,18-19H,1H3,(H,20,21,22)/b7-4+",QIRGLNOSGGFDRN-QPJJXVBHSA-N,OC=1C(C(=O)C=CC2=CC=C(OC)C=C2)=C(O)C=C(OS(O)(=O)=O)C1,,,C16H14O8S,366.040938408,2.1465999999999994,0,1,1,BTM00427,BTM00427,Sulfonation of phenolic compound,BTMR1376,EC 2.8.2.1,HUMAN,BTM00190,OC=1C(C(=O)C=CC2=CC=C(OC)C=C2)=C(O)C=C(O)C1,"InChI=1S/C16H14O5/c1-21-12-5-2-10(3-6-12)4-7-13(18)16-14(19)8-11(17)9-15(16)20/h2-9,17,19-20H,1H3/b7-4+",DGUBZDXYXXUHTJ-QPJJXVBHSA-N,2.8833999999999995,286.084123548
"InChI=1S/C17H16O5/c1-21-13-6-3-11(4-7-13)5-8-14(19)17-15(20)9-12(18)10-16(17)22-2/h3-10,18,20H,1-2H3/b8-5+",YROJPKUFDFWHAO-VMPITWQZSA-N,O(C=1C(C(=O)C=CC2=CC=C(OC)C=C2)=C(O)C=C(O)C1)C,"2',4'-Dihydroxy-4,6'-dimethoxychalcone
(E)-1-(2,4-dihydroxy-6-methoxyphenyl)-3-(4-methoxyphenyl)prop-2-en-1-one
RefChem:80120
855740-21-5
4-O-Methylhelichrysetin
56121-44-9
CHEMBL494264
orb1683492
SCHEMBL2286230
SCHEMBL30383887
LMPK12120301
AKOS040761151
FS-8663
XM173146
CS-0017868",11449431,C17H16O5,300.099773612,3.1343999999999994,0,0,0,BTM00416,BTM00416,Methylation of phenolic compound,BTMR1377,EC 2.1.1.25,HUMAN,BTM00190,OC=1C(C(=O)C=CC2=CC=C(OC)C=C2)=C(O)C=C(O)C1,"InChI=1S/C16H14O5/c1-21-12-5-2-10(3-6-12)4-7-13(18)16-14(19)8-11(17)9-15(16)20/h2-9,17,19-20H,1H3/b7-4+",DGUBZDXYXXUHTJ-QPJJXVBHSA-N,2.8833999999999995,286.084123548
"InChI=1S/C17H16O5/c1-21-12-6-3-11(4-7-12)5-8-14(18)17-15(19)9-13(22-2)10-16(17)20/h3-10,19-20H,1-2H3/b8-5+",NXHNEWMDVUHUCV-VMPITWQZSA-N,OC=1C(C(=O)C=CC2=CC=C(OC)C=C2)=C(O)C=C(OC)C1,"2',6'-Dihydroxy-4,4'-dimethoxychalcone
94441-99-3
(E)-1-(2,6-dihydroxy-4-methoxyphenyl)-3-(4-methoxyphenyl)prop-2-en-1-one
DTXSID601146849
(2E)-1-(2,6-Dihydroxy-4-methoxyphenyl)-3-(4-methoxyphenyl)-2-propen-1-one
1-(2,6-dihydroxy-4-methoxyphenyl)-3-(4-methoxyphenyl)-2-propen-1-one
RefChem:905794
DTXCID101578425
305-324-9
Gymnogrammene
20621-49-2
MFCD00017364
(2E)-1-(2,6-dihydroxy-4-methoxyphenyl)-3-(4-methoxyphenyl)prop-2-en-1-one
1-(2,6-dihydroxy-4-methoxyphenyl)-3-(4-methoxyphenyl)prop-2-en-1-one
EINECS 305-324-9
(E)-2',6'-Dihydroxy-4,4'-dimethoxychalcone
SCHEMBL2632343
2-Propen-1-one, 1-(2,6-dihydroxy-4-methoxyphenyl)-3-(4-methoxyphenyl)-
NXHNEWMDVUHUCV-VMPITWQZSA-N
LMPK12120311
AKOS040760995
FD65523
2',6'-Dihydroxy 4',4-dimethoxychalcone
DB-292550
CS-0158834
NS00066287
ST50331402
(E)-1-(2,6-dihydroxy-4-methoxy-phenyl)-3-(4-methoxyphenyl)prop-2-en-1-one",6438580,C17H16O5,300.099773612,3.1343999999999994,0,0,0,BTM00422,BTM00422,Methylation of phenolic compound,BTMR1377,EC 2.1.1.25,HUMAN,BTM00190,OC=1C(C(=O)C=CC2=CC=C(OC)C=C2)=C(O)C=C(O)C1,"InChI=1S/C16H14O5/c1-21-12-5-2-10(3-6-12)4-7-13(18)16-14(19)8-11(17)9-15(16)20/h2-9,17,19-20H,1H3/b7-4+",DGUBZDXYXXUHTJ-QPJJXVBHSA-N,2.8833999999999995,286.084123548
"InChI=1S/C21H22O10/c22-11-6-10(29-21-18(26)16(24)17(25)19(31-21)20(27)28)7-14-15(11)12(23)8-13(30-14)9-4-2-1-3-5-9/h1-7,12-13,16-19,21-26H,8H2,(H,27,28)",BCLIJZDOPIUJRI-UHFFFAOYSA-N,O1C=2C(C(O)CC1C3=CC=CC=C3)=C(O)C=C(OC4OC(C(O)=O)C(C(C4O)O)O)C2,,,C21H22O10,434.12129690399996,0.5006999999999987,1,1,1,BTM00428,BTM00428,Aromatic OH-glucuronidation,BTMR0166,EC 2.4.1.17,HUMAN,BTM00191,O1C=2C(C(O)CC1C3=CC=CC=C3)=C(O)C=C(O)C2,"InChI=1S/C15H14O4/c16-10-6-11(17)15-12(18)8-13(19-14(15)7-10)9-4-2-1-3-5-9/h1-7,12-13,16-18H,8H2",QZSGWUDKCQKAIF-UHFFFAOYSA-N,2.1961999999999997,258.089208928
"InChI=1S/C21H22O10/c22-10-6-13-15(11(23)8-12(29-13)9-4-2-1-3-5-9)14(7-10)30-21-18(26)16(24)17(25)19(31-21)20(27)28/h1-7,11-12,16-19,21-26H,8H2,(H,27,28)",MPWXTWFTRODATB-UHFFFAOYSA-N,O1C=2C(C(O)CC1C3=CC=CC=C3)=C(OC4OC(C(O)=O)C(C(C4O)O)O)C=C(O)C2,,,C21H22O10,434.12129690399996,0.5006999999999987,1,1,1,BTM00429,BTM00429,Aromatic OH-glucuronidation,BTMR0166,EC 2.4.1.17,HUMAN,BTM00191,O1C=2C(C(O)CC1C3=CC=CC=C3)=C(O)C=C(O)C2,"InChI=1S/C15H14O4/c16-10-6-11(17)15-12(18)8-13(19-14(15)7-10)9-4-2-1-3-5-9/h1-7,12-13,16-18H,8H2",QZSGWUDKCQKAIF-UHFFFAOYSA-N,2.1961999999999997,258.089208928
"InChI=1S/C15H14O7S/c16-11-6-10(22-23(18,19)20)7-14-15(11)12(17)8-13(21-14)9-4-2-1-3-5-9/h1-7,12-13,16-17H,8H2,(H,18,19,20)",DSCGAQDTVGXIIW-UHFFFAOYSA-N,O1C=2C(C(O)CC1C3=CC=CC=C3)=C(O)C=C(OS(O)(=O)=O)C2,,,C15H14O7S,338.04602378799996,1.4593999999999996,0,1,1,BTM00430,BTM00430,Sulfonation of phenolic compound,BTMR1376,EC 2.8.2.1,HUMAN,BTM00191,O1C=2C(C(O)CC1C3=CC=CC=C3)=C(O)C=C(O)C2,"InChI=1S/C15H14O4/c16-10-6-11(17)15-12(18)8-13(19-14(15)7-10)9-4-2-1-3-5-9/h1-7,12-13,16-18H,8H2",QZSGWUDKCQKAIF-UHFFFAOYSA-N,2.1961999999999997,258.089208928
"InChI=1S/C15H14O7S/c16-10-6-13-15(14(7-10)22-23(18,19)20)11(17)8-12(21-13)9-4-2-1-3-5-9/h1-7,11-12,16-17H,8H2,(H,18,19,20)",FGVYDRPOOXXHLB-UHFFFAOYSA-N,O1C=2C(C(O)CC1C3=CC=CC=C3)=C(OS(O)(=O)=O)C=C(O)C2,,,C15H14O7S,338.04602378799996,1.4593999999999996,0,1,1,BTM00431,BTM00431,Sulfonation of phenolic compound,BTMR1376,EC 2.8.2.1,HUMAN,BTM00191,O1C=2C(C(O)CC1C3=CC=CC=C3)=C(O)C=C(O)C2,"InChI=1S/C15H14O4/c16-10-6-11(17)15-12(18)8-13(19-14(15)7-10)9-4-2-1-3-5-9/h1-7,12-13,16-18H,8H2",QZSGWUDKCQKAIF-UHFFFAOYSA-N,2.1961999999999997,258.089208928
"InChI=1S/C15H14O7S/c16-10-6-11(17)15-13(7-10)21-12(9-4-2-1-3-5-9)8-14(15)22-23(18,19)20/h1-7,12,14,16-17H,8H2,(H,18,19,20)",USZYIUUMQQRWTO-UHFFFAOYSA-N,O1C=2C(C(OS(O)(=O)=O)CC1C3=CC=CC=C3)=C(O)C=C(O)C2,,,C15H14O7S,338.046023788,1.6168999999999996,0,1,1,BTM00432,BTM00432,Sulfation of secondary alcohol,BTMR0502,EC 2.8.2.2,HUMAN,BTM00191,O1C=2C(C(O)CC1C3=CC=CC=C3)=C(O)C=C(O)C2,"InChI=1S/C15H14O4/c16-10-6-11(17)15-12(18)8-13(19-14(15)7-10)9-4-2-1-3-5-9/h1-7,12-13,16-18H,8H2",QZSGWUDKCQKAIF-UHFFFAOYSA-N,2.1961999999999997,258.089208928
"InChI=1S/C16H16O4/c1-19-11-7-12(17)16-13(18)9-14(20-15(16)8-11)10-5-3-2-4-6-10/h2-8,13-14,17-18H,9H2,1H3",HOLBGAKYQDKONU-UHFFFAOYSA-N,O1C=2C(C(O)CC1C3=CC=CC=C3)=C(O)C=C(OC)C2,,,C16H16O4,272.104858992,2.4471999999999987,0,0,0,BTM00433,BTM00433,Methylation of phenolic compound,BTMR1377,EC 2.1.1.25,HUMAN,BTM00191,O1C=2C(C(O)CC1C3=CC=CC=C3)=C(O)C=C(O)C2,"InChI=1S/C15H14O4/c16-10-6-11(17)15-12(18)8-13(19-14(15)7-10)9-4-2-1-3-5-9/h1-7,12-13,16-18H,8H2",QZSGWUDKCQKAIF-UHFFFAOYSA-N,2.1961999999999997,258.089208928
"InChI=1S/C16H16O4/c1-19-14-7-11(17)8-15-16(14)12(18)9-13(20-15)10-5-3-2-4-6-10/h2-8,12-13,17-18H,9H2,1H3",OTGOQBQQWARAJG-UHFFFAOYSA-N,O1C=2C(C(O)CC1C3=CC=CC=C3)=C(OC)C=C(O)C2,,,C16H16O4,272.104858992,2.4471999999999987,0,0,0,BTM00434,BTM00434,Methylation of phenolic compound,BTMR1377,EC 2.1.1.25,HUMAN,BTM00191,O1C=2C(C(O)CC1C3=CC=CC=C3)=C(O)C=C(O)C2,"InChI=1S/C15H14O4/c16-10-6-11(17)15-12(18)8-13(19-14(15)7-10)9-4-2-1-3-5-9/h1-7,12-13,16-18H,8H2",QZSGWUDKCQKAIF-UHFFFAOYSA-N,2.1961999999999997,258.089208928
"InChI=1S/C16H16O4/c1-19-11-7-12(17)16-13(18)9-14(20-15(16)8-11)10-5-3-2-4-6-10/h2-8,13-14,17-18H,9H2,1H3",HOLBGAKYQDKONU-UHFFFAOYSA-N,O1C=2C(C(O)CC1C3=CC=CC=C3)=C(O)C=C(OC)C2,,,C16H16O4,272.104858992,2.4471999999999987,0,0,0,BTM00433,BTM00433,Reduction of carbonyl,BTMR0368,EC 1.1.1.184,HUMAN,BTM00194,O1C=2C(C(=O)CC1C3=CC=CC=C3)=C(O)C=C(OC)C2,"InChI=1S/C16H14O4/c1-19-11-7-12(17)16-13(18)9-14(20-15(16)8-11)10-5-3-2-4-6-10/h2-8,14,17H,9H2,1H3",ORJDDOBAOGKRJV-UHFFFAOYSA-N,2.816099999999999,270.089208928
"InChI=1S/C22H22O10/c1-29-11-7-14-16(12(23)9-13(30-14)10-5-3-2-4-6-10)15(8-11)31-22-19(26)17(24)18(25)20(32-22)21(27)28/h2-8,13,17-20,22,24-26H,9H2,1H3,(H,27,28)",PFUKQHRUXZJWHE-UHFFFAOYSA-N,O1C=2C(C(=O)CC1C3=CC=CC=C3)=C(OC4OC(C(O)=O)C(C(C4O)O)O)C=C(OC)C2,,,C22H22O10,446.121296904,1.1206000000000016,0,1,1,BTM00435,BTM00435,Aromatic OH-glucuronidation,BTMR0166,EC 2.4.1.17,HUMAN,BTM00194,O1C=2C(C(=O)CC1C3=CC=CC=C3)=C(O)C=C(OC)C2,"InChI=1S/C16H14O4/c1-19-11-7-12(17)16-13(18)9-14(20-15(16)8-11)10-5-3-2-4-6-10/h2-8,14,17H,9H2,1H3",ORJDDOBAOGKRJV-UHFFFAOYSA-N,2.816099999999999,270.089208928
"InChI=1S/C17H16O4/c1-19-12-8-15(20-2)17-13(18)10-14(21-16(17)9-12)11-6-4-3-5-7-11/h3-9,14H,10H2,1-2H3",IAFBOKYTDSDNHV-UHFFFAOYSA-N,O1C=2C(C(=O)CC1C3=CC=CC=C3)=C(OC)C=C(OC)C2,"5,7-Dimethoxyflavanone
1036-72-2
5,7-dimethoxy-2-phenyl-2,3-dihydrochromen-4-one
RefChem:935833
GlyTouCan:G84450LE
G84450LE
5,7-dimethoxy-2-phenylchroman-4-one
5,7-Dimethoxyflavanon
Dimethylpinocembrin
36052-66-1
Flavanone, 5,7-dimethoxy-
NSC661206
5,7-Dimethoxy-2-phenyl-chroman-4-one
Pinocembrin 5,7-dimethyl ether
alpinetin methyl ether
MFCD00143414
5,7-Dimethoxy-2-phenyl-2,3-dihydro-4H-chromen-4-one
CHEMBL107131
4H-1-Benzopyran-4-one, 2,3-dihydro-5,7-dimethoxy-2-phenyl-, (2S)-
NSC 661206
Spectrum_000324
5,7-Dimethoxyflavonone
Pinocembrin dimethylether
SpecPlus_000873
4H-1-Benzopyran-4-one, 2,3-dihydro-5,7-dimethoxy-2-phenyl-
5,7-Dimethoxylflavanone
5,7-Dimethoxy flavanone
Spectrum2_001357
Spectrum3_000587
Spectrum4_001873
Spectrum5_000466
BSPBio_002034
KBioGR_002369
KBioSS_000804
DivK1c_006969
SPBio_001573
(2R)-2,3-Dihydro-5,7-dimethoxy-2-phenyl-4H-1-benzopyran-4-one
MEGxp0_000558
SCHEMBL2879027
ACon1_001227
KBio1_001913
KBio2_000804
KBio2_003372
KBio2_005940
KBio3_001534
DTXSID20908493
CHEBI:110206
IAFBOKYTDSDNHV-UHFFFAOYSA-N
5,7-dimethoxy-2-phenyl-3,4-dihydro-2H-1-benzopyran-4-one
BDBM50338969
CCG-38839
HY-N10879
LMPK12140217
FP66956
FS-7880
NSC-661206
NCGC00142553-01
NCGC00142553-02
NCGC00142553-03
NCGC00142553-05
NCI60_021335
ST057643
DB-229276
CS-0637334
SR-05000002541
SR-05000002541-1
BRD-A90249268-001-03-2
BRD-A90249268-001-04-0
Q27189587
5,7-Dimethoxy-2-phenyl-2,3-dihydro-4H-chromen-4-one #
5,7-Dimethoxy-2-phenyl-2,3-dihydro-4H-1-benzopyran-4-one",378567,C17H16O4,284.104858992,3.0671,0,0,0,BTM00436,BTM00436,Methylation of phenolic compound,BTMR1377,EC 2.1.1.25,HUMAN,BTM00194,O1C=2C(C(=O)CC1C3=CC=CC=C3)=C(O)C=C(OC)C2,"InChI=1S/C16H14O4/c1-19-11-7-12(17)16-13(18)9-14(20-15(16)8-11)10-5-3-2-4-6-10/h2-8,14,17H,9H2,1H3",ORJDDOBAOGKRJV-UHFFFAOYSA-N,2.816099999999999,270.089208928
"InChI=1S/C16H16O4/c1-19-14-7-11(17)8-15-16(14)12(18)9-13(20-15)10-5-3-2-4-6-10/h2-8,12-13,17-18H,9H2,1H3",OTGOQBQQWARAJG-UHFFFAOYSA-N,O1C=2C(C(O)CC1C3=CC=CC=C3)=C(OC)C=C(O)C2,,,C16H16O4,272.104858992,2.4471999999999987,0,0,0,BTM00434,BTM00434,Reduction of carbonyl,BTMR0368,EC 1.1.1.184,HUMAN,BTM00195,O1C=2C(C(=O)CC1C3=CC=CC=C3)=C(OC)C=C(O)C2,"InChI=1S/C16H14O4/c1-19-14-7-11(17)8-15-16(14)12(18)9-13(20-15)10-5-3-2-4-6-10/h2-8,13,17H,9H2,1H3",QQQCWVDPMPFUGF-UHFFFAOYSA-N,2.816099999999999,270.089208928
"InChI=1S/C22H22O10/c1-29-14-7-11(30-22-19(26)17(24)18(25)20(32-22)21(27)28)8-15-16(14)12(23)9-13(31-15)10-5-3-2-4-6-10/h2-8,13,17-20,22,24-26H,9H2,1H3,(H,27,28)",LHNHHAIQWBEICN-UHFFFAOYSA-N,O1C=2C(C(=O)CC1C3=CC=CC=C3)=C(OC)C=C(OC4OC(C(O)=O)C(C(C4O)O)O)C2,,,C22H22O10,446.121296904,1.1206000000000016,0,1,1,BTM00437,BTM00437,Aromatic OH-glucuronidation,BTMR0166,EC 2.4.1.17,HUMAN,BTM00195,O1C=2C(C(=O)CC1C3=CC=CC=C3)=C(OC)C=C(O)C2,"InChI=1S/C16H14O4/c1-19-14-7-11(17)8-15-16(14)12(18)9-13(20-15)10-5-3-2-4-6-10/h2-8,13,17H,9H2,1H3",QQQCWVDPMPFUGF-UHFFFAOYSA-N,2.816099999999999,270.089208928
"InChI=1S/C16H14O7S/c1-21-14-7-11(23-24(18,19)20)8-15-16(14)12(17)9-13(22-15)10-5-3-2-4-6-10/h2-8,13H,9H2,1H3,(H,18,19,20)",ZFLNVXSDDZXPCP-UHFFFAOYSA-N,O1C=2C(C(=O)CC1C3=CC=CC=C3)=C(OC)C=C(OS(O)(=O)=O)C2,,,C16H14O7S,350.04602378799996,2.079299999999999,0,0,0,BTM00438,BTM00438,Sulfonation of phenolic compound,BTMR1376,EC 2.8.2.1,HUMAN,BTM00195,O1C=2C(C(=O)CC1C3=CC=CC=C3)=C(OC)C=C(O)C2,"InChI=1S/C16H14O4/c1-19-14-7-11(17)8-15-16(14)12(18)9-13(20-15)10-5-3-2-4-6-10/h2-8,13,17H,9H2,1H3",QQQCWVDPMPFUGF-UHFFFAOYSA-N,2.816099999999999,270.089208928
"InChI=1S/C17H16O4/c1-19-12-8-15(20-2)17-13(18)10-14(21-16(17)9-12)11-6-4-3-5-7-11/h3-9,14H,10H2,1-2H3",IAFBOKYTDSDNHV-UHFFFAOYSA-N,O1C=2C(C(=O)CC1C3=CC=CC=C3)=C(OC)C=C(OC)C2,"5,7-Dimethoxyflavanone
1036-72-2
5,7-dimethoxy-2-phenyl-2,3-dihydrochromen-4-one
RefChem:935833
GlyTouCan:G84450LE
G84450LE
5,7-dimethoxy-2-phenylchroman-4-one
5,7-Dimethoxyflavanon
Dimethylpinocembrin
36052-66-1
Flavanone, 5,7-dimethoxy-
NSC661206
5,7-Dimethoxy-2-phenyl-chroman-4-one
Pinocembrin 5,7-dimethyl ether
alpinetin methyl ether
MFCD00143414
5,7-Dimethoxy-2-phenyl-2,3-dihydro-4H-chromen-4-one
CHEMBL107131
4H-1-Benzopyran-4-one, 2,3-dihydro-5,7-dimethoxy-2-phenyl-, (2S)-
NSC 661206
Spectrum_000324
5,7-Dimethoxyflavonone
Pinocembrin dimethylether
SpecPlus_000873
4H-1-Benzopyran-4-one, 2,3-dihydro-5,7-dimethoxy-2-phenyl-
5,7-Dimethoxylflavanone
5,7-Dimethoxy flavanone
Spectrum2_001357
Spectrum3_000587
Spectrum4_001873
Spectrum5_000466
BSPBio_002034
KBioGR_002369
KBioSS_000804
DivK1c_006969
SPBio_001573
(2R)-2,3-Dihydro-5,7-dimethoxy-2-phenyl-4H-1-benzopyran-4-one
MEGxp0_000558
SCHEMBL2879027
ACon1_001227
KBio1_001913
KBio2_000804
KBio2_003372
KBio2_005940
KBio3_001534
DTXSID20908493
CHEBI:110206
IAFBOKYTDSDNHV-UHFFFAOYSA-N
5,7-dimethoxy-2-phenyl-3,4-dihydro-2H-1-benzopyran-4-one
BDBM50338969
CCG-38839
HY-N10879
LMPK12140217
FP66956
FS-7880
NSC-661206
NCGC00142553-01
NCGC00142553-02
NCGC00142553-03
NCGC00142553-05
NCI60_021335
ST057643
DB-229276
CS-0637334
SR-05000002541
SR-05000002541-1
BRD-A90249268-001-03-2
BRD-A90249268-001-04-0
Q27189587
5,7-Dimethoxy-2-phenyl-2,3-dihydro-4H-chromen-4-one #
5,7-Dimethoxy-2-phenyl-2,3-dihydro-4H-1-benzopyran-4-one",378567,C17H16O4,284.104858992,3.0671,0,0,0,BTM00436,BTM00436,Methylation of phenolic compound,BTMR1377,EC 2.1.1.25,HUMAN,BTM00195,O1C=2C(C(=O)CC1C3=CC=CC=C3)=C(OC)C=C(O)C2,"InChI=1S/C16H14O4/c1-19-14-7-11(17)8-15-16(14)12(18)9-13(20-15)10-5-3-2-4-6-10/h2-8,13,17H,9H2,1H3",QQQCWVDPMPFUGF-UHFFFAOYSA-N,2.816099999999999,270.089208928
"InChI=1S/C15H14O7/c16-7-4-10(19)12-11(5-7)22-15(14(21)13(12)20)6-1-2-8(17)9(18)3-6/h1-5,13-21H",SBZWTSHAFILOTE-UHFFFAOYSA-N,O1C=2C(C(O)C(C1C3=CC=C(O)C(=C3)O)O)=C(O)C=C(O)C2,"Leucocyanidin
Leucocyanidol
Procyanidol
Resivit
Leukocyanidine
Leucoanthocyanidol
2-(3,4-dihydroxyphenyl)-3,4-dihydro-2H-chromene-3,4,5,7-tetrol
3,4-Cyanidiol
CHEBI:15758
3,3',4,4',5,7-flavanhexanol
3,3',4,4',5,7-Flavanhexol
2-(3,4-Dihydroxyphenyl)-3,4-dihydro-2H-1-benzopyran-3,4,5,7-tetrol
DTXSID80861994
flavanhexanol
leucodyanidol
RefChem:924666
GlyTouCan:G80767JD
2H-1-Benzopyran-3,4,5,7-tetrol, 2-(3,4-dihydroxyphenyl)-3,4-dihydro
DTXCID101527034
G80767JD
3,3',4,4',5,7-hexahydroflavane
5,7,3,4-tetrahydroxyflavan-3',4'-diol
480-17-1
27015-21-0
NSC84278
NSC98945
2-(3,4-dihydroxyphenyl)chromane-3,4,5,7-tetrol
2,3-trans-3,4-trans-leucocyanidin
SCHEMBL285598
CHEMBL123809
SCHEMBL25894747
SCHEMBL29531793
SBZWTSHAFILOTE-UHFFFAOYSA-N
LMPK12020202
NSC-84278
NSC-98945
FL65777
34540-64-2
2-(3,4-Dihydroxyphenyl)-3,4,5,7-chromanetetrol
Q61014519",71629,C15H14O7,306.073952788,1.0883,1,1,1,BTM00439,BTM00439,Reduction of carbonyl,BTMR0368,EC 1.1.1.184,HUMAN,BTM00210,O1C=2C(C(=O)C(C1C3=CC=C(O)C(=C3)O)O)=C(O)C=C(O)C2,"InChI=1S/C15H12O7/c16-7-4-10(19)12-11(5-7)22-15(14(21)13(12)20)6-1-2-8(17)9(18)3-6/h1-5,14-19,21H",CXQWRCVTCMQVQX-UHFFFAOYSA-N,1.4848000000000001,304.058302724
"InChI=1S/C16H14O7/c1-22-11-3-2-7(4-9(11)18)16-15(21)14(20)13-10(19)5-8(17)6-12(13)23-16/h2-6,15-19,21H,1H3",KQNGHARGJDXHKF-UHFFFAOYSA-N,O1C=2C(C(=O)C(C1C3=CC=C(OC)C(=C3)O)O)=C(O)C=C(O)C2,"3,5,7-trihydroxy-2-(3-hydroxy-4-methoxyphenyl)-2,3-dihydrochromen-4-one
RefChem:1099385
Tamaraxetin
4'-O-Methyltaxifolin
3,5,7-trihydroxy-2-(3-hydroxy-4-methoxy-phenyl)chroman-4-one
4'-O-Methyldihydroquercetin; Blumeatin A
taxifolin 4'-methyl ether
CHEMBL451709
SCHEMBL16887881
CHEBI:193113
VCA41127
3,3',5,7-tetrahydroxy-4'-methoxyflavanone
3,5,7,3'-tetrahydroxy-4'-methoxyflavanone
B0005-476478
3,5,7-Trihydroxy-2-(3-hydroxy-4-methoxyphenyl)chroman-4-one",482576,C16H14O7,318.073952788,1.7358,0,1,1,BTM00440,BTM00440,Catechol O-methylation,BTMR0212,EC 2.1.1.6,HUMAN,BTM00210,O1C=2C(C(=O)C(C1C3=CC=C(O)C(=C3)O)O)=C(O)C=C(O)C2,"InChI=1S/C15H12O7/c16-7-4-10(19)12-11(5-7)22-15(14(21)13(12)20)6-1-2-8(17)9(18)3-6/h1-5,14-19,21H",CXQWRCVTCMQVQX-UHFFFAOYSA-N,1.4848000000000001,304.058302724
"InChI=1S/C16H14O7/c1-22-11-4-7(2-3-9(11)18)16-15(21)14(20)13-10(19)5-8(17)6-12(13)23-16/h2-6,15-19,21H,1H3",JWYULKXTGMJKKM-UHFFFAOYSA-N,O1C=2C(C(=O)C(C1C3=CC=C(O)C(=C3)OC)O)=C(O)C=C(O)C2,"DIHYDROISORHAMNETIN
3,5,7-trihydroxy-2-(4-hydroxy-3-methoxyphenyl)-3,4-dihydro-2H-1-benzopyran-4-one
3,5,7-trihydroxy-2-(4-hydroxy-3-methoxyphenyl)-2,3-dihydrochromen-4-one
RefChem:133849
3,4',5,7-Tetrahydroxy-3'-methoxyflavanone
4',5,7-Trihydroxy-3'-methoxydihydroflavonol
3'-O-methyl taxifolin
2,3-dihydroisorhamnetin
taxifolin 3'-methyl ether
CHEMBL1822704
SCHEMBL16887921
SCHEMBL31237482
CHEBI:175075
FCA81291
3,5,7-trihydroxy-2-(4-hydroxy-3-methoxyphenyl)-2,3-dihydro-4H-1-benzopyran-4-one
3'-methoxy-4',5,7-trihydroxy-dihydroflavonol
3,5,7-trihydroxy-2-(4-hydroxy-3-methoxyphenyl)-2,3-dihydro-4H-chromen-4-one",56658060,C16H14O7,318.073952788,1.7358,0,1,1,BTM00441,BTM00441,Catechol O-methylation,BTMR1380,EC 2.1.1.6,HUMAN,BTM00210,O1C=2C(C(=O)C(C1C3=CC=C(O)C(=C3)O)O)=C(O)C=C(O)C2,"InChI=1S/C15H12O7/c16-7-4-10(19)12-11(5-7)22-15(14(21)13(12)20)6-1-2-8(17)9(18)3-6/h1-5,14-19,21H",CXQWRCVTCMQVQX-UHFFFAOYSA-N,1.4848000000000001,304.058302724
"InChI=1S/C21H20O13/c22-8-2-1-6(3-9(8)23)18-15(27)13(25)12-10(24)4-7(5-11(12)33-18)32-21-17(29)14(26)16(28)19(34-21)20(30)31/h1-5,14-19,21-24,26-29H,(H,30,31)",GVSMDAMZDVEGDZ-UHFFFAOYSA-N,O1C=2C(C(=O)C(C1C3=CC=C(O)C(=C3)O)O)=C(O)C=C(OC4OC(C(O)=O)C(C(C4O)O)O)C2,,,C21H20O13,480.09039069999994,-0.2107000000000007,2,1,1,BTM00442,BTM00442,Aromatic OH-glucuronidation,BTMR0166,EC 2.4.1.17,HUMAN,BTM00210,O1C=2C(C(=O)C(C1C3=CC=C(O)C(=C3)O)O)=C(O)C=C(O)C2,"InChI=1S/C15H12O7/c16-7-4-10(19)12-11(5-7)22-15(14(21)13(12)20)6-1-2-8(17)9(18)3-6/h1-5,14-19,21H",CXQWRCVTCMQVQX-UHFFFAOYSA-N,1.4848000000000001,304.058302724
"InChI=1S/C21H20O13/c22-7-4-10-12(13(25)15(27)18(32-10)6-1-2-8(23)9(24)3-6)11(5-7)33-21-17(29)14(26)16(28)19(34-21)20(30)31/h1-5,14-19,21-24,26-29H,(H,30,31)",YZUPTNGQFLMXKF-UHFFFAOYSA-N,O1C=2C(C(=O)C(C1C3=CC=C(O)C(=C3)O)O)=C(OC4OC(C(O)=O)C(C(C4O)O)O)C=C(O)C2,,,C21H20O13,480.09039069999994,-0.2107000000000007,2,1,1,BTM00443,BTM00443,Aromatic OH-glucuronidation,BTMR0166,EC 2.4.1.17,HUMAN,BTM00210,O1C=2C(C(=O)C(C1C3=CC=C(O)C(=C3)O)O)=C(O)C=C(O)C2,"InChI=1S/C15H12O7/c16-7-4-10(19)12-11(5-7)22-15(14(21)13(12)20)6-1-2-8(17)9(18)3-6/h1-5,14-19,21H",CXQWRCVTCMQVQX-UHFFFAOYSA-N,1.4848000000000001,304.058302724
"InChI=1S/C21H20O13/c22-7-4-9(24)12-11(5-7)32-18(15(27)13(12)25)6-1-2-8(23)10(3-6)33-21-17(29)14(26)16(28)19(34-21)20(30)31/h1-5,14-19,21-24,26-29H,(H,30,31)",HXJMVCQRRSNMPB-UHFFFAOYSA-N,O1C=2C(C(=O)C(C1C3=CC=C(O)C(=C3)OC4OC(C(O)=O)C(C(C4O)O)O)O)=C(O)C=C(O)C2,"SCHEMBL30566310
CHEBI:131700",131750813,C21H20O13,480.09039069999994,-0.2107000000000007,2,1,1,BTM00444,BTM00444,Aromatic OH-glucuronidation,BTMR0166,EC 2.4.1.17,HUMAN,BTM00210,O1C=2C(C(=O)C(C1C3=CC=C(O)C(=C3)O)O)=C(O)C=C(O)C2,"InChI=1S/C15H12O7/c16-7-4-10(19)12-11(5-7)22-15(14(21)13(12)20)6-1-2-8(17)9(18)3-6/h1-5,14-19,21H",CXQWRCVTCMQVQX-UHFFFAOYSA-N,1.4848000000000001,304.058302724
"InChI=1S/C21H20O13/c22-7-4-9(24)12-11(5-7)32-18(15(27)13(12)25)6-1-2-10(8(23)3-6)33-21-17(29)14(26)16(28)19(34-21)20(30)31/h1-5,14-19,21-24,26-29H,(H,30,31)",LQDNMIIWSQICPP-UHFFFAOYSA-N,O1C=2C(C(=O)C(C1C3=CC=C(OC4OC(C(O)=O)C(C(C4O)O)O)C(=C3)O)O)=C(O)C=C(O)C2,,,C21H20O13,480.09039069999994,-0.2107000000000007,2,1,1,BTM00445,BTM00445,Aromatic OH-glucuronidation,BTMR0166,EC 2.4.1.17,HUMAN,BTM00210,O1C=2C(C(=O)C(C1C3=CC=C(O)C(=C3)O)O)=C(O)C=C(O)C2,"InChI=1S/C15H12O7/c16-7-4-10(19)12-11(5-7)22-15(14(21)13(12)20)6-1-2-8(17)9(18)3-6/h1-5,14-19,21H",CXQWRCVTCMQVQX-UHFFFAOYSA-N,1.4848000000000001,304.058302724
"InChI=1S/C15H12O10S/c16-8-2-1-6(3-9(8)17)15-14(20)13(19)12-10(18)4-7(5-11(12)24-15)25-26(21,22)23/h1-5,14-18,20H,(H,21,22,23)",XHGAQOOSVPDBDS-UHFFFAOYSA-N,O1C=2C(C(=O)C(C1C3=CC=C(O)C(=C3)O)O)=C(O)C=C(OS(O)(=O)=O)C2,,,C15H12O10S,384.015117584,0.748,0,1,1,BTM00446,BTM00446,Sulfonation of phenolic compound,BTMR1376,EC 2.8.2.1,HUMAN,BTM00210,O1C=2C(C(=O)C(C1C3=CC=C(O)C(=C3)O)O)=C(O)C=C(O)C2,"InChI=1S/C15H12O7/c16-7-4-10(19)12-11(5-7)22-15(14(21)13(12)20)6-1-2-8(17)9(18)3-6/h1-5,14-19,21H",CXQWRCVTCMQVQX-UHFFFAOYSA-N,1.4848000000000001,304.058302724
"InChI=1S/C15H12O10S/c16-7-4-10-12(11(5-7)25-26(21,22)23)13(19)14(20)15(24-10)6-1-2-8(17)9(18)3-6/h1-5,14-18,20H,(H,21,22,23)",FYZWMGPVBDWIDL-UHFFFAOYSA-N,O1C=2C(C(=O)C(C1C3=CC=C(O)C(=C3)O)O)=C(OS(O)(=O)=O)C=C(O)C2,,,C15H12O10S,384.015117584,0.748,0,1,1,BTM00447,BTM00447,Sulfonation of phenolic compound,BTMR1376,EC 2.8.2.1,HUMAN,BTM00210,O1C=2C(C(=O)C(C1C3=CC=C(O)C(=C3)O)O)=C(O)C=C(O)C2,"InChI=1S/C15H12O7/c16-7-4-10(19)12-11(5-7)22-15(14(21)13(12)20)6-1-2-8(17)9(18)3-6/h1-5,14-19,21H",CXQWRCVTCMQVQX-UHFFFAOYSA-N,1.4848000000000001,304.058302724
"InChI=1S/C15H12O10S/c16-7-4-9(18)12-11(5-7)24-15(14(20)13(12)19)6-1-2-8(17)10(3-6)25-26(21,22)23/h1-5,14-18,20H,(H,21,22,23)",XXWXCDFZCFSNKK-UHFFFAOYSA-N,O1C=2C(C(=O)C(C1C3=CC=C(O)C(=C3)OS(O)(=O)=O)O)=C(O)C=C(O)C2,,,C15H12O10S,384.015117584,0.748,0,1,1,BTM00448,BTM00448,Sulfonation of phenolic compound,BTMR1376,EC 2.8.2.1,HUMAN,BTM00210,O1C=2C(C(=O)C(C1C3=CC=C(O)C(=C3)O)O)=C(O)C=C(O)C2,"InChI=1S/C15H12O7/c16-7-4-10(19)12-11(5-7)22-15(14(21)13(12)20)6-1-2-8(17)9(18)3-6/h1-5,14-19,21H",CXQWRCVTCMQVQX-UHFFFAOYSA-N,1.4848000000000001,304.058302724
"InChI=1S/C15H12O10S/c16-7-4-9(18)12-11(5-7)24-15(14(20)13(12)19)6-1-2-10(8(17)3-6)25-26(21,22)23/h1-5,14-18,20H,(H,21,22,23)",QSWZMGLYXMBDRL-UHFFFAOYSA-N,O1C=2C(C(=O)C(C1C3=CC=C(OS(O)(=O)=O)C(=C3)O)O)=C(O)C=C(O)C2,,,C15H12O10S,384.015117584,0.748,0,1,1,BTM00449,BTM00449,Sulfonation of phenolic compound,BTMR1376,EC 2.8.2.1,HUMAN,BTM00210,O1C=2C(C(=O)C(C1C3=CC=C(O)C(=C3)O)O)=C(O)C=C(O)C2,"InChI=1S/C15H12O7/c16-7-4-10(19)12-11(5-7)22-15(14(21)13(12)20)6-1-2-8(17)9(18)3-6/h1-5,14-19,21H",CXQWRCVTCMQVQX-UHFFFAOYSA-N,1.4848000000000001,304.058302724
"InChI=1S/C15H12O10S/c16-7-4-10(19)12-11(5-7)24-14(6-1-2-8(17)9(18)3-6)15(13(12)20)25-26(21,22)23/h1-5,14-19H,(H,21,22,23)",NCBSZRZCBJNBIZ-UHFFFAOYSA-N,O1C=2C(C(=O)C(C1C3=CC=C(O)C(=C3)O)OS(O)(=O)=O)=C(O)C=C(O)C2,SCHEMBL11315864,20573879,C15H12O10S,384.015117584,0.9055000000000002,0,1,1,BTM00450,BTM00450,Sulfation of secondary alcohol,BTMR0502,EC 2.8.2.2,HUMAN,BTM00210,O1C=2C(C(=O)C(C1C3=CC=C(O)C(=C3)O)O)=C(O)C=C(O)C2,"InChI=1S/C15H12O7/c16-7-4-10(19)12-11(5-7)22-15(14(21)13(12)20)6-1-2-8(17)9(18)3-6/h1-5,14-19,21H",CXQWRCVTCMQVQX-UHFFFAOYSA-N,1.4848000000000001,304.058302724
"InChI=1S/C16H14O7/c1-22-8-5-11(19)13-12(6-8)23-16(15(21)14(13)20)7-2-3-9(17)10(18)4-7/h2-6,15-19,21H,1H3",MRPJBTFHICBFNE-UHFFFAOYSA-N,O1C=2C(C(=O)C(C1C3=CC=C(O)C(=C3)O)O)=C(O)C=C(OC)C2,"3,3',4',5-tetrahydroxy-7-methoxyflavanone
Blumeatin C; Taxifolin 7-methyl ether
SCHEMBL16887971
FDA45344",12313900,C16H14O7,318.073952788,1.7358,0,1,1,BTM00451,BTM00451,Methylation of phenolic compound,BTMR1377,EC 2.1.1.25,HUMAN,BTM00210,O1C=2C(C(=O)C(C1C3=CC=C(O)C(=C3)O)O)=C(O)C=C(O)C2,"InChI=1S/C15H12O7/c16-7-4-10(19)12-11(5-7)22-15(14(21)13(12)20)6-1-2-8(17)9(18)3-6/h1-5,14-19,21H",CXQWRCVTCMQVQX-UHFFFAOYSA-N,1.4848000000000001,304.058302724
"InChI=1S/C16H14O7/c1-22-11-5-8(17)6-12-13(11)14(20)15(21)16(23-12)7-2-3-9(18)10(19)4-7/h2-6,15-19,21H,1H3",BACJQQZNSNNPKD-UHFFFAOYSA-N,O1C=2C(C(=O)C(C1C3=CC=C(O)C(=C3)O)O)=C(OC)C=C(O)C2,SCHEMBL16887994,22297706,C16H14O7,318.073952788,1.7358,0,1,1,BTM00452,BTM00452,Methylation of phenolic compound,BTMR1377,EC 2.1.1.25,HUMAN,BTM00210,O1C=2C(C(=O)C(C1C3=CC=C(O)C(=C3)O)O)=C(O)C=C(O)C2,"InChI=1S/C15H12O7/c16-7-4-10(19)12-11(5-7)22-15(14(21)13(12)20)6-1-2-8(17)9(18)3-6/h1-5,14-19,21H",CXQWRCVTCMQVQX-UHFFFAOYSA-N,1.4848000000000001,304.058302724
"InChI=1S/C16H14O7/c1-22-11-4-7(2-3-9(11)18)16-15(21)14(20)13-10(19)5-8(17)6-12(13)23-16/h2-6,15-19,21H,1H3",JWYULKXTGMJKKM-UHFFFAOYSA-N,O1C=2C(C(=O)C(C1C3=CC=C(O)C(=C3)OC)O)=C(O)C=C(O)C2,"DIHYDROISORHAMNETIN
3,5,7-trihydroxy-2-(4-hydroxy-3-methoxyphenyl)-3,4-dihydro-2H-1-benzopyran-4-one
3,5,7-trihydroxy-2-(4-hydroxy-3-methoxyphenyl)-2,3-dihydrochromen-4-one
RefChem:133849
3,4',5,7-Tetrahydroxy-3'-methoxyflavanone
4',5,7-Trihydroxy-3'-methoxydihydroflavonol
3'-O-methyl taxifolin
2,3-dihydroisorhamnetin
taxifolin 3'-methyl ether
CHEMBL1822704
SCHEMBL16887921
SCHEMBL31237482
CHEBI:175075
FCA81291
3,5,7-trihydroxy-2-(4-hydroxy-3-methoxyphenyl)-2,3-dihydro-4H-1-benzopyran-4-one
3'-methoxy-4',5,7-trihydroxy-dihydroflavonol
3,5,7-trihydroxy-2-(4-hydroxy-3-methoxyphenyl)-2,3-dihydro-4H-chromen-4-one",56658060,C16H14O7,318.073952788,1.7358,0,1,1,BTM00441,BTM00441,Methylation of phenolic compound,BTMR1377,EC 2.1.1.25,HUMAN,BTM00210,O1C=2C(C(=O)C(C1C3=CC=C(O)C(=C3)O)O)=C(O)C=C(O)C2,"InChI=1S/C15H12O7/c16-7-4-10(19)12-11(5-7)22-15(14(21)13(12)20)6-1-2-8(17)9(18)3-6/h1-5,14-19,21H",CXQWRCVTCMQVQX-UHFFFAOYSA-N,1.4848000000000001,304.058302724
"InChI=1S/C16H14O7/c1-22-11-3-2-7(4-9(11)18)16-15(21)14(20)13-10(19)5-8(17)6-12(13)23-16/h2-6,15-19,21H,1H3",KQNGHARGJDXHKF-UHFFFAOYSA-N,O1C=2C(C(=O)C(C1C3=CC=C(OC)C(=C3)O)O)=C(O)C=C(O)C2,"3,5,7-trihydroxy-2-(3-hydroxy-4-methoxyphenyl)-2,3-dihydrochromen-4-one
RefChem:1099385
Tamaraxetin
4'-O-Methyltaxifolin
3,5,7-trihydroxy-2-(3-hydroxy-4-methoxy-phenyl)chroman-4-one
4'-O-Methyldihydroquercetin; Blumeatin A
taxifolin 4'-methyl ether
CHEMBL451709
SCHEMBL16887881
CHEBI:193113
VCA41127
3,3',5,7-tetrahydroxy-4'-methoxyflavanone
3,5,7,3'-tetrahydroxy-4'-methoxyflavanone
B0005-476478
3,5,7-Trihydroxy-2-(3-hydroxy-4-methoxyphenyl)chroman-4-one",482576,C16H14O7,318.073952788,1.7358,0,1,1,BTM00440,BTM00440,Methylation of phenolic compound,BTMR1377,EC 2.1.1.25,HUMAN,BTM00210,O1C=2C(C(=O)C(C1C3=CC=C(O)C(=C3)O)O)=C(O)C=C(O)C2,"InChI=1S/C15H12O7/c16-7-4-10(19)12-11(5-7)22-15(14(21)13(12)20)6-1-2-8(17)9(18)3-6/h1-5,14-19,21H",CXQWRCVTCMQVQX-UHFFFAOYSA-N,1.4848000000000001,304.058302724
"InChI=1S/C15H12O6/c16-8-3-1-7(2-4-8)15-14(20)13(19)12-10(18)5-9(17)6-11(12)21-15/h1-6,13,15-19H",ICEDBMJSTNTMIT-UHFFFAOYSA-N,O1C=2C(C(O)C(C1C3=CC=C(O)C=C3)=O)=C(O)C=C(O)C2,,,C15H12O6,288.06338810399996,1.6025999999999996,0,1,1,BTM00453,BTM00453,Reduction of carbonyl,BTMR0368,EC 1.1.1.184,HUMAN,BTM00211,O1C=2C(C(=O)C(C1C3=CC=C(O)C=C3)=O)=C(O)C=C(O)C2,"InChI=1S/C15H10O6/c16-8-3-1-7(2-4-8)15-14(20)13(19)12-10(18)5-9(17)6-11(12)21-15/h1-6,15-18H",FMQGOSLZLQKFAM-UHFFFAOYSA-N,1.9991000000000005,286.04773803999996
"InChI=1S/C21H18O12/c22-8-3-1-7(2-4-8)18-15(26)13(24)12-10(23)5-9(6-11(12)32-18)31-21-17(28)14(25)16(27)19(33-21)20(29)30/h1-6,14,16-19,21-23,25,27-28H,(H,29,30)",JIOQDMAZCJKBFP-UHFFFAOYSA-N,O1C=2C(C(=O)C(C1C3=CC=C(O)C=C3)=O)=C(O)C=C(OC4OC(C(O)=O)C(C(C4O)O)O)C2,,,C21H18O12,462.07982601599997,0.30359999999999876,1,1,1,BTM00454,BTM00454,Aromatic OH-glucuronidation,BTMR0166,EC 2.4.1.17,HUMAN,BTM00211,O1C=2C(C(=O)C(C1C3=CC=C(O)C=C3)=O)=C(O)C=C(O)C2,"InChI=1S/C15H10O6/c16-8-3-1-7(2-4-8)15-14(20)13(19)12-10(18)5-9(17)6-11(12)21-15/h1-6,15-18H",FMQGOSLZLQKFAM-UHFFFAOYSA-N,1.9991000000000005,286.04773803999996
"InChI=1S/C21H18O12/c22-8-3-1-7(2-4-8)18-15(26)13(24)12-10(31-18)5-9(23)6-11(12)32-21-17(28)14(25)16(27)19(33-21)20(29)30/h1-6,14,16-19,21-23,25,27-28H,(H,29,30)",FVQPBBJZCWKKKU-UHFFFAOYSA-N,O1C=2C(C(=O)C(C1C3=CC=C(O)C=C3)=O)=C(OC4OC(C(O)=O)C(C(C4O)O)O)C=C(O)C2,,,C21H18O12,462.07982601599997,0.30359999999999876,1,1,1,BTM00455,BTM00455,Aromatic OH-glucuronidation,BTMR0166,EC 2.4.1.17,HUMAN,BTM00211,O1C=2C(C(=O)C(C1C3=CC=C(O)C=C3)=O)=C(O)C=C(O)C2,"InChI=1S/C15H10O6/c16-8-3-1-7(2-4-8)15-14(20)13(19)12-10(18)5-9(17)6-11(12)21-15/h1-6,15-18H",FMQGOSLZLQKFAM-UHFFFAOYSA-N,1.9991000000000005,286.04773803999996
"InChI=1S/C21H18O12/c22-8-5-10(23)12-11(6-8)32-18(15(26)13(12)24)7-1-3-9(4-2-7)31-21-17(28)14(25)16(27)19(33-21)20(29)30/h1-6,14,16-19,21-23,25,27-28H,(H,29,30)",FMFQMWITWYGDIK-UHFFFAOYSA-N,O1C=2C(C(=O)C(C1C3=CC=C(OC4OC(C(O)=O)C(C(C4O)O)O)C=C3)=O)=C(O)C=C(O)C2,,,C21H18O12,462.07982601599997,0.30359999999999876,1,1,1,BTM00456,BTM00456,Aromatic OH-glucuronidation,BTMR0166,EC 2.4.1.17,HUMAN,BTM00211,O1C=2C(C(=O)C(C1C3=CC=C(O)C=C3)=O)=C(O)C=C(O)C2,"InChI=1S/C15H10O6/c16-8-3-1-7(2-4-8)15-14(20)13(19)12-10(18)5-9(17)6-11(12)21-15/h1-6,15-18H",FMQGOSLZLQKFAM-UHFFFAOYSA-N,1.9991000000000005,286.04773803999996
"InChI=1S/C15H10O9S/c16-8-3-1-7(2-4-8)15-14(19)13(18)12-10(17)5-9(6-11(12)23-15)24-25(20,21)22/h1-6,15-17H,(H,20,21,22)",LVSMXBMANIBZRT-UHFFFAOYSA-N,O1C=2C(C(=O)C(C1C3=CC=C(O)C=C3)=O)=C(O)C=C(OS(O)(=O)=O)C2,,,C15H10O9S,366.0045529,1.2623000000000004,0,1,1,BTM00457,BTM00457,Sulfonation of phenolic compound,BTMR1376,EC 2.8.2.1,HUMAN,BTM00211,O1C=2C(C(=O)C(C1C3=CC=C(O)C=C3)=O)=C(O)C=C(O)C2,"InChI=1S/C15H10O6/c16-8-3-1-7(2-4-8)15-14(20)13(19)12-10(18)5-9(17)6-11(12)21-15/h1-6,15-18H",FMQGOSLZLQKFAM-UHFFFAOYSA-N,1.9991000000000005,286.04773803999996
"InChI=1S/C15H10O9S/c16-8-3-1-7(2-4-8)15-14(19)13(18)12-10(23-15)5-9(17)6-11(12)24-25(20,21)22/h1-6,15-17H,(H,20,21,22)",LSEWQYYKDZVLMF-UHFFFAOYSA-N,O1C=2C(C(=O)C(C1C3=CC=C(O)C=C3)=O)=C(OS(O)(=O)=O)C=C(O)C2,,,C15H10O9S,366.0045529,1.2623000000000004,0,1,1,BTM00458,BTM00458,Sulfonation of phenolic compound,BTMR1376,EC 2.8.2.1,HUMAN,BTM00211,O1C=2C(C(=O)C(C1C3=CC=C(O)C=C3)=O)=C(O)C=C(O)C2,"InChI=1S/C15H10O6/c16-8-3-1-7(2-4-8)15-14(20)13(19)12-10(18)5-9(17)6-11(12)21-15/h1-6,15-18H",FMQGOSLZLQKFAM-UHFFFAOYSA-N,1.9991000000000005,286.04773803999996
"InChI=1S/C15H10O9S/c16-8-5-10(17)12-11(6-8)23-15(14(19)13(12)18)7-1-3-9(4-2-7)24-25(20,21)22/h1-6,15-17H,(H,20,21,22)",ZBSRKAZXONZPJV-UHFFFAOYSA-N,O1C=2C(C(=O)C(C1C3=CC=C(OS(O)(=O)=O)C=C3)=O)=C(O)C=C(O)C2,,,C15H10O9S,366.00455289999996,1.2623000000000004,0,1,1,BTM00459,BTM00459,Sulfonation of phenolic compound,BTMR1376,EC 2.8.2.1,HUMAN,BTM00211,O1C=2C(C(=O)C(C1C3=CC=C(O)C=C3)=O)=C(O)C=C(O)C2,"InChI=1S/C15H10O6/c16-8-3-1-7(2-4-8)15-14(20)13(19)12-10(18)5-9(17)6-11(12)21-15/h1-6,15-18H",FMQGOSLZLQKFAM-UHFFFAOYSA-N,1.9991000000000005,286.04773803999996
"InChI=1S/C16H12O6/c1-21-10-6-11(18)13-12(7-10)22-16(15(20)14(13)19)8-2-4-9(17)5-3-8/h2-7,16-18H,1H3",ZXKKXAWXZCXPFS-UHFFFAOYSA-N,O1C=2C(C(=O)C(C1C3=CC=C(O)C=C3)=O)=C(O)C=C(OC)C2,,,C16H12O6,300.06338810399996,2.2501,0,0,0,BTM00460,BTM00460,Methylation of phenolic compound,BTMR1377,EC 2.1.1.25,HUMAN,BTM00211,O1C=2C(C(=O)C(C1C3=CC=C(O)C=C3)=O)=C(O)C=C(O)C2,"InChI=1S/C15H10O6/c16-8-3-1-7(2-4-8)15-14(20)13(19)12-10(18)5-9(17)6-11(12)21-15/h1-6,15-18H",FMQGOSLZLQKFAM-UHFFFAOYSA-N,1.9991000000000005,286.04773803999996
"InChI=1S/C16H12O6/c1-21-11-6-10(18)7-12-13(11)14(19)15(20)16(22-12)8-2-4-9(17)5-3-8/h2-7,16-18H,1H3",MUXWHFXPHLMOGU-UHFFFAOYSA-N,O1C=2C(C(=O)C(C1C3=CC=C(O)C=C3)=O)=C(OC)C=C(O)C2,,,C16H12O6,300.06338810399996,2.2501,0,0,0,BTM00461,BTM00461,Methylation of phenolic compound,BTMR1377,EC 2.1.1.25,HUMAN,BTM00211,O1C=2C(C(=O)C(C1C3=CC=C(O)C=C3)=O)=C(O)C=C(O)C2,"InChI=1S/C15H10O6/c16-8-3-1-7(2-4-8)15-14(20)13(19)12-10(18)5-9(17)6-11(12)21-15/h1-6,15-18H",FMQGOSLZLQKFAM-UHFFFAOYSA-N,1.9991000000000005,286.04773803999996
"InChI=1S/C16H12O6/c1-21-10-4-2-8(3-5-10)16-15(20)14(19)13-11(18)6-9(17)7-12(13)22-16/h2-7,16-18H,1H3",JEBOWSYUKBGGEE-UHFFFAOYSA-N,O1C=2C(C(=O)C(C1C3=CC=C(OC)C=C3)=O)=C(O)C=C(O)C2,"acaceton
SCHEMBL4739997
5,7-Dihydroxy-2-(4-methoxyphenyl)-2H-1-benzopyran-3,4-dione",69169234,C16H12O6,300.06338810399996,2.2501,0,0,0,BTM00462,BTM00462,Methylation of phenolic compound,BTMR1377,EC 2.1.1.25,HUMAN,BTM00211,O1C=2C(C(=O)C(C1C3=CC=C(O)C=C3)=O)=C(O)C=C(O)C2,"InChI=1S/C15H10O6/c16-8-3-1-7(2-4-8)15-14(20)13(19)12-10(18)5-9(17)6-11(12)21-15/h1-6,15-18H",FMQGOSLZLQKFAM-UHFFFAOYSA-N,1.9991000000000005,286.04773803999996
"InChI=1S/C15H12O6/c16-7-1-2-10(18)9(3-7)13-6-12(20)15-11(19)4-8(17)5-14(15)21-13/h1-6,12,16-20H",KTYXALUOADIGSN-UHFFFAOYSA-N,O1C=2C(C(O)C=C1C3=C(C=CC(=C3)O)O)=C(O)C=C(O)C2,,,C15H12O6,288.06338810399996,1.6704000000000006,0,1,1,BTM00463,BTM00463,Reduction of carbonyl,BTMR0368,EC 1.1.1.184,HUMAN,BTM00212,O1C=2C(C(=O)C=C1C3=C(C=CC(=C3)O)O)=C(O)C=C(O)C2,"InChI=1S/C15H10O6/c16-7-1-2-10(18)9(3-7)13-6-12(20)15-11(19)4-8(17)5-14(15)21-13/h1-6,16-19H",CFICGXRYLHEUQQ-UHFFFAOYSA-N,2.7596,286.04773803999996
"InChI=1S/C16H12O6/c1-21-9-2-3-11(18)10(6-9)14-7-13(20)16-12(19)4-8(17)5-15(16)22-14/h2-7,17-19H,1H3",QVWMWAQFMBMYAB-UHFFFAOYSA-N,O1C=2C(C(=O)C=C1C3=C(C=CC(=C3)OC)O)=C(O)C=C(O)C2,"5,7-dihydroxy-2-(2-hydroxy-5-methoxyphenyl)-4h-chromen-4-on",90904941,C16H12O6,300.06338810399996,3.0106,0,1,1,BTM00464,BTM00464,3'-O-Methylation of flavone,BTMR0417,EC 2.1.1.42,HUMAN,BTM00212,O1C=2C(C(=O)C=C1C3=C(C=CC(=C3)O)O)=C(O)C=C(O)C2,"InChI=1S/C15H10O6/c16-7-1-2-10(18)9(3-7)13-6-12(20)15-11(19)4-8(17)5-14(15)21-13/h1-6,16-19H",CFICGXRYLHEUQQ-UHFFFAOYSA-N,2.7596,286.04773803999996
"InChI=1S/C21H18O12/c22-7-1-2-10(23)9(3-7)13-6-12(25)15-11(24)4-8(5-14(15)32-13)31-21-18(28)16(26)17(27)19(33-21)20(29)30/h1-6,16-19,21-24,26-28H,(H,29,30)",LHEFNLQSEVZHOI-UHFFFAOYSA-N,O1C=2C(C(=O)C=C1C3=C(C=CC(=C3)O)O)=C(O)C=C(OC4OC(C(O)=O)C(C(C4O)O)O)C2,,,C21H18O12,462.07982601599997,1.0640999999999992,1,1,1,BTM00465,BTM00465,Aromatic OH-glucuronidation,BTMR0166,EC 2.4.1.17,HUMAN,BTM00212,O1C=2C(C(=O)C=C1C3=C(C=CC(=C3)O)O)=C(O)C=C(O)C2,"InChI=1S/C15H10O6/c16-7-1-2-10(18)9(3-7)13-6-12(20)15-11(19)4-8(17)5-14(15)21-13/h1-6,16-19H",CFICGXRYLHEUQQ-UHFFFAOYSA-N,2.7596,286.04773803999996
"InChI=1S/C21H18O12/c22-7-1-2-10(24)9(3-7)12-6-11(25)15-13(31-12)4-8(23)5-14(15)32-21-18(28)16(26)17(27)19(33-21)20(29)30/h1-6,16-19,21-24,26-28H,(H,29,30)",CEIFMKOYXCDXNO-UHFFFAOYSA-N,O1C=2C(C(=O)C=C1C3=C(C=CC(=C3)O)O)=C(OC4OC(C(O)=O)C(C(C4O)O)O)C=C(O)C2,,,C21H18O12,462.07982601599997,1.0640999999999992,1,1,1,BTM00466,BTM00466,Aromatic OH-glucuronidation,BTMR0166,EC 2.4.1.17,HUMAN,BTM00212,O1C=2C(C(=O)C=C1C3=C(C=CC(=C3)O)O)=C(O)C=C(O)C2,"InChI=1S/C15H10O6/c16-7-1-2-10(18)9(3-7)13-6-12(20)15-11(19)4-8(17)5-14(15)21-13/h1-6,16-19H",CFICGXRYLHEUQQ-UHFFFAOYSA-N,2.7596,286.04773803999996
"InChI=1S/C21H18O12/c22-7-1-2-12(32-21-18(28)16(26)17(27)19(33-21)20(29)30)9(3-7)13-6-11(25)15-10(24)4-8(23)5-14(15)31-13/h1-6,16-19,21-24,26-28H,(H,29,30)",BGHQZQWFSZQDLA-UHFFFAOYSA-N,O1C=2C(C(=O)C=C1C3=C(C=CC(=C3)O)OC4OC(C(O)=O)C(C(C4O)O)O)=C(O)C=C(O)C2,,,C21H18O12,462.07982601599997,1.0640999999999992,1,1,1,BTM00467,BTM00467,Aromatic OH-glucuronidation,BTMR0166,EC 2.4.1.17,HUMAN,BTM00212,O1C=2C(C(=O)C=C1C3=C(C=CC(=C3)O)O)=C(O)C=C(O)C2,"InChI=1S/C15H10O6/c16-7-1-2-10(18)9(3-7)13-6-12(20)15-11(19)4-8(17)5-14(15)21-13/h1-6,16-19H",CFICGXRYLHEUQQ-UHFFFAOYSA-N,2.7596,286.04773803999996
"InChI=1S/C21H18O12/c22-7-3-11(24)15-12(25)6-13(32-14(15)4-7)9-5-8(1-2-10(9)23)31-21-18(28)16(26)17(27)19(33-21)20(29)30/h1-6,16-19,21-24,26-28H,(H,29,30)",XWWBDQDWGIHXJL-UHFFFAOYSA-N,O1C=2C(C(=O)C=C1C3=C(C=CC(=C3)OC4OC(C(O)=O)C(C(C4O)O)O)O)=C(O)C=C(O)C2,,,C21H18O12,462.07982601599997,1.0640999999999992,1,1,1,BTM00468,BTM00468,Aromatic OH-glucuronidation,BTMR0166,EC 2.4.1.17,HUMAN,BTM00212,O1C=2C(C(=O)C=C1C3=C(C=CC(=C3)O)O)=C(O)C=C(O)C2,"InChI=1S/C15H10O6/c16-7-1-2-10(18)9(3-7)13-6-12(20)15-11(19)4-8(17)5-14(15)21-13/h1-6,16-19H",CFICGXRYLHEUQQ-UHFFFAOYSA-N,2.7596,286.04773803999996
"InChI=1S/C16H12O6/c1-21-9-5-12(19)16-13(20)7-14(22-15(16)6-9)10-4-8(17)2-3-11(10)18/h2-7,17-19H,1H3",FJZLRPLFCJBDEJ-UHFFFAOYSA-N,O1C=2C(C(=O)C=C1C3=C(C=CC(=C3)O)O)=C(O)C=C(OC)C2,,,C16H12O6,300.06338810399996,3.0106,0,1,1,BTM00469,BTM00469,Methylation of phenolic compound,BTMR1377,EC 2.1.1.25,HUMAN,BTM00212,O1C=2C(C(=O)C=C1C3=C(C=CC(=C3)O)O)=C(O)C=C(O)C2,"InChI=1S/C15H10O6/c16-7-1-2-10(18)9(3-7)13-6-12(20)15-11(19)4-8(17)5-14(15)21-13/h1-6,16-19H",CFICGXRYLHEUQQ-UHFFFAOYSA-N,2.7596,286.04773803999996
"InChI=1S/C16H12O6/c1-21-14-5-9(18)6-15-16(14)12(20)7-13(22-15)10-4-8(17)2-3-11(10)19/h2-7,17-19H,1H3",BMRVJQKSUODZRQ-UHFFFAOYSA-N,O1C=2C(C(=O)C=C1C3=C(C=CC(=C3)O)O)=C(OC)C=C(O)C2,,,C16H12O6,300.06338810399996,3.0106,0,1,1,BTM00470,BTM00470,Methylation of phenolic compound,BTMR1377,EC 2.1.1.25,HUMAN,BTM00212,O1C=2C(C(=O)C=C1C3=C(C=CC(=C3)O)O)=C(O)C=C(O)C2,"InChI=1S/C15H10O6/c16-7-1-2-10(18)9(3-7)13-6-12(20)15-11(19)4-8(17)5-14(15)21-13/h1-6,16-19H",CFICGXRYLHEUQQ-UHFFFAOYSA-N,2.7596,286.04773803999996
"InChI=1S/C16H12O6/c1-21-13-3-2-8(17)4-10(13)14-7-12(20)16-11(19)5-9(18)6-15(16)22-14/h2-7,17-19H,1H3",MIZGGXNHFROYBU-UHFFFAOYSA-N,O1C=2C(C(=O)C=C1C3=C(C=CC(=C3)O)OC)=C(O)C=C(O)C2,,,C16H12O6,300.06338810399996,3.0106,0,1,1,BTM00471,BTM00471,Methylation of phenolic compound,BTMR1377,EC 2.1.1.25,HUMAN,BTM00212,O1C=2C(C(=O)C=C1C3=C(C=CC(=C3)O)O)=C(O)C=C(O)C2,"InChI=1S/C15H10O6/c16-7-1-2-10(18)9(3-7)13-6-12(20)15-11(19)4-8(17)5-14(15)21-13/h1-6,16-19H",CFICGXRYLHEUQQ-UHFFFAOYSA-N,2.7596,286.04773803999996
"InChI=1S/C16H12O6/c1-21-9-2-3-11(18)10(6-9)14-7-13(20)16-12(19)4-8(17)5-15(16)22-14/h2-7,17-19H,1H3",QVWMWAQFMBMYAB-UHFFFAOYSA-N,O1C=2C(C(=O)C=C1C3=C(C=CC(=C3)OC)O)=C(O)C=C(O)C2,"5,7-dihydroxy-2-(2-hydroxy-5-methoxyphenyl)-4h-chromen-4-on",90904941,C16H12O6,300.06338810399996,3.0106,0,1,1,BTM00464,BTM00464,Methylation of phenolic compound,BTMR1377,EC 2.1.1.25,HUMAN,BTM00212,O1C=2C(C(=O)C=C1C3=C(C=CC(=C3)O)O)=C(O)C=C(O)C2,"InChI=1S/C15H10O6/c16-7-1-2-10(18)9(3-7)13-6-12(20)15-11(19)4-8(17)5-14(15)21-13/h1-6,16-19H",CFICGXRYLHEUQQ-UHFFFAOYSA-N,2.7596,286.04773803999996
"InChI=1S/C15H12O6/c16-7-4-10(19)15-11(20)6-13(21-12(15)5-7)14-8(17)2-1-3-9(14)18/h1-6,11,16-20H",JIMPIDOKYFHIAI-UHFFFAOYSA-N,O1C=2C(C(O)C=C1C3=C(C=CC=C3O)O)=C(O)C=C(O)C2,,,C15H12O6,288.06338810399996,1.6704000000000006,0,1,1,BTM00472,BTM00472,Reduction of carbonyl,BTMR0368,EC 1.1.1.184,HUMAN,BTM00213,O1C=2C(C(=O)C=C1C3=C(C=CC=C3O)O)=C(O)C=C(O)C2,"InChI=1S/C15H10O6/c16-7-4-10(19)15-11(20)6-13(21-12(15)5-7)14-8(17)2-1-3-9(14)18/h1-6,16-19H",WJXXUIYFPVIHDH-UHFFFAOYSA-N,2.7596,286.04773803999996
"InChI=1S/C21H18O12/c22-8-2-1-3-9(23)14(8)13-6-11(25)15-10(24)4-7(5-12(15)32-13)31-21-18(28)16(26)17(27)19(33-21)20(29)30/h1-6,16-19,21-24,26-28H,(H,29,30)",UCVPTBYEMRDHLR-UHFFFAOYSA-N,O1C=2C(C(=O)C=C1C3=C(C=CC=C3O)O)=C(O)C=C(OC4OC(C(O)=O)C(C(C4O)O)O)C2,,,C21H18O12,462.07982601599997,1.0640999999999992,1,1,1,BTM00473,BTM00473,Aromatic OH-glucuronidation,BTMR0166,EC 2.4.1.17,HUMAN,BTM00213,O1C=2C(C(=O)C=C1C3=C(C=CC=C3O)O)=C(O)C=C(O)C2,"InChI=1S/C15H10O6/c16-7-4-10(19)15-11(20)6-13(21-12(15)5-7)14-8(17)2-1-3-9(14)18/h1-6,16-19H",WJXXUIYFPVIHDH-UHFFFAOYSA-N,2.7596,286.04773803999996
"InChI=1S/C21H18O12/c22-7-4-11-15(10(25)6-13(31-11)14-8(23)2-1-3-9(14)24)12(5-7)32-21-18(28)16(26)17(27)19(33-21)20(29)30/h1-6,16-19,21-24,26-28H,(H,29,30)",HEUDSEFJYPMVGO-UHFFFAOYSA-N,O1C=2C(C(=O)C=C1C3=C(C=CC=C3O)O)=C(OC4OC(C(O)=O)C(C(C4O)O)O)C=C(O)C2,,,C21H18O12,462.07982601599997,1.0640999999999992,1,1,1,BTM00474,BTM00474,Aromatic OH-glucuronidation,BTMR0166,EC 2.4.1.17,HUMAN,BTM00213,O1C=2C(C(=O)C=C1C3=C(C=CC=C3O)O)=C(O)C=C(O)C2,"InChI=1S/C15H10O6/c16-7-4-10(19)15-11(20)6-13(21-12(15)5-7)14-8(17)2-1-3-9(14)18/h1-6,16-19H",WJXXUIYFPVIHDH-UHFFFAOYSA-N,2.7596,286.04773803999996
"InChI=1S/C21H18O12/c22-7-4-9(24)14-10(25)6-13(31-12(14)5-7)15-8(23)2-1-3-11(15)32-21-18(28)16(26)17(27)19(33-21)20(29)30/h1-6,16-19,21-24,26-28H,(H,29,30)",IWHUOIDJVVOHEW-UHFFFAOYSA-N,O1C=2C(C(=O)C=C1C3=C(C=CC=C3O)OC4OC(C(O)=O)C(C(C4O)O)O)=C(O)C=C(O)C2,,,C21H18O12,462.07982601599997,1.0640999999999992,1,1,1,BTM00475,BTM00475,Aromatic OH-glucuronidation,BTMR0166,EC 2.4.1.17,HUMAN,BTM00213,O1C=2C(C(=O)C=C1C3=C(C=CC=C3O)O)=C(O)C=C(O)C2,"InChI=1S/C15H10O6/c16-7-4-10(19)15-11(20)6-13(21-12(15)5-7)14-8(17)2-1-3-9(14)18/h1-6,16-19H",WJXXUIYFPVIHDH-UHFFFAOYSA-N,2.7596,286.04773803999996
"InChI=1S/C16H12O6/c1-21-8-5-11(19)16-12(20)7-14(22-13(16)6-8)15-9(17)3-2-4-10(15)18/h2-7,17-19H,1H3",UAAZSBRHWYSPEI-UHFFFAOYSA-N,O1C=2C(C(=O)C=C1C3=C(C=CC=C3O)O)=C(O)C=C(OC)C2,"5,2',6'-Trihydroxy-7-methoxyflavone
2-(2,6-dihydroxyphenyl)-5-hydroxy-7-methoxychromen-4-one
RefChem:100950
393825-50-8
LMPK12110135",10946502,C16H12O6,300.06338810399996,3.0106,0,1,1,BTM00476,BTM00476,Methylation of phenolic compound,BTMR1377,EC 2.1.1.25,HUMAN,BTM00213,O1C=2C(C(=O)C=C1C3=C(C=CC=C3O)O)=C(O)C=C(O)C2,"InChI=1S/C15H10O6/c16-7-4-10(19)15-11(20)6-13(21-12(15)5-7)14-8(17)2-1-3-9(14)18/h1-6,16-19H",WJXXUIYFPVIHDH-UHFFFAOYSA-N,2.7596,286.04773803999996
"InChI=1S/C16H12O6/c1-21-12-5-8(17)6-13-16(12)11(20)7-14(22-13)15-9(18)3-2-4-10(15)19/h2-7,17-19H,1H3",KENIATKLIWLEGK-UHFFFAOYSA-N,O1C=2C(C(=O)C=C1C3=C(C=CC=C3O)O)=C(OC)C=C(O)C2,,,C16H12O6,300.06338810399996,3.0106,0,1,1,BTM00477,BTM00477,Methylation of phenolic compound,BTMR1377,EC 2.1.1.25,HUMAN,BTM00213,O1C=2C(C(=O)C=C1C3=C(C=CC=C3O)O)=C(O)C=C(O)C2,"InChI=1S/C15H10O6/c16-7-4-10(19)15-11(20)6-13(21-12(15)5-7)14-8(17)2-1-3-9(14)18/h1-6,16-19H",WJXXUIYFPVIHDH-UHFFFAOYSA-N,2.7596,286.04773803999996
"InChI=1S/C16H12O6/c1-21-12-4-2-3-9(18)16(12)14-7-11(20)15-10(19)5-8(17)6-13(15)22-14/h2-7,17-19H,1H3",DXCJDOXICXPVHQ-UHFFFAOYSA-N,O1C=2C(C(=O)C=C1C3=C(C=CC=C3O)OC)=C(O)C=C(O)C2,"5,7,2'-Trihydroxy-6'-methoxyflavone
RefChem:101260
92519-94-3
5,7-dihydroxy-2-(2-hydroxy-6-methoxyphenyl)chromen-4-one
SCHEMBL29924013
LMPK12110127
5,7,2'-trihydroxy-6' -methoxyflavone",13889369,C16H12O6,300.06338810399996,3.0106,0,1,1,BTM00478,BTM00478,Methylation of phenolic compound,BTMR1377,EC 2.1.1.25,HUMAN,BTM00213,O1C=2C(C(=O)C=C1C3=C(C=CC=C3O)O)=C(O)C=C(O)C2,"InChI=1S/C15H10O6/c16-7-4-10(19)15-11(20)6-13(21-12(15)5-7)14-8(17)2-1-3-9(14)18/h1-6,16-19H",WJXXUIYFPVIHDH-UHFFFAOYSA-N,2.7596,286.04773803999996
"InChI=1S/C15H12O6/c16-7-1-2-9(10(18)3-7)13-6-12(20)15-11(19)4-8(17)5-14(15)21-13/h1-6,12,16-20H",SDXFHDKQLZGJMP-UHFFFAOYSA-N,O1C=2C(C(O)C=C1C3=C(C=C(C=C3)O)O)=C(O)C=C(O)C2,,,C15H12O6,288.06338810399996,1.6704000000000006,0,1,1,BTM00479,BTM00479,Reduction of carbonyl,BTMR0368,EC 1.1.1.184,HUMAN,BTM00214,O1C=2C(C(=O)C=C1C3=C(C=C(C=C3)O)O)=C(O)C=C(O)C2,"InChI=1S/C15H10O6/c16-7-1-2-9(10(18)3-7)13-6-12(20)15-11(19)4-8(17)5-14(15)21-13/h1-6,16-19H",ZSYPIPFQOQGYHH-UHFFFAOYSA-N,2.7596,286.04773804
"InChI=1S/C21H18O12/c22-7-1-2-9(10(23)3-7)13-6-12(25)15-11(24)4-8(5-14(15)32-13)31-21-18(28)16(26)17(27)19(33-21)20(29)30/h1-6,16-19,21-24,26-28H,(H,29,30)",MCUDMQMNUOASAX-UHFFFAOYSA-N,O1C=2C(C(=O)C=C1C3=C(C=C(C=C3)O)O)=C(O)C=C(OC4OC(C(O)=O)C(C(C4O)O)O)C2,,,C21H18O12,462.07982601599997,1.0640999999999992,1,1,1,BTM00480,BTM00480,Aromatic OH-glucuronidation,BTMR0166,EC 2.4.1.17,HUMAN,BTM00214,O1C=2C(C(=O)C=C1C3=C(C=C(C=C3)O)O)=C(O)C=C(O)C2,"InChI=1S/C15H10O6/c16-7-1-2-9(10(18)3-7)13-6-12(20)15-11(19)4-8(17)5-14(15)21-13/h1-6,16-19H",ZSYPIPFQOQGYHH-UHFFFAOYSA-N,2.7596,286.04773804
"InChI=1S/C21H18O12/c22-7-1-2-9(10(24)3-7)12-6-11(25)15-13(31-12)4-8(23)5-14(15)32-21-18(28)16(26)17(27)19(33-21)20(29)30/h1-6,16-19,21-24,26-28H,(H,29,30)",YMBRWHPUMWIRBI-UHFFFAOYSA-N,O1C=2C(C(=O)C=C1C3=C(C=C(C=C3)O)O)=C(OC4OC(C(O)=O)C(C(C4O)O)O)C=C(O)C2,,,C21H18O12,462.07982601599997,1.0640999999999992,1,1,1,BTM00481,BTM00481,Aromatic OH-glucuronidation,BTMR0166,EC 2.4.1.17,HUMAN,BTM00214,O1C=2C(C(=O)C=C1C3=C(C=C(C=C3)O)O)=C(O)C=C(O)C2,"InChI=1S/C15H10O6/c16-7-1-2-9(10(18)3-7)13-6-12(20)15-11(19)4-8(17)5-14(15)21-13/h1-6,16-19H",ZSYPIPFQOQGYHH-UHFFFAOYSA-N,2.7596,286.04773804
"InChI=1S/C21H18O12/c22-7-1-2-9(13-6-11(25)15-10(24)3-8(23)5-14(15)31-13)12(4-7)32-21-18(28)16(26)17(27)19(33-21)20(29)30/h1-6,16-19,21-24,26-28H,(H,29,30)",RXLZHRSXLRFVET-UHFFFAOYSA-N,O1C=2C(C(=O)C=C1C3=C(C=C(C=C3)O)OC4OC(C(O)=O)C(C(C4O)O)O)=C(O)C=C(O)C2,,,C21H18O12,462.07982601599997,1.0640999999999992,1,1,1,BTM00482,BTM00482,Aromatic OH-glucuronidation,BTMR0166,EC 2.4.1.17,HUMAN,BTM00214,O1C=2C(C(=O)C=C1C3=C(C=C(C=C3)O)O)=C(O)C=C(O)C2,"InChI=1S/C15H10O6/c16-7-1-2-9(10(18)3-7)13-6-12(20)15-11(19)4-8(17)5-14(15)21-13/h1-6,16-19H",ZSYPIPFQOQGYHH-UHFFFAOYSA-N,2.7596,286.04773804
"InChI=1S/C21H18O12/c22-7-3-11(24)15-12(25)6-13(32-14(15)4-7)9-2-1-8(5-10(9)23)31-21-18(28)16(26)17(27)19(33-21)20(29)30/h1-6,16-19,21-24,26-28H,(H,29,30)",JRERLXUBZXBMNV-UHFFFAOYSA-N,O1C=2C(C(=O)C=C1C3=C(C=C(C=C3)OC4OC(C(O)=O)C(C(C4O)O)O)O)=C(O)C=C(O)C2,,,C21H18O12,462.07982601599997,1.0640999999999992,1,1,1,BTM00483,BTM00483,Aromatic OH-glucuronidation,BTMR0166,EC 2.4.1.17,HUMAN,BTM00214,O1C=2C(C(=O)C=C1C3=C(C=C(C=C3)O)O)=C(O)C=C(O)C2,"InChI=1S/C15H10O6/c16-7-1-2-9(10(18)3-7)13-6-12(20)15-11(19)4-8(17)5-14(15)21-13/h1-6,16-19H",ZSYPIPFQOQGYHH-UHFFFAOYSA-N,2.7596,286.04773804
"InChI=1S/C16H12O6/c1-21-9-5-12(19)16-13(20)7-14(22-15(16)6-9)10-3-2-8(17)4-11(10)18/h2-7,17-19H,1H3",VOCATNAJXJSCLN-UHFFFAOYSA-N,O1C=2C(C(=O)C=C1C3=C(C=C(C=C3)O)O)=C(O)C=C(OC)C2,"artocarpetin
RefChem:114340
2-(2,4-dihydroxyphenyl)-5-hydroxy-7-methoxychromen-4-one
SCHEMBL676337
CHEMBL460552
SCHEMBL29435858
LMPK12110942
2-(2,4-dihydroxyphenyl)-5-hydroxy-7 -methoxy-4h-1-benzopyran-4-one",12308618,C16H12O6,300.06338810399996,3.0106,0,1,1,BTM00484,BTM00484,Methylation of phenolic compound,BTMR1377,EC 2.1.1.25,HUMAN,BTM00214,O1C=2C(C(=O)C=C1C3=C(C=C(C=C3)O)O)=C(O)C=C(O)C2,"InChI=1S/C15H10O6/c16-7-1-2-9(10(18)3-7)13-6-12(20)15-11(19)4-8(17)5-14(15)21-13/h1-6,16-19H",ZSYPIPFQOQGYHH-UHFFFAOYSA-N,2.7596,286.04773804
"InChI=1S/C16H12O6/c1-21-14-5-9(18)6-15-16(14)12(20)7-13(22-15)10-3-2-8(17)4-11(10)19/h2-7,17-19H,1H3",BXNVFKNDGDNDRJ-UHFFFAOYSA-N,O1C=2C(C(=O)C=C1C3=C(C=C(C=C3)O)O)=C(OC)C=C(O)C2,,,C16H12O6,300.06338810399996,3.0106,0,1,1,BTM00485,BTM00485,Methylation of phenolic compound,BTMR1377,EC 2.1.1.25,HUMAN,BTM00214,O1C=2C(C(=O)C=C1C3=C(C=C(C=C3)O)O)=C(O)C=C(O)C2,"InChI=1S/C15H10O6/c16-7-1-2-9(10(18)3-7)13-6-12(20)15-11(19)4-8(17)5-14(15)21-13/h1-6,16-19H",ZSYPIPFQOQGYHH-UHFFFAOYSA-N,2.7596,286.04773804
"InChI=1S/C16H12O6/c1-21-13-5-8(17)2-3-10(13)14-7-12(20)16-11(19)4-9(18)6-15(16)22-14/h2-7,17-19H,1H3",XOYYLUDQRGDBQP-UHFFFAOYSA-N,O1C=2C(C(=O)C=C1C3=C(C=C(C=C3)O)OC)=C(O)C=C(O)C2,,,C16H12O6,300.06338810399996,3.0106,0,1,1,BTM00486,BTM00486,Methylation of phenolic compound,BTMR1377,EC 2.1.1.25,HUMAN,BTM00214,O1C=2C(C(=O)C=C1C3=C(C=C(C=C3)O)O)=C(O)C=C(O)C2,"InChI=1S/C15H10O6/c16-7-1-2-9(10(18)3-7)13-6-12(20)15-11(19)4-8(17)5-14(15)21-13/h1-6,16-19H",ZSYPIPFQOQGYHH-UHFFFAOYSA-N,2.7596,286.04773804
"InChI=1S/C16H12O6/c1-21-9-2-3-10(11(18)6-9)14-7-13(20)16-12(19)4-8(17)5-15(16)22-14/h2-7,17-19H,1H3",FJUDTLFYSVCSHM-UHFFFAOYSA-N,O1C=2C(C(=O)C=C1C3=C(C=C(C=C3)OC)O)=C(O)C=C(O)C2,"2',5,7-trihydroxy-4'-methoxyflavone",129702257,C16H12O6,300.06338810399996,3.0106,0,1,1,BTM00487,BTM00487,Methylation of phenolic compound,BTMR1377,EC 2.1.1.25,HUMAN,BTM00214,O1C=2C(C(=O)C=C1C3=C(C=C(C=C3)O)O)=C(O)C=C(O)C2,"InChI=1S/C15H10O6/c16-7-1-2-9(10(18)3-7)13-6-12(20)15-11(19)4-8(17)5-14(15)21-13/h1-6,16-19H",ZSYPIPFQOQGYHH-UHFFFAOYSA-N,2.7596,286.04773804
"InChI=1S/C15H12O6/c16-7-4-10(18)14-11(19)6-12(21-13(14)5-7)8-2-1-3-9(17)15(8)20/h1-6,11,16-20H",UHJPIYPGVPRNHE-UHFFFAOYSA-N,O1C=2C(C(O)C=C1C3=C(C(=CC=C3)O)O)=C(O)C=C(O)C2,,,C15H12O6,288.06338810399996,1.6704000000000006,0,1,1,BTM00488,BTM00488,Reduction of carbonyl,BTMR0368,EC 1.1.1.184,HUMAN,BTM00216,O1C=2C(C(=O)C=C1C3=C(C(=CC=C3)O)O)=C(O)C=C(O)C2,"InChI=1S/C15H10O6/c16-7-4-10(18)14-11(19)6-12(21-13(14)5-7)8-2-1-3-9(17)15(8)20/h1-6,16-18,20H",STAGATUVRDVEAT-UHFFFAOYSA-N,2.7596,286.04773803999996
"InChI=1S/C16H12O6/c1-21-12-4-2-3-9(16(12)20)13-7-11(19)15-10(18)5-8(17)6-14(15)22-13/h2-7,17-18,20H,1H3",CBJKABGQTPLBQD-UHFFFAOYSA-N,O1C=2C(C(=O)C=C1C3=C(C(=CC=C3)OC)O)=C(O)C=C(O)C2,,,C16H12O6,300.06338810399996,3.0106,0,1,1,BTM00489,BTM00489,3'-O-Methylation of flavone,BTMR0417,EC 2.1.1.42,HUMAN,BTM00216,O1C=2C(C(=O)C=C1C3=C(C(=CC=C3)O)O)=C(O)C=C(O)C2,"InChI=1S/C15H10O6/c16-7-4-10(18)14-11(19)6-12(21-13(14)5-7)8-2-1-3-9(17)15(8)20/h1-6,16-18,20H",STAGATUVRDVEAT-UHFFFAOYSA-N,2.7596,286.04773803999996
"InChI=1S/C21H18O12/c22-9-3-1-2-8(15(9)25)12-6-11(24)14-10(23)4-7(5-13(14)32-12)31-21-18(28)16(26)17(27)19(33-21)20(29)30/h1-6,16-19,21-23,25-28H,(H,29,30)",SQBPGHGMRQHCHQ-UHFFFAOYSA-N,O1C=2C(C(=O)C=C1C3=C(C(=CC=C3)O)O)=C(O)C=C(OC4OC(C(O)=O)C(C(C4O)O)O)C2,,,C21H18O12,462.07982601599997,1.0640999999999992,1,1,1,BTM00490,BTM00490,Aromatic OH-glucuronidation,BTMR0166,EC 2.4.1.17,HUMAN,BTM00216,O1C=2C(C(=O)C=C1C3=C(C(=CC=C3)O)O)=C(O)C=C(O)C2,"InChI=1S/C15H10O6/c16-7-4-10(18)14-11(19)6-12(21-13(14)5-7)8-2-1-3-9(17)15(8)20/h1-6,16-18,20H",STAGATUVRDVEAT-UHFFFAOYSA-N,2.7596,286.04773803999996
"InChI=1S/C21H18O12/c22-7-4-12-14(10(24)6-11(31-12)8-2-1-3-9(23)15(8)25)13(5-7)32-21-18(28)16(26)17(27)19(33-21)20(29)30/h1-6,16-19,21-23,25-28H,(H,29,30)",JTQFSYIMQJEWFS-UHFFFAOYSA-N,O1C=2C(C(=O)C=C1C3=C(C(=CC=C3)O)O)=C(OC4OC(C(O)=O)C(C(C4O)O)O)C=C(O)C2,,,C21H18O12,462.07982601599997,1.0640999999999992,1,1,1,BTM00491,BTM00491,Aromatic OH-glucuronidation,BTMR0166,EC 2.4.1.17,HUMAN,BTM00216,O1C=2C(C(=O)C=C1C3=C(C(=CC=C3)O)O)=C(O)C=C(O)C2,"InChI=1S/C15H10O6/c16-7-4-10(18)14-11(19)6-12(21-13(14)5-7)8-2-1-3-9(17)15(8)20/h1-6,16-18,20H",STAGATUVRDVEAT-UHFFFAOYSA-N,2.7596,286.04773803999996
"InChI=1S/C21H18O12/c22-7-4-10(24)14-11(25)6-12(31-13(14)5-7)8-2-1-3-9(23)18(8)32-21-17(28)15(26)16(27)19(33-21)20(29)30/h1-6,15-17,19,21-24,26-28H,(H,29,30)",DDMRSKHETXGIGA-UHFFFAOYSA-N,O1C=2C(C(=O)C=C1C3=C(C(=CC=C3)O)OC4OC(C(O)=O)C(C(C4O)O)O)=C(O)C=C(O)C2,,,C21H18O12,462.07982601599997,1.0640999999999992,1,1,1,BTM00492,BTM00492,Aromatic OH-glucuronidation,BTMR0166,EC 2.4.1.17,HUMAN,BTM00216,O1C=2C(C(=O)C=C1C3=C(C(=CC=C3)O)O)=C(O)C=C(O)C2,"InChI=1S/C15H10O6/c16-7-4-10(18)14-11(19)6-12(21-13(14)5-7)8-2-1-3-9(17)15(8)20/h1-6,16-18,20H",STAGATUVRDVEAT-UHFFFAOYSA-N,2.7596,286.04773803999996
"InChI=1S/C21H18O12/c22-7-4-9(23)14-10(24)6-12(31-13(14)5-7)8-2-1-3-11(15(8)25)32-21-18(28)16(26)17(27)19(33-21)20(29)30/h1-6,16-19,21-23,25-28H,(H,29,30)",IGIZPDFPHKXMAQ-UHFFFAOYSA-N,O1C=2C(C(=O)C=C1C3=C(C(=CC=C3)OC4OC(C(O)=O)C(C(C4O)O)O)O)=C(O)C=C(O)C2,,,C21H18O12,462.07982601599997,1.0640999999999992,1,1,1,BTM00493,BTM00493,Aromatic OH-glucuronidation,BTMR0166,EC 2.4.1.17,HUMAN,BTM00216,O1C=2C(C(=O)C=C1C3=C(C(=CC=C3)O)O)=C(O)C=C(O)C2,"InChI=1S/C15H10O6/c16-7-4-10(18)14-11(19)6-12(21-13(14)5-7)8-2-1-3-9(17)15(8)20/h1-6,16-18,20H",STAGATUVRDVEAT-UHFFFAOYSA-N,2.7596,286.04773803999996
"InChI=1S/C16H12O6/c1-21-8-5-11(18)15-12(19)7-13(22-14(15)6-8)9-3-2-4-10(17)16(9)20/h2-7,17-18,20H,1H3",GTVWOMZOZUNKFW-UHFFFAOYSA-N,O1C=2C(C(=O)C=C1C3=C(C(=CC=C3)O)O)=C(O)C=C(OC)C2,SCHEMBL30721041,155776631,C16H12O6,300.06338810399996,3.0106,0,1,1,BTM00494,BTM00494,Methylation of phenolic compound,BTMR1377,EC 2.1.1.25,HUMAN,BTM00216,O1C=2C(C(=O)C=C1C3=C(C(=CC=C3)O)O)=C(O)C=C(O)C2,"InChI=1S/C15H10O6/c16-7-4-10(18)14-11(19)6-12(21-13(14)5-7)8-2-1-3-9(17)15(8)20/h1-6,16-18,20H",STAGATUVRDVEAT-UHFFFAOYSA-N,2.7596,286.04773803999996
"InChI=1S/C16H12O6/c1-21-13-5-8(17)6-14-15(13)11(19)7-12(22-14)9-3-2-4-10(18)16(9)20/h2-7,17-18,20H,1H3",MCGCXRDFIUMIPZ-UHFFFAOYSA-N,O1C=2C(C(=O)C=C1C3=C(C(=CC=C3)O)O)=C(OC)C=C(O)C2,,,C16H12O6,300.06338810399996,3.0106,0,1,1,BTM00495,BTM00495,Methylation of phenolic compound,BTMR1377,EC 2.1.1.25,HUMAN,BTM00216,O1C=2C(C(=O)C=C1C3=C(C(=CC=C3)O)O)=C(O)C=C(O)C2,"InChI=1S/C15H10O6/c16-7-4-10(18)14-11(19)6-12(21-13(14)5-7)8-2-1-3-9(17)15(8)20/h1-6,16-18,20H",STAGATUVRDVEAT-UHFFFAOYSA-N,2.7596,286.04773803999996
"InChI=1S/C16H12O6/c1-21-16-9(3-2-4-10(16)18)13-7-12(20)15-11(19)5-8(17)6-14(15)22-13/h2-7,17-19H,1H3",OQRFDWZJLRKNBW-UHFFFAOYSA-N,O1C=2C(C(=O)C=C1C3=C(C(=CC=C3)O)OC)=C(O)C=C(O)C2,,,C16H12O6,300.06338810399996,3.0106,0,1,1,BTM00496,BTM00496,Methylation of phenolic compound,BTMR1377,EC 2.1.1.25,HUMAN,BTM00216,O1C=2C(C(=O)C=C1C3=C(C(=CC=C3)O)O)=C(O)C=C(O)C2,"InChI=1S/C15H10O6/c16-7-4-10(18)14-11(19)6-12(21-13(14)5-7)8-2-1-3-9(17)15(8)20/h1-6,16-18,20H",STAGATUVRDVEAT-UHFFFAOYSA-N,2.7596,286.04773803999996
"InChI=1S/C16H12O6/c1-21-12-4-2-3-9(16(12)20)13-7-11(19)15-10(18)5-8(17)6-14(15)22-13/h2-7,17-18,20H,1H3",CBJKABGQTPLBQD-UHFFFAOYSA-N,O1C=2C(C(=O)C=C1C3=C(C(=CC=C3)OC)O)=C(O)C=C(O)C2,,,C16H12O6,300.06338810399996,3.0106,0,1,1,BTM00489,BTM00489,Methylation of phenolic compound,BTMR1377,EC 2.1.1.25,HUMAN,BTM00216,O1C=2C(C(=O)C=C1C3=C(C(=CC=C3)O)O)=C(O)C=C(O)C2,"InChI=1S/C15H10O6/c16-7-4-10(18)14-11(19)6-12(21-13(14)5-7)8-2-1-3-9(17)15(8)20/h1-6,16-18,20H",STAGATUVRDVEAT-UHFFFAOYSA-N,2.7596,286.04773803999996
"InChI=1S/C15H14O6/c16-9-6-13(20)15(14(21)7-9)11(18)4-2-8-1-3-10(17)12(19)5-8/h1-7,11,16-21H/b4-2+",WPTITBHTBKFNBI-DUXPYHPUSA-N,OC=1C(C(O)C=CC2=CC=C(O)C(=C2)O)=C(O)C=C(O)C1,,,C15H14O6,290.07903816799995,1.9685000000000001,1,1,1,BTM00497,BTM00497,Reduction of carbonyl,BTMR0368,EC 1.1.1.184,HUMAN,BTM00218,OC=1C(C(=O)C=CC2=CC=C(O)C(=C2)O)=C(O)C=C(O)C1,"InChI=1S/C15H12O6/c16-9-6-13(20)15(14(21)7-9)11(18)4-2-8-1-3-10(17)12(19)5-8/h1-7,16-17,19-21H/b4-2+",CRBYNQCDRNZCNX-DUXPYHPUSA-N,2.3650000000000007,288.06338810399996
"InChI=1S/C6H6O3/c7-4-1-5(8)3-6(9)2-4/h1-3,7-9H",QCDYQQDYXPDABM-UHFFFAOYSA-N,OC=1C=C(O)C=C(O)C1,"phloroglucinol
108-73-6
Benzene-1,3,5-triol
1,3,5-benzenetriol
1,3,5-trihydroxybenzene
Phloroglucin
Phloroglucine
Spasfon-Lyoc
Dilospan S
sym-Trihydroxybenzene
s-Trihydroxybenzene
Benzene, trihydroxy
Floroglucin
Floroglucinol
DHD7FFG6YS
Benezene-1,3,5-triol
NSC-1572
DTXSID9048354
CHEBI:16204
RefChem:6129
DTXCID0028329
203-611-2
Benzene-s-triol
Phloroglucinol anhydrous
3,5-Dihydroxyphenol
5-Hydroxyresorcinol
5-Oxyresorcinol
5-Oxyresorcinolphloroglucin
1,3,5-THB
MFCD00002286
1,3,5-Trihydroxycyclohexatriene
1,3,5-Triol
Benzene, 1,3,5-trihydroxy-
Phloroglucinol, anhydrous
5-Benzenetriol
NSC 1572
Phloroglucinol (JAN)
CHEMBL473159
PHLOROGLUCINOL [JAN]
Floroglucin [Czech]
Floroglucinol [Czech]
CCRIS 4147
UNII-DHD7FFG6YS
NCGC00166270-01
1,2,5-trihydroxybenzene
EINECS 203-611-2
BRN 1341907
Phloroglucinolum
AI3-08848
1,5-Benzenetriol
13X
Dilospan S (TN)
Phloroglucinol [BAN]
1,5-Trihydroxybenzene
1,5-Triol
Benzene,3,5-trihydroxy-
Phloroglucinol (anhydrous)
WLN: QR CQ EQ
1,3,5-trihydroxylbenzene
1,3,5-trihydroxy-benzene
PHLOROGLUCINOL [MI]
Phloroglucinol Impurity 33
1,3, 5-Trihydroxybenzene
SCHEMBL26311
SCHEMBL82570
1,5-Trihydroxycyclohexatriene
4-06-00-07361 (Beilstein Handbook Reference)
6,17-alpha Epoxypregnenolone
Phloroglucinol, p.a., 99%
PHLOROGLUCINOL [MART.]
Phloroglucinol (anhydrous) CRS
SCHEMBL3711657
PHLOROGLUCINOL [WHO-DD]
1,3,5-Benzenetriol, anhydrous
SCHEMBL30710583
NSC1572
BB_NC-02225
EDC49724
BBL018701
BDBM50249069
CS0115
EBC-48043
MSK168374
PHLOROGLUCINOL [EP MONOGRAPH]
STL146346
phloroglucinol (1,3,5-benzenetriol)
Phloroglucinol, >=99.0% (HPLC)
AKOS000119851
DB12944
FP12341
FS-4574
1,3,5-Benzenetriol (ACD/Name 4.0)
NCGC00166270-02
AC-10081
NS00013979
P0249
P1376
ST50214381
EN300-19648
Phloroglucinol 100 microg/mL in Acetonitrile
C02183
D00152
F13526
SBI-0653926.0001
USP Solution Phloroglucinol TS Conforms to USP
A801919
Q899008
BRD-K00405906-001-01-9
Phloroglucinol, plant cell culture tested, BioReagent
F0001-0177
Z104474594
Phloroglucinol, Used to detect the presence of wood fiber.
1,3,5-Benzenetriol; 1,3,5-THB; 1,3,5-Trihydroxybenzene
InChI=1/C6H6O3/c7-4-1-5(8)3-6(9)2-4/h1-3,7-9
Phloroglucinol (anhydrous), European Pharmacopoeia (EP) Reference Standard",359,C6H6O3,126.03169405199999,1.0277999999999998,0,1,1,BTM00180,BTM00180,Keto hydrolysis,BTMR0254,EC 3.7.1.,HUMAN,BTM00218,OC=1C(C(=O)C=CC2=CC=C(O)C(=C2)O)=C(O)C=C(O)C1,"InChI=1S/C15H12O6/c16-9-6-13(20)15(14(21)7-9)11(18)4-2-8-1-3-10(17)12(19)5-8/h1-7,16-17,19-21H/b4-2+",CRBYNQCDRNZCNX-DUXPYHPUSA-N,2.3650000000000007,288.06338810399996
"InChI=1S/C9H8O4/c10-7-3-1-6(5-8(7)11)2-4-9(12)13/h1-5,10-11H,(H,12,13)/b4-2+",QAIPRVGONGVQAS-DUXPYHPUSA-N,C(=O)(C=CC1=CC=C(O)C(=C1)O)O,"caffeic acid
3,4-Dihydroxycinnamic acid
331-39-5
3,4-Dihydroxybenzeneacrylic acid
(E)-3-(3,4-dihydroxyphenyl)prop-2-enoic acid
3-(3,4-Dihydroxyphenyl)-2-propenoic acid
Cinnamic acid, 3,4-dihydroxy-
2-Propenoic acid, 3-(3,4-dihydroxyphenyl)-
4-(2-Carboxyethenyl)-1,2-dihydroxybenzene
3-(3,4-Dihydroxyphenyl)propenoic acid
4-(2'-Carboxyvinyl)-1,2-dihydroxybenzene
NSC 57197
U2S3A33KVM
NSC-57197
NSC-623438
DTXSID5020231
trans-3,4-Dihydroxycinnamic Acid
NSC57197
DTXCID10231
CHEBI:16433
CHEBI:36281
NSC623438
2-Propenoic acid, 3-(3,4-dihydroxyphenyl)-, (2E)-
CHEBI:17395
Caffeic Acid 1507
caffeic acid, (E)-
RefChem:6400
Trans 3,4-Dihydroxycinnamic acid
206-361-2
(2Z)-3-(3,4-dihydroxyphenyl)prop-2-enoic acid
cis-Caffeic acid
trans-caffeic acid
501-16-6
3-(3,4-dihydroxyphenyl)acrylic acid
(E)-3-(3,4-dihydroxyphenyl)acrylic acid
(2E)-3-(3,4-dihydroxyphenyl)prop-2-enoic acid
Caffeicacid
3,4-Dihydroxy-trans-cinnamate
(E)-3,4-dihydroxycinnamic acid
71693-97-5
MFCD00004392
Caffeate
2-Propenoic acid, 3-(3,4-dihydroxyphenyl)-, (E)-
3-(3,4-Dihydroxy phenyl)-2-propenoic acid
CHEMBL145
AI3-63211
MLS000069738
331-89-5
SMR000058214
CCRIS 847
HSDB 7088
3,4-Dihydroxycinnamic acid, predominantly trans
SR-01000000203
EINECS 206-361-2
UNII-U2S3A33KVM
caffeic-acid
e-caffeic acid
Caffeic acid pure
(e)-caffeic acid
Caffeic acid, 1
Caffeic acid 1000 microg/mL in Acetone
3,4-dihydroxycinnamic acid (caffeic acid)
Caffeic acid, trans-
3,4-dihydroxycinnamate
CAFFEIC ACID natural
(2E)-3-(3,4-dihydroxyphenyl)acrylic acid
Opera_ID_1700
CAFFEIC ACID [MI]
CAFFEIC ACID [DSC]
Cinnamic acid,4-dihydroxy-
CAFFEIC ACID [HSDB]
CAFFEIC ACID [IARC]
3,4-Dihydroxybenzeneacrylate
SCHEMBL23358
MLS001076493
MLS002207132
MLS002222302
MLS006011849
BIDD:ER0456
SPECTRUM1503987
CAFFEIC ACID [WHO-DD]
2-Propenoic acid,3-(3,4-dihydroxyphenyl)-, (2E)-
3,4-Dihydroxycinnamate, XVII
BDBM4375
cid_689043
E-3,4-dihydroxy cinnamic acid
GTPL5155
orb1685080
SCHEMBL4859286
SCHEMBL29353048
DTXSID901316055
HMS2235G09
HMS3260J17
HMS3649O17
HMS5080F04
AAA50116
BB_NC-02102
HY-N0172
MSK10401
Tox21_200648
Tox21_500208
BBL012113
Caffeic Acid - CAS 331-39-5
CCG-38895
EBC-11077
EBC-44189
s2277
SBB006475
STK397812
Caffeic acid, >=98.0% (HPLC)
2-Propenoic acid,4-dihydroxyphenyl)-
AKOS000144463
AC-8006
CS-8205
DB01880
FC19625
LP00208
SDCCGMLS-0002982.P003
SDCCGSBI-0050196.P004
NCGC00017364-04
NCGC00017364-05
NCGC00017364-06
NCGC00017364-07
NCGC00017364-08
NCGC00017364-09
NCGC00017364-10
NCGC00017364-11
NCGC00017364-12
NCGC00017364-13
NCGC00017364-18
NCGC00017364-22
NCGC00022654-03
NCGC00022654-04
NCGC00022654-05
NCGC00022654-06
NCGC00022654-07
NCGC00022654-08
NCGC00022654-09
NCGC00258202-01
NCGC00260893-01
NCGC00263641-01
(E)-3-(3,4-dihydroxyphenyl)acrylicacid
AS-10895
BP-30112
CAS-331-39-5
SMR004703501
ST057529
SY335313
Caffeic acid, purum, >=95.0% (HPLC)
DB-318886
DB-321780
HY-121231
AB00490047
CS-0081280
EU-0100208
NS00010313
SW197202-3
(E)-3-(3,4-dihydroxyphenyl)prop-2-enoicacid
C 0625
C01197
C01481
EN300-1067793
(2E)-3-(3,4-Dihydroxyphenyl)-2-propenoic acid
331C395
AR-360/40806927
F209825
Q414116
SR-01000000203-2
SR-01000000203-6
SR-01000000203-7
SR-01000000203-8
BRD-K09900591-001-06-9
BRD-K09900591-001-25-9
BRD-K09900591-001-26-7
SR-01000000203-13
CAFFEIC ACID (CONSTITUENT OF BLACK COHOSH) [DSC]
F3096-1708
Z240113804
2',3-DIHYDROXY-4,4',6'-TRIMETHOXYCHALCONE_met021
2',4-DIHYDROXY-3,4',6'-TRIMETHOXYCHALCONE_met023
8B3E4DA7-F3B0-4972-A315-2E387071737F
trans-Caffeic acid, certified reference material, TraceCERT(R)
Caffeic acid, matrix substance for MALDI-MS, >=99.0% (HPLC)
Caffeic acid, United States Pharmacopeia (USP) Reference Standard
Caffeic acid, matrix substance for MALDI-MS, >=99.0% (HPLC), powder, light beige
InChI=1/C9H8O4/c10-7-3-1-6(5-8(7)11)2-4-9(12)13/h1-5,10-11H,(H,12,13)/b4-2",689043,C9H8O4,180.042258736,1.3674,0,1,1,BTM00498,BTM00498,Keto hydrolysis,BTMR0254,EC 3.7.1.,HUMAN,BTM00218,OC=1C(C(=O)C=CC2=CC=C(O)C(=C2)O)=C(O)C=C(O)C1,"InChI=1S/C15H12O6/c16-9-6-13(20)15(14(21)7-9)11(18)4-2-8-1-3-10(17)12(19)5-8/h1-7,16-17,19-21H/b4-2+",CRBYNQCDRNZCNX-DUXPYHPUSA-N,2.3650000000000007,288.06338810399996
"InChI=1S/C16H14O6/c1-22-15-5-3-9(6-12(15)19)2-4-11(18)16-13(20)7-10(17)8-14(16)21/h2-8,17,19-21H,1H3/b4-2+",CMFGBLHCLKLQIG-DUXPYHPUSA-N,OC=1C(C(=O)C=CC2=CC=C(OC)C(=C2)O)=C(O)C=C(O)C1,"Hesperetin chalcone
75679-30-0
DTXSID10432651
RefChem:347325
DTXCID30383479
2',4',6',3-Tetrahydroxy-4-methoxychalcone
(E)-3-(3-hydroxy-4-methoxyphenyl)-1-(2,4,6-trihydroxyphenyl)prop-2-en-1-one
SCHEMBL25238853
(2E)-3-(3-hydroxy-4-methoxyphenyl)-1-(2,4,6-trihydroxyphenyl)prop-2-en-1-one",9904479,C16H14O6,302.07903816799995,2.616,0,1,1,BTM00499,BTM00499,Catechol O-methylation,BTMR0212,EC 2.1.1.6,HUMAN,BTM00218,OC=1C(C(=O)C=CC2=CC=C(O)C(=C2)O)=C(O)C=C(O)C1,"InChI=1S/C15H12O6/c16-9-6-13(20)15(14(21)7-9)11(18)4-2-8-1-3-10(17)12(19)5-8/h1-7,16-17,19-21H/b4-2+",CRBYNQCDRNZCNX-DUXPYHPUSA-N,2.3650000000000007,288.06338810399996
"InChI=1S/C16H14O6/c1-22-15-6-9(2-4-11(15)18)3-5-12(19)16-13(20)7-10(17)8-14(16)21/h2-8,17-18,20-21H,1H3/b5-3+",WQWVIIRCVOZVPN-HWKANZROSA-N,OC=1C(C(=O)C=CC2=CC=C(O)C(=C2)OC)=C(O)C=C(O)C1,"4,2',4',6'-Tetrahydroxy-3-methoxychalcone
RefChem:1069214
(E)-3-(4-hydroxy-3-methoxyphenyl)-1-(2,4,6-trihydroxyphenyl)prop-2-en-1-one
Homoeriodictyol chalcone
25515-47-3
(2E)-3-(4-Hydroxy-3-methoxyphenyl)-1-(2,4,6-trihydroxyphenyl)-2-propen-1-one
(2E)-3-(4-hydroxy-3-methoxyphenyl)-1-(2,4,6-trihydroxyphenyl)prop-2-en-1-one
CHEMBL2235294
SCHEMBL25208498
CHEBI:80485
DTXSID101140696
LMPK12120274
NS00059270
4,2',4',6'-tetrahydroxy-3-methoxy-trans-chalcone
Q27149536
2-Propen-1-one, 3-(4-hydroxy-3-methoxyphenyl)-1-(2,4,6-trihydroxyphenyl)-, (2E)-",21117850,C16H14O6,302.07903816799995,2.616,0,1,1,BTM00500,BTM00500,Catechol O-methylation,BTMR1380,EC 2.1.1.6,HUMAN,BTM00218,OC=1C(C(=O)C=CC2=CC=C(O)C(=C2)O)=C(O)C=C(O)C1,"InChI=1S/C15H12O6/c16-9-6-13(20)15(14(21)7-9)11(18)4-2-8-1-3-10(17)12(19)5-8/h1-7,16-17,19-21H/b4-2+",CRBYNQCDRNZCNX-DUXPYHPUSA-N,2.3650000000000007,288.06338810399996
"InChI=1S/C21H20O12/c22-9-6-13(26)15(11(24)4-2-8-1-3-10(23)12(25)5-8)14(7-9)32-21-18(29)16(27)17(28)19(33-21)20(30)31/h1-7,16-19,21-23,25-29H,(H,30,31)/b4-2+",SKPIBQHCBKMPBC-DUXPYHPUSA-N,O(C=1C(C(=O)C=CC2=CC=C(O)C(=C2)O)=C(O)C=C(O)C1)C3OC(C(O)=O)C(C(C3O)O)O,,,C21H20O12,464.09547607999997,0.6694999999999993,2,1,1,BTM00501,BTM00501,Aromatic OH-glucuronidation,BTMR0166,EC 2.4.1.17,HUMAN,BTM00218,OC=1C(C(=O)C=CC2=CC=C(O)C(=C2)O)=C(O)C=C(O)C1,"InChI=1S/C15H12O6/c16-9-6-13(20)15(14(21)7-9)11(18)4-2-8-1-3-10(17)12(19)5-8/h1-7,16-17,19-21H/b4-2+",CRBYNQCDRNZCNX-DUXPYHPUSA-N,2.3650000000000007,288.06338810399996
"InChI=1S/C21H20O12/c22-10-3-1-8(5-12(10)24)2-4-11(23)15-13(25)6-9(7-14(15)26)32-21-18(29)16(27)17(28)19(33-21)20(30)31/h1-7,16-19,21-22,24-29H,(H,30,31)/b4-2+",MPBUXCIHCFMEHC-DUXPYHPUSA-N,OC=1C(C(=O)C=CC2=CC=C(O)C(=C2)O)=C(O)C=C(OC3OC(C(O)=O)C(C(C3O)O)O)C1,,,C21H20O12,464.09547607999997,0.6694999999999993,2,1,1,BTM00502,BTM00502,Aromatic OH-glucuronidation,BTMR0166,EC 2.4.1.17,HUMAN,BTM00218,OC=1C(C(=O)C=CC2=CC=C(O)C(=C2)O)=C(O)C=C(O)C1,"InChI=1S/C15H12O6/c16-9-6-13(20)15(14(21)7-9)11(18)4-2-8-1-3-10(17)12(19)5-8/h1-7,16-17,19-21H/b4-2+",CRBYNQCDRNZCNX-DUXPYHPUSA-N,2.3650000000000007,288.06338810399996
"InChI=1S/C21H20O12/c22-9-6-12(25)15(13(26)7-9)11(24)4-2-8-1-3-10(23)14(5-8)32-21-18(29)16(27)17(28)19(33-21)20(30)31/h1-7,16-19,21-23,25-29H,(H,30,31)/b4-2+",MKUHQPLZRCVFEQ-DUXPYHPUSA-N,OC=1C(C(=O)C=CC2=CC=C(O)C(=C2)OC3OC(C(O)=O)C(C(C3O)O)O)=C(O)C=C(O)C1,,,C21H20O12,464.09547607999997,0.6694999999999993,2,1,1,BTM00503,BTM00503,Aromatic OH-glucuronidation,BTMR0166,EC 2.4.1.17,HUMAN,BTM00218,OC=1C(C(=O)C=CC2=CC=C(O)C(=C2)O)=C(O)C=C(O)C1,"InChI=1S/C15H12O6/c16-9-6-13(20)15(14(21)7-9)11(18)4-2-8-1-3-10(17)12(19)5-8/h1-7,16-17,19-21H/b4-2+",CRBYNQCDRNZCNX-DUXPYHPUSA-N,2.3650000000000007,288.06338810399996
"InChI=1S/C21H20O12/c22-9-6-12(25)15(13(26)7-9)10(23)3-1-8-2-4-14(11(24)5-8)32-21-18(29)16(27)17(28)19(33-21)20(30)31/h1-7,16-19,21-22,24-29H,(H,30,31)/b3-1+",YEGGJPXIWZJKMZ-HNQUOIGGSA-N,OC=1C(C(=O)C=CC2=CC=C(OC3OC(C(O)=O)C(C(C3O)O)O)C(=C2)O)=C(O)C=C(O)C1,,,C21H20O12,464.09547607999997,0.6694999999999993,2,1,1,BTM00504,BTM00504,Aromatic OH-glucuronidation,BTMR0166,EC 2.4.1.17,HUMAN,BTM00218,OC=1C(C(=O)C=CC2=CC=C(O)C(=C2)O)=C(O)C=C(O)C1,"InChI=1S/C15H12O6/c16-9-6-13(20)15(14(21)7-9)11(18)4-2-8-1-3-10(17)12(19)5-8/h1-7,16-17,19-21H/b4-2+",CRBYNQCDRNZCNX-DUXPYHPUSA-N,2.3650000000000007,288.06338810399996
"InChI=1S/C15H12O9S/c16-9-6-13(20)15(14(7-9)24-25(21,22)23)11(18)4-2-8-1-3-10(17)12(19)5-8/h1-7,16-17,19-20H,(H,21,22,23)/b4-2+",GHADNKKAWLRYBV-DUXPYHPUSA-N,O(C=1C(C(=O)C=CC2=CC=C(O)C(=C2)O)=C(O)C=C(O)C1)S(O)(=O)=O,,,C15H12O9S,368.02020296399996,1.6282,0,1,1,BTM00505,BTM00505,Sulfonation of phenolic compound,BTMR1376,EC 2.8.2.1,HUMAN,BTM00218,OC=1C(C(=O)C=CC2=CC=C(O)C(=C2)O)=C(O)C=C(O)C1,"InChI=1S/C15H12O6/c16-9-6-13(20)15(14(21)7-9)11(18)4-2-8-1-3-10(17)12(19)5-8/h1-7,16-17,19-21H/b4-2+",CRBYNQCDRNZCNX-DUXPYHPUSA-N,2.3650000000000007,288.06338810399996
"InChI=1S/C15H12O9S/c16-10-3-1-8(5-12(10)18)2-4-11(17)15-13(19)6-9(7-14(15)20)24-25(21,22)23/h1-7,16,18-20H,(H,21,22,23)/b4-2+",BSOWCNWVPCWBMH-DUXPYHPUSA-N,OC=1C(C(=O)C=CC2=CC=C(O)C(=C2)O)=C(O)C=C(OS(O)(=O)=O)C1,,,C15H12O9S,368.02020296399996,1.6282,0,1,1,BTM00506,BTM00506,Sulfonation of phenolic compound,BTMR1376,EC 2.8.2.1,HUMAN,BTM00218,OC=1C(C(=O)C=CC2=CC=C(O)C(=C2)O)=C(O)C=C(O)C1,"InChI=1S/C15H12O6/c16-9-6-13(20)15(14(21)7-9)11(18)4-2-8-1-3-10(17)12(19)5-8/h1-7,16-17,19-21H/b4-2+",CRBYNQCDRNZCNX-DUXPYHPUSA-N,2.3650000000000007,288.06338810399996
"InChI=1S/C15H12O9S/c16-9-6-12(19)15(13(20)7-9)11(18)4-2-8-1-3-10(17)14(5-8)24-25(21,22)23/h1-7,16-17,19-20H,(H,21,22,23)/b4-2+",RRNKSSZVUCABFJ-DUXPYHPUSA-N,OC=1C(C(=O)C=CC2=CC=C(O)C(=C2)OS(O)(=O)=O)=C(O)C=C(O)C1,,,C15H12O9S,368.02020296399996,1.6282,0,1,1,BTM00507,BTM00507,Sulfonation of phenolic compound,BTMR1376,EC 2.8.2.1,HUMAN,BTM00218,OC=1C(C(=O)C=CC2=CC=C(O)C(=C2)O)=C(O)C=C(O)C1,"InChI=1S/C15H12O6/c16-9-6-13(20)15(14(21)7-9)11(18)4-2-8-1-3-10(17)12(19)5-8/h1-7,16-17,19-21H/b4-2+",CRBYNQCDRNZCNX-DUXPYHPUSA-N,2.3650000000000007,288.06338810399996
"InChI=1S/C15H12O9S/c16-9-6-12(19)15(13(20)7-9)10(17)3-1-8-2-4-14(11(18)5-8)24-25(21,22)23/h1-7,16,18-20H,(H,21,22,23)/b3-1+",VCEOWTIWKQSVMQ-HNQUOIGGSA-N,OC=1C(C(=O)C=CC2=CC=C(OS(O)(=O)=O)C(=C2)O)=C(O)C=C(O)C1,,,C15H12O9S,368.02020296399996,1.6282,0,1,1,BTM00508,BTM00508,Sulfonation of phenolic compound,BTMR1376,EC 2.8.2.1,HUMAN,BTM00218,OC=1C(C(=O)C=CC2=CC=C(O)C(=C2)O)=C(O)C=C(O)C1,"InChI=1S/C15H12O6/c16-9-6-13(20)15(14(21)7-9)11(18)4-2-8-1-3-10(17)12(19)5-8/h1-7,16-17,19-21H/b4-2+",CRBYNQCDRNZCNX-DUXPYHPUSA-N,2.3650000000000007,288.06338810399996
"InChI=1S/C16H14O6/c1-22-15-8-10(17)7-14(21)16(15)12(19)5-3-9-2-4-11(18)13(20)6-9/h2-8,17-18,20-21H,1H3/b5-3+",BXADLRCAZMRNEH-HWKANZROSA-N,O(C=1C(C(=O)C=CC2=CC=C(O)C(=C2)O)=C(O)C=C(O)C1)C,CHEMBL494612,44577024,C16H14O6,302.079038168,2.616,0,1,1,BTM00509,BTM00509,Methylation of phenolic compound,BTMR1377,EC 2.1.1.25,HUMAN,BTM00218,OC=1C(C(=O)C=CC2=CC=C(O)C(=C2)O)=C(O)C=C(O)C1,"InChI=1S/C15H12O6/c16-9-6-13(20)15(14(21)7-9)11(18)4-2-8-1-3-10(17)12(19)5-8/h1-7,16-17,19-21H/b4-2+",CRBYNQCDRNZCNX-DUXPYHPUSA-N,2.3650000000000007,288.06338810399996
"InChI=1S/C16H14O6/c1-22-10-7-14(20)16(15(21)8-10)12(18)5-3-9-2-4-11(17)13(19)6-9/h2-8,17,19-21H,1H3/b5-3+",YISSNRKFNASSFN-HWKANZROSA-N,OC=1C(C(=O)C=CC2=CC=C(O)C(=C2)O)=C(O)C=C(OC)C1,,,C16H14O6,302.079038168,2.616,0,1,1,BTM00510,BTM00510,Methylation of phenolic compound,BTMR1377,EC 2.1.1.25,HUMAN,BTM00218,OC=1C(C(=O)C=CC2=CC=C(O)C(=C2)O)=C(O)C=C(O)C1,"InChI=1S/C15H12O6/c16-9-6-13(20)15(14(21)7-9)11(18)4-2-8-1-3-10(17)12(19)5-8/h1-7,16-17,19-21H/b4-2+",CRBYNQCDRNZCNX-DUXPYHPUSA-N,2.3650000000000007,288.06338810399996
"InChI=1S/C16H14O6/c1-22-15-6-9(2-4-11(15)18)3-5-12(19)16-13(20)7-10(17)8-14(16)21/h2-8,17-18,20-21H,1H3/b5-3+",WQWVIIRCVOZVPN-HWKANZROSA-N,OC=1C(C(=O)C=CC2=CC=C(O)C(=C2)OC)=C(O)C=C(O)C1,"4,2',4',6'-Tetrahydroxy-3-methoxychalcone
RefChem:1069214
(E)-3-(4-hydroxy-3-methoxyphenyl)-1-(2,4,6-trihydroxyphenyl)prop-2-en-1-one
Homoeriodictyol chalcone
25515-47-3
(2E)-3-(4-Hydroxy-3-methoxyphenyl)-1-(2,4,6-trihydroxyphenyl)-2-propen-1-one
(2E)-3-(4-hydroxy-3-methoxyphenyl)-1-(2,4,6-trihydroxyphenyl)prop-2-en-1-one
CHEMBL2235294
SCHEMBL25208498
CHEBI:80485
DTXSID101140696
LMPK12120274
NS00059270
4,2',4',6'-tetrahydroxy-3-methoxy-trans-chalcone
Q27149536
2-Propen-1-one, 3-(4-hydroxy-3-methoxyphenyl)-1-(2,4,6-trihydroxyphenyl)-, (2E)-",21117850,C16H14O6,302.07903816799995,2.616,0,1,1,BTM00500,BTM00500,Methylation of phenolic compound,BTMR1377,EC 2.1.1.25,HUMAN,BTM00218,OC=1C(C(=O)C=CC2=CC=C(O)C(=C2)O)=C(O)C=C(O)C1,"InChI=1S/C15H12O6/c16-9-6-13(20)15(14(21)7-9)11(18)4-2-8-1-3-10(17)12(19)5-8/h1-7,16-17,19-21H/b4-2+",CRBYNQCDRNZCNX-DUXPYHPUSA-N,2.3650000000000007,288.06338810399996
"InChI=1S/C16H14O6/c1-22-15-5-3-9(6-12(15)19)2-4-11(18)16-13(20)7-10(17)8-14(16)21/h2-8,17,19-21H,1H3/b4-2+",CMFGBLHCLKLQIG-DUXPYHPUSA-N,OC=1C(C(=O)C=CC2=CC=C(OC)C(=C2)O)=C(O)C=C(O)C1,"Hesperetin chalcone
75679-30-0
DTXSID10432651
RefChem:347325
DTXCID30383479
2',4',6',3-Tetrahydroxy-4-methoxychalcone
(E)-3-(3-hydroxy-4-methoxyphenyl)-1-(2,4,6-trihydroxyphenyl)prop-2-en-1-one
SCHEMBL25238853
(2E)-3-(3-hydroxy-4-methoxyphenyl)-1-(2,4,6-trihydroxyphenyl)prop-2-en-1-one",9904479,C16H14O6,302.07903816799995,2.616,0,1,1,BTM00499,BTM00499,Methylation of phenolic compound,BTMR1377,EC 2.1.1.25,HUMAN,BTM00218,OC=1C(C(=O)C=CC2=CC=C(O)C(=C2)O)=C(O)C=C(O)C1,"InChI=1S/C15H12O6/c16-9-6-13(20)15(14(21)7-9)11(18)4-2-8-1-3-10(17)12(19)5-8/h1-7,16-17,19-21H/b4-2+",CRBYNQCDRNZCNX-DUXPYHPUSA-N,2.3650000000000007,288.06338810399996
"InChI=1S/C15H14O6/c16-8-3-1-7(2-4-8)14-15(21-14)13(20)12-10(18)5-9(17)6-11(12)19/h1-6,13-20H",URNRQZILXHWDAB-UHFFFAOYSA-N,OC=1C(C(O)C2C(C3=CC=C(O)C=C3)O2)=C(O)C=C(O)C1,,,C15H14O6,290.079038168,1.5131999999999999,0,1,1,BTM00511,BTM00511,Reduction of carbonyl,BTMR0368,EC 1.1.1.184,HUMAN,BTM00219,OC=1C(C(=O)C2C(C3=CC=C(O)C=C3)O2)=C(O)C=C(O)C1,"InChI=1S/C15H12O6/c16-8-3-1-7(2-4-8)14-15(21-14)13(20)12-10(18)5-9(17)6-11(12)19/h1-6,14-19H",XZJLFDDHZNTLGR-UHFFFAOYSA-N,1.9096999999999997,288.06338810399996
"InChI=1S/C6H6O3/c7-4-1-5(8)3-6(9)2-4/h1-3,7-9H",QCDYQQDYXPDABM-UHFFFAOYSA-N,OC=1C=C(O)C=C(O)C1,"phloroglucinol
108-73-6
Benzene-1,3,5-triol
1,3,5-benzenetriol
1,3,5-trihydroxybenzene
Phloroglucin
Phloroglucine
Spasfon-Lyoc
Dilospan S
sym-Trihydroxybenzene
s-Trihydroxybenzene
Benzene, trihydroxy
Floroglucin
Floroglucinol
DHD7FFG6YS
Benezene-1,3,5-triol
NSC-1572
DTXSID9048354
CHEBI:16204
RefChem:6129
DTXCID0028329
203-611-2
Benzene-s-triol
Phloroglucinol anhydrous
3,5-Dihydroxyphenol
5-Hydroxyresorcinol
5-Oxyresorcinol
5-Oxyresorcinolphloroglucin
1,3,5-THB
MFCD00002286
1,3,5-Trihydroxycyclohexatriene
1,3,5-Triol
Benzene, 1,3,5-trihydroxy-
Phloroglucinol, anhydrous
5-Benzenetriol
NSC 1572
Phloroglucinol (JAN)
CHEMBL473159
PHLOROGLUCINOL [JAN]
Floroglucin [Czech]
Floroglucinol [Czech]
CCRIS 4147
UNII-DHD7FFG6YS
NCGC00166270-01
1,2,5-trihydroxybenzene
EINECS 203-611-2
BRN 1341907
Phloroglucinolum
AI3-08848
1,5-Benzenetriol
13X
Dilospan S (TN)
Phloroglucinol [BAN]
1,5-Trihydroxybenzene
1,5-Triol
Benzene,3,5-trihydroxy-
Phloroglucinol (anhydrous)
WLN: QR CQ EQ
1,3,5-trihydroxylbenzene
1,3,5-trihydroxy-benzene
PHLOROGLUCINOL [MI]
Phloroglucinol Impurity 33
1,3, 5-Trihydroxybenzene
SCHEMBL26311
SCHEMBL82570
1,5-Trihydroxycyclohexatriene
4-06-00-07361 (Beilstein Handbook Reference)
6,17-alpha Epoxypregnenolone
Phloroglucinol, p.a., 99%
PHLOROGLUCINOL [MART.]
Phloroglucinol (anhydrous) CRS
SCHEMBL3711657
PHLOROGLUCINOL [WHO-DD]
1,3,5-Benzenetriol, anhydrous
SCHEMBL30710583
NSC1572
BB_NC-02225
EDC49724
BBL018701
BDBM50249069
CS0115
EBC-48043
MSK168374
PHLOROGLUCINOL [EP MONOGRAPH]
STL146346
phloroglucinol (1,3,5-benzenetriol)
Phloroglucinol, >=99.0% (HPLC)
AKOS000119851
DB12944
FP12341
FS-4574
1,3,5-Benzenetriol (ACD/Name 4.0)
NCGC00166270-02
AC-10081
NS00013979
P0249
P1376
ST50214381
EN300-19648
Phloroglucinol 100 microg/mL in Acetonitrile
C02183
D00152
F13526
SBI-0653926.0001
USP Solution Phloroglucinol TS Conforms to USP
A801919
Q899008
BRD-K00405906-001-01-9
Phloroglucinol, plant cell culture tested, BioReagent
F0001-0177
Z104474594
Phloroglucinol, Used to detect the presence of wood fiber.
1,3,5-Benzenetriol; 1,3,5-THB; 1,3,5-Trihydroxybenzene
InChI=1/C6H6O3/c7-4-1-5(8)3-6(9)2-4/h1-3,7-9
Phloroglucinol (anhydrous), European Pharmacopoeia (EP) Reference Standard",359,C6H6O3,126.03169405199999,1.0277999999999998,0,1,1,BTM00180,BTM00180,Keto hydrolysis,BTMR0254,EC 3.7.1.,HUMAN,BTM00219,OC=1C(C(=O)C2C(C3=CC=C(O)C=C3)O2)=C(O)C=C(O)C1,"InChI=1S/C15H12O6/c16-8-3-1-7(2-4-8)14-15(21-14)13(20)12-10(18)5-9(17)6-11(12)19/h1-6,14-19H",XZJLFDDHZNTLGR-UHFFFAOYSA-N,1.9096999999999997,288.06338810399996
"InChI=1S/C9H8O4/c10-6-3-1-5(2-4-6)7-8(13-7)9(11)12/h1-4,7-8,10H,(H,11,12)",UCVOVUPTIUKZET-UHFFFAOYSA-N,C(=O)(C1C(C2=CC=C(O)C=C2)O1)O,"3-(4-hydroxyphenyl)oxirane-2-carboxylic acid
CHEBI:189043
1290634-46-6",131832271,C9H8O4,180.042258736,0.9120999999999996,0,0,0,BTM00512,BTM00512,Keto hydrolysis,BTMR0254,EC 3.7.1.,HUMAN,BTM00219,OC=1C(C(=O)C2C(C3=CC=C(O)C=C3)O2)=C(O)C=C(O)C1,"InChI=1S/C15H12O6/c16-8-3-1-7(2-4-8)14-15(21-14)13(20)12-10(18)5-9(17)6-11(12)19/h1-6,14-19H",XZJLFDDHZNTLGR-UHFFFAOYSA-N,1.9096999999999997,288.06338810399996
"InChI=1S/C15H12O7/c16-8-3-1-7(2-4-8)13(20)15(22)14(21)12-10(18)5-9(17)6-11(12)19/h1-6,16-20,22H/b15-13+",GCKFPUQUZXAHMN-FYWRMAATSA-N,OC=1C(C(=O)C(=C(C2=CC=C(O)C=C2)O)O)=C(O)C=C(O)C1,,,C15H12O7,304.058302724,1.5061999999999995,1,1,1,BTM00513,BTM00513,Hydrolysis of epoxide,BTMR0600,EC 3.3.2.,HUMAN,BTM00219,OC=1C(C(=O)C2C(C3=CC=C(O)C=C3)O2)=C(O)C=C(O)C1,"InChI=1S/C15H12O6/c16-8-3-1-7(2-4-8)14-15(21-14)13(20)12-10(18)5-9(17)6-11(12)19/h1-6,14-19H",XZJLFDDHZNTLGR-UHFFFAOYSA-N,1.9096999999999997,288.06338810399996
"InChI=1S/C25H29N3O12S/c26-14(25(39)40)5-6-18(33)28-15(24(38)27-9-19(34)35)10-41-23(11-1-3-12(29)4-2-11)22(37)21(36)20-16(31)7-13(30)8-17(20)32/h1-4,7-8,14-15,22-23,29-32,37H,5-6,9-10,26H2,(H,27,38)(H,28,33)(H,34,35)(H,39,40)",HBGCNATTYJSEBE-UHFFFAOYSA-N,OC=1C(C(=O)C(C(C2=CC=C(O)C=C2)SCC(NC(=O)CCC(N)C(=O)O)C(=O)NCC(=O)O)O)=C(O)C=C(O)C1,,,C25H29N3O12S,595.147194368,-0.23379999999999734,3,2,2,BTM00514,BTM00514,GSH-conjugation of epoxide,BTMR0222,EC 2.5.1.18,HUMAN,BTM00219,OC=1C(C(=O)C2C(C3=CC=C(O)C=C3)O2)=C(O)C=C(O)C1,"InChI=1S/C15H12O6/c16-8-3-1-7(2-4-8)14-15(21-14)13(20)12-10(18)5-9(17)6-11(12)19/h1-6,14-19H",XZJLFDDHZNTLGR-UHFFFAOYSA-N,1.9096999999999997,288.06338810399996
"InChI=1S/C25H29N3O12S/c26-14(25(39)40)5-6-18(33)28-15(24(38)27-9-19(34)35)10-41-23(21(36)11-1-3-12(29)4-2-11)22(37)20-16(31)7-13(30)8-17(20)32/h1-4,7-8,14-15,21,23,29-32,36H,5-6,9-10,26H2,(H,27,38)(H,28,33)(H,34,35)(H,39,40)",QIXUPWNWZRRDJX-UHFFFAOYSA-N,OC=1C(C(=O)C(C(C2=CC=C(O)C=C2)O)SCC(NC(=O)CCC(N)C(=O)O)C(=O)NCC(=O)O)=C(O)C=C(O)C1,,,C25H29N3O12S,595.147194368,-0.23379999999999734,3,2,2,BTM00515,BTM00515,GSH-conjugation of epoxide,BTMR0222,EC 2.5.1.18,HUMAN,BTM00219,OC=1C(C(=O)C2C(C3=CC=C(O)C=C3)O2)=C(O)C=C(O)C1,"InChI=1S/C15H12O6/c16-8-3-1-7(2-4-8)14-15(21-14)13(20)12-10(18)5-9(17)6-11(12)19/h1-6,14-19H",XZJLFDDHZNTLGR-UHFFFAOYSA-N,1.9096999999999997,288.06338810399996
"InChI=1S/C15H12O9S/c16-8-3-1-7(2-4-8)14-15(23-14)13(19)12-10(18)5-9(17)6-11(12)24-25(20,21)22/h1-6,14-18H,(H,20,21,22)",ZRSUUWSFHXUKGL-UHFFFAOYSA-N,O(C=1C(C(=O)C2C(C3=CC=C(O)C=C3)O2)=C(O)C=C(O)C1)S(O)(=O)=O,,,C15H12O9S,368.02020296399996,1.1728999999999996,0,1,1,BTM00516,BTM00516,Sulfonation of phenolic compound,BTMR1376,EC 2.8.2.1,HUMAN,BTM00219,OC=1C(C(=O)C2C(C3=CC=C(O)C=C3)O2)=C(O)C=C(O)C1,"InChI=1S/C15H12O6/c16-8-3-1-7(2-4-8)14-15(21-14)13(20)12-10(18)5-9(17)6-11(12)19/h1-6,14-19H",XZJLFDDHZNTLGR-UHFFFAOYSA-N,1.9096999999999997,288.06338810399996
"InChI=1S/C15H12O9S/c16-8-3-1-7(2-4-8)14-15(23-14)13(19)12-10(17)5-9(6-11(12)18)24-25(20,21)22/h1-6,14-18H,(H,20,21,22)",LBIQKMGFSPIROX-UHFFFAOYSA-N,OC=1C(C(=O)C2C(C3=CC=C(O)C=C3)O2)=C(O)C=C(OS(O)(=O)=O)C1,,,C15H12O9S,368.02020296399996,1.1728999999999996,0,1,1,BTM00517,BTM00517,Sulfonation of phenolic compound,BTMR1376,EC 2.8.2.1,HUMAN,BTM00219,OC=1C(C(=O)C2C(C3=CC=C(O)C=C3)O2)=C(O)C=C(O)C1,"InChI=1S/C15H12O6/c16-8-3-1-7(2-4-8)14-15(21-14)13(20)12-10(18)5-9(17)6-11(12)19/h1-6,14-19H",XZJLFDDHZNTLGR-UHFFFAOYSA-N,1.9096999999999997,288.06338810399996
"InChI=1S/C15H12O9S/c16-8-5-10(17)12(11(18)6-8)13(19)15-14(23-15)7-1-3-9(4-2-7)24-25(20,21)22/h1-6,14-18H,(H,20,21,22)",WJNMKJDBHOCJQT-UHFFFAOYSA-N,OC=1C(C(=O)C2C(C3=CC=C(OS(O)(=O)=O)C=C3)O2)=C(O)C=C(O)C1,,,C15H12O9S,368.02020296399996,1.1728999999999996,0,1,1,BTM00518,BTM00518,Sulfonation of phenolic compound,BTMR1376,EC 2.8.2.1,HUMAN,BTM00219,OC=1C(C(=O)C2C(C3=CC=C(O)C=C3)O2)=C(O)C=C(O)C1,"InChI=1S/C15H12O6/c16-8-3-1-7(2-4-8)14-15(21-14)13(20)12-10(18)5-9(17)6-11(12)19/h1-6,14-19H",XZJLFDDHZNTLGR-UHFFFAOYSA-N,1.9096999999999997,288.06338810399996
"InChI=1S/C16H14O6/c1-21-12-7-10(18)6-11(19)13(12)14(20)16-15(22-16)8-2-4-9(17)5-3-8/h2-7,15-19H,1H3",LXDQNXCDDWIEMG-UHFFFAOYSA-N,O(C=1C(C(=O)C2C(C3=CC=C(O)C=C3)O2)=C(O)C=C(O)C1)C,,,C16H14O6,302.079038168,2.1606999999999985,0,1,1,BTM00519,BTM00519,Methylation of phenolic compound,BTMR1377,EC 2.1.1.25,HUMAN,BTM00219,OC=1C(C(=O)C2C(C3=CC=C(O)C=C3)O2)=C(O)C=C(O)C1,"InChI=1S/C15H12O6/c16-8-3-1-7(2-4-8)14-15(21-14)13(20)12-10(18)5-9(17)6-11(12)19/h1-6,14-19H",XZJLFDDHZNTLGR-UHFFFAOYSA-N,1.9096999999999997,288.06338810399996
"InChI=1S/C16H14O6/c1-21-10-6-11(18)13(12(19)7-10)14(20)16-15(22-16)8-2-4-9(17)5-3-8/h2-7,15-19H,1H3",KRSROVSJEXJAAF-UHFFFAOYSA-N,OC=1C(C(=O)C2C(C3=CC=C(O)C=C3)O2)=C(O)C=C(OC)C1,,,C16H14O6,302.079038168,2.1606999999999985,0,1,1,BTM00520,BTM00520,Methylation of phenolic compound,BTMR1377,EC 2.1.1.25,HUMAN,BTM00219,OC=1C(C(=O)C2C(C3=CC=C(O)C=C3)O2)=C(O)C=C(O)C1,"InChI=1S/C15H12O6/c16-8-3-1-7(2-4-8)14-15(21-14)13(20)12-10(18)5-9(17)6-11(12)19/h1-6,14-19H",XZJLFDDHZNTLGR-UHFFFAOYSA-N,1.9096999999999997,288.06338810399996
"InChI=1S/C16H14O6/c1-21-10-4-2-8(3-5-10)15-16(22-15)14(20)13-11(18)6-9(17)7-12(13)19/h2-7,15-19H,1H3",JZESFXVOSHBSGR-UHFFFAOYSA-N,OC=1C(C(=O)C2C(C3=CC=C(OC)C=C3)O2)=C(O)C=C(O)C1,,,C16H14O6,302.079038168,2.1606999999999985,0,1,1,BTM00521,BTM00521,Methylation of phenolic compound,BTMR1377,EC 2.1.1.25,HUMAN,BTM00219,OC=1C(C(=O)C2C(C3=CC=C(O)C=C3)O2)=C(O)C=C(O)C1,"InChI=1S/C15H12O6/c16-8-3-1-7(2-4-8)14-15(21-14)13(20)12-10(18)5-9(17)6-11(12)19/h1-6,14-19H",XZJLFDDHZNTLGR-UHFFFAOYSA-N,1.9096999999999997,288.06338810399996
"InChI=1S/C15H14O5/c16-8-5-11(18)15-12(19)7-13(20-14(15)6-8)9-3-1-2-4-10(9)17/h1-6,12-13,16-19H,7H2",PWAWVWOATLEQNS-UHFFFAOYSA-N,O1C=2C(C(O)CC1C3=C(C=CC=C3)O)=C(O)C=C(O)C2,,,C15H14O5,274.084123548,1.928799999999999,0,1,1,BTM00522,BTM00522,Reduction of carbonyl,BTMR0368,EC 1.1.1.184,HUMAN,BTM00220,O1C=2C(C(=O)CC1C3=C(C=CC=C3)O)=C(O)C=C(O)C2,"InChI=1S/C15H12O5/c16-8-5-11(18)15-12(19)7-13(20-14(15)6-8)9-3-1-2-4-10(9)17/h1-6,13,16-18H,7H2",LSLXUDALHVEMQB-UHFFFAOYSA-N,2.2977000000000007,272.068473484
"InChI=1S/C21H20O11/c22-10-4-2-1-3-9(10)13-7-12(24)15-11(23)5-8(6-14(15)31-13)30-21-18(27)16(25)17(26)19(32-21)20(28)29/h1-6,13,16-19,21-23,25-27H,7H2,(H,28,29)",AIHGNRLJQDIGEP-UHFFFAOYSA-N,O1C=2C(C(=O)CC1C3=C(C=CC=C3)O)=C(O)C=C(OC4OC(C(O)=O)C(C(C4O)O)O)C2,,,C21H20O11,448.10056146,0.6021999999999993,1,1,1,BTM00523,BTM00523,Aromatic OH-glucuronidation,BTMR0166,EC 2.4.1.17,HUMAN,BTM00220,O1C=2C(C(=O)CC1C3=C(C=CC=C3)O)=C(O)C=C(O)C2,"InChI=1S/C15H12O5/c16-8-5-11(18)15-12(19)7-13(20-14(15)6-8)9-3-1-2-4-10(9)17/h1-6,13,16-18H,7H2",LSLXUDALHVEMQB-UHFFFAOYSA-N,2.2977000000000007,272.068473484
"InChI=1S/C21H20O11/c22-8-5-13-15(11(24)7-12(30-13)9-3-1-2-4-10(9)23)14(6-8)31-21-18(27)16(25)17(26)19(32-21)20(28)29/h1-6,12,16-19,21-23,25-27H,7H2,(H,28,29)",XAPPTZWERKPCFK-UHFFFAOYSA-N,O1C=2C(C(=O)CC1C3=C(C=CC=C3)O)=C(OC4OC(C(O)=O)C(C(C4O)O)O)C=C(O)C2,,,C21H20O11,448.10056146,0.6021999999999993,1,1,1,BTM00524,BTM00524,Aromatic OH-glucuronidation,BTMR0166,EC 2.4.1.17,HUMAN,BTM00220,O1C=2C(C(=O)CC1C3=C(C=CC=C3)O)=C(O)C=C(O)C2,"InChI=1S/C15H12O5/c16-8-5-11(18)15-12(19)7-13(20-14(15)6-8)9-3-1-2-4-10(9)17/h1-6,13,16-18H,7H2",LSLXUDALHVEMQB-UHFFFAOYSA-N,2.2977000000000007,272.068473484
"InChI=1S/C21H20O11/c22-8-5-10(23)15-11(24)7-13(30-14(15)6-8)9-3-1-2-4-12(9)31-21-18(27)16(25)17(26)19(32-21)20(28)29/h1-6,13,16-19,21-23,25-27H,7H2,(H,28,29)",UIUWRTKGPLTXLX-UHFFFAOYSA-N,O1C=2C(C(=O)CC1C3=C(C=CC=C3)OC4OC(C(O)=O)C(C(C4O)O)O)=C(O)C=C(O)C2,,,C21H20O11,448.10056146,0.6021999999999993,1,1,1,BTM00525,BTM00525,Aromatic OH-glucuronidation,BTMR0166,EC 2.4.1.17,HUMAN,BTM00220,O1C=2C(C(=O)CC1C3=C(C=CC=C3)O)=C(O)C=C(O)C2,"InChI=1S/C15H12O5/c16-8-5-11(18)15-12(19)7-13(20-14(15)6-8)9-3-1-2-4-10(9)17/h1-6,13,16-18H,7H2",LSLXUDALHVEMQB-UHFFFAOYSA-N,2.2977000000000007,272.068473484
"InChI=1S/C16H14O5/c1-20-9-6-12(18)16-13(19)8-14(21-15(16)7-9)10-4-2-3-5-11(10)17/h2-7,14,17-18H,8H2,1H3",RWLCJUJOUDVNQX-UHFFFAOYSA-N,O1C=2C(C(=O)CC1C3=C(C=CC=C3)O)=C(O)C=C(OC)C2,SCHEMBL17656774,73196511,C16H14O5,286.084123548,2.5486999999999997,0,0,0,BTM00526,BTM00526,Methylation of phenolic compound,BTMR1377,EC 2.1.1.25,HUMAN,BTM00220,O1C=2C(C(=O)CC1C3=C(C=CC=C3)O)=C(O)C=C(O)C2,"InChI=1S/C15H12O5/c16-8-5-11(18)15-12(19)7-13(20-14(15)6-8)9-3-1-2-4-10(9)17/h1-6,13,16-18H,7H2",LSLXUDALHVEMQB-UHFFFAOYSA-N,2.2977000000000007,272.068473484
"InChI=1S/C16H14O5/c1-20-14-6-9(17)7-15-16(14)12(19)8-13(21-15)10-4-2-3-5-11(10)18/h2-7,13,17-18H,8H2,1H3",VRKLYIMHAUMSFM-UHFFFAOYSA-N,O1C=2C(C(=O)CC1C3=C(C=CC=C3)O)=C(OC)C=C(O)C2,"Compound NP-024887
AKOS040736936",142748970,C16H14O5,286.084123548,2.5486999999999997,0,0,0,BTM00527,BTM00527,Methylation of phenolic compound,BTMR1377,EC 2.1.1.25,HUMAN,BTM00220,O1C=2C(C(=O)CC1C3=C(C=CC=C3)O)=C(O)C=C(O)C2,"InChI=1S/C15H12O5/c16-8-5-11(18)15-12(19)7-13(20-14(15)6-8)9-3-1-2-4-10(9)17/h1-6,13,16-18H,7H2",LSLXUDALHVEMQB-UHFFFAOYSA-N,2.2977000000000007,272.068473484
"InChI=1S/C16H14O5/c1-20-13-5-3-2-4-10(13)14-8-12(19)16-11(18)6-9(17)7-15(16)21-14/h2-7,14,17-18H,8H2,1H3",IOZGPYPDGKRGMG-UHFFFAOYSA-N,O1C=2C(C(=O)CC1C3=C(C=CC=C3)OC)=C(O)C=C(O)C2,"5,7-dihydroxy-2'-methoxyflavanone
5,7-Dihydroxy-2-(2-methoxyphenyl)-2,3-dihydro-4h-chromen-4-one",6431752,C16H14O5,286.084123548,2.5486999999999997,0,0,0,BTM00528,BTM00528,Methylation of phenolic compound,BTMR1377,EC 2.1.1.25,HUMAN,BTM00220,O1C=2C(C(=O)CC1C3=C(C=CC=C3)O)=C(O)C=C(O)C2,"InChI=1S/C15H12O5/c16-8-5-11(18)15-12(19)7-13(20-14(15)6-8)9-3-1-2-4-10(9)17/h1-6,13,16-18H,7H2",LSLXUDALHVEMQB-UHFFFAOYSA-N,2.2977000000000007,272.068473484
"InChI=1S/C15H14O5/c16-9-6-10(17)12-11(7-9)20-15(14(19)13(12)18)8-4-2-1-3-5-8/h1-7,13-19H",MTOGKBVCUVCNIM-UHFFFAOYSA-N,O1C=2C(C(O)C(C1C3=CC=CC=C3)O)=C(O)C=C(O)C2,"5,7-dihydroxyflavan-3,4-diol",66548355,C15H14O5,274.084123548,1.6231000000000002,0,1,1,BTM00529,BTM00529,Reduction of carbonyl,BTMR0368,EC 1.1.1.184,HUMAN,BTM00221,O1C=2C(C(=O)C(C1C3=CC=CC=C3)O)=C(O)C=C(O)C2,"InChI=1S/C15H12O5/c16-9-6-10(17)12-11(7-9)20-15(14(19)13(12)18)8-4-2-1-3-5-8/h1-7,14-17,19H",SUYJZKRQHBQNCA-UHFFFAOYSA-N,2.0195999999999996,272.068473484
"InChI=1S/C21H20O11/c22-10-6-9(30-21-17(27)14(24)16(26)19(32-21)20(28)29)7-11-12(10)13(23)15(25)18(31-11)8-4-2-1-3-5-8/h1-7,14-19,21-22,24-27H,(H,28,29)",YWJNUTPFWDABBA-UHFFFAOYSA-N,O1C=2C(C(=O)C(C1C3=CC=CC=C3)O)=C(O)C=C(OC4OC(C(O)=O)C(C(C4O)O)O)C2,,,C21H20O11,448.10056146,0.3240999999999985,1,1,1,BTM00530,BTM00530,Aromatic OH-glucuronidation,BTMR0166,EC 2.4.1.17,HUMAN,BTM00221,O1C=2C(C(=O)C(C1C3=CC=CC=C3)O)=C(O)C=C(O)C2,"InChI=1S/C15H12O5/c16-9-6-10(17)12-11(7-9)20-15(14(19)13(12)18)8-4-2-1-3-5-8/h1-7,14-17,19H",SUYJZKRQHBQNCA-UHFFFAOYSA-N,2.0195999999999996,272.068473484
"InChI=1S/C21H20O11/c22-9-6-10-12(13(23)15(25)18(30-10)8-4-2-1-3-5-8)11(7-9)31-21-17(27)14(24)16(26)19(32-21)20(28)29/h1-7,14-19,21-22,24-27H,(H,28,29)",ULELDDNAPLKIFR-UHFFFAOYSA-N,O1C=2C(C(=O)C(C1C3=CC=CC=C3)O)=C(OC4OC(C(O)=O)C(C(C4O)O)O)C=C(O)C2,,,C21H20O11,448.10056146,0.3240999999999985,1,1,1,BTM00531,BTM00531,Aromatic OH-glucuronidation,BTMR0166,EC 2.4.1.17,HUMAN,BTM00221,O1C=2C(C(=O)C(C1C3=CC=CC=C3)O)=C(O)C=C(O)C2,"InChI=1S/C15H12O5/c16-9-6-10(17)12-11(7-9)20-15(14(19)13(12)18)8-4-2-1-3-5-8/h1-7,14-17,19H",SUYJZKRQHBQNCA-UHFFFAOYSA-N,2.0195999999999996,272.068473484
"InChI=1S/C15H12O8S/c16-10-6-9(23-24(19,20)21)7-11-12(10)13(17)14(18)15(22-11)8-4-2-1-3-5-8/h1-7,14-16,18H,(H,19,20,21)",FFRSCQGPWNBLEK-UHFFFAOYSA-N,O1C=2C(C(=O)C(C1C3=CC=CC=C3)O)=C(O)C=C(OS(O)(=O)=O)C2,,,C15H12O8S,352.02528834400005,1.2827999999999993,0,1,1,BTM00532,BTM00532,Sulfonation of phenolic compound,BTMR1376,EC 2.8.2.1,HUMAN,BTM00221,O1C=2C(C(=O)C(C1C3=CC=CC=C3)O)=C(O)C=C(O)C2,"InChI=1S/C15H12O5/c16-9-6-10(17)12-11(7-9)20-15(14(19)13(12)18)8-4-2-1-3-5-8/h1-7,14-17,19H",SUYJZKRQHBQNCA-UHFFFAOYSA-N,2.0195999999999996,272.068473484
"InChI=1S/C15H12O8S/c16-9-6-10-12(11(7-9)23-24(19,20)21)13(17)14(18)15(22-10)8-4-2-1-3-5-8/h1-7,14-16,18H,(H,19,20,21)",WMRAYAKPDHTVJL-UHFFFAOYSA-N,O1C=2C(C(=O)C(C1C3=CC=CC=C3)O)=C(OS(O)(=O)=O)C=C(O)C2,,,C15H12O8S,352.02528834400005,1.2827999999999993,0,1,1,BTM00533,BTM00533,Sulfonation of phenolic compound,BTMR1376,EC 2.8.2.1,HUMAN,BTM00221,O1C=2C(C(=O)C(C1C3=CC=CC=C3)O)=C(O)C=C(O)C2,"InChI=1S/C15H12O5/c16-9-6-10(17)12-11(7-9)20-15(14(19)13(12)18)8-4-2-1-3-5-8/h1-7,14-17,19H",SUYJZKRQHBQNCA-UHFFFAOYSA-N,2.0195999999999996,272.068473484
"InChI=1S/C15H12O8S/c16-9-6-10(17)12-11(7-9)22-14(8-4-2-1-3-5-8)15(13(12)18)23-24(19,20)21/h1-7,14-17H,(H,19,20,21)",DMDXJFZTCCNVAL-UHFFFAOYSA-N,O1C=2C(C(=O)C(C1C3=CC=CC=C3)OS(O)(=O)=O)=C(O)C=C(O)C2,"CHEBI:183038
(5,7-dihydroxy-4-oxo-2-phenyl-2,3-dihydrochromen-3-yl) hydrogen sulate
(5,7-dihydroxy-4-oxo-2-phenyl-3,4-dihydro-2H-1-benzopyran-3-yl)oxidanesulfonic acid",131831912,C15H12O8S,352.025288344,1.4402999999999995,0,1,1,BTM00534,BTM00534,Sulfation of secondary alcohol,BTMR0502,EC 2.8.2.2,HUMAN,BTM00221,O1C=2C(C(=O)C(C1C3=CC=CC=C3)O)=C(O)C=C(O)C2,"InChI=1S/C15H12O5/c16-9-6-10(17)12-11(7-9)20-15(14(19)13(12)18)8-4-2-1-3-5-8/h1-7,14-17,19H",SUYJZKRQHBQNCA-UHFFFAOYSA-N,2.0195999999999996,272.068473484
"InChI=1S/C16H14O5/c1-20-10-7-11(17)13-12(8-10)21-16(15(19)14(13)18)9-5-3-2-4-6-9/h2-8,15-17,19H,1H3",QPOCKDYYXFOBCM-UHFFFAOYSA-N,O1C=2C(C(=O)C(C1C3=CC=CC=C3)O)=C(O)C=C(OC)C2,"Alpinone
480-13-7
3,5-dihydroxy-7-methoxy-2-phenyl-2,3-dihydrochromen-4-one
RefChem:111422
7-O-Methylpinobanksin
Flavanone, 3,5-dihydroxy-7-methoxy-
4H-1-Benzopyran-4-one, 2,3-dihydro-3,5-dihydroxy-7-methoxy-2-phenyl-, (2R-trans)-
2,3-Dihydro-3,5-dihydroxy-7-methoxy-2-phenyl-4H-1-benzopyran-4-one (2R-trans)-
7-O-Methylpinobanksin, Alpinone
SCHEMBL17485808
DTXSID90963978
3,5-dihydroxy-7-methoxyflavanone
3,5-Dihydroxy-7-methoxy-2-phenyl-2,3-dihydro-4H-1-benzopyran-4-one",5317747,C16H14O5,286.084123548,2.270599999999999,0,0,0,BTM00535,BTM00535,Methylation of phenolic compound,BTMR1377,EC 2.1.1.25,HUMAN,BTM00221,O1C=2C(C(=O)C(C1C3=CC=CC=C3)O)=C(O)C=C(O)C2,"InChI=1S/C15H12O5/c16-9-6-10(17)12-11(7-9)20-15(14(19)13(12)18)8-4-2-1-3-5-8/h1-7,14-17,19H",SUYJZKRQHBQNCA-UHFFFAOYSA-N,2.0195999999999996,272.068473484
"InChI=1S/C16H14O5/c1-20-11-7-10(17)8-12-13(11)14(18)15(19)16(21-12)9-5-3-2-4-6-9/h2-8,15-17,19H,1H3",NIMIDMFTGGTHOH-UHFFFAOYSA-N,O1C=2C(C(=O)C(C1C3=CC=CC=C3)O)=C(OC)C=C(O)C2,"5-Methoxy-3,7-dihydroxyflavanone
RefChem:103036
3,7-dihydroxy-5-methoxy-2-phenyl-2,3-dihydrochromen-4-one
NIMIDMFTGGTHOH-UHFFFAOYSA-N
CHEMBL551582
SCHEMBL6565198
(2R,3R)-3,7-dihydroxy-5-methoxy-2-phenyl-3,4-dihydro-2H-1-benzopyran-4-one
UEA30936
3,7-dihydroxy-5-methoxy-2-phenyl-chroman-4-one
3,7-Dihydroxy-5-methoxy-2-phenyl-2,3-dihydro-4H-chromen-4-one #",597405,C16H14O5,286.084123548,2.270599999999999,0,0,0,BTM00536,BTM00536,Methylation of phenolic compound,BTMR1377,EC 2.1.1.25,HUMAN,BTM00221,O1C=2C(C(=O)C(C1C3=CC=CC=C3)O)=C(O)C=C(O)C2,"InChI=1S/C15H12O5/c16-9-6-10(17)12-11(7-9)20-15(14(19)13(12)18)8-4-2-1-3-5-8/h1-7,14-17,19H",SUYJZKRQHBQNCA-UHFFFAOYSA-N,2.0195999999999996,272.068473484
"InChI=1S/C15H14O5/c16-9-3-1-2-8(4-9)13-7-12(19)15-11(18)5-10(17)6-14(15)20-13/h1-6,12-13,16-19H,7H2",URSVNNLECJIKRJ-UHFFFAOYSA-N,O1C=2C(C(O)CC1C3=CC=CC(=C3)O)=C(O)C=C(O)C2,,,C15H14O5,274.084123548,1.928799999999999,0,1,1,BTM00537,BTM00537,Reduction of carbonyl,BTMR0368,EC 1.1.1.184,HUMAN,BTM00222,O1C=2C(C(=O)CC1C3=CC=CC(=C3)O)=C(O)C=C(O)C2,"InChI=1S/C15H12O5/c16-9-3-1-2-8(4-9)13-7-12(19)15-11(18)5-10(17)6-14(15)20-13/h1-6,13,16-18H,7H2",NJWJQMLMBXIOJW-UHFFFAOYSA-N,2.2977000000000007,272.068473484
"InChI=1S/C21H20O11/c22-9-3-1-2-8(4-9)13-7-12(24)15-11(23)5-10(6-14(15)31-13)30-21-18(27)16(25)17(26)19(32-21)20(28)29/h1-6,13,16-19,21-23,25-27H,7H2,(H,28,29)",UZGJFPUYWIWXFP-UHFFFAOYSA-N,O1C=2C(C(=O)CC1C3=CC=CC(=C3)O)=C(O)C=C(OC4OC(C(O)=O)C(C(C4O)O)O)C2,,,C21H20O11,448.10056146,0.6021999999999993,1,1,1,BTM00538,BTM00538,Aromatic OH-glucuronidation,BTMR0166,EC 2.4.1.17,HUMAN,BTM00222,O1C=2C(C(=O)CC1C3=CC=CC(=C3)O)=C(O)C=C(O)C2,"InChI=1S/C15H12O5/c16-9-3-1-2-8(4-9)13-7-12(19)15-11(18)5-10(17)6-14(15)20-13/h1-6,13,16-18H,7H2",NJWJQMLMBXIOJW-UHFFFAOYSA-N,2.2977000000000007,272.068473484
"InChI=1S/C21H20O11/c22-9-3-1-2-8(4-9)12-7-11(24)15-13(30-12)5-10(23)6-14(15)31-21-18(27)16(25)17(26)19(32-21)20(28)29/h1-6,12,16-19,21-23,25-27H,7H2,(H,28,29)",DNHYCLGSDMCHKJ-UHFFFAOYSA-N,O1C=2C(C(=O)CC1C3=CC=CC(=C3)O)=C(OC4OC(C(O)=O)C(C(C4O)O)O)C=C(O)C2,,,C21H20O11,448.10056146,0.6021999999999993,1,1,1,BTM00539,BTM00539,Aromatic OH-glucuronidation,BTMR0166,EC 2.4.1.17,HUMAN,BTM00222,O1C=2C(C(=O)CC1C3=CC=CC(=C3)O)=C(O)C=C(O)C2,"InChI=1S/C15H12O5/c16-9-3-1-2-8(4-9)13-7-12(19)15-11(18)5-10(17)6-14(15)20-13/h1-6,13,16-18H,7H2",NJWJQMLMBXIOJW-UHFFFAOYSA-N,2.2977000000000007,272.068473484
"InChI=1S/C21H20O11/c22-9-5-11(23)15-12(24)7-13(31-14(15)6-9)8-2-1-3-10(4-8)30-21-18(27)16(25)17(26)19(32-21)20(28)29/h1-6,13,16-19,21-23,25-27H,7H2,(H,28,29)",KAQZDVDEGKKIKD-UHFFFAOYSA-N,O1C=2C(C(=O)CC1C3=CC=CC(=C3)OC4OC(C(O)=O)C(C(C4O)O)O)=C(O)C=C(O)C2,,,C21H20O11,448.10056146,0.6021999999999993,1,1,1,BTM00540,BTM00540,Aromatic OH-glucuronidation,BTMR0166,EC 2.4.1.17,HUMAN,BTM00222,O1C=2C(C(=O)CC1C3=CC=CC(=C3)O)=C(O)C=C(O)C2,"InChI=1S/C15H12O5/c16-9-3-1-2-8(4-9)13-7-12(19)15-11(18)5-10(17)6-14(15)20-13/h1-6,13,16-18H,7H2",NJWJQMLMBXIOJW-UHFFFAOYSA-N,2.2977000000000007,272.068473484
"InChI=1S/C16H14O5/c1-20-11-6-12(18)16-13(19)8-14(21-15(16)7-11)9-3-2-4-10(17)5-9/h2-7,14,17-18H,8H2,1H3",BRPPJHRMSPEPDO-UHFFFAOYSA-N,O1C=2C(C(=O)CC1C3=CC=CC(=C3)O)=C(O)C=C(OC)C2,,,C16H14O5,286.084123548,2.5486999999999997,0,0,0,BTM00541,BTM00541,Methylation of phenolic compound,BTMR1377,EC 2.1.1.25,HUMAN,BTM00222,O1C=2C(C(=O)CC1C3=CC=CC(=C3)O)=C(O)C=C(O)C2,"InChI=1S/C15H12O5/c16-9-3-1-2-8(4-9)13-7-12(19)15-11(18)5-10(17)6-14(15)20-13/h1-6,13,16-18H,7H2",NJWJQMLMBXIOJW-UHFFFAOYSA-N,2.2977000000000007,272.068473484
"InChI=1S/C16H14O5/c1-20-14-6-11(18)7-15-16(14)12(19)8-13(21-15)9-3-2-4-10(17)5-9/h2-7,13,17-18H,8H2,1H3",ATOZLQVIAMFACO-UHFFFAOYSA-N,O1C=2C(C(=O)CC1C3=CC=CC(=C3)O)=C(OC)C=C(O)C2,,,C16H14O5,286.084123548,2.5486999999999997,0,0,0,BTM00542,BTM00542,Methylation of phenolic compound,BTMR1377,EC 2.1.1.25,HUMAN,BTM00222,O1C=2C(C(=O)CC1C3=CC=CC(=C3)O)=C(O)C=C(O)C2,"InChI=1S/C15H12O5/c16-9-3-1-2-8(4-9)13-7-12(19)15-11(18)5-10(17)6-14(15)20-13/h1-6,13,16-18H,7H2",NJWJQMLMBXIOJW-UHFFFAOYSA-N,2.2977000000000007,272.068473484
"InChI=1S/C16H14O5/c1-20-11-4-2-3-9(5-11)14-8-13(19)16-12(18)6-10(17)7-15(16)21-14/h2-7,14,17-18H,8H2,1H3",RRBWQNNVMSQYDT-UHFFFAOYSA-N,O1C=2C(C(=O)CC1C3=CC=CC(=C3)OC)=C(O)C=C(O)C2,"CHEBI:193372
5,7-Dihydroxy-3'-methoxyflavanone
5,7-dihydroxy-2-(3-methoxyphenyl)-3,4-dihydro-2H-1-benzopyran-4-one
5,7-dihydroxy-2-(3-methoxyphenyl)-2,3-dihydrochromen-4-one",101675301,C16H14O5,286.084123548,2.5486999999999997,0,0,0,BTM00543,BTM00543,Methylation of phenolic compound,BTMR1377,EC 2.1.1.25,HUMAN,BTM00222,O1C=2C(C(=O)CC1C3=CC=CC(=C3)O)=C(O)C=C(O)C2,"InChI=1S/C15H12O5/c16-9-3-1-2-8(4-9)13-7-12(19)15-11(18)5-10(17)6-14(15)20-13/h1-6,13,16-18H,7H2",NJWJQMLMBXIOJW-UHFFFAOYSA-N,2.2977000000000007,272.068473484
"InChI=1S/C15H14O6/c16-9-3-1-8(2-4-9)5-13(20)15(21)14-11(18)6-10(17)7-12(14)19/h1-4,6-7,15-19,21H,5H2",CBQIMLYCAYOUBM-UHFFFAOYSA-N,OC=1C(C(O)C(CC2=CC=C(O)C=C2)=O)=C(O)C=C(O)C1,,,C15H14O6,290.079038168,1.5391000000000004,0,1,1,BTM00544,BTM00544,Reduction of carbonyl,BTMR0368,EC 1.1.1.184,HUMAN,BTM00223,OC=1C(C(=O)C(CC2=CC=C(O)C=C2)=O)=C(O)C=C(O)C1,"InChI=1S/C15H12O6/c16-9-3-1-8(2-4-9)5-13(20)15(21)14-11(18)6-10(17)7-12(14)19/h1-4,6-7,16-19H,5H2",UAXKKOUIRYHGCN-UHFFFAOYSA-N,1.9356,288.06338810399996
"InChI=1S/C6H6O3/c7-4-1-5(8)3-6(9)2-4/h1-3,7-9H",QCDYQQDYXPDABM-UHFFFAOYSA-N,OC=1C=C(O)C=C(O)C1,"phloroglucinol
108-73-6
Benzene-1,3,5-triol
1,3,5-benzenetriol
1,3,5-trihydroxybenzene
Phloroglucin
Phloroglucine
Spasfon-Lyoc
Dilospan S
sym-Trihydroxybenzene
s-Trihydroxybenzene
Benzene, trihydroxy
Floroglucin
Floroglucinol
DHD7FFG6YS
Benezene-1,3,5-triol
NSC-1572
DTXSID9048354
CHEBI:16204
RefChem:6129
DTXCID0028329
203-611-2
Benzene-s-triol
Phloroglucinol anhydrous
3,5-Dihydroxyphenol
5-Hydroxyresorcinol
5-Oxyresorcinol
5-Oxyresorcinolphloroglucin
1,3,5-THB
MFCD00002286
1,3,5-Trihydroxycyclohexatriene
1,3,5-Triol
Benzene, 1,3,5-trihydroxy-
Phloroglucinol, anhydrous
5-Benzenetriol
NSC 1572
Phloroglucinol (JAN)
CHEMBL473159
PHLOROGLUCINOL [JAN]
Floroglucin [Czech]
Floroglucinol [Czech]
CCRIS 4147
UNII-DHD7FFG6YS
NCGC00166270-01
1,2,5-trihydroxybenzene
EINECS 203-611-2
BRN 1341907
Phloroglucinolum
AI3-08848
1,5-Benzenetriol
13X
Dilospan S (TN)
Phloroglucinol [BAN]
1,5-Trihydroxybenzene
1,5-Triol
Benzene,3,5-trihydroxy-
Phloroglucinol (anhydrous)
WLN: QR CQ EQ
1,3,5-trihydroxylbenzene
1,3,5-trihydroxy-benzene
PHLOROGLUCINOL [MI]
Phloroglucinol Impurity 33
1,3, 5-Trihydroxybenzene
SCHEMBL26311
SCHEMBL82570
1,5-Trihydroxycyclohexatriene
4-06-00-07361 (Beilstein Handbook Reference)
6,17-alpha Epoxypregnenolone
Phloroglucinol, p.a., 99%
PHLOROGLUCINOL [MART.]
Phloroglucinol (anhydrous) CRS
SCHEMBL3711657
PHLOROGLUCINOL [WHO-DD]
1,3,5-Benzenetriol, anhydrous
SCHEMBL30710583
NSC1572
BB_NC-02225
EDC49724
BBL018701
BDBM50249069
CS0115
EBC-48043
MSK168374
PHLOROGLUCINOL [EP MONOGRAPH]
STL146346
phloroglucinol (1,3,5-benzenetriol)
Phloroglucinol, >=99.0% (HPLC)
AKOS000119851
DB12944
FP12341
FS-4574
1,3,5-Benzenetriol (ACD/Name 4.0)
NCGC00166270-02
AC-10081
NS00013979
P0249
P1376
ST50214381
EN300-19648
Phloroglucinol 100 microg/mL in Acetonitrile
C02183
D00152
F13526
SBI-0653926.0001
USP Solution Phloroglucinol TS Conforms to USP
A801919
Q899008
BRD-K00405906-001-01-9
Phloroglucinol, plant cell culture tested, BioReagent
F0001-0177
Z104474594
Phloroglucinol, Used to detect the presence of wood fiber.
1,3,5-Benzenetriol; 1,3,5-THB; 1,3,5-Trihydroxybenzene
InChI=1/C6H6O3/c7-4-1-5(8)3-6(9)2-4/h1-3,7-9
Phloroglucinol (anhydrous), European Pharmacopoeia (EP) Reference Standard",359,C6H6O3,126.03169405199999,1.0277999999999998,0,1,1,BTM00180,BTM00180,Keto hydrolysis,BTMR0254,EC 3.7.1.,HUMAN,BTM00223,OC=1C(C(=O)C(CC2=CC=C(O)C=C2)=O)=C(O)C=C(O)C1,"InChI=1S/C15H12O6/c16-9-3-1-8(2-4-9)5-13(20)15(21)14-11(18)6-10(17)7-12(14)19/h1-4,6-7,16-19H,5H2",UAXKKOUIRYHGCN-UHFFFAOYSA-N,1.9356,288.06338810399996
"InChI=1S/C9H8O4/c10-7-3-1-6(2-4-7)5-8(11)9(12)13/h1-4,10H,5H2,(H,12,13)",KKADPXVIOXHVKN-UHFFFAOYSA-N,C(=O)(C(CC1=CC=C(O)C=C1)=O)O,"4-Hydroxyphenylpyruvic acid
156-39-8
3-(4-Hydroxyphenyl)-2-oxopropanoic acid
p-Hydroxyphenylpyruvic acid
(P-HYDROXYPHENYL)PYRUVIC ACID
3-(p-Hydroxyphenyl)pyruvic acid
(4-hydroxyphenyl)pyruvic acid
3-(p-Hydroxyphenyl)-2-oxopropanoic acid
Benzenepropanoic acid, 4-hydroxy-alpha-oxo-
4-Hydroxy alpha-oxobenzenepropanoic acid
0YP1694WNQ
CHEBI:15999
DTXSID80166017
RefChem:99392
para-hydroxyphenylpyruvic acid
DTXCID9088508
205-852-9
3-hydroxy-2-oxo-3-phenylpropanoic acid
Testacid
4-hydroxyphenylpyruvate
3-(4-Hydroxyphenyl)pyruvic acid
Testacide
MFCD00002591
Pyruvic acid, (p-hydroxyphenyl)-
3-(4-HYDROXY-PHENYL)PYRUVIC ACID
HPPA
Pyruvic acid, p-hydroxyphenyl-
NSC 100738
BRN 2691632
3-(4-hydroxyphenyl)-2-oxo-propanoic acid
Benzenepropanoic acid, 4-hydroxy-.alpha.-oxo-
4-Hydroxy-a-oxobenzenepropanoic acid
4-?Hydroxyphenylpyruvic acid
3-(p-Hydroxyphenyl)-2-oxopropionic acid
3-(4-Hydroxyphenyl)-2-oxopropionic acid
NSC666757
NSC-100738
NSC-666757
4-Hydroxy-alpha-oxobenzenepropanoic acid
hydroxyphenylpyruvate
Benzenepropanoic acid, 4-hydroxy-alpha-oxo- (9CI)
(p-hydroxyphenyl)-pyruvic acid
3-(p-Hydroxyphenyl)pyruvate
ENO
EINECS 205-852-9
UNII-0YP1694WNQ
p-hydroxyphenylpyruvic
4HPPA
(p-Hydroxyphenyl)pyruvate
4-ydroxyphenylpyruvic acid
WLN: QVV1R DQ
(p-hydroxyphenyl)-Pyruvate
4-HPPA
bmse000262
4- Hydroxyphenylpyruvic acid
SCHEMBL24157
4-10-00-03630 (Beilstein Handbook Reference)
CHEMBL607712
GTPL6629
4-Hydroxy-a-oxobenzenepropanoate
4-Hydroxyphenylpyruvic acid, 98%
STR05283
4-Hydroxy-alpha-oxobenzenepropanoate
4-Hydroxyphenylpyruvic acid (NIST)
3-(p-Hydroxyphenyl)-2-oxopropionate
BBL104224
GEO-01551
NSC100738
s2995
SBB068897
STL558218
3-(4-Hydroxyphenyl)-2-oxopropionate
AKOS000136920
3-(4-hydroxyphenyl)-2-oxo-propanoate
AC-7498
CS-W010756
DB07718
EBC-616079
FD10465
FH37633
HY-W010040
NSC 666757
3-(4-Hydroxyphenyl)-2-oxopropanoicacid
Benzenepropanoic acid, ?-hydroxy-?-oxo-
p-Hydroxyphenyl-brenztraubensA currencyure
PD005526
Pyruvic acid, (p-hydroxyphenyl)- (8CI)
SY050624
3-(4-hydroxyphenyl)-2-oxo-propionic acid
3-(4-hydroxy phenyl)-2-oxo propanoic acid
3-(4-Hydroxyphenyl)-2-oxopropanoic acid #
NS00015136
ST45028741
Benzenepropanoic acid, 4-?hydroxy-?|A-?oxo-
C01179
EN300-1855716
156H398
4-HYDROXY-.ALPHA.-OXOBENZENEPROPANOIC ACID
F013604
Q2823224
87E988C4-F26C-4E03-9A40-1B0C0B36CA67
4-Hydroxyphenylpyruvic acid, Grade II, 98-100%, crystalline
(p-Hydroxyphenyl)pyruvic Acid; 3-(4-Hydroxyphenyl)-2-oxopropanoic Acid;
3-(4-Hydroxyphenyl)-2-oxopropionic Acid; 3-(4-Hydroxyphenyl)pyruvic Acid;
3-(p-Hydroxyphenyl)-2-oxopropionic Acid; 3-(p-Hydroxyphenyl)pyruvic Acid;
4-Hydroxy-a-oxobenzenepropanoic Acid; HPPA; NSC 100738; NSC 666757;",979,C9H8O4,180.042258736,0.9379999999999998,0,0,0,BTM00545,BTM00545,Keto hydrolysis,BTMR0254,EC 3.7.1.,HUMAN,BTM00223,OC=1C(C(=O)C(CC2=CC=C(O)C=C2)=O)=C(O)C=C(O)C1,"InChI=1S/C15H12O6/c16-9-3-1-8(2-4-9)5-13(20)15(21)14-11(18)6-10(17)7-12(14)19/h1-4,6-7,16-19H,5H2",UAXKKOUIRYHGCN-UHFFFAOYSA-N,1.9356,288.06338810399996
"InChI=1S/C21H20O12/c22-9-3-1-8(2-4-9)5-12(25)15(26)14-11(24)6-10(23)7-13(14)32-21-18(29)16(27)17(28)19(33-21)20(30)31/h1-4,6-7,16-19,21-24,27-29H,5H2,(H,30,31)",LZHPNZMAWMCBQT-UHFFFAOYSA-N,O(C=1C(C(=O)C(CC2=CC=C(O)C=C2)=O)=C(O)C=C(O)C1)C3OC(C(O)=O)C(C(C3O)O)O,,,C21H20O12,464.09547607999997,0.24009999999999992,2,1,1,BTM00546,BTM00546,Aromatic OH-glucuronidation,BTMR0166,EC 2.4.1.17,HUMAN,BTM00223,OC=1C(C(=O)C(CC2=CC=C(O)C=C2)=O)=C(O)C=C(O)C1,"InChI=1S/C15H12O6/c16-9-3-1-8(2-4-9)5-13(20)15(21)14-11(18)6-10(17)7-12(14)19/h1-4,6-7,16-19H,5H2",UAXKKOUIRYHGCN-UHFFFAOYSA-N,1.9356,288.06338810399996
"InChI=1S/C21H20O12/c22-9-3-1-8(2-4-9)5-13(25)15(26)14-11(23)6-10(7-12(14)24)32-21-18(29)16(27)17(28)19(33-21)20(30)31/h1-4,6-7,16-19,21-24,27-29H,5H2,(H,30,31)",PWJRDUXILUUPFK-UHFFFAOYSA-N,OC=1C(C(=O)C(CC2=CC=C(O)C=C2)=O)=C(O)C=C(OC3OC(C(O)=O)C(C(C3O)O)O)C1,,,C21H20O12,464.09547607999997,0.24009999999999992,2,1,1,BTM00547,BTM00547,Aromatic OH-glucuronidation,BTMR0166,EC 2.4.1.17,HUMAN,BTM00223,OC=1C(C(=O)C(CC2=CC=C(O)C=C2)=O)=C(O)C=C(O)C1,"InChI=1S/C15H12O6/c16-9-3-1-8(2-4-9)5-13(20)15(21)14-11(18)6-10(17)7-12(14)19/h1-4,6-7,16-19H,5H2",UAXKKOUIRYHGCN-UHFFFAOYSA-N,1.9356,288.06338810399996
"InChI=1S/C21H20O12/c22-9-6-11(23)14(12(24)7-9)15(26)13(25)5-8-1-3-10(4-2-8)32-21-18(29)16(27)17(28)19(33-21)20(30)31/h1-4,6-7,16-19,21-24,27-29H,5H2,(H,30,31)",KLMBXAUQTHMMSE-UHFFFAOYSA-N,OC=1C(C(=O)C(CC2=CC=C(OC3OC(C(O)=O)C(C(C3O)O)O)C=C2)=O)=C(O)C=C(O)C1,,,C21H20O12,464.09547607999997,0.24009999999999992,2,1,1,BTM00548,BTM00548,Aromatic OH-glucuronidation,BTMR0166,EC 2.4.1.17,HUMAN,BTM00223,OC=1C(C(=O)C(CC2=CC=C(O)C=C2)=O)=C(O)C=C(O)C1,"InChI=1S/C15H12O6/c16-9-3-1-8(2-4-9)5-13(20)15(21)14-11(18)6-10(17)7-12(14)19/h1-4,6-7,16-19H,5H2",UAXKKOUIRYHGCN-UHFFFAOYSA-N,1.9356,288.06338810399996
"InChI=1S/C15H12O9S/c16-9-3-1-8(2-4-9)5-12(19)15(20)14-11(18)6-10(17)7-13(14)24-25(21,22)23/h1-4,6-7,16-18H,5H2,(H,21,22,23)",JPFSIJRVFPMOFQ-UHFFFAOYSA-N,O(C=1C(C(=O)C(CC2=CC=C(O)C=C2)=O)=C(O)C=C(O)C1)S(O)(=O)=O,,,C15H12O9S,368.02020296399996,1.1987999999999999,1,1,1,BTM00549,BTM00549,Sulfonation of phenolic compound,BTMR1376,EC 2.8.2.1,HUMAN,BTM00223,OC=1C(C(=O)C(CC2=CC=C(O)C=C2)=O)=C(O)C=C(O)C1,"InChI=1S/C15H12O6/c16-9-3-1-8(2-4-9)5-13(20)15(21)14-11(18)6-10(17)7-12(14)19/h1-4,6-7,16-19H,5H2",UAXKKOUIRYHGCN-UHFFFAOYSA-N,1.9356,288.06338810399996
"InChI=1S/C15H12O9S/c16-9-3-1-8(2-4-9)5-13(19)15(20)14-11(17)6-10(7-12(14)18)24-25(21,22)23/h1-4,6-7,16-18H,5H2,(H,21,22,23)",SSJPTMSKYOFQBI-UHFFFAOYSA-N,OC=1C(C(=O)C(CC2=CC=C(O)C=C2)=O)=C(O)C=C(OS(O)(=O)=O)C1,,,C15H12O9S,368.02020296399996,1.1987999999999999,0,1,1,BTM00550,BTM00550,Sulfonation of phenolic compound,BTMR1376,EC 2.8.2.1,HUMAN,BTM00223,OC=1C(C(=O)C(CC2=CC=C(O)C=C2)=O)=C(O)C=C(O)C1,"InChI=1S/C15H12O6/c16-9-3-1-8(2-4-9)5-13(20)15(21)14-11(18)6-10(17)7-12(14)19/h1-4,6-7,16-19H,5H2",UAXKKOUIRYHGCN-UHFFFAOYSA-N,1.9356,288.06338810399996
"InChI=1S/C15H12O9S/c16-9-6-11(17)14(12(18)7-9)15(20)13(19)5-8-1-3-10(4-2-8)24-25(21,22)23/h1-4,6-7,16-18H,5H2,(H,21,22,23)",UUVHWDOSPBPQLI-UHFFFAOYSA-N,OC=1C(C(=O)C(CC2=CC=C(OS(O)(=O)=O)C=C2)=O)=C(O)C=C(O)C1,"CHEBI:193359
[4-[2,3-dioxo-3-(2,4,6-trihydroxyphenyl)propyl]phenyl] hydrogen sulate
{4-[2,3-dioxo-3-(2,4,6-trihydroxyphenyl)propyl]phenyl}oxidanesulfonic acid",131831909,C15H12O9S,368.02020296399996,1.1987999999999999,0,1,1,BTM00551,BTM00551,Sulfonation of phenolic compound,BTMR1376,EC 2.8.2.1,HUMAN,BTM00223,OC=1C(C(=O)C(CC2=CC=C(O)C=C2)=O)=C(O)C=C(O)C1,"InChI=1S/C15H12O6/c16-9-3-1-8(2-4-9)5-13(20)15(21)14-11(18)6-10(17)7-12(14)19/h1-4,6-7,16-19H,5H2",UAXKKOUIRYHGCN-UHFFFAOYSA-N,1.9356,288.06338810399996
"InChI=1S/C16H14O6/c1-22-14-8-11(18)7-12(19)15(14)16(21)13(20)6-9-2-4-10(17)5-3-9/h2-5,7-8,17-19H,6H2,1H3",KXQZFDLAXGOWSW-UHFFFAOYSA-N,O(C=1C(C(=O)C(CC2=CC=C(O)C=C2)=O)=C(O)C=C(O)C1)C,,,C16H14O6,302.079038168,2.186599999999998,0,1,1,BTM00552,BTM00552,Methylation of phenolic compound,BTMR1377,EC 2.1.1.25,HUMAN,BTM00223,OC=1C(C(=O)C(CC2=CC=C(O)C=C2)=O)=C(O)C=C(O)C1,"InChI=1S/C15H12O6/c16-9-3-1-8(2-4-9)5-13(20)15(21)14-11(18)6-10(17)7-12(14)19/h1-4,6-7,16-19H,5H2",UAXKKOUIRYHGCN-UHFFFAOYSA-N,1.9356,288.06338810399996
"InChI=1S/C16H14O6/c1-22-11-7-12(18)15(13(19)8-11)16(21)14(20)6-9-2-4-10(17)5-3-9/h2-5,7-8,17-19H,6H2,1H3",LVQMIWDRFNXTHW-UHFFFAOYSA-N,OC=1C(C(=O)C(CC2=CC=C(O)C=C2)=O)=C(O)C=C(OC)C1,,,C16H14O6,302.079038168,2.186599999999998,0,1,1,BTM00553,BTM00553,Methylation of phenolic compound,BTMR1377,EC 2.1.1.25,HUMAN,BTM00223,OC=1C(C(=O)C(CC2=CC=C(O)C=C2)=O)=C(O)C=C(O)C1,"InChI=1S/C15H12O6/c16-9-3-1-8(2-4-9)5-13(20)15(21)14-11(18)6-10(17)7-12(14)19/h1-4,6-7,16-19H,5H2",UAXKKOUIRYHGCN-UHFFFAOYSA-N,1.9356,288.06338810399996
"InChI=1S/C16H14O6/c1-22-11-4-2-9(3-5-11)6-14(20)16(21)15-12(18)7-10(17)8-13(15)19/h2-5,7-8,17-19H,6H2,1H3",LELCKAWZMVKDKG-UHFFFAOYSA-N,OC=1C(C(=O)C(CC2=CC=C(OC)C=C2)=O)=C(O)C=C(O)C1,,,C16H14O6,302.07903816799995,2.186599999999998,0,1,1,BTM00554,BTM00554,Methylation of phenolic compound,BTMR1377,EC 2.1.1.25,HUMAN,BTM00223,OC=1C(C(=O)C(CC2=CC=C(O)C=C2)=O)=C(O)C=C(O)C1,"InChI=1S/C15H12O6/c16-9-3-1-8(2-4-9)5-13(20)15(21)14-11(18)6-10(17)7-12(14)19/h1-4,6-7,16-19H,5H2",UAXKKOUIRYHGCN-UHFFFAOYSA-N,1.9356,288.06338810399996
"InChI=1S/C15H16O5/c16-10-4-1-9(2-5-10)3-6-12(18)15-13(19)7-11(17)8-14(15)20/h1-2,4-5,7-8,12,16-20H,3,6H2",XOYZMOFVOOINNH-UHFFFAOYSA-N,OC=1C(C(O)CCC2=CC=C(O)C=C2)=C(O)C=C(O)C1,,,C15H16O5,276.099773612,2.5455,0,1,1,BTM00555,BTM00555,Reduction of carbonyl,BTMR0368,EC 1.1.1.184,HUMAN,BTM00224,OC=1C(C(=O)CCC2=CC=C(O)C=C2)=C(O)C=C(O)C1,"InChI=1S/C15H14O5/c16-10-4-1-9(2-5-10)3-6-12(18)15-13(19)7-11(17)8-14(15)20/h1-2,4-5,7-8,16-17,19-20H,3,6H2",VGEREEWJJVICBM-UHFFFAOYSA-N,2.6555999999999993,274.084123548
"InChI=1S/C6H6O3/c7-4-1-5(8)3-6(9)2-4/h1-3,7-9H",QCDYQQDYXPDABM-UHFFFAOYSA-N,OC=1C=C(O)C=C(O)C1,"phloroglucinol
108-73-6
Benzene-1,3,5-triol
1,3,5-benzenetriol
1,3,5-trihydroxybenzene
Phloroglucin
Phloroglucine
Spasfon-Lyoc
Dilospan S
sym-Trihydroxybenzene
s-Trihydroxybenzene
Benzene, trihydroxy
Floroglucin
Floroglucinol
DHD7FFG6YS
Benezene-1,3,5-triol
NSC-1572
DTXSID9048354
CHEBI:16204
RefChem:6129
DTXCID0028329
203-611-2
Benzene-s-triol
Phloroglucinol anhydrous
3,5-Dihydroxyphenol
5-Hydroxyresorcinol
5-Oxyresorcinol
5-Oxyresorcinolphloroglucin
1,3,5-THB
MFCD00002286
1,3,5-Trihydroxycyclohexatriene
1,3,5-Triol
Benzene, 1,3,5-trihydroxy-
Phloroglucinol, anhydrous
5-Benzenetriol
NSC 1572
Phloroglucinol (JAN)
CHEMBL473159
PHLOROGLUCINOL [JAN]
Floroglucin [Czech]
Floroglucinol [Czech]
CCRIS 4147
UNII-DHD7FFG6YS
NCGC00166270-01
1,2,5-trihydroxybenzene
EINECS 203-611-2
BRN 1341907
Phloroglucinolum
AI3-08848
1,5-Benzenetriol
13X
Dilospan S (TN)
Phloroglucinol [BAN]
1,5-Trihydroxybenzene
1,5-Triol
Benzene,3,5-trihydroxy-
Phloroglucinol (anhydrous)
WLN: QR CQ EQ
1,3,5-trihydroxylbenzene
1,3,5-trihydroxy-benzene
PHLOROGLUCINOL [MI]
Phloroglucinol Impurity 33
1,3, 5-Trihydroxybenzene
SCHEMBL26311
SCHEMBL82570
1,5-Trihydroxycyclohexatriene
4-06-00-07361 (Beilstein Handbook Reference)
6,17-alpha Epoxypregnenolone
Phloroglucinol, p.a., 99%
PHLOROGLUCINOL [MART.]
Phloroglucinol (anhydrous) CRS
SCHEMBL3711657
PHLOROGLUCINOL [WHO-DD]
1,3,5-Benzenetriol, anhydrous
SCHEMBL30710583
NSC1572
BB_NC-02225
EDC49724
BBL018701
BDBM50249069
CS0115
EBC-48043
MSK168374
PHLOROGLUCINOL [EP MONOGRAPH]
STL146346
phloroglucinol (1,3,5-benzenetriol)
Phloroglucinol, >=99.0% (HPLC)
AKOS000119851
DB12944
FP12341
FS-4574
1,3,5-Benzenetriol (ACD/Name 4.0)
NCGC00166270-02
AC-10081
NS00013979
P0249
P1376
ST50214381
EN300-19648
Phloroglucinol 100 microg/mL in Acetonitrile
C02183
D00152
F13526
SBI-0653926.0001
USP Solution Phloroglucinol TS Conforms to USP
A801919
Q899008
BRD-K00405906-001-01-9
Phloroglucinol, plant cell culture tested, BioReagent
F0001-0177
Z104474594
Phloroglucinol, Used to detect the presence of wood fiber.
1,3,5-Benzenetriol; 1,3,5-THB; 1,3,5-Trihydroxybenzene
InChI=1/C6H6O3/c7-4-1-5(8)3-6(9)2-4/h1-3,7-9
Phloroglucinol (anhydrous), European Pharmacopoeia (EP) Reference Standard",359,C6H6O3,126.03169405199999,1.0277999999999998,0,1,1,BTM00180,BTM00180,Keto hydrolysis,BTMR0254,EC 3.7.1.,HUMAN,BTM00224,OC=1C(C(=O)CCC2=CC=C(O)C=C2)=C(O)C=C(O)C1,"InChI=1S/C15H14O5/c16-10-4-1-9(2-5-10)3-6-12(18)15-13(19)7-11(17)8-14(15)20/h1-2,4-5,7-8,16-17,19-20H,3,6H2",VGEREEWJJVICBM-UHFFFAOYSA-N,2.6555999999999993,274.084123548
"InChI=1S/C9H10O3/c10-8-4-1-7(2-5-8)3-6-9(11)12/h1-2,4-5,10H,3,6H2,(H,11,12)",NMHMNPHRMNGLLB-UHFFFAOYSA-N,C(=O)(CCC1=CC=C(O)C=C1)O,"3-(4-Hydroxyphenyl)propionic acid
501-97-3
Phloretic acid
3-(4-Hydroxyphenyl)propanoic acid
Hydro-p-coumaric acid
Dihydro-p-coumaric acid
Benzenepropanoic acid, 4-hydroxy-
4-Hydroxyphenylpropionic acid
p-Hydroxyhydrocinnamic acid
3-(p-Hydroxyphenyl)propionic acid
4-Hydroxybenzenepropanoic acid
p-Hydroxyphenylpropionic acid
4-HYDROXYHYDROCINNAMIC ACID
Hydrocinnamic acid, p-hydroxy-
Phloretinic acid
beta-(p-Hydroxyphenyl)propionic acid
6QNC6P18SR
DTXSID2075427
NSC-40949
CHEBI:32980
RefChem:861868
DTXCID2040781
207-931-3
desaminotyrosine
HYDROXYPHENYL PROPIONIC ACID
MFCD00002778
3-(4'-Hydroxyphenyl)propionic acid
NSC 40949
Dihydrocoumaric acid
4-hydroxy-benzenepropanoic acid
3-(4-Hydroxyphenyl)-propionic acid
4'-Hydroxyphenylpropionic acid
2,3-DIHYDRO-P-COUMARIC ACID
.beta.-(p-Hydroxyphenyl)propionic acid
3-(p-HYDROXYPHENYL)-PROPIONIC ACID
M03860
uHLORETIC ACID
3-(p-Hydroxyphenyl)propionate
EINECS 207-931-3
UNII-6QNC6P18SR
p-hydroxy-hydrocinnamic acid
BRN 2209841
Phloretinate
AI3-31909
hydro-p-coumarate
3-(4-Hydroxyphenyl)propionicAcid
Dihydro-p-coumarate
p-Hydroxyhydrocinnamate
p-hydroxy-hydrocinnamate
p-hydroxyphenylpropionate
hydroxy-hydrocinnamic acid
4-Hydroxybenzenepropanoate
N-hydroxysuccinimide ester
4-hydroxy-benzenepropanoate
bmse010064
p-hydroxy-benzene propionate
Oprea1_221751
SCHEMBL35486
4-(4-Hydroxyphenylpropanoate
4-10-00-00631 (Beilstein Handbook Reference)
b-(p-Hydroxyphenyl)propionate
P-Hydroxybenzene propanoic acid
orb1304917
SCHEMBL1302387
SCHEMBL8067640
3-(4-Hydroxyphenyl)-propionate
beta-(p-hydroxyphenyl)propionate
CHEMBL1172560
SCHEMBL28012029
3-(para-Hydroxyphenyl)propionate
4-(4-Hydroxyphenylpropanoic acid
3-(4'-Hydroxyphenyl)-propionate
3-(4-Hydroxy-phenyl)-propionate
3-(p-hydroxyphenyl)propanoic acid
4-(2-CARBOXYETHYL)PHENOL
4-hydroxy-(9CI)benzenepropanoate
b-(p-Hydroxyphenyl)propionic acid
BDBM231636
BB_NC-00339
NSC40949
NSC65596
3(4-hydroxy phenyl) propionic acid
3-(4-hydroxy-phenyl)propanoic acid
3-(4-hydroxy-phenyl)propionic acid
3-(4-hydroxyphenyl)-propanoic acid
3-[4-hydroxy phenyl]propionic acid
3-(para-Hydroxyphenyl)propionic acid
BBL012597
EBC-47188
NSC-65596
s3795
SBB064098
STK803270
3-(4 Hydroxy-phenyl)-propionic acid
3-(4'-Hydroxyphenyl)-propionic acid
3-(4-hydroxy phenyl) propionic acid
3-(4-Hydroxy-phenyl)-propanoic acid
3-(4-Hydroxy-phenyl)-propionic acid
4-hydroxy-(9CI)benzenepropanoic acid
P-HYDROXYPHENYL-PROPIONIC ACID
3-(para-Hydroxyphenyl)-propionic acid
AKOS000193936
AB00269
AC-5144
AT13193
CCG-266325
CS-W016062
DB03897
FH24472
HY-W015346
propanoic acid, 3-(4-hydroxyphenyl)-
PS-5760
P-HYDROXY-BENZENE PROPIONIC ACID
NCGC00382803-03
3-(4-Hydroxyphenyl)propionic acid, 98%
DB-021662
H0599
NS00014704
ST50330629
EN300-50375
C01744
501H973
AQ-358/40179730
Q7186527
F2191-0066
Z317038012
InChI=1/C9H10O3/c10-8-4-1-7(2-5-8)3-6-9(11)12/h1-2,4-5,10H,3,6H2,(H,11,12",10394,C9H10O3,166.06299417999998,1.658,0,0,0,BTM00556,BTM00556,Keto hydrolysis,BTMR0254,EC 3.7.1.,HUMAN,BTM00224,OC=1C(C(=O)CCC2=CC=C(O)C=C2)=C(O)C=C(O)C1,"InChI=1S/C15H14O5/c16-10-4-1-9(2-5-10)3-6-12(18)15-13(19)7-11(17)8-14(15)20/h1-2,4-5,7-8,16-17,19-20H,3,6H2",VGEREEWJJVICBM-UHFFFAOYSA-N,2.6555999999999993,274.084123548
"InChI=1S/C21H22O11/c22-10-4-1-9(2-5-10)3-6-12(24)15-13(25)7-11(23)8-14(15)31-21-18(28)16(26)17(27)19(32-21)20(29)30/h1-2,4-5,7-8,16-19,21-23,25-28H,3,6H2,(H,29,30)",YFJJAJIWPWXWJJ-UHFFFAOYSA-N,O(C=1C(C(=O)CCC2=CC=C(O)C=C2)=C(O)C=C(O)C1)C3OC(C(O)=O)C(C(C3O)O)O,,,C21H22O11,450.116211524,0.960099999999999,1,1,1,BTM00557,BTM00557,Aromatic OH-glucuronidation,BTMR0166,EC 2.4.1.17,HUMAN,BTM00224,OC=1C(C(=O)CCC2=CC=C(O)C=C2)=C(O)C=C(O)C1,"InChI=1S/C15H14O5/c16-10-4-1-9(2-5-10)3-6-12(18)15-13(19)7-11(17)8-14(15)20/h1-2,4-5,7-8,16-17,19-20H,3,6H2",VGEREEWJJVICBM-UHFFFAOYSA-N,2.6555999999999993,274.084123548
"InChI=1S/C21H22O11/c22-10-4-1-9(2-5-10)3-6-12(23)15-13(24)7-11(8-14(15)25)31-21-18(28)16(26)17(27)19(32-21)20(29)30/h1-2,4-5,7-8,16-19,21-22,24-28H,3,6H2,(H,29,30)",RJFGKPUMNZYKLG-UHFFFAOYSA-N,OC=1C(C(=O)CCC2=CC=C(O)C=C2)=C(O)C=C(OC3OC(C(O)=O)C(C(C3O)O)O)C1,,,C21H22O11,450.116211524,0.960099999999999,1,1,1,BTM00558,BTM00558,Aromatic OH-glucuronidation,BTMR0166,EC 2.4.1.17,HUMAN,BTM00224,OC=1C(C(=O)CCC2=CC=C(O)C=C2)=C(O)C=C(O)C1,"InChI=1S/C15H14O5/c16-10-4-1-9(2-5-10)3-6-12(18)15-13(19)7-11(17)8-14(15)20/h1-2,4-5,7-8,16-17,19-20H,3,6H2",VGEREEWJJVICBM-UHFFFAOYSA-N,2.6555999999999993,274.084123548
"InChI=1S/C21H22O11/c22-10-7-13(24)15(14(25)8-10)12(23)6-3-9-1-4-11(5-2-9)31-21-18(28)16(26)17(27)19(32-21)20(29)30/h1-2,4-5,7-8,16-19,21-22,24-28H,3,6H2,(H,29,30)",BOKFKFBDBXJJCD-UHFFFAOYSA-N,OC=1C(C(=O)CCC2=CC=C(OC3OC(C(O)=O)C(C(C3O)O)O)C=C2)=C(O)C=C(O)C1,,,C21H22O11,450.116211524,0.960099999999999,1,1,1,BTM00559,BTM00559,Aromatic OH-glucuronidation,BTMR0166,EC 2.4.1.17,HUMAN,BTM00224,OC=1C(C(=O)CCC2=CC=C(O)C=C2)=C(O)C=C(O)C1,"InChI=1S/C15H14O5/c16-10-4-1-9(2-5-10)3-6-12(18)15-13(19)7-11(17)8-14(15)20/h1-2,4-5,7-8,16-17,19-20H,3,6H2",VGEREEWJJVICBM-UHFFFAOYSA-N,2.6555999999999993,274.084123548
"InChI=1S/C15H14O8S/c16-10-4-1-9(2-5-10)3-6-12(18)15-13(19)7-11(17)8-14(15)23-24(20,21)22/h1-2,4-5,7-8,16-17,19H,3,6H2,(H,20,21,22)",LDLYBCPCFZEXJN-UHFFFAOYSA-N,O(C=1C(C(=O)CCC2=CC=C(O)C=C2)=C(O)C=C(O)C1)S(O)(=O)=O,,,C15H14O8S,354.040938408,1.9187999999999992,0,1,1,BTM00560,BTM00560,Sulfonation of phenolic compound,BTMR1376,EC 2.8.2.1,HUMAN,BTM00224,OC=1C(C(=O)CCC2=CC=C(O)C=C2)=C(O)C=C(O)C1,"InChI=1S/C15H14O5/c16-10-4-1-9(2-5-10)3-6-12(18)15-13(19)7-11(17)8-14(15)20/h1-2,4-5,7-8,16-17,19-20H,3,6H2",VGEREEWJJVICBM-UHFFFAOYSA-N,2.6555999999999993,274.084123548
"InChI=1S/C15H14O8S/c16-10-4-1-9(2-5-10)3-6-12(17)15-13(18)7-11(8-14(15)19)23-24(20,21)22/h1-2,4-5,7-8,16,18-19H,3,6H2,(H,20,21,22)",RZVBPIVDUYKSNC-UHFFFAOYSA-N,OC=1C(C(=O)CCC2=CC=C(O)C=C2)=C(O)C=C(OS(O)(=O)=O)C1,,,C15H14O8S,354.040938408,1.9187999999999992,0,1,1,BTM00561,BTM00561,Sulfonation of phenolic compound,BTMR1376,EC 2.8.2.1,HUMAN,BTM00224,OC=1C(C(=O)CCC2=CC=C(O)C=C2)=C(O)C=C(O)C1,"InChI=1S/C15H14O5/c16-10-4-1-9(2-5-10)3-6-12(18)15-13(19)7-11(17)8-14(15)20/h1-2,4-5,7-8,16-17,19-20H,3,6H2",VGEREEWJJVICBM-UHFFFAOYSA-N,2.6555999999999993,274.084123548
"InChI=1S/C15H14O8S/c16-10-7-13(18)15(14(19)8-10)12(17)6-3-9-1-4-11(5-2-9)23-24(20,21)22/h1-2,4-5,7-8,16,18-19H,3,6H2,(H,20,21,22)",IKBKWHISHDVLNO-UHFFFAOYSA-N,OC=1C(C(=O)CCC2=CC=C(OS(O)(=O)=O)C=C2)=C(O)C=C(O)C1,"Dihydronaringenin-O-sulphate
CHEBI:88749
Q27160689",122231132,C15H14O8S,354.040938408,1.9187999999999992,0,1,1,BTM00562,BTM00562,Sulfonation of phenolic compound,BTMR1376,EC 2.8.2.1,HUMAN,BTM00224,OC=1C(C(=O)CCC2=CC=C(O)C=C2)=C(O)C=C(O)C1,"InChI=1S/C15H14O5/c16-10-4-1-9(2-5-10)3-6-12(18)15-13(19)7-11(17)8-14(15)20/h1-2,4-5,7-8,16-17,19-20H,3,6H2",VGEREEWJJVICBM-UHFFFAOYSA-N,2.6555999999999993,274.084123548
"InChI=1S/C16H16O5/c1-21-15-9-12(18)8-14(20)16(15)13(19)7-4-10-2-5-11(17)6-3-10/h2-3,5-6,8-9,17-18,20H,4,7H2,1H3",PDZBWDAJMIPJSK-UHFFFAOYSA-N,O(C=1C(C(=O)CCC2=CC=C(O)C=C2)=C(O)C=C(O)C1)C,"111316-17-7
1-(2,4-Dihydroxy-6-methoxyphenyl)-3-(4-hydroxyphenyl)propan-1-one
4,2',4'-Trihydroxy-6'-methoxydihydrochalcone
DTXSID50654870
RefChem:96138
DTXCID50605620
1-Propanone, 1-(2,4-dihydroxy-6-methoxyphenyl)-3-(4-hydroxyphenyl)-
2'-O-Methylphloretin
2'-O-Methylphloretin (4,2',4'-Trihydroxy-6'-methoxydihydrochalcone)
2 inverted exclamation marka-O-Methylphloretin
SCHEMBL799745
orb1941370
CHEBI:184622
HY-N12309
LMPK12120537
AKOS040736319
FS-7340
DA-60172
CS-0897491
G90673
1-(2,4-dihydroxy-6-methoxy-phenyl)-3-(4-hydroxyphenyl)propan-1-one",42607705,C16H16O5,288.099773612,2.9065999999999983,0,1,1,BTM00563,BTM00563,Methylation of phenolic compound,BTMR1377,EC 2.1.1.25,HUMAN,BTM00224,OC=1C(C(=O)CCC2=CC=C(O)C=C2)=C(O)C=C(O)C1,"InChI=1S/C15H14O5/c16-10-4-1-9(2-5-10)3-6-12(18)15-13(19)7-11(17)8-14(15)20/h1-2,4-5,7-8,16-17,19-20H,3,6H2",VGEREEWJJVICBM-UHFFFAOYSA-N,2.6555999999999993,274.084123548
"InChI=1S/C16H16O5/c1-21-12-8-14(19)16(15(20)9-12)13(18)7-4-10-2-5-11(17)6-3-10/h2-3,5-6,8-9,17,19-20H,4,7H2,1H3",UPXIBKPHJYQSGP-UHFFFAOYSA-N,OC=1C(C(=O)CCC2=CC=C(O)C=C2)=C(O)C=C(OC)C1,"Asebogenin
520-42-3
1-(2,6-dihydroxy-4-methoxyphenyl)-3-(4-hydroxyphenyl)propan-1-one
Phloretin 4'-methyl ether
CHEBI:2871
DTXSID60331781
RefChem:114499
DTXCID10282875
2',6',4-Trihydroxy-4'-methoxydihydrochalcone
4'-O-Methylphloretin
Dihydroisosakuranetin
CHEMBL253257
orb1683115
SCHEMBL4740064
HY-N7314
1-(2,6-Dihydroxy-4-methoxyphenyl)-3-(4-hydroxyphenyl)-1-propanone
LMPK12120545
AKOS040761380
XD161717
CS-0113251
C09471
2',6',4-trihydroxy-4'-methoxy-dihydrochalcone
Q27105855",442255,C16H16O5,288.099773612,2.9065999999999983,0,1,1,BTM00564,BTM00564,Methylation of phenolic compound,BTMR1377,EC 2.1.1.25,HUMAN,BTM00224,OC=1C(C(=O)CCC2=CC=C(O)C=C2)=C(O)C=C(O)C1,"InChI=1S/C15H14O5/c16-10-4-1-9(2-5-10)3-6-12(18)15-13(19)7-11(17)8-14(15)20/h1-2,4-5,7-8,16-17,19-20H,3,6H2",VGEREEWJJVICBM-UHFFFAOYSA-N,2.6555999999999993,274.084123548
"InChI=1S/C16H16O5/c1-21-12-5-2-10(3-6-12)4-7-13(18)16-14(19)8-11(17)9-15(16)20/h2-3,5-6,8-9,17,19-20H,4,7H2,1H3",YQNPVOBVGNGYHD-UHFFFAOYSA-N,OC=1C(C(=O)CCC2=CC=C(OC)C=C2)=C(O)C=C(O)C1,"76172-68-4
3-(4-Methoxyphenyl)-1-(2,4,6-trihydroxyphenyl)propan-1-one
2',4',6'-Trihydroxy-4-methoxydihydrochalcone
4-METHOXY-2',4',6'-TRIHYDROXYDIHYDROCHALCONE
CHEMBL4101262
3-(4-methoxyphenyl)-1-(2,4,6-trihydroxyphenyl)-1-propanone
Isosakuranetin dihydrochalcone
Dihydrosakuranetin
O-methyl phloretin
EINECS 278-386-7
Phloretin-4-methyl ether
SCHEMBL457127
DTXSID90997516
CHEBI:184470
BDBM50235131
LMPK12120528
FM66523
XI161831
3-(4-methoxyphenyl)propanoyl-phloroglucinol
NS00058937
G71557
AF-213/30142002",3086055,C16H16O5,288.099773612,2.9065999999999983,0,1,1,BTM00565,BTM00565,Methylation of phenolic compound,BTMR1377,EC 2.1.1.25,HUMAN,BTM00224,OC=1C(C(=O)CCC2=CC=C(O)C=C2)=C(O)C=C(O)C1,"InChI=1S/C15H14O5/c16-10-4-1-9(2-5-10)3-6-12(18)15-13(19)7-11(17)8-14(15)20/h1-2,4-5,7-8,16-17,19-20H,3,6H2",VGEREEWJJVICBM-UHFFFAOYSA-N,2.6555999999999993,274.084123548
"InChI=1S/C15H14O4/c16-11-8-13(18)15(14(19)9-11)12(17)7-6-10-4-2-1-3-5-10/h1-9,12,16-19H/b7-6+",VTCUUDNQCGREJQ-VOTSOKGWSA-N,OC=1C(C(O)C=CC2=CC=CC=C2)=C(O)C=C(O)C1,,,C15H14O4,258.089208928,2.5033,0,1,1,BTM00566,BTM00566,Reduction of carbonyl,BTMR0368,EC 1.1.1.184,HUMAN,BTM00225,OC=1C(C(=O)C=CC2=CC=CC=C2)=C(O)C=C(O)C1,"InChI=1S/C15H12O4/c16-11-8-13(18)15(14(19)9-11)12(17)7-6-10-4-2-1-3-5-10/h1-9,16,18-19H/b7-6+",LOYXTWZXLWHMBX-VOTSOKGWSA-N,2.8997999999999995,256.073558864
"InChI=1S/C6H6O3/c7-4-1-5(8)3-6(9)2-4/h1-3,7-9H",QCDYQQDYXPDABM-UHFFFAOYSA-N,OC=1C=C(O)C=C(O)C1,"phloroglucinol
108-73-6
Benzene-1,3,5-triol
1,3,5-benzenetriol
1,3,5-trihydroxybenzene
Phloroglucin
Phloroglucine
Spasfon-Lyoc
Dilospan S
sym-Trihydroxybenzene
s-Trihydroxybenzene
Benzene, trihydroxy
Floroglucin
Floroglucinol
DHD7FFG6YS
Benezene-1,3,5-triol
NSC-1572
DTXSID9048354
CHEBI:16204
RefChem:6129
DTXCID0028329
203-611-2
Benzene-s-triol
Phloroglucinol anhydrous
3,5-Dihydroxyphenol
5-Hydroxyresorcinol
5-Oxyresorcinol
5-Oxyresorcinolphloroglucin
1,3,5-THB
MFCD00002286
1,3,5-Trihydroxycyclohexatriene
1,3,5-Triol
Benzene, 1,3,5-trihydroxy-
Phloroglucinol, anhydrous
5-Benzenetriol
NSC 1572
Phloroglucinol (JAN)
CHEMBL473159
PHLOROGLUCINOL [JAN]
Floroglucin [Czech]
Floroglucinol [Czech]
CCRIS 4147
UNII-DHD7FFG6YS
NCGC00166270-01
1,2,5-trihydroxybenzene
EINECS 203-611-2
BRN 1341907
Phloroglucinolum
AI3-08848
1,5-Benzenetriol
13X
Dilospan S (TN)
Phloroglucinol [BAN]
1,5-Trihydroxybenzene
1,5-Triol
Benzene,3,5-trihydroxy-
Phloroglucinol (anhydrous)
WLN: QR CQ EQ
1,3,5-trihydroxylbenzene
1,3,5-trihydroxy-benzene
PHLOROGLUCINOL [MI]
Phloroglucinol Impurity 33
1,3, 5-Trihydroxybenzene
SCHEMBL26311
SCHEMBL82570
1,5-Trihydroxycyclohexatriene
4-06-00-07361 (Beilstein Handbook Reference)
6,17-alpha Epoxypregnenolone
Phloroglucinol, p.a., 99%
PHLOROGLUCINOL [MART.]
Phloroglucinol (anhydrous) CRS
SCHEMBL3711657
PHLOROGLUCINOL [WHO-DD]
1,3,5-Benzenetriol, anhydrous
SCHEMBL30710583
NSC1572
BB_NC-02225
EDC49724
BBL018701
BDBM50249069
CS0115
EBC-48043
MSK168374
PHLOROGLUCINOL [EP MONOGRAPH]
STL146346
phloroglucinol (1,3,5-benzenetriol)
Phloroglucinol, >=99.0% (HPLC)
AKOS000119851
DB12944
FP12341
FS-4574
1,3,5-Benzenetriol (ACD/Name 4.0)
NCGC00166270-02
AC-10081
NS00013979
P0249
P1376
ST50214381
EN300-19648
Phloroglucinol 100 microg/mL in Acetonitrile
C02183
D00152
F13526
SBI-0653926.0001
USP Solution Phloroglucinol TS Conforms to USP
A801919
Q899008
BRD-K00405906-001-01-9
Phloroglucinol, plant cell culture tested, BioReagent
F0001-0177
Z104474594
Phloroglucinol, Used to detect the presence of wood fiber.
1,3,5-Benzenetriol; 1,3,5-THB; 1,3,5-Trihydroxybenzene
InChI=1/C6H6O3/c7-4-1-5(8)3-6(9)2-4/h1-3,7-9
Phloroglucinol (anhydrous), European Pharmacopoeia (EP) Reference Standard",359,C6H6O3,126.03169405199999,1.0277999999999998,0,1,1,BTM00180,BTM00180,Keto hydrolysis,BTMR0254,EC 3.7.1.,HUMAN,BTM00225,OC=1C(C(=O)C=CC2=CC=CC=C2)=C(O)C=C(O)C1,"InChI=1S/C15H12O4/c16-11-8-13(18)15(14(19)9-11)12(17)7-6-10-4-2-1-3-5-10/h1-9,16,18-19H/b7-6+",LOYXTWZXLWHMBX-VOTSOKGWSA-N,2.8997999999999995,256.073558864
"InChI=1S/C9H8O2/c10-9(11)7-6-8-4-2-1-3-5-8/h1-7H,(H,10,11)/b7-6+",WBYWAXJHAXSJNI-VOTSOKGWSA-N,C(=O)(C=CC1=CC=CC=C1)O,"CINNAMIC ACID
3-Phenylacrylic acid
621-82-9
(E)-3-phenylprop-2-enoic acid
Phenylacrylic acid
Zimtsaeure
3-Phenylpropenoic acid
beta-Phenylacrylic acid
Cinnamic acid, (E)-
3-phenylprop-2-enoic acid
Cinnamylic acid
Benzenepropenoic acid
Benzylideneacetic acid
FEMA No. 2288
CINNAMIC ACIDUM
Cinnamic acid, trans-
Kyselina skoricove
Acidum cinnamylicum
U14A832J8D
NSC-9189
NSC-44010
NSC-623441
CHEBI:27386
DTXSID40110056
Cinnamic Acid 1511
RefChem:32600
cinnamic acid, (trans)-(E)-
cinnamic acid, 13C-labeled cpd
cinnamic acid, 14C-labeled cpd
DTXCID9065316
cinnamic acid, 3H-labeled cpd (E)-
cinnamic acid, 3H-labeled cpd (Z)-
cinnamic acid, 14C-labeled cpd (E)-
CINNAMIC ACID (CONSTITUENT OF CINNAMOMUM VERUM BARK)
TRANS-CINNAMIC ACID (CONSTITUENT OF CINNAMOMUM CASSIA BARK)
210-708-3
TRANS-CINNAMIC ACID
140-10-3
(E)-Cinnamic acid
trans-3-Phenylacrylic acid
2-Propenoic acid, 3-phenyl-, (2E)-
(2E)-3-phenylprop-2-enoic acid
E-Cinnamic Acid
trans-beta-Carboxystyrene
(2E)-3-Phenyl-2-propenoic acid
t-Cinnamic acid
MFCD00004369
Benzeneacrylic acid
(E)-3-Phenyl-2-propenoic acid
trans-3-Phenyl-2-propenoic acid
2-Propenoic acid, 3-phenyl-, (E)-
Cinnamic acid(only trans)
(2E)-2-Phenyl-2-propenoic acid
PHENYLETHYLENECARBOXYLIC ACID
(2E)-3-phenylacrylic acid
CHEMBL27246
DTXSID5022489
2-Propenoic acid, 3-phenyl-, (2Z)-
NCGC00165979-01
DTXCID002489
(E)-3-phenylprop-2-enoate
(E)-3-Phenylacrylic acid
CAS-140-10-3
CCRIS 3190
.beta.-Phenylacrylic acid
propenoic acid, 3-phenyl-
EINECS 205-398-1
NSC 44010
BRN 1905952
UNII-U14A832J8D
AI3-23709
trans-Zimtsaeure
trans cinnamic acid
Cinnamic acid, E-
trans-b-Carboxystyrene
Cinnamicacid(onlytrans)
PhCH=CHCO2H
trans-3-Phenylacrylate
(E)-3-Phenylacrylate
E-3-phenylpropenoic acid
bmse000124
CINNAMIC ACID [MI]
SCHEMBL1332
trans-.beta.-Carboxystyrene
trans-Cinnamic acid, 97%
trans-Cinnamic acid, 99%
WLN: QV1U1R
(E)-3-phenyl-acrylic acid
3-phenyl-2E-propenoic acid
CINNAMIC ACID [FCC]
Zimtsaeure | trans-Cinnamate
CINNAMIC ACID [FHFI]
trans-3-Phenyl-2-propenoate
4-09-00-02002 (Beilstein Handbook Reference)
BIDD:ER0586
SCHEMBL410112
CINNAMIC ACID [MART.]
tert-.beta.-Phenylacrylic acid
trans-Cinnamic acid, >=99%
(2E)-2-Phenyl-2-propenoate
(2E)-3-Phenyl-2-propenoate
GTPL3203
orb1305089
SCHEMBL1267984
SCHEMBL1510077
SCHEMBL1510680
trans-Cinnamic acid (Standard)
CINNAMIC ACID [USP-RS]
CINNAMIC ACID [WHO-DD]
BDBM16430
CHEBI:35697
HY-N0610A
HY-N0610R
NSC9189
HMS5081J18
BB_SC-12379
MSK40140
NSC44010
STR00363
trans-Cinnamic acid, >=99%, FG
Tox21_112279
Tox21_302137
BBL036895
EBC-00699
EBC-06270
NSC623441
s3677
SBB028745
STK286093
AKOS000118871
MSK2586-1000M
CCG-214473
CS-W020005
FC07734
trans-Cinnamic acid, analytical standard
NCGC00165979-04
NCGC00165979-06
NCGC00255114-01
AC-34658
AS-75479
BP-20203
FC177851
ST097455
3-Phenylacrylic acid; -Phenylacrylic acid
DB-003797
DB-215130
C3412
NS00001286
EN300-19599
trans-Cinnamic acid, purum, >=99.0% (T)
C00423
D70605
EN300-306004
SBI-0633522.0003
AB00374254-03
trans-cinnamic acid (trans-3-phenylacrylic acid)
trans-Cinnamic Acid [Matrix for MALDI-TOF/MS]
F209013
F556418
Q164785
SR-05000002380
trans-Cinnamic acid, natural, >=99%, FCC, FG
SR-05000002380-1
trans-Cinnamic acid Solution in Methanol, 1000ug/mL
F2191-0134
trans-Cinnamic Acid Zone Refined (number of passes:40)
trans-Cinnamic acid; Phenylacrylic acid;Cinnamylic acid
Z104474406
1BE36587-A165-4142-9340-18FFE3E03426
CINNAMIC ACID (CONSTITUENT OF CINNAMOMUM VERUM BARK) [DSC]
Cinnamic acid, United States Pharmacopeia (USP) Reference Standard
TRANS-CINNAMIC ACID (CONSTITUENT OF CINNAMOMUM CASSIA BARK) [DSC]
InChI=1/C9H8O2/c10-9(11)7-6-8-4-2-1-3-5-8/h1-7H,(H,10,11)/b7-6",444539,C9H8O2,148.052429496,1.9022000000000003,0,0,0,BTM00567,BTM00567,Keto hydrolysis,BTMR0254,EC 3.7.1.,HUMAN,BTM00225,OC=1C(C(=O)C=CC2=CC=CC=C2)=C(O)C=C(O)C1,"InChI=1S/C15H12O4/c16-11-8-13(18)15(14(19)9-11)12(17)7-6-10-4-2-1-3-5-10/h1-9,16,18-19H/b7-6+",LOYXTWZXLWHMBX-VOTSOKGWSA-N,2.8997999999999995,256.073558864
"InChI=1S/C21H20O10/c22-11-8-13(24)15(12(23)7-6-10-4-2-1-3-5-10)14(9-11)30-21-18(27)16(25)17(26)19(31-21)20(28)29/h1-9,16-19,21-22,24-27H,(H,28,29)/b7-6+",ITHDMDNSQAQJGS-VOTSOKGWSA-N,O(C=1C(C(=O)C=CC2=CC=CC=C2)=C(O)C=C(O)C1)C3OC(C(O)=O)C(C(C3O)O)O,,,C21H20O10,432.10564683999996,1.2042999999999986,1,1,1,BTM00568,BTM00568,Aromatic OH-glucuronidation,BTMR0166,EC 2.4.1.17,HUMAN,BTM00225,OC=1C(C(=O)C=CC2=CC=CC=C2)=C(O)C=C(O)C1,"InChI=1S/C15H12O4/c16-11-8-13(18)15(14(19)9-11)12(17)7-6-10-4-2-1-3-5-10/h1-9,16,18-19H/b7-6+",LOYXTWZXLWHMBX-VOTSOKGWSA-N,2.8997999999999995,256.073558864
"InChI=1S/C21H20O10/c22-12(7-6-10-4-2-1-3-5-10)15-13(23)8-11(9-14(15)24)30-21-18(27)16(25)17(26)19(31-21)20(28)29/h1-9,16-19,21,23-27H,(H,28,29)/b7-6+",MXJCXVPUMMOHNQ-VOTSOKGWSA-N,OC=1C(C(=O)C=CC2=CC=CC=C2)=C(O)C=C(OC3OC(C(O)=O)C(C(C3O)O)O)C1,,,C21H20O10,432.10564683999996,1.2042999999999986,1,1,1,BTM00569,BTM00569,Aromatic OH-glucuronidation,BTMR0166,EC 2.4.1.17,HUMAN,BTM00225,OC=1C(C(=O)C=CC2=CC=CC=C2)=C(O)C=C(O)C1,"InChI=1S/C15H12O4/c16-11-8-13(18)15(14(19)9-11)12(17)7-6-10-4-2-1-3-5-10/h1-9,16,18-19H/b7-6+",LOYXTWZXLWHMBX-VOTSOKGWSA-N,2.8997999999999995,256.073558864
"InChI=1S/C15H12O7S/c16-11-8-13(18)15(14(9-11)22-23(19,20)21)12(17)7-6-10-4-2-1-3-5-10/h1-9,16,18H,(H,19,20,21)/b7-6+",TWODNRUKSWOTFW-VOTSOKGWSA-N,O(C=1C(C(=O)C=CC2=CC=CC=C2)=C(O)C=C(O)C1)S(O)(=O)=O,,,C15H12O7S,336.030373724,2.1629999999999994,0,1,1,BTM00570,BTM00570,Sulfonation of phenolic compound,BTMR1376,EC 2.8.2.1,HUMAN,BTM00225,OC=1C(C(=O)C=CC2=CC=CC=C2)=C(O)C=C(O)C1,"InChI=1S/C15H12O4/c16-11-8-13(18)15(14(19)9-11)12(17)7-6-10-4-2-1-3-5-10/h1-9,16,18-19H/b7-6+",LOYXTWZXLWHMBX-VOTSOKGWSA-N,2.8997999999999995,256.073558864
"InChI=1S/C15H12O7S/c16-12(7-6-10-4-2-1-3-5-10)15-13(17)8-11(9-14(15)18)22-23(19,20)21/h1-9,17-18H,(H,19,20,21)/b7-6+",VQAQLTDHHPXBPU-VOTSOKGWSA-N,OC=1C(C(=O)C=CC2=CC=CC=C2)=C(O)C=C(OS(O)(=O)=O)C1,,,C15H12O7S,336.030373724,2.1629999999999994,0,1,1,BTM00571,BTM00571,Sulfonation of phenolic compound,BTMR1376,EC 2.8.2.1,HUMAN,BTM00225,OC=1C(C(=O)C=CC2=CC=CC=C2)=C(O)C=C(O)C1,"InChI=1S/C15H12O4/c16-11-8-13(18)15(14(19)9-11)12(17)7-6-10-4-2-1-3-5-10/h1-9,16,18-19H/b7-6+",LOYXTWZXLWHMBX-VOTSOKGWSA-N,2.8997999999999995,256.073558864
"InChI=1S/C16H14O4/c1-20-15-10-12(17)9-14(19)16(15)13(18)8-7-11-5-3-2-4-6-11/h2-10,17,19H,1H3/b8-7+",NYSZJNUIVUBQMM-BQYQJAHWSA-N,O(C=1C(C(=O)C=CC2=CC=CC=C2)=C(O)C=C(O)C1)C,"Cardamonin
19309-14-9
Alpinetin chalcone
CARDAMOMIN
Dihydroxymethoxychalcone
(E)-1-(2,4-dihydroxy-6-methoxyphenyl)-3-phenylprop-2-en-1-one
2-Propen-1-one, 1-(2,4-dihydroxy-6-methoxyphenyl)-3-phenyl-, (2E)-
H8KP1OJ8JX
2'4'-Dihydroxy-6'-methoxy-chalcone
RefChem:574660
663-565-8
(E)-Cardamonin
MFCD00238554
(E)-1-(2,4-Dihydroxy-6-methoxyphenyl)-3-phenyl-2-propen-1-one
CHEMBL378104
2-Propen-1-one, 1-(2,4-dihydroxy-6-methoxyphenyl)-3-phenyl-
(2E)-1-(2,4-Dihydroxy-6-methoxyphenyl)-3-phenyl-2-propen-1-one
(E)-1-(2,4-dihydroxy-6-methoxy-phenyl)-3-phenyl-prop-2-en-1-one
Cardamomin; Alpinetin chalcone
UNII-H8KP1OJ8JX
Cardamoni
cardamonin?
(E)-Cardamomin; (E)-Alpinetin chalcone
PHYTO-DKK1
(E)-Cardamonin (Standard)
Cardamomin;Alpinetin chalcone
MLS000876992
SCHEMBL449220
MEGxp0_000534
orb1304760
Cardamonin, >=98% (HPLC)
ACon1_000221
HY-N1378R
CHEBI:125601
CHEBI:186253
(E)-1-(2,4-Dihydroxy-6-methoxy-phenyl)-3-phenyl-propenone
DTXSID201029726
HMS2271N04
HY-N0279
(2E)-1-(2,4-dihydroxy-6-methoxyphenyl)-3-phenylprop-2-en-1-one
BDBM50185446
LMPK12120245
s3867
AKOS015896716
CCG-208127
DB14122
EBC-373062
FC66017
NCGC00180767-01
AC-34864
DS-15713
SMR000440601
SY073891
CS-0008777
NS00069918
309C149
AA-504/20834003
Q5038242
BRD-K61559475-001-01-0
Z2315575709
1-(2\',4\'-Dihydroxy-6\'-methoxy-phenyl)-3-phenyl-propenone
NCGC00180767-02!(E)-1-(2,4-dihydroxy-6-methoxyphenyl)-3-phenylprop-2-en-1-one
InChI=1/C16H14O4/c1-20-15-10-12(17)9-14(19)16(15)13(18)8-7-11-5-3-2-4-6-11/h2-10,17,19H,1H3/b8-7",641785,C16H14O4,270.089208928,3.1507999999999994,0,0,0,BTM00572,BTM00572,Methylation of phenolic compound,BTMR1377,EC 2.1.1.25,HUMAN,BTM00225,OC=1C(C(=O)C=CC2=CC=CC=C2)=C(O)C=C(O)C1,"InChI=1S/C15H12O4/c16-11-8-13(18)15(14(19)9-11)12(17)7-6-10-4-2-1-3-5-10/h1-9,16,18-19H/b7-6+",LOYXTWZXLWHMBX-VOTSOKGWSA-N,2.8997999999999995,256.073558864
"InChI=1S/C16H14O4/c1-20-12-9-14(18)16(15(19)10-12)13(17)8-7-11-5-3-2-4-6-11/h2-10,18-19H,1H3/b8-7+",CUGDOWNTXKLQMD-BQYQJAHWSA-N,OC=1C(C(=O)C=CC2=CC=CC=C2)=C(O)C=C(OC)C1,"2',6'-Dihydroxy-4'-methoxychalcone
RefChem:908392
278-629-7
Pinostrobin chalcone
18956-15-5
1-(2,6-Dihydroxy-4-methoxyphenyl)-3-phenylprop-2-en-1-one
77129-49-8
(E)-1-(2,6-dihydroxy-4-methoxyphenyl)-3-phenylprop-2-en-1-one
CHEMBL317221
(2E)-1-(2,6-dihydroxy-4-methoxyphenyl)-3-phenylprop-2-en-1-one
2-Propen-1-one, 1-(2,6-dihydroxy-4-methoxyphenyl)-3-phenyl-, (2E)-
EINECS 278-629-7
MFCD00017363
Chalcone, 2',6'-dihydroxy-4'-methoxy-
orb1684310
SCHEMBL3483741
Pinostrobin chalcone (Standard)
HY-N3057R
DTXSID50940467
CHEBI:174555
2-Propen-1-one, 1-(2,6-dihydroxy-4-methoxyphenyl)-3-phenyl-, (E)-; Chalcone, 2',6'-dihydroxy-4'-methoxy- ; 2',6'-Dihydroxy-4'-methoxychalcone
HY-N3057
2-Propen-1-one, 1-(2,6-dihydroxy-4-methoxyphenyl)-3-phenyl-, (E)-
BDBM50607854
LMPK12120244
AKOS016009445
EBC-617156
NCGC00090582-01
FP158556
MS-23821
CS-0023108
NS00058679
ST50331405
E88646
2-Propen-1-one, 1-(2,6-dihydroxy-4-methoxyphenyl)-3-phenyl-
(2E)-1-(2,6-Dihydroxy-4-methoxyphenyl)-3-phenyl-2-propen-1-one
(E)-1-(2,6-dihydroxy-4-methoxy-phenyl)-3-phenyl-prop-2-en-1-one
(2E)-1-(2,6-Dihydroxy-4-methoxyphenyl)-3-phenyl-2-propen-1-one #
NCGC00090582-03!(E)-1-(2,6-dihydroxy-4-methoxyphenyl)-3-phenylprop-2-en-1-one
2-Propen-1-one, 1-(2,6-dihydroxy-4-methoxyphenyl)-3-phenyl-, (2E)-; 2-Propen-1-one, 1-(2,6-dihydroxy-4-methoxyphenyl)-3-phenyl-, (E)-; Chalcone, 2',6'-dihydroxy-4'-methoxy- (8CI); (E)-1-(2,6-Dihydroxy-4-methoxyphenyl)-3-phenyl-2-propen-1-one; 2',6'-Dihydroxy-4'-methoxychalcone; Pinostrobin chalcone",5316793,C16H14O4,270.089208928,3.1507999999999994,0,0,0,BTM00573,BTM00573,Methylation of phenolic compound,BTMR1377,EC 2.1.1.25,HUMAN,BTM00225,OC=1C(C(=O)C=CC2=CC=CC=C2)=C(O)C=C(O)C1,"InChI=1S/C15H12O4/c16-11-8-13(18)15(14(19)9-11)12(17)7-6-10-4-2-1-3-5-10/h1-9,16,18-19H/b7-6+",LOYXTWZXLWHMBX-VOTSOKGWSA-N,2.8997999999999995,256.073558864
"InChI=1S/C17H14O5/c1-20-12-7-15(21-2)17-13(19)9-14(22-16(17)8-12)10-3-5-11(18)6-4-10/h3-9,18H,1-2H3",ARICZLGTUHLTFQ-UHFFFAOYSA-N,O1C=2C(C(=O)C=C1C3=CC=C(O)C=C3)=C(OC)C=C(OC)C2,"5,7-Dimethoxy-4'-hydroxyflavone
16290-50-9
2-(4-hydroxyphenyl)-5,7-dimethoxychromen-4-one
5,7-Dmhf
DTXSID20167487
4H-1-Benzopyran-4-one, 2-(4-hydroxyphenyl)-5,7-dimethoxy-
RefChem:101384
DTXCID1089978
2-(4-hydroxyphenyl)-5,7-dimethoxy-4h-chromen-4-one
5,7-Dimethoxy-4/'-hydroxyflavone
5,7-Dimethoxyapigenin
SCHEMBL311530
CHEMBL3288426
SCHEMBL29978577
2-(4-Hydroxyphenyl)-5,7-dimethoxy-4H-1-benzopyran-4-one
4'-hydroxy-5,7-dimethoxyflavone
2-(4-hydroxyphenyl)-5,7-dimethoxy-chromen-4-one
Q61329131",161172,C17H14O5,298.084123548,3.5289999999999995,0,0,0,BTM00024,BTM00024,Oxidation of secondary alcohol to ketone,BTMR0079,"CYP1A2
CYP2C9
CYP2C19",HUMAN,BTM00069,O1C=2C(C(O)C=C1C3=CC=C(O)C=C3)=C(OC)C=C(OC)C2,"InChI=1S/C17H16O5/c1-20-12-7-15(21-2)17-13(19)9-14(22-16(17)8-12)10-3-5-11(18)6-4-10/h3-9,13,18-19H,1-2H3",OREQGPVGHNWUND-UHFFFAOYSA-N,2.4398,300.09977361200004
"InChI=1S/C16H14O5/c1-20-14-6-11(18)7-15-16(14)12(19)8-13(21-15)9-2-4-10(17)5-3-9/h2-8,12,17-19H,1H3",XJDTZUREHVPVNF-UHFFFAOYSA-N,O1C=2C(C(O)C=C1C3=CC=C(O)C=C3)=C(OC)C=C(O)C2,,,C16H14O5,286.084123548,2.1887999999999996,0,1,1,BTM00020,BTM00020,O-Dealkylation,BTMR0052,"CYP1A2
CYP2A6
CYP2C9
CYP2C19
CYP2D6
CYP2E1
CYP3A4",HUMAN,BTM00069,O1C=2C(C(O)C=C1C3=CC=C(O)C=C3)=C(OC)C=C(OC)C2,"InChI=1S/C17H16O5/c1-20-12-7-15(21-2)17-13(19)9-14(22-16(17)8-12)10-3-5-11(18)6-4-10/h3-9,13,18-19H,1-2H3",OREQGPVGHNWUND-UHFFFAOYSA-N,2.4398,300.09977361200004
"InChI=1S/C16H14O5/c1-20-11-6-12(18)16-13(19)8-14(21-15(16)7-11)9-2-4-10(17)5-3-9/h2-8,13,17-19H,1H3",ZKYNKKHUVIDQKT-UHFFFAOYSA-N,O1C=2C(C(O)C=C1C3=CC=C(O)C=C3)=C(O)C=C(OC)C2,,,C16H14O5,286.084123548,2.1887999999999996,0,1,1,BTM00019,BTM00019,O-Dealkylation,BTMR0052,"CYP1A2
CYP2A6
CYP2C9
CYP2C19
CYP2D6
CYP2E1
CYP3A4",HUMAN,BTM00069,O1C=2C(C(O)C=C1C3=CC=C(O)C=C3)=C(OC)C=C(OC)C2,"InChI=1S/C17H16O5/c1-20-12-7-15(21-2)17-13(19)9-14(22-16(17)8-12)10-3-5-11(18)6-4-10/h3-9,13,18-19H,1-2H3",OREQGPVGHNWUND-UHFFFAOYSA-N,2.4398,300.09977361200004
"InChI=1S/C17H16O6/c1-21-10-6-15(22-2)17-13(20)8-14(23-16(17)7-10)9-3-4-11(18)12(19)5-9/h3-8,13,18-20H,1-2H3",HLADGAIHMVYMNY-UHFFFAOYSA-N,O1C=2C(C(O)C=C1C3=CC=C(O)C(=C3)O)=C(OC)C=C(OC)C2,,,C17H16O6,316.09468823199995,2.1723999999999997,0,1,1,BTM00252,BTM00252,"2-Hydroxylation of 1,4-disubstituted benzene",BTMR0037,CYP1A2,HUMAN,BTM00069,O1C=2C(C(O)C=C1C3=CC=C(O)C=C3)=C(OC)C=C(OC)C2,"InChI=1S/C17H16O5/c1-20-12-7-15(21-2)17-13(19)9-14(22-16(17)8-12)10-3-5-11(18)6-4-10/h3-9,13,18-19H,1-2H3",OREQGPVGHNWUND-UHFFFAOYSA-N,2.4398,300.09977361200004
"InChI=1S/C17H16O6/c1-20-11-7-12(21-2)14-13(8-11)22-17(16(23-17)15(14)19)9-3-5-10(18)6-4-9/h3-8,15-16,18-19H,1-2H3",SHXJILDXQIZTDF-UHFFFAOYSA-N,O1C=2C(C(O)C3C1(C4=CC=C(O)C=C4)O3)=C(OC)C=C(OC)C2,,,C17H16O6,316.09468823199995,2.234299999999999,0,0,0,BTM00574,BTM00574,Epoxidation of vinyl ether,BTMR1026,"CYP1A2
CYP3A4",HUMAN,BTM00069,O1C=2C(C(O)C=C1C3=CC=C(O)C=C3)=C(OC)C=C(OC)C2,"InChI=1S/C17H16O5/c1-20-12-7-15(21-2)17-13(19)9-14(22-16(17)8-12)10-3-5-11(18)6-4-10/h3-9,13,18-19H,1-2H3",OREQGPVGHNWUND-UHFFFAOYSA-N,2.4398,300.09977361200004
"InChI=1S/C17H14O5/c1-20-11-5-3-10(4-6-11)15-9-14(19)17-13(18)7-12(21-2)8-16(17)22-15/h3-9,18H,1-2H3",LZERJKGWTQYMBB-UHFFFAOYSA-N,O1C=2C(C(=O)C=C1C3=CC=C(OC)C=C3)=C(O)C=C(OC)C2,"5128-44-9
Apigenin 7,4'-dimethyl ether
Apigenin dimethylether
Genkwanin 4'-methyl ether
4',7-Dimethylapigenin
5-hydroxy-7-methoxy-2-(4-methoxyphenyl)chromen-4-one
5-Hydroxy-4',7-dimethoxyflavone
5-Hydroxy-7,4'-dimethoxyflavone
4H-1-Benzopyran-4-one, 5-hydroxy-7-methoxy-2-(4-methoxyphenyl)-
NSC-94547
5-hydroxy-7-methoxy-2-(4-methoxyphenyl)-4H-1-benzopyran-4-one
CHEBI:2769
DTXSID50199276
RefChem:913433
DTXCID80121767
7,4'-Di-O-methylapigenin
4',7-DIMETHOXY-5-HYDROXYFLAVONE
5-Hydroxy-7-methoxy-2-(4-methoxyphenyl)-4H-chromen-4-one
Apigenin 4',7-dimethyl ether
APIGENIN DIMETHYL ETHER
LVC8MF8MWR
NSC 94547
Flavone, 5-hydroxy-4',7-dimethoxy-
apigenin-7,4'-dimethylether
NSC94547
4,7-dimethoxy-5-hydroxyflavone
Acacetin 7-o-methyl ether
Dimethoxylapigenin
EINECS 225-867-4
Flavone, 5-hydroxy-4,7-dimethoxy-
MFCD00017446
Flavone,7-dimethoxy-
7,4'-dimethylapigenin
7-METHYLACACETIN
UNII-LVC8MF8MWR
Apigenin, 7,4'-dimethyl
apigenin-4',7-dimethylether
Apigenin 7,4-dimethyl ether
apigenin-7,4'-dimethyl ether
CHEMBL350958
orb1301580
SCHEMBL1176691
SCHEMBL5706595
5-Hydroxy-7-methoxy-2-(4-methoxyphenyl)-4-benzopyrone
SCHEMBL29392759
5-hydroxy-4',7-dimethoxyflavon
apigenin 7,4'-di-O-methylether
BDBM23413
HY-N2144R
7,4'-dimethoxy-5-hydroxyflavone
Flavone,5-hydroxy-4-7-dimethoxy
4',7-DI-O-METHYLAPIGENIN
4',7-Dimethoxy-5-hydroxy flavone
5'-Hydroxy-7,4'-dimethoxyflavone
5-Hydroxy-4',7-dimethoxy-flavone
Apigenin-4',7-di-O-methyl ether
5-hydroxyl-7,4'-dimethoxy flavone
HY-N2144
LMPK12111029
NSC815096
s3918
ZB1877
AKOS016009507
7,4'-Di-O-methylapigenin (Standard)
CCG-214072
CS-5798
EBC-466093
FA65396
NSC-815096
AC-34635
BS-17161
DB-118461
NS00032247
F16184
4',7-O-Dimethylapigenin, 4',7-Dimethoxyapigenin
SR-05000002549
SR-05000002549-1
Q23050245
5-hydroxy-7-methoxy-2-(4-methoxyphenyl)-4H-chromen-4-",5281601,C17H14O5,298.084123548,3.5289999999999995,0,0,0,BTM00025,BTM00025,Oxidation of secondary alcohol to ketone,BTMR0079,"CYP1A2
CYP2C9
CYP2C19",HUMAN,BTM00070,O1C=2C(C(O)C=C1C3=CC=C(OC)C=C3)=C(O)C=C(OC)C2,"InChI=1S/C17H16O5/c1-20-11-5-3-10(4-6-11)15-9-14(19)17-13(18)7-12(21-2)8-16(17)22-15/h3-9,14,18-19H,1-2H3",BMUVIWZVIHIFBK-UHFFFAOYSA-N,2.4398,300.099773612
"InChI=1S/C16H14O5/c1-20-11-4-2-9(3-5-11)14-8-13(19)16-12(18)6-10(17)7-15(16)21-14/h2-8,13,17-19H,1H3",SBQMPWUJTLOORV-UHFFFAOYSA-N,O1C=2C(C(O)C=C1C3=CC=C(OC)C=C3)=C(O)C=C(O)C2,,,C16H14O5,286.084123548,2.1887999999999996,0,1,1,BTM00021,BTM00021,O-Dealkylation,BTMR0052,"CYP1A2
CYP2A6
CYP2C9
CYP2C19
CYP2D6
CYP2E1
CYP3A4",HUMAN,BTM00070,O1C=2C(C(O)C=C1C3=CC=C(OC)C=C3)=C(O)C=C(OC)C2,"InChI=1S/C17H16O5/c1-20-11-5-3-10(4-6-11)15-9-14(19)17-13(18)7-12(21-2)8-16(17)22-15/h3-9,14,18-19H,1-2H3",BMUVIWZVIHIFBK-UHFFFAOYSA-N,2.4398,300.099773612
"InChI=1S/C16H14O5/c1-20-11-6-12(18)16-13(19)8-14(21-15(16)7-11)9-2-4-10(17)5-3-9/h2-8,13,17-19H,1H3",ZKYNKKHUVIDQKT-UHFFFAOYSA-N,O1C=2C(C(O)C=C1C3=CC=C(O)C=C3)=C(O)C=C(OC)C2,,,C16H14O5,286.084123548,2.1887999999999996,0,1,1,BTM00019,BTM00019,O-Dealkylation,BTMR0052,"CYP1A2
CYP2A6
CYP2C9
CYP2C19
CYP2D6
CYP2E1
CYP3A4",HUMAN,BTM00070,O1C=2C(C(O)C=C1C3=CC=C(OC)C=C3)=C(O)C=C(OC)C2,"InChI=1S/C17H16O5/c1-20-11-5-3-10(4-6-11)15-9-14(19)17-13(18)7-12(21-2)8-16(17)22-15/h3-9,14,18-19H,1-2H3",BMUVIWZVIHIFBK-UHFFFAOYSA-N,2.4398,300.099773612
"InChI=1S/C17H16O6/c1-21-10-6-12(19)17-13(20)8-15(23-16(17)7-10)9-3-4-14(22-2)11(18)5-9/h3-8,13,18-20H,1-2H3",KBLDGYXRRFMECY-UHFFFAOYSA-N,O1C=2C(C(O)C=C1C3=CC=C(OC)C(=C3)O)=C(O)C=C(OC)C2,,,C17H16O6,316.09468823199995,2.1723999999999997,0,1,1,BTM00233,BTM00233,"2-Hydroxylation of 1,4-disubstituted benzene",BTMR0037,CYP1A2,HUMAN,BTM00070,O1C=2C(C(O)C=C1C3=CC=C(OC)C=C3)=C(O)C=C(OC)C2,"InChI=1S/C17H16O5/c1-20-11-5-3-10(4-6-11)15-9-14(19)17-13(18)7-12(21-2)8-16(17)22-15/h3-9,14,18-19H,1-2H3",BMUVIWZVIHIFBK-UHFFFAOYSA-N,2.4398,300.099773612
"InChI=1S/C17H16O6/c1-20-10-5-3-9(4-6-10)17-16(23-17)15(19)14-12(18)7-11(21-2)8-13(14)22-17/h3-8,15-16,18-19H,1-2H3",JZOJKITVWPKESM-UHFFFAOYSA-N,O1C=2C(C(O)C3C1(C4=CC=C(OC)C=C4)O3)=C(O)C=C(OC)C2,,,C17H16O6,316.09468823199995,2.234299999999999,0,0,0,BTM00575,BTM00575,Epoxidation of vinyl ether,BTMR1026,"CYP1A2
CYP3A4",HUMAN,BTM00070,O1C=2C(C(O)C=C1C3=CC=C(OC)C=C3)=C(O)C=C(OC)C2,"InChI=1S/C17H16O5/c1-20-11-5-3-10(4-6-11)15-9-14(19)17-13(18)7-12(21-2)8-16(17)22-15/h3-9,14,18-19H,1-2H3",BMUVIWZVIHIFBK-UHFFFAOYSA-N,2.4398,300.099773612
"InChI=1S/C17H14O5/c1-20-12-5-3-10(4-6-12)14-9-13(19)17-15(21-2)7-11(18)8-16(17)22-14/h3-9,18H,1-2H3",CYNUHRSKTJZUFW-UHFFFAOYSA-N,O1C=2C(C(=O)C=C1C3=CC=C(OC)C=C3)=C(OC)C=C(O)C2,"13698-23-2
7-hydroxy-5-methoxy-2-(4-methoxyphenyl)-4H-chromen-4-one
4H-1-Benzopyran-4-one, 7-hydroxy-5-methoxy-2-(4-methoxyphenyl)-
SPBio_000930
7-hydroxy-5-methoxy-2-(4-methoxyphenyl)chromen-4-one
Spectrum2_000795
BSPBio_002840
SCHEMBL4279323
7-hydroxy-5,4'-dimethoxyflavone
DTXSID80425156
CHEBI:193401
CCG-40173
NCGC00178441-01
7-Hydroxy-5-methoxy-2-(4-methoxyphenyl)-4H-1-benzopyran-4-one",6728945,C17H14O5,298.084123548,3.5289999999999995,0,0,0,BTM00028,BTM00028,Oxidation of secondary alcohol to ketone,BTMR0079,"CYP1A2
CYP2C9
CYP2C19",HUMAN,BTM00076,O1C=2C(C(O)C=C1C3=CC=C(OC)C=C3)=C(OC)C=C(O)C2,"InChI=1S/C17H16O5/c1-20-12-5-3-10(4-6-12)14-9-13(19)17-15(21-2)7-11(18)8-16(17)22-14/h3-9,13,18-19H,1-2H3",CKFRIUBCMYVSRG-UHFFFAOYSA-N,2.4398,300.09977361200004
"InChI=1S/C16H14O5/c1-20-11-4-2-9(3-5-11)14-8-13(19)16-12(18)6-10(17)7-15(16)21-14/h2-8,13,17-19H,1H3",SBQMPWUJTLOORV-UHFFFAOYSA-N,O1C=2C(C(O)C=C1C3=CC=C(OC)C=C3)=C(O)C=C(O)C2,,,C16H14O5,286.084123548,2.1887999999999996,0,1,1,BTM00021,BTM00021,O-Dealkylation,BTMR0052,"CYP1A2
CYP2A6
CYP2C9
CYP2C19
CYP2D6
CYP2E1
CYP3A4",HUMAN,BTM00076,O1C=2C(C(O)C=C1C3=CC=C(OC)C=C3)=C(OC)C=C(O)C2,"InChI=1S/C17H16O5/c1-20-12-5-3-10(4-6-12)14-9-13(19)17-15(21-2)7-11(18)8-16(17)22-14/h3-9,13,18-19H,1-2H3",CKFRIUBCMYVSRG-UHFFFAOYSA-N,2.4398,300.09977361200004
"InChI=1S/C16H14O5/c1-20-14-6-11(18)7-15-16(14)12(19)8-13(21-15)9-2-4-10(17)5-3-9/h2-8,12,17-19H,1H3",XJDTZUREHVPVNF-UHFFFAOYSA-N,O1C=2C(C(O)C=C1C3=CC=C(O)C=C3)=C(OC)C=C(O)C2,,,C16H14O5,286.084123548,2.1887999999999996,0,1,1,BTM00020,BTM00020,O-Dealkylation,BTMR0052,"CYP1A2
CYP2A6
CYP2C9
CYP2C19
CYP2D6
CYP2E1
CYP3A4",HUMAN,BTM00076,O1C=2C(C(O)C=C1C3=CC=C(OC)C=C3)=C(OC)C=C(O)C2,"InChI=1S/C17H16O5/c1-20-12-5-3-10(4-6-12)14-9-13(19)17-15(21-2)7-11(18)8-16(17)22-14/h3-9,13,18-19H,1-2H3",CKFRIUBCMYVSRG-UHFFFAOYSA-N,2.4398,300.09977361200004
"InChI=1S/C17H16O6/c1-21-13-4-3-9(5-11(13)19)14-8-12(20)17-15(22-2)6-10(18)7-16(17)23-14/h3-8,12,18-20H,1-2H3",RHHNLZXMXLRJFR-UHFFFAOYSA-N,O1C=2C(C(O)C=C1C3=CC=C(OC)C(=C3)O)=C(OC)C=C(O)C2,,,C17H16O6,316.09468823199995,2.1723999999999997,0,1,1,BTM00234,BTM00234,"2-Hydroxylation of 1,4-disubstituted benzene",BTMR0037,CYP1A2,HUMAN,BTM00076,O1C=2C(C(O)C=C1C3=CC=C(OC)C=C3)=C(OC)C=C(O)C2,"InChI=1S/C17H16O5/c1-20-12-5-3-10(4-6-12)14-9-13(19)17-15(21-2)7-11(18)8-16(17)22-14/h3-9,13,18-19H,1-2H3",CKFRIUBCMYVSRG-UHFFFAOYSA-N,2.4398,300.09977361200004
"InChI=1S/C17H16O6/c1-20-11-5-3-9(4-6-11)17-16(23-17)15(19)14-12(21-2)7-10(18)8-13(14)22-17/h3-8,15-16,18-19H,1-2H3",BRZWGADAMGOLMY-UHFFFAOYSA-N,O1C=2C(C(O)C3C1(C4=CC=C(OC)C=C4)O3)=C(OC)C=C(O)C2,,,C17H16O6,316.09468823199995,2.234299999999999,0,0,0,BTM00576,BTM00576,Epoxidation of vinyl ether,BTMR1026,"CYP1A2
CYP3A4",HUMAN,BTM00076,O1C=2C(C(O)C=C1C3=CC=C(OC)C=C3)=C(OC)C=C(O)C2,"InChI=1S/C17H16O5/c1-20-12-5-3-10(4-6-12)14-9-13(19)17-15(21-2)7-11(18)8-16(17)22-14/h3-9,13,18-19H,1-2H3",CKFRIUBCMYVSRG-UHFFFAOYSA-N,2.4398,300.09977361200004
"InChI=1S/C16H12O6/c1-21-13-3-2-8(4-10(13)18)14-7-12(20)16-11(19)5-9(17)6-15(16)22-14/h2-7,17-19H,1H3",MBNGWHIJMBWFHU-UHFFFAOYSA-N,O1C=2C(C(=O)C=C1C3=CC=C(OC)C(=C3)O)=C(O)C=C(O)C2,"Diosmetin
520-34-3
Luteolin 4'-methyl ether
Salinigricoflavonol
4'-Methylluteolin
Diosmetine
3',5,7-trihydroxy-4'-methoxyflavone
5,7,3'-Trihydroxy-4'-methoxyflavone
5,7-Dihydroxy-2-(3-hydroxy-4-methoxyphenyl)-4H-1-benzopyran-4-one
5,7-dihydroxy-2-(3-hydroxy-4-methoxyphenyl)chromen-4-one
5,7-Dihydroxy-2-(3-hydroxy-4-methoxyphenyl)-4-benzopyrone
4H-1-Benzopyran-4-one, 5,7-dihydroxy-2-(3-hydroxy-4-methoxyphenyl)-
TWZ37241OT
DTXSID80199966
Flavone, 3',5,7-trihydroxy-4'-methoxy-
CHEBI:4630
RefChem:34944
DTXCID40122457
GONGJINHYANG SEOL WHITENING
Whoo Gongjinhyang Seol Whitening Jin Essence
ISAKNOX X202 WHITENING SECRET ESSENCE
ISA KNOX WXII PLUS WHITENING REVOLUTION SERUM
208-291-8
5,7-dihydroxy-2-(3-hydroxy-4-methoxyphenyl)-4H-chromen-4-one
Luteolin 4-methyl ether
MFCD00017425
5,7-dihydroxy-2-(3-hydroxy-4-methoxy-phenyl)chromen-4-one
Diosmin EP Impurity F
Pillon
DIOSMETOL
SR-05000002196
disometin
UNII-TWZ37241OT
HSDB 8101
5,7-Dihydroxy-2-(3-hydroxy-4-methoxyphenyl)-4H-1-benzopyran-4-one (Diosmetin)
EINECS 208-291-8
Diosmetin (Standard)
3',5,7-trihydroxy-4'-methoxy flavone
4'-O-methyl-luteolin
Spectrum_001505
SpecPlus_000435
DIOSMETIN [MI]
Spectrum2_001638
Spectrum3_000987
Spectrum4_001113
Spectrum5_001707
DIOSMETIN [WHO-DD]
BSPBio_002653
KBioGR_001586
KBioSS_001985
MLS006011843
CHEMBL90568
Diosmetin, analytical standard
DivK1c_006531
SCHEMBL289337
Salinigricoflavonol; Vitamin P
SPBio_001735
orb1307680
SCHEMBL29363916
SCHEMBL29453246
SCHEMBL30541886
BDBM23414
GTPL13861
HY-N0125R
KBio1_001475
KBio2_001985
KBio2_004553
KBio2_007121
KBio3_001873
LUTEOLIN-4'-METHYL ETHER
Diosmetin; Diosmin EP Impurity F
HMS3656G13
HMS3753G11
HMS5080B20
BB_NC-02600
HY-N0125
BBL027839
CCG-38758
Diosmetin (Luteolin 4-methyl ether)
LMPK12110824
s2380
SBB066130
STL146390
AKOS005720974
4'-Methoxy-5,7,3'-Trihydroxyflavone
CS-5455
DB11259
EBC-436043
FD22465
SDCCGMLS-0066783.P001
NCGC00163540-01
NCGC00163540-02
NCGC00163540-03
NCGC00178549-01
AC-34868
BS-17174
SMR002044787
SY066981
CYANIDENON-4'-METHYL ETHER 1479
DB-050154
D4441
NS00014641
ST50331610
SW219332-1
C10038
520D343
A828902
AN-668/21246025
F239117
Q1649664
SR-05000002196-2
SR-05000002196-3
BRD-K26862302-001-02-9
BRD-K26862302-001-03-7
BRD-K26862302-001-05-2
2-(4-methoxy-3-oxidanyl-phenyl)-5,7-bis(oxidanyl)chromen-4-one
5,7-dihydroxy-2-(3-hydroxy-4-methoxyphenyl)-1-benzopyran-4-one
5,7-Dihydroxy-2-(3-hydroxy-4-methoxyphenyl);-4H-chromen-4-one
J8D",5281612,C16H12O6,300.06338810399996,3.0106,0,1,1,BTM00032,BTM00032,Oxidation of secondary alcohol to ketone,BTMR0079,"CYP1A2
CYP2C9
CYP2C19",HUMAN,BTM00082,O1C=2C(C(O)C=C1C3=CC=C(OC)C(=C3)O)=C(O)C=C(O)C2,"InChI=1S/C16H14O6/c1-21-13-3-2-8(4-10(13)18)14-7-12(20)16-11(19)5-9(17)6-15(16)22-14/h2-7,12,17-20H,1H3",TZFYSHXYSXHFHO-UHFFFAOYSA-N,1.9213999999999998,302.07903816799995
"InChI=1S/C15H12O6/c16-8-4-11(19)15-12(20)6-13(21-14(15)5-8)7-1-2-9(17)10(18)3-7/h1-6,12,16-20H",CKVHUHNHULERKW-UHFFFAOYSA-N,O1C=2C(C(O)C=C1C3=CC=C(O)C(=C3)O)=C(O)C=C(O)C2,SCHEMBL20375984,135219831,C15H12O6,288.06338810399996,1.6704000000000006,0,1,1,BTM00031,BTM00031,O-Dealkylation,BTMR0052,"CYP1A2
CYP2A6
CYP2C9
CYP2C19
CYP2D6
CYP2E1
CYP3A4",HUMAN,BTM00082,O1C=2C(C(O)C=C1C3=CC=C(OC)C(=C3)O)=C(O)C=C(O)C2,"InChI=1S/C16H14O6/c1-21-13-3-2-8(4-10(13)18)14-7-12(20)16-11(19)5-9(17)6-15(16)22-14/h2-7,12,17-20H,1H3",TZFYSHXYSXHFHO-UHFFFAOYSA-N,1.9213999999999998,302.07903816799995
"InChI=1S/C16H14O7/c1-21-11-3-2-7(4-9(11)18)16-15(23-16)14(20)13-10(19)5-8(17)6-12(13)22-16/h2-6,14-15,17-20H,1H3",NSLDAZJCLZZZOW-UHFFFAOYSA-N,O1C=2C(C(O)C3C1(C4=CC=C(OC)C(=C4)O)O3)=C(O)C=C(O)C2,,,C16H14O7,318.073952788,1.7158999999999998,0,1,1,BTM00577,BTM00577,Epoxidation of vinyl ether,BTMR1026,"CYP1A2
CYP3A4",HUMAN,BTM00082,O1C=2C(C(O)C=C1C3=CC=C(OC)C(=C3)O)=C(O)C=C(O)C2,"InChI=1S/C16H14O6/c1-21-13-3-2-8(4-10(13)18)14-7-12(20)16-11(19)5-9(17)6-15(16)22-14/h2-7,12,17-20H,1H3",TZFYSHXYSXHFHO-UHFFFAOYSA-N,1.9213999999999998,302.07903816799995
"InChI=1S/C16H12O6/c1-21-14-4-8(2-3-10(14)18)13-7-12(20)16-11(19)5-9(17)6-15(16)22-13/h2-7,17-19H,1H3",SCZVLDHREVKTSH-UHFFFAOYSA-N,O1C=2C(C(=O)C=C1C3=CC=C(O)C(=C3)OC)=C(O)C=C(O)C2,"Chrysoeriol
491-71-4
Chryseriol
3'-Methoxyapigenin
Luteolin 3'-methyl ether
3'-O-Methylluteolin
4',5,7-trihydroxy-3'-methoxyflavone
Chrysoriol
5,7-Dihydroxy-2-(4-hydroxy-3-methoxyphenyl)-4H-1-benzopyran-4-one
4H-1-Benzopyran-4-one, 5,7-dihydroxy-2-(4-hydroxy-3-methoxyphenyl)-
5,7-dihydroxy-2-(4-hydroxy-3-methoxyphenyl)chromen-4-one
3'-Methoxy-4',5,7-trihydroxyflavone
CRESOROL
Q813145M20
CHEBI:16514
DTXSID60197687
RefChem:32513
DTXCID20120178
207-742-6
3'-O-Methyluteolin
5,7-dihydroxy-2-(4-hydroxy-3-methoxyphenyl)-4H-chromen-4-one
5,7,4'-Trihydroxy-3'-methoxyflavone
MFCD00016780
5,7-Dihydroxy-2-(4-hydroxy-3-methoxyphenyl)-4-benzopyrone
CHEMBL214321
Chrysoeriol (>90%)
5,7-dihydroxy-2-(4-hydroxy-3-methoxy-phenyl)chromen-4-one
EINECS 207-742-6
BRN 0295004
Scoparol
Chrysoeriol?
CCRIS 9338
UNII-Q813145M20
3''-Methoxyapigenin
Chrysoeriol (Scoparol)
Chrysoeriol (Standard)
Luteolin 3''-methyl ether
FLAVONE, 4',5,7-TRIHYDROXY-3'-METHOXY-
MLS001048958
SCHEMBL293757
orb1297426
SCHEMBL29411724
SCHEMBL30331803
cid_5280666
HMS2271C08
AC9701
BDBM50241084
LMPK12110799
NSC732318
5,7,4'-trihydroxy 3-methoxyflavone
AKOS004110683
EBC-461054
FC20423
HY-121471R
NSC-732318
3'-Methoxy-4',5,7-trihydroxyfl avone
4',5,7-Trihydroxy-3'-methoxy-Flavone
NCGC00163527-01
4'',5,7-trihydroxy-3''-methoxyflavone
MS-24322
SMR000386981
ST077089
SY252786
2-(5-methoxy,7-dihydroxy-benzpyran-4-one
DB-333932
HY-121471
CS-0082151
NS00031865
3?-METHOXY-4?,5,7-TRIHYDROXYFLAVONE
C04293
AH-214/21165012
EN300-17991263
SR-01000758948
Q2967432
SR-01000758948-3
2-(5-methoxy,4-hydroxyphenyl)5,7-dihydroxy-benzpyran-4-one
5,7-Dihydroxy-2-(4-hydroxy-3-methoxyphenyl)-4H-1-benzopyran-4-one, 9CI
3 inverted exclamation mark -Methoxy-4 inverted exclamation mark ,5,7-trihydroxyflavone",5280666,C16H12O6,300.06338810399996,3.0106,0,1,1,BTM00033,BTM00033,Oxidation of secondary alcohol to ketone,BTMR0079,"CYP1A2
CYP2C9
CYP2C19",HUMAN,BTM00083,O1C=2C(C(O)C=C1C3=CC=C(O)C(=C3)OC)=C(O)C=C(O)C2,"InChI=1S/C16H14O6/c1-21-14-4-8(2-3-10(14)18)13-7-12(20)16-11(19)5-9(17)6-15(16)22-13/h2-7,12,17-20H,1H3",BIIDIBQQVFBUQV-UHFFFAOYSA-N,1.9213999999999998,302.079038168
"InChI=1S/C15H12O6/c16-8-4-11(19)15-12(20)6-13(21-14(15)5-8)7-1-2-9(17)10(18)3-7/h1-6,12,16-20H",CKVHUHNHULERKW-UHFFFAOYSA-N,O1C=2C(C(O)C=C1C3=CC=C(O)C(=C3)O)=C(O)C=C(O)C2,SCHEMBL20375984,135219831,C15H12O6,288.06338810399996,1.6704000000000006,0,1,1,BTM00031,BTM00031,O-Dealkylation,BTMR0052,"CYP1A2
CYP2A6
CYP2C9
CYP2C19
CYP2D6
CYP2E1
CYP3A4",HUMAN,BTM00083,O1C=2C(C(O)C=C1C3=CC=C(O)C(=C3)OC)=C(O)C=C(O)C2,"InChI=1S/C16H14O6/c1-21-14-4-8(2-3-10(14)18)13-7-12(20)16-11(19)5-9(17)6-15(16)22-13/h2-7,12,17-20H,1H3",BIIDIBQQVFBUQV-UHFFFAOYSA-N,1.9213999999999998,302.079038168
"InChI=1S/C16H14O7/c1-21-11-4-7(2-3-9(11)18)16-15(23-16)14(20)13-10(19)5-8(17)6-12(13)22-16/h2-6,14-15,17-20H,1H3",QTIPCAZJOMJKOS-UHFFFAOYSA-N,O1C=2C(C(O)C3C1(C4=CC=C(O)C(=C4)OC)O3)=C(O)C=C(O)C2,,,C16H14O7,318.073952788,1.7158999999999998,0,1,1,BTM00578,BTM00578,Epoxidation of vinyl ether,BTMR1026,"CYP1A2
CYP3A4",HUMAN,BTM00083,O1C=2C(C(O)C=C1C3=CC=C(O)C(=C3)OC)=C(O)C=C(O)C2,"InChI=1S/C16H14O6/c1-21-14-4-8(2-3-10(14)18)13-7-12(20)16-11(19)5-9(17)6-15(16)22-13/h2-7,12,17-20H,1H3",BIIDIBQQVFBUQV-UHFFFAOYSA-N,1.9213999999999998,302.079038168
"InChI=1S/C16H12O6/c1-21-9-5-12(19)16-13(20)7-14(22-15(16)6-9)8-2-3-10(17)11(18)4-8/h2-7,17-19H,1H3",RRRSSAVLTCVNIQ-UHFFFAOYSA-N,O1C=2C(C(=O)C=C1C3=CC=C(O)C(=C3)O)=C(O)C=C(OC)C2,"Hydroxygenkwanin
20243-59-8
7-O-Methylluteolin
Luteolin 7-methyl ether
4H-1-Benzopyran-4-one, 2-(3,4-dihydroxyphenyl)-5-hydroxy-7-methoxy-
5,3',4'-Trihydroxy-7-methoxyflavone
732GA1Z079
RefChem:925005
3'-hydroxygenkwanin
2-(3,4-Dihydroxyphenyl)-5-hydroxy-7-methoxy-4H-chromen-4-one
2-(3,4-dihydroxyphenyl)-5-hydroxy-7-methoxychromen-4-one
MFCD11046350
CHEMBL183745
2-(3,4-Dihydroxyphenyl)-5-hydroxy-7-methoxy-4H-1-benzopyran-4-one
2-(3,4-dihydroxyphenyl)-5-hydroxy-7-methoxy-chromen-4-one
2-(3,4-Dihydroxyphenyl)-5-Hydroxy-7-Methoxy-4h-1-Chromen-4-One
UNII-732GA1Z079
6B5
3'-hydroxy-genkwanin
Hydroxygenkwanin (Standard)
MEGxp0_000798
orb1302371
SCHEMBL4203893
SCHEMBL30074462
ACon1_000842
HY-N1438R
CHEBI:168675
HY-N1438
BDBM50240943
LMPK12111045
s9205
AKOS015999029
CCG-267462
FH74268
NCGC00169305-01
AC-34593
DA-54169
MS-24321
CS-0016871
Q27266123
2-(3,4-Dihydroxy-phenyl)-5-hydroxy-7-methoxy-chromen-4-one
2-(3,4-Dihydroxyphenyl)-5-hydroxy-7-methoxy-4H-1-benzopyran-4-one, 9CI",5318214,C16H12O6,300.06338810399996,3.0106,0,1,1,BTM00038,BTM00038,Oxidation of secondary alcohol to ketone,BTMR0079,"CYP1A2
CYP2C9
CYP2C19",HUMAN,BTM00093,O1C=2C(C(O)C=C1C3=CC=C(O)C(=C3)O)=C(O)C=C(OC)C2,"InChI=1S/C16H14O6/c1-21-9-5-12(19)16-13(20)7-14(22-15(16)6-9)8-2-3-10(17)11(18)4-8/h2-7,13,17-20H,1H3",GFPNNMLDRJMWNV-UHFFFAOYSA-N,1.9213999999999998,302.07903816799995
"InChI=1S/C15H12O6/c16-8-4-11(19)15-12(20)6-13(21-14(15)5-8)7-1-2-9(17)10(18)3-7/h1-6,12,16-20H",CKVHUHNHULERKW-UHFFFAOYSA-N,O1C=2C(C(O)C=C1C3=CC=C(O)C(=C3)O)=C(O)C=C(O)C2,SCHEMBL20375984,135219831,C15H12O6,288.06338810399996,1.6704000000000006,0,1,1,BTM00031,BTM00031,O-Dealkylation,BTMR0052,"CYP1A2
CYP2A6
CYP2C9
CYP2C19
CYP2D6
CYP2E1
CYP3A4",HUMAN,BTM00093,O1C=2C(C(O)C=C1C3=CC=C(O)C(=C3)O)=C(O)C=C(OC)C2,"InChI=1S/C16H14O6/c1-21-9-5-12(19)16-13(20)7-14(22-15(16)6-9)8-2-3-10(17)11(18)4-8/h2-7,13,17-20H,1H3",GFPNNMLDRJMWNV-UHFFFAOYSA-N,1.9213999999999998,302.07903816799995
"InChI=1S/C16H14O7/c1-21-8-5-11(19)13-12(6-8)22-16(15(23-16)14(13)20)7-2-3-9(17)10(18)4-7/h2-6,14-15,17-20H,1H3",OACKXKWCMHNIII-UHFFFAOYSA-N,O1C=2C(C(O)C3C1(C4=CC=C(O)C(=C4)O)O3)=C(O)C=C(OC)C2,,,C16H14O7,318.073952788,1.7158999999999998,0,1,1,BTM00579,BTM00579,Epoxidation of vinyl ether,BTMR1026,"CYP1A2
CYP3A4",HUMAN,BTM00093,O1C=2C(C(O)C=C1C3=CC=C(O)C(=C3)O)=C(O)C=C(OC)C2,"InChI=1S/C16H14O6/c1-21-9-5-12(19)16-13(20)7-14(22-15(16)6-9)8-2-3-10(17)11(18)4-8/h2-7,13,17-20H,1H3",GFPNNMLDRJMWNV-UHFFFAOYSA-N,1.9213999999999998,302.07903816799995
"InChI=1S/C16H12O6/c1-21-14-5-9(17)6-15-16(14)12(20)7-13(22-15)8-2-3-10(18)11(19)4-8/h2-7,17-19H,1H3",OZPMKAZMPNDLKX-UHFFFAOYSA-N,O1C=2C(C(=O)C=C1C3=CC=C(O)C(=C3)O)=C(OC)C=C(O)C2,"58115-29-0
Luteolin 5-methyl ether
2-(3,4-dihydroxyphenyl)-7-hydroxy-5-methoxychromen-4-one
RefChem:1088607
2-(3,4-dihydroxyphenyl)-7-hydroxy-5-methoxy-4H-chromen-4-one
4H-1-Benzopyran-4-one, 2-(3,4-dihydroxyphenyl)-7-hydroxy-5-methoxy-
MFCD18451060
CHEMBL1277701
3',4',7-Trihydroxy-5-methoxyflavone
5-O-methylluteolin
orb1681226
SCHEMBL2322974
SCHEMBL30255788
DTXSID00553400
AC9656
BDBM50330971
LMPK12110965
AKOS028113903
SY252782
3?,4?,7-TRIHYDROXY-5-METHOXYFLAVONE
2-(3,4-dihydroxyphenyl)-7-hydroxy-5-methoxy-chromen-4-one
2-(3,4-dihydroxyphenyl)-7-hydroxy-5-meth-oxy-4H-chromen-4-one
2-(3,4-Dihydroxyphenyl)-7-hydroxy-5-methoxy-4H-1-benzopyran-4-one
3 inverted exclamation mark ,4 inverted exclamation mark ,7-Trihydroxy-5-methoxyflavone",13964550,C16H12O6,300.06338810399996,3.0106,0,1,1,BTM00039,BTM00039,Oxidation of secondary alcohol to ketone,BTMR0079,"CYP1A2
CYP2C9
CYP2C19",HUMAN,BTM00094,O1C=2C(C(O)C=C1C3=CC=C(O)C(=C3)O)=C(OC)C=C(O)C2,"InChI=1S/C16H14O6/c1-21-14-5-9(17)6-15-16(14)12(20)7-13(22-15)8-2-3-10(18)11(19)4-8/h2-7,12,17-20H,1H3",NYJRQKHPAFIKDM-UHFFFAOYSA-N,1.9213999999999998,302.07903816799995
"InChI=1S/C15H12O6/c16-8-4-11(19)15-12(20)6-13(21-14(15)5-8)7-1-2-9(17)10(18)3-7/h1-6,12,16-20H",CKVHUHNHULERKW-UHFFFAOYSA-N,O1C=2C(C(O)C=C1C3=CC=C(O)C(=C3)O)=C(O)C=C(O)C2,SCHEMBL20375984,135219831,C15H12O6,288.06338810399996,1.6704000000000006,0,1,1,BTM00031,BTM00031,O-Dealkylation,BTMR0052,"CYP1A2
CYP2A6
CYP2C9
CYP2C19
CYP2D6
CYP2E1
CYP3A4",HUMAN,BTM00094,O1C=2C(C(O)C=C1C3=CC=C(O)C(=C3)O)=C(OC)C=C(O)C2,"InChI=1S/C16H14O6/c1-21-14-5-9(17)6-15-16(14)12(20)7-13(22-15)8-2-3-10(18)11(19)4-8/h2-7,12,17-20H,1H3",NYJRQKHPAFIKDM-UHFFFAOYSA-N,1.9213999999999998,302.07903816799995
"InChI=1S/C16H14O7/c1-21-11-5-8(17)6-12-13(11)14(20)15-16(22-12,23-15)7-2-3-9(18)10(19)4-7/h2-6,14-15,17-20H,1H3",JXKPAIXATAMXRY-UHFFFAOYSA-N,O1C=2C(C(O)C3C1(C4=CC=C(O)C(=C4)O)O3)=C(OC)C=C(O)C2,,,C16H14O7,318.073952788,1.7158999999999998,0,1,1,BTM00580,BTM00580,Epoxidation of vinyl ether,BTMR1026,"CYP1A2
CYP3A4",HUMAN,BTM00094,O1C=2C(C(O)C=C1C3=CC=C(O)C(=C3)O)=C(OC)C=C(O)C2,"InChI=1S/C16H14O6/c1-21-14-5-9(17)6-15-16(14)12(20)7-13(22-15)8-2-3-10(18)11(19)4-8/h2-7,12,17-20H,1H3",NYJRQKHPAFIKDM-UHFFFAOYSA-N,1.9213999999999998,302.07903816799995
"InChI=1S/C16H12O6/c1-21-13-3-2-8(4-10(13)18)14-7-12(20)16-11(19)5-9(17)6-15(16)22-14/h2-7,17-19H,1H3",MBNGWHIJMBWFHU-UHFFFAOYSA-N,O1C=2C(C(=O)C=C1C3=CC=C(OC)C(=C3)O)=C(O)C=C(O)C2,"Diosmetin
520-34-3
Luteolin 4'-methyl ether
Salinigricoflavonol
4'-Methylluteolin
Diosmetine
3',5,7-trihydroxy-4'-methoxyflavone
5,7,3'-Trihydroxy-4'-methoxyflavone
5,7-Dihydroxy-2-(3-hydroxy-4-methoxyphenyl)-4H-1-benzopyran-4-one
5,7-dihydroxy-2-(3-hydroxy-4-methoxyphenyl)chromen-4-one
5,7-Dihydroxy-2-(3-hydroxy-4-methoxyphenyl)-4-benzopyrone
4H-1-Benzopyran-4-one, 5,7-dihydroxy-2-(3-hydroxy-4-methoxyphenyl)-
TWZ37241OT
DTXSID80199966
Flavone, 3',5,7-trihydroxy-4'-methoxy-
CHEBI:4630
RefChem:34944
DTXCID40122457
GONGJINHYANG SEOL WHITENING
Whoo Gongjinhyang Seol Whitening Jin Essence
ISAKNOX X202 WHITENING SECRET ESSENCE
ISA KNOX WXII PLUS WHITENING REVOLUTION SERUM
208-291-8
5,7-dihydroxy-2-(3-hydroxy-4-methoxyphenyl)-4H-chromen-4-one
Luteolin 4-methyl ether
MFCD00017425
5,7-dihydroxy-2-(3-hydroxy-4-methoxy-phenyl)chromen-4-one
Diosmin EP Impurity F
Pillon
DIOSMETOL
SR-05000002196
disometin
UNII-TWZ37241OT
HSDB 8101
5,7-Dihydroxy-2-(3-hydroxy-4-methoxyphenyl)-4H-1-benzopyran-4-one (Diosmetin)
EINECS 208-291-8
Diosmetin (Standard)
3',5,7-trihydroxy-4'-methoxy flavone
4'-O-methyl-luteolin
Spectrum_001505
SpecPlus_000435
DIOSMETIN [MI]
Spectrum2_001638
Spectrum3_000987
Spectrum4_001113
Spectrum5_001707
DIOSMETIN [WHO-DD]
BSPBio_002653
KBioGR_001586
KBioSS_001985
MLS006011843
CHEMBL90568
Diosmetin, analytical standard
DivK1c_006531
SCHEMBL289337
Salinigricoflavonol; Vitamin P
SPBio_001735
orb1307680
SCHEMBL29363916
SCHEMBL29453246
SCHEMBL30541886
BDBM23414
GTPL13861
HY-N0125R
KBio1_001475
KBio2_001985
KBio2_004553
KBio2_007121
KBio3_001873
LUTEOLIN-4'-METHYL ETHER
Diosmetin; Diosmin EP Impurity F
HMS3656G13
HMS3753G11
HMS5080B20
BB_NC-02600
HY-N0125
BBL027839
CCG-38758
Diosmetin (Luteolin 4-methyl ether)
LMPK12110824
s2380
SBB066130
STL146390
AKOS005720974
4'-Methoxy-5,7,3'-Trihydroxyflavone
CS-5455
DB11259
EBC-436043
FD22465
SDCCGMLS-0066783.P001
NCGC00163540-01
NCGC00163540-02
NCGC00163540-03
NCGC00178549-01
AC-34868
BS-17174
SMR002044787
SY066981
CYANIDENON-4'-METHYL ETHER 1479
DB-050154
D4441
NS00014641
ST50331610
SW219332-1
C10038
520D343
A828902
AN-668/21246025
F239117
Q1649664
SR-05000002196-2
SR-05000002196-3
BRD-K26862302-001-02-9
BRD-K26862302-001-03-7
BRD-K26862302-001-05-2
2-(4-methoxy-3-oxidanyl-phenyl)-5,7-bis(oxidanyl)chromen-4-one
5,7-dihydroxy-2-(3-hydroxy-4-methoxyphenyl)-1-benzopyran-4-one
5,7-Dihydroxy-2-(3-hydroxy-4-methoxyphenyl);-4H-chromen-4-one
J8D",5281612,C16H12O6,300.06338810399996,3.0106,0,1,1,BTM00032,BTM00032,O-Dealkylation,BTMR0052,"CYP1A2
CYP2A6
CYP2C9
CYP2C19
CYP2D6
CYP2E1
CYP3A4",HUMAN,BTM00095,O1C=2C(C(=O)C=C1C3=CC=C(OC)C(=C3)OC)=C(O)C=C(O)C2,"InChI=1S/C17H14O6/c1-21-13-4-3-9(5-15(13)22-2)14-8-12(20)17-11(19)6-10(18)7-16(17)23-14/h3-8,18-19H,1-2H3",AOLOMULCAJQEIG-UHFFFAOYSA-N,3.2615999999999987,314.079038168
"InChI=1S/C16H12O6/c1-21-14-4-8(2-3-10(14)18)13-7-12(20)16-11(19)5-9(17)6-15(16)22-13/h2-7,17-19H,1H3",SCZVLDHREVKTSH-UHFFFAOYSA-N,O1C=2C(C(=O)C=C1C3=CC=C(O)C(=C3)OC)=C(O)C=C(O)C2,"Chrysoeriol
491-71-4
Chryseriol
3'-Methoxyapigenin
Luteolin 3'-methyl ether
3'-O-Methylluteolin
4',5,7-trihydroxy-3'-methoxyflavone
Chrysoriol
5,7-Dihydroxy-2-(4-hydroxy-3-methoxyphenyl)-4H-1-benzopyran-4-one
4H-1-Benzopyran-4-one, 5,7-dihydroxy-2-(4-hydroxy-3-methoxyphenyl)-
5,7-dihydroxy-2-(4-hydroxy-3-methoxyphenyl)chromen-4-one
3'-Methoxy-4',5,7-trihydroxyflavone
CRESOROL
Q813145M20
CHEBI:16514
DTXSID60197687
RefChem:32513
DTXCID20120178
207-742-6
3'-O-Methyluteolin
5,7-dihydroxy-2-(4-hydroxy-3-methoxyphenyl)-4H-chromen-4-one
5,7,4'-Trihydroxy-3'-methoxyflavone
MFCD00016780
5,7-Dihydroxy-2-(4-hydroxy-3-methoxyphenyl)-4-benzopyrone
CHEMBL214321
Chrysoeriol (>90%)
5,7-dihydroxy-2-(4-hydroxy-3-methoxy-phenyl)chromen-4-one
EINECS 207-742-6
BRN 0295004
Scoparol
Chrysoeriol?
CCRIS 9338
UNII-Q813145M20
3''-Methoxyapigenin
Chrysoeriol (Scoparol)
Chrysoeriol (Standard)
Luteolin 3''-methyl ether
FLAVONE, 4',5,7-TRIHYDROXY-3'-METHOXY-
MLS001048958
SCHEMBL293757
orb1297426
SCHEMBL29411724
SCHEMBL30331803
cid_5280666
HMS2271C08
AC9701
BDBM50241084
LMPK12110799
NSC732318
5,7,4'-trihydroxy 3-methoxyflavone
AKOS004110683
EBC-461054
FC20423
HY-121471R
NSC-732318
3'-Methoxy-4',5,7-trihydroxyfl avone
4',5,7-Trihydroxy-3'-methoxy-Flavone
NCGC00163527-01
4'',5,7-trihydroxy-3''-methoxyflavone
MS-24322
SMR000386981
ST077089
SY252786
2-(5-methoxy,7-dihydroxy-benzpyran-4-one
DB-333932
HY-121471
CS-0082151
NS00031865
3?-METHOXY-4?,5,7-TRIHYDROXYFLAVONE
C04293
AH-214/21165012
EN300-17991263
SR-01000758948
Q2967432
SR-01000758948-3
2-(5-methoxy,4-hydroxyphenyl)5,7-dihydroxy-benzpyran-4-one
5,7-Dihydroxy-2-(4-hydroxy-3-methoxyphenyl)-4H-1-benzopyran-4-one, 9CI
3 inverted exclamation mark -Methoxy-4 inverted exclamation mark ,5,7-trihydroxyflavone",5280666,C16H12O6,300.06338810399996,3.0106,0,1,1,BTM00033,BTM00033,O-Dealkylation,BTMR0052,"CYP1A2
CYP2A6
CYP2C9
CYP2C19
CYP2D6
CYP2E1
CYP3A4",HUMAN,BTM00095,O1C=2C(C(=O)C=C1C3=CC=C(OC)C(=C3)OC)=C(O)C=C(O)C2,"InChI=1S/C17H14O6/c1-21-13-4-3-9(5-15(13)22-2)14-8-12(20)17-11(19)6-10(18)7-16(17)23-14/h3-8,18-19H,1-2H3",AOLOMULCAJQEIG-UHFFFAOYSA-N,3.2615999999999987,314.079038168
"InChI=1S/C17H14O7/c1-21-11-4-3-8(5-12(11)22-2)17-16(24-17)15(20)14-10(19)6-9(18)7-13(14)23-17/h3-7,16,18-19H,1-2H3",XMESZWKJMIFMGS-UHFFFAOYSA-N,O1C=2C(C(=O)C3C1(C4=CC=C(OC)C(=C4)OC)O3)=C(O)C=C(O)C2,,,C17H14O7,330.073952788,2.363399999999999,0,0,0,BTM00581,BTM00581,Epoxidation of vinyl ether,BTMR1026,"CYP1A2
CYP3A4",HUMAN,BTM00095,O1C=2C(C(=O)C=C1C3=CC=C(OC)C(=C3)OC)=C(O)C=C(O)C2,"InChI=1S/C17H14O6/c1-21-13-4-3-9(5-15(13)22-2)14-8-12(20)17-11(19)6-10(18)7-16(17)23-14/h3-8,18-19H,1-2H3",AOLOMULCAJQEIG-UHFFFAOYSA-N,3.2615999999999987,314.079038168
"InChI=1S/C16H12O6/c1-21-13-3-2-8(4-10(13)18)14-7-12(20)16-11(19)5-9(17)6-15(16)22-14/h2-7,17-19H,1H3",MBNGWHIJMBWFHU-UHFFFAOYSA-N,O1C=2C(C(=O)C=C1C3=CC=C(OC)C(=C3)O)=C(O)C=C(O)C2,"Diosmetin
520-34-3
Luteolin 4'-methyl ether
Salinigricoflavonol
4'-Methylluteolin
Diosmetine
3',5,7-trihydroxy-4'-methoxyflavone
5,7,3'-Trihydroxy-4'-methoxyflavone
5,7-Dihydroxy-2-(3-hydroxy-4-methoxyphenyl)-4H-1-benzopyran-4-one
5,7-dihydroxy-2-(3-hydroxy-4-methoxyphenyl)chromen-4-one
5,7-Dihydroxy-2-(3-hydroxy-4-methoxyphenyl)-4-benzopyrone
4H-1-Benzopyran-4-one, 5,7-dihydroxy-2-(3-hydroxy-4-methoxyphenyl)-
TWZ37241OT
DTXSID80199966
Flavone, 3',5,7-trihydroxy-4'-methoxy-
CHEBI:4630
RefChem:34944
DTXCID40122457
GONGJINHYANG SEOL WHITENING
Whoo Gongjinhyang Seol Whitening Jin Essence
ISAKNOX X202 WHITENING SECRET ESSENCE
ISA KNOX WXII PLUS WHITENING REVOLUTION SERUM
208-291-8
5,7-dihydroxy-2-(3-hydroxy-4-methoxyphenyl)-4H-chromen-4-one
Luteolin 4-methyl ether
MFCD00017425
5,7-dihydroxy-2-(3-hydroxy-4-methoxy-phenyl)chromen-4-one
Diosmin EP Impurity F
Pillon
DIOSMETOL
SR-05000002196
disometin
UNII-TWZ37241OT
HSDB 8101
5,7-Dihydroxy-2-(3-hydroxy-4-methoxyphenyl)-4H-1-benzopyran-4-one (Diosmetin)
EINECS 208-291-8
Diosmetin (Standard)
3',5,7-trihydroxy-4'-methoxy flavone
4'-O-methyl-luteolin
Spectrum_001505
SpecPlus_000435
DIOSMETIN [MI]
Spectrum2_001638
Spectrum3_000987
Spectrum4_001113
Spectrum5_001707
DIOSMETIN [WHO-DD]
BSPBio_002653
KBioGR_001586
KBioSS_001985
MLS006011843
CHEMBL90568
Diosmetin, analytical standard
DivK1c_006531
SCHEMBL289337
Salinigricoflavonol; Vitamin P
SPBio_001735
orb1307680
SCHEMBL29363916
SCHEMBL29453246
SCHEMBL30541886
BDBM23414
GTPL13861
HY-N0125R
KBio1_001475
KBio2_001985
KBio2_004553
KBio2_007121
KBio3_001873
LUTEOLIN-4'-METHYL ETHER
Diosmetin; Diosmin EP Impurity F
HMS3656G13
HMS3753G11
HMS5080B20
BB_NC-02600
HY-N0125
BBL027839
CCG-38758
Diosmetin (Luteolin 4-methyl ether)
LMPK12110824
s2380
SBB066130
STL146390
AKOS005720974
4'-Methoxy-5,7,3'-Trihydroxyflavone
CS-5455
DB11259
EBC-436043
FD22465
SDCCGMLS-0066783.P001
NCGC00163540-01
NCGC00163540-02
NCGC00163540-03
NCGC00178549-01
AC-34868
BS-17174
SMR002044787
SY066981
CYANIDENON-4'-METHYL ETHER 1479
DB-050154
D4441
NS00014641
ST50331610
SW219332-1
C10038
520D343
A828902
AN-668/21246025
F239117
Q1649664
SR-05000002196-2
SR-05000002196-3
BRD-K26862302-001-02-9
BRD-K26862302-001-03-7
BRD-K26862302-001-05-2
2-(4-methoxy-3-oxidanyl-phenyl)-5,7-bis(oxidanyl)chromen-4-one
5,7-dihydroxy-2-(3-hydroxy-4-methoxyphenyl)-1-benzopyran-4-one
5,7-Dihydroxy-2-(3-hydroxy-4-methoxyphenyl);-4H-chromen-4-one
J8D",5281612,C16H12O6,300.06338810399996,3.0106,0,1,1,BTM00032,BTM00032,O-Dealkylation,BTMR0052,"CYP1A2
CYP2A6
CYP2C9
CYP2C19
CYP2D6
CYP2E1
CYP3A4",HUMAN,BTM00099,O1C=2C(C(=O)C=C1C3=CC=C(OC)C(=C3)O)=C(O)C=C(OC)C2,"InChI=1S/C17H14O6/c1-21-10-6-12(19)17-13(20)8-15(23-16(17)7-10)9-3-4-14(22-2)11(18)5-9/h3-8,18-19H,1-2H3",UDBHJDTXPDRDNS-UHFFFAOYSA-N,3.2615999999999987,314.07903816799995
"InChI=1S/C16H12O6/c1-21-9-5-12(19)16-13(20)7-14(22-15(16)6-9)8-2-3-10(17)11(18)4-8/h2-7,17-19H,1H3",RRRSSAVLTCVNIQ-UHFFFAOYSA-N,O1C=2C(C(=O)C=C1C3=CC=C(O)C(=C3)O)=C(O)C=C(OC)C2,"Hydroxygenkwanin
20243-59-8
7-O-Methylluteolin
Luteolin 7-methyl ether
4H-1-Benzopyran-4-one, 2-(3,4-dihydroxyphenyl)-5-hydroxy-7-methoxy-
5,3',4'-Trihydroxy-7-methoxyflavone
732GA1Z079
RefChem:925005
3'-hydroxygenkwanin
2-(3,4-Dihydroxyphenyl)-5-hydroxy-7-methoxy-4H-chromen-4-one
2-(3,4-dihydroxyphenyl)-5-hydroxy-7-methoxychromen-4-one
MFCD11046350
CHEMBL183745
2-(3,4-Dihydroxyphenyl)-5-hydroxy-7-methoxy-4H-1-benzopyran-4-one
2-(3,4-dihydroxyphenyl)-5-hydroxy-7-methoxy-chromen-4-one
2-(3,4-Dihydroxyphenyl)-5-Hydroxy-7-Methoxy-4h-1-Chromen-4-One
UNII-732GA1Z079
6B5
3'-hydroxy-genkwanin
Hydroxygenkwanin (Standard)
MEGxp0_000798
orb1302371
SCHEMBL4203893
SCHEMBL30074462
ACon1_000842
HY-N1438R
CHEBI:168675
HY-N1438
BDBM50240943
LMPK12111045
s9205
AKOS015999029
CCG-267462
FH74268
NCGC00169305-01
AC-34593
DA-54169
MS-24321
CS-0016871
Q27266123
2-(3,4-Dihydroxy-phenyl)-5-hydroxy-7-methoxy-chromen-4-one
2-(3,4-Dihydroxyphenyl)-5-hydroxy-7-methoxy-4H-1-benzopyran-4-one, 9CI",5318214,C16H12O6,300.06338810399996,3.0106,0,1,1,BTM00038,BTM00038,O-Dealkylation,BTMR0052,"CYP1A2
CYP2A6
CYP2C9
CYP2C19
CYP2D6
CYP2E1
CYP3A4",HUMAN,BTM00099,O1C=2C(C(=O)C=C1C3=CC=C(OC)C(=C3)O)=C(O)C=C(OC)C2,"InChI=1S/C17H14O6/c1-21-10-6-12(19)17-13(20)8-15(23-16(17)7-10)9-3-4-14(22-2)11(18)5-9/h3-8,18-19H,1-2H3",UDBHJDTXPDRDNS-UHFFFAOYSA-N,3.2615999999999987,314.07903816799995
"InChI=1S/C17H14O7/c1-21-9-6-11(19)14-13(7-9)23-17(16(24-17)15(14)20)8-3-4-12(22-2)10(18)5-8/h3-7,16,18-19H,1-2H3",LBGWUCMGUYNEKM-UHFFFAOYSA-N,O1C=2C(C(=O)C3C1(C4=CC=C(OC)C(=C4)O)O3)=C(O)C=C(OC)C2,,,C17H14O7,330.073952788,2.363399999999999,0,0,0,BTM00582,BTM00582,Epoxidation of vinyl ether,BTMR1026,"CYP1A2
CYP3A4",HUMAN,BTM00099,O1C=2C(C(=O)C=C1C3=CC=C(OC)C(=C3)O)=C(O)C=C(OC)C2,"InChI=1S/C17H14O6/c1-21-10-6-12(19)17-13(20)8-15(23-16(17)7-10)9-3-4-14(22-2)11(18)5-9/h3-8,18-19H,1-2H3",UDBHJDTXPDRDNS-UHFFFAOYSA-N,3.2615999999999987,314.07903816799995
"InChI=1S/C16H12O6/c1-21-13-3-2-8(4-10(13)18)14-7-12(20)16-11(19)5-9(17)6-15(16)22-14/h2-7,17-19H,1H3",MBNGWHIJMBWFHU-UHFFFAOYSA-N,O1C=2C(C(=O)C=C1C3=CC=C(OC)C(=C3)O)=C(O)C=C(O)C2,"Diosmetin
520-34-3
Luteolin 4'-methyl ether
Salinigricoflavonol
4'-Methylluteolin
Diosmetine
3',5,7-trihydroxy-4'-methoxyflavone
5,7,3'-Trihydroxy-4'-methoxyflavone
5,7-Dihydroxy-2-(3-hydroxy-4-methoxyphenyl)-4H-1-benzopyran-4-one
5,7-dihydroxy-2-(3-hydroxy-4-methoxyphenyl)chromen-4-one
5,7-Dihydroxy-2-(3-hydroxy-4-methoxyphenyl)-4-benzopyrone
4H-1-Benzopyran-4-one, 5,7-dihydroxy-2-(3-hydroxy-4-methoxyphenyl)-
TWZ37241OT
DTXSID80199966
Flavone, 3',5,7-trihydroxy-4'-methoxy-
CHEBI:4630
RefChem:34944
DTXCID40122457
GONGJINHYANG SEOL WHITENING
Whoo Gongjinhyang Seol Whitening Jin Essence
ISAKNOX X202 WHITENING SECRET ESSENCE
ISA KNOX WXII PLUS WHITENING REVOLUTION SERUM
208-291-8
5,7-dihydroxy-2-(3-hydroxy-4-methoxyphenyl)-4H-chromen-4-one
Luteolin 4-methyl ether
MFCD00017425
5,7-dihydroxy-2-(3-hydroxy-4-methoxy-phenyl)chromen-4-one
Diosmin EP Impurity F
Pillon
DIOSMETOL
SR-05000002196
disometin
UNII-TWZ37241OT
HSDB 8101
5,7-Dihydroxy-2-(3-hydroxy-4-methoxyphenyl)-4H-1-benzopyran-4-one (Diosmetin)
EINECS 208-291-8
Diosmetin (Standard)
3',5,7-trihydroxy-4'-methoxy flavone
4'-O-methyl-luteolin
Spectrum_001505
SpecPlus_000435
DIOSMETIN [MI]
Spectrum2_001638
Spectrum3_000987
Spectrum4_001113
Spectrum5_001707
DIOSMETIN [WHO-DD]
BSPBio_002653
KBioGR_001586
KBioSS_001985
MLS006011843
CHEMBL90568
Diosmetin, analytical standard
DivK1c_006531
SCHEMBL289337
Salinigricoflavonol; Vitamin P
SPBio_001735
orb1307680
SCHEMBL29363916
SCHEMBL29453246
SCHEMBL30541886
BDBM23414
GTPL13861
HY-N0125R
KBio1_001475
KBio2_001985
KBio2_004553
KBio2_007121
KBio3_001873
LUTEOLIN-4'-METHYL ETHER
Diosmetin; Diosmin EP Impurity F
HMS3656G13
HMS3753G11
HMS5080B20
BB_NC-02600
HY-N0125
BBL027839
CCG-38758
Diosmetin (Luteolin 4-methyl ether)
LMPK12110824
s2380
SBB066130
STL146390
AKOS005720974
4'-Methoxy-5,7,3'-Trihydroxyflavone
CS-5455
DB11259
EBC-436043
FD22465
SDCCGMLS-0066783.P001
NCGC00163540-01
NCGC00163540-02
NCGC00163540-03
NCGC00178549-01
AC-34868
BS-17174
SMR002044787
SY066981
CYANIDENON-4'-METHYL ETHER 1479
DB-050154
D4441
NS00014641
ST50331610
SW219332-1
C10038
520D343
A828902
AN-668/21246025
F239117
Q1649664
SR-05000002196-2
SR-05000002196-3
BRD-K26862302-001-02-9
BRD-K26862302-001-03-7
BRD-K26862302-001-05-2
2-(4-methoxy-3-oxidanyl-phenyl)-5,7-bis(oxidanyl)chromen-4-one
5,7-dihydroxy-2-(3-hydroxy-4-methoxyphenyl)-1-benzopyran-4-one
5,7-Dihydroxy-2-(3-hydroxy-4-methoxyphenyl);-4H-chromen-4-one
J8D",5281612,C16H12O6,300.06338810399996,3.0106,0,1,1,BTM00032,BTM00032,O-Dealkylation,BTMR0052,"CYP1A2
CYP2A6
CYP2C9
CYP2C19
CYP2D6
CYP2E1
CYP3A4",HUMAN,BTM00100,O1C=2C(C(=O)C=C1C3=CC=C(OC)C(=C3)O)=C(OC)C=C(O)C2,"InChI=1S/C17H14O6/c1-21-13-4-3-9(5-11(13)19)14-8-12(20)17-15(22-2)6-10(18)7-16(17)23-14/h3-8,18-19H,1-2H3",QRQBJVXKGOVPPF-UHFFFAOYSA-N,3.2615999999999987,314.079038168
"InChI=1S/C16H12O6/c1-21-14-5-9(17)6-15-16(14)12(20)7-13(22-15)8-2-3-10(18)11(19)4-8/h2-7,17-19H,1H3",OZPMKAZMPNDLKX-UHFFFAOYSA-N,O1C=2C(C(=O)C=C1C3=CC=C(O)C(=C3)O)=C(OC)C=C(O)C2,"58115-29-0
Luteolin 5-methyl ether
2-(3,4-dihydroxyphenyl)-7-hydroxy-5-methoxychromen-4-one
RefChem:1088607
2-(3,4-dihydroxyphenyl)-7-hydroxy-5-methoxy-4H-chromen-4-one
4H-1-Benzopyran-4-one, 2-(3,4-dihydroxyphenyl)-7-hydroxy-5-methoxy-
MFCD18451060
CHEMBL1277701
3',4',7-Trihydroxy-5-methoxyflavone
5-O-methylluteolin
orb1681226
SCHEMBL2322974
SCHEMBL30255788
DTXSID00553400
AC9656
BDBM50330971
LMPK12110965
AKOS028113903
SY252782
3?,4?,7-TRIHYDROXY-5-METHOXYFLAVONE
2-(3,4-dihydroxyphenyl)-7-hydroxy-5-methoxy-chromen-4-one
2-(3,4-dihydroxyphenyl)-7-hydroxy-5-meth-oxy-4H-chromen-4-one
2-(3,4-Dihydroxyphenyl)-7-hydroxy-5-methoxy-4H-1-benzopyran-4-one
3 inverted exclamation mark ,4 inverted exclamation mark ,7-Trihydroxy-5-methoxyflavone",13964550,C16H12O6,300.06338810399996,3.0106,0,1,1,BTM00039,BTM00039,O-Dealkylation,BTMR0052,"CYP1A2
CYP2A6
CYP2C9
CYP2C19
CYP2D6
CYP2E1
CYP3A4",HUMAN,BTM00100,O1C=2C(C(=O)C=C1C3=CC=C(OC)C(=C3)O)=C(OC)C=C(O)C2,"InChI=1S/C17H14O6/c1-21-13-4-3-9(5-11(13)19)14-8-12(20)17-15(22-2)6-10(18)7-16(17)23-14/h3-8,18-19H,1-2H3",QRQBJVXKGOVPPF-UHFFFAOYSA-N,3.2615999999999987,314.079038168
"InChI=1S/C17H14O7/c1-21-11-4-3-8(5-10(11)19)17-16(24-17)15(20)14-12(22-2)6-9(18)7-13(14)23-17/h3-7,16,18-19H,1-2H3",PMXXEORROWPOSR-UHFFFAOYSA-N,O1C=2C(C(=O)C3C1(C4=CC=C(OC)C(=C4)O)O3)=C(OC)C=C(O)C2,,,C17H14O7,330.073952788,2.363399999999999,0,0,0,BTM00583,BTM00583,Epoxidation of vinyl ether,BTMR1026,"CYP1A2
CYP3A4",HUMAN,BTM00100,O1C=2C(C(=O)C=C1C3=CC=C(OC)C(=C3)O)=C(OC)C=C(O)C2,"InChI=1S/C17H14O6/c1-21-13-4-3-9(5-11(13)19)14-8-12(20)17-15(22-2)6-10(18)7-16(17)23-14/h3-8,18-19H,1-2H3",QRQBJVXKGOVPPF-UHFFFAOYSA-N,3.2615999999999987,314.079038168
"InChI=1S/C16H12O6/c1-21-14-4-8(2-3-10(14)18)13-7-12(20)16-11(19)5-9(17)6-15(16)22-13/h2-7,17-19H,1H3",SCZVLDHREVKTSH-UHFFFAOYSA-N,O1C=2C(C(=O)C=C1C3=CC=C(O)C(=C3)OC)=C(O)C=C(O)C2,"Chrysoeriol
491-71-4
Chryseriol
3'-Methoxyapigenin
Luteolin 3'-methyl ether
3'-O-Methylluteolin
4',5,7-trihydroxy-3'-methoxyflavone
Chrysoriol
5,7-Dihydroxy-2-(4-hydroxy-3-methoxyphenyl)-4H-1-benzopyran-4-one
4H-1-Benzopyran-4-one, 5,7-dihydroxy-2-(4-hydroxy-3-methoxyphenyl)-
5,7-dihydroxy-2-(4-hydroxy-3-methoxyphenyl)chromen-4-one
3'-Methoxy-4',5,7-trihydroxyflavone
CRESOROL
Q813145M20
CHEBI:16514
DTXSID60197687
RefChem:32513
DTXCID20120178
207-742-6
3'-O-Methyluteolin
5,7-dihydroxy-2-(4-hydroxy-3-methoxyphenyl)-4H-chromen-4-one
5,7,4'-Trihydroxy-3'-methoxyflavone
MFCD00016780
5,7-Dihydroxy-2-(4-hydroxy-3-methoxyphenyl)-4-benzopyrone
CHEMBL214321
Chrysoeriol (>90%)
5,7-dihydroxy-2-(4-hydroxy-3-methoxy-phenyl)chromen-4-one
EINECS 207-742-6
BRN 0295004
Scoparol
Chrysoeriol?
CCRIS 9338
UNII-Q813145M20
3''-Methoxyapigenin
Chrysoeriol (Scoparol)
Chrysoeriol (Standard)
Luteolin 3''-methyl ether
FLAVONE, 4',5,7-TRIHYDROXY-3'-METHOXY-
MLS001048958
SCHEMBL293757
orb1297426
SCHEMBL29411724
SCHEMBL30331803
cid_5280666
HMS2271C08
AC9701
BDBM50241084
LMPK12110799
NSC732318
5,7,4'-trihydroxy 3-methoxyflavone
AKOS004110683
EBC-461054
FC20423
HY-121471R
NSC-732318
3'-Methoxy-4',5,7-trihydroxyfl avone
4',5,7-Trihydroxy-3'-methoxy-Flavone
NCGC00163527-01
4'',5,7-trihydroxy-3''-methoxyflavone
MS-24322
SMR000386981
ST077089
SY252786
2-(5-methoxy,7-dihydroxy-benzpyran-4-one
DB-333932
HY-121471
CS-0082151
NS00031865
3?-METHOXY-4?,5,7-TRIHYDROXYFLAVONE
C04293
AH-214/21165012
EN300-17991263
SR-01000758948
Q2967432
SR-01000758948-3
2-(5-methoxy,4-hydroxyphenyl)5,7-dihydroxy-benzpyran-4-one
5,7-Dihydroxy-2-(4-hydroxy-3-methoxyphenyl)-4H-1-benzopyran-4-one, 9CI
3 inverted exclamation mark -Methoxy-4 inverted exclamation mark ,5,7-trihydroxyflavone",5280666,C16H12O6,300.06338810399996,3.0106,0,1,1,BTM00033,BTM00033,O-Dealkylation,BTMR0052,"CYP1A2
CYP2A6
CYP2C9
CYP2C19
CYP2D6
CYP2E1
CYP3A4",HUMAN,BTM00104,O1C=2C(C(=O)C=C1C3=CC=C(O)C(=C3)OC)=C(O)C=C(OC)C2,"InChI=1S/C17H14O6/c1-21-10-6-12(19)17-13(20)8-14(23-16(17)7-10)9-3-4-11(18)15(5-9)22-2/h3-8,18-19H,1-2H3",ROCUOVBWAWAQFD-UHFFFAOYSA-N,3.2615999999999987,314.079038168
"InChI=1S/C16H12O6/c1-21-9-5-12(19)16-13(20)7-14(22-15(16)6-9)8-2-3-10(17)11(18)4-8/h2-7,17-19H,1H3",RRRSSAVLTCVNIQ-UHFFFAOYSA-N,O1C=2C(C(=O)C=C1C3=CC=C(O)C(=C3)O)=C(O)C=C(OC)C2,"Hydroxygenkwanin
20243-59-8
7-O-Methylluteolin
Luteolin 7-methyl ether
4H-1-Benzopyran-4-one, 2-(3,4-dihydroxyphenyl)-5-hydroxy-7-methoxy-
5,3',4'-Trihydroxy-7-methoxyflavone
732GA1Z079
RefChem:925005
3'-hydroxygenkwanin
2-(3,4-Dihydroxyphenyl)-5-hydroxy-7-methoxy-4H-chromen-4-one
2-(3,4-dihydroxyphenyl)-5-hydroxy-7-methoxychromen-4-one
MFCD11046350
CHEMBL183745
2-(3,4-Dihydroxyphenyl)-5-hydroxy-7-methoxy-4H-1-benzopyran-4-one
2-(3,4-dihydroxyphenyl)-5-hydroxy-7-methoxy-chromen-4-one
2-(3,4-Dihydroxyphenyl)-5-Hydroxy-7-Methoxy-4h-1-Chromen-4-One
UNII-732GA1Z079
6B5
3'-hydroxy-genkwanin
Hydroxygenkwanin (Standard)
MEGxp0_000798
orb1302371
SCHEMBL4203893
SCHEMBL30074462
ACon1_000842
HY-N1438R
CHEBI:168675
HY-N1438
BDBM50240943
LMPK12111045
s9205
AKOS015999029
CCG-267462
FH74268
NCGC00169305-01
AC-34593
DA-54169
MS-24321
CS-0016871
Q27266123
2-(3,4-Dihydroxy-phenyl)-5-hydroxy-7-methoxy-chromen-4-one
2-(3,4-Dihydroxyphenyl)-5-hydroxy-7-methoxy-4H-1-benzopyran-4-one, 9CI",5318214,C16H12O6,300.06338810399996,3.0106,0,1,1,BTM00038,BTM00038,O-Dealkylation,BTMR0052,"CYP1A2
CYP2A6
CYP2C9
CYP2C19
CYP2D6
CYP2E1
CYP3A4",HUMAN,BTM00104,O1C=2C(C(=O)C=C1C3=CC=C(O)C(=C3)OC)=C(O)C=C(OC)C2,"InChI=1S/C17H14O6/c1-21-10-6-12(19)17-13(20)8-14(23-16(17)7-10)9-3-4-11(18)15(5-9)22-2/h3-8,18-19H,1-2H3",ROCUOVBWAWAQFD-UHFFFAOYSA-N,3.2615999999999987,314.079038168
"InChI=1S/C17H14O7/c1-21-9-6-11(19)14-13(7-9)23-17(16(24-17)15(14)20)8-3-4-10(18)12(5-8)22-2/h3-7,16,18-19H,1-2H3",FNBBOFSNLGARRF-UHFFFAOYSA-N,O1C=2C(C(=O)C3C1(C4=CC=C(O)C(=C4)OC)O3)=C(O)C=C(OC)C2,,,C17H14O7,330.073952788,2.363399999999999,0,0,0,BTM00584,BTM00584,Epoxidation of vinyl ether,BTMR1026,"CYP1A2
CYP3A4",HUMAN,BTM00104,O1C=2C(C(=O)C=C1C3=CC=C(O)C(=C3)OC)=C(O)C=C(OC)C2,"InChI=1S/C17H14O6/c1-21-10-6-12(19)17-13(20)8-14(23-16(17)7-10)9-3-4-11(18)15(5-9)22-2/h3-8,18-19H,1-2H3",ROCUOVBWAWAQFD-UHFFFAOYSA-N,3.2615999999999987,314.079038168
"InChI=1S/C16H12O6/c1-21-14-4-8(2-3-10(14)18)13-7-12(20)16-11(19)5-9(17)6-15(16)22-13/h2-7,17-19H,1H3",SCZVLDHREVKTSH-UHFFFAOYSA-N,O1C=2C(C(=O)C=C1C3=CC=C(O)C(=C3)OC)=C(O)C=C(O)C2,"Chrysoeriol
491-71-4
Chryseriol
3'-Methoxyapigenin
Luteolin 3'-methyl ether
3'-O-Methylluteolin
4',5,7-trihydroxy-3'-methoxyflavone
Chrysoriol
5,7-Dihydroxy-2-(4-hydroxy-3-methoxyphenyl)-4H-1-benzopyran-4-one
4H-1-Benzopyran-4-one, 5,7-dihydroxy-2-(4-hydroxy-3-methoxyphenyl)-
5,7-dihydroxy-2-(4-hydroxy-3-methoxyphenyl)chromen-4-one
3'-Methoxy-4',5,7-trihydroxyflavone
CRESOROL
Q813145M20
CHEBI:16514
DTXSID60197687
RefChem:32513
DTXCID20120178
207-742-6
3'-O-Methyluteolin
5,7-dihydroxy-2-(4-hydroxy-3-methoxyphenyl)-4H-chromen-4-one
5,7,4'-Trihydroxy-3'-methoxyflavone
MFCD00016780
5,7-Dihydroxy-2-(4-hydroxy-3-methoxyphenyl)-4-benzopyrone
CHEMBL214321
Chrysoeriol (>90%)
5,7-dihydroxy-2-(4-hydroxy-3-methoxy-phenyl)chromen-4-one
EINECS 207-742-6
BRN 0295004
Scoparol
Chrysoeriol?
CCRIS 9338
UNII-Q813145M20
3''-Methoxyapigenin
Chrysoeriol (Scoparol)
Chrysoeriol (Standard)
Luteolin 3''-methyl ether
FLAVONE, 4',5,7-TRIHYDROXY-3'-METHOXY-
MLS001048958
SCHEMBL293757
orb1297426
SCHEMBL29411724
SCHEMBL30331803
cid_5280666
HMS2271C08
AC9701
BDBM50241084
LMPK12110799
NSC732318
5,7,4'-trihydroxy 3-methoxyflavone
AKOS004110683
EBC-461054
FC20423
HY-121471R
NSC-732318
3'-Methoxy-4',5,7-trihydroxyfl avone
4',5,7-Trihydroxy-3'-methoxy-Flavone
NCGC00163527-01
4'',5,7-trihydroxy-3''-methoxyflavone
MS-24322
SMR000386981
ST077089
SY252786
2-(5-methoxy,7-dihydroxy-benzpyran-4-one
DB-333932
HY-121471
CS-0082151
NS00031865
3?-METHOXY-4?,5,7-TRIHYDROXYFLAVONE
C04293
AH-214/21165012
EN300-17991263
SR-01000758948
Q2967432
SR-01000758948-3
2-(5-methoxy,4-hydroxyphenyl)5,7-dihydroxy-benzpyran-4-one
5,7-Dihydroxy-2-(4-hydroxy-3-methoxyphenyl)-4H-1-benzopyran-4-one, 9CI
3 inverted exclamation mark -Methoxy-4 inverted exclamation mark ,5,7-trihydroxyflavone",5280666,C16H12O6,300.06338810399996,3.0106,0,1,1,BTM00033,BTM00033,O-Dealkylation,BTMR0052,"CYP1A2
CYP2A6
CYP2C9
CYP2C19
CYP2D6
CYP2E1
CYP3A4",HUMAN,BTM00105,O1C=2C(C(=O)C=C1C3=CC=C(O)C(=C3)OC)=C(OC)C=C(O)C2,"InChI=1S/C17H14O6/c1-21-14-5-9(3-4-11(14)19)13-8-12(20)17-15(22-2)6-10(18)7-16(17)23-13/h3-8,18-19H,1-2H3",JDMXMMBASFOTIF-UHFFFAOYSA-N,3.2615999999999987,314.07903816799995
"InChI=1S/C16H12O6/c1-21-14-5-9(17)6-15-16(14)12(20)7-13(22-15)8-2-3-10(18)11(19)4-8/h2-7,17-19H,1H3",OZPMKAZMPNDLKX-UHFFFAOYSA-N,O1C=2C(C(=O)C=C1C3=CC=C(O)C(=C3)O)=C(OC)C=C(O)C2,"58115-29-0
Luteolin 5-methyl ether
2-(3,4-dihydroxyphenyl)-7-hydroxy-5-methoxychromen-4-one
RefChem:1088607
2-(3,4-dihydroxyphenyl)-7-hydroxy-5-methoxy-4H-chromen-4-one
4H-1-Benzopyran-4-one, 2-(3,4-dihydroxyphenyl)-7-hydroxy-5-methoxy-
MFCD18451060
CHEMBL1277701
3',4',7-Trihydroxy-5-methoxyflavone
5-O-methylluteolin
orb1681226
SCHEMBL2322974
SCHEMBL30255788
DTXSID00553400
AC9656
BDBM50330971
LMPK12110965
AKOS028113903
SY252782
3?,4?,7-TRIHYDROXY-5-METHOXYFLAVONE
2-(3,4-dihydroxyphenyl)-7-hydroxy-5-methoxy-chromen-4-one
2-(3,4-dihydroxyphenyl)-7-hydroxy-5-meth-oxy-4H-chromen-4-one
2-(3,4-Dihydroxyphenyl)-7-hydroxy-5-methoxy-4H-1-benzopyran-4-one
3 inverted exclamation mark ,4 inverted exclamation mark ,7-Trihydroxy-5-methoxyflavone",13964550,C16H12O6,300.06338810399996,3.0106,0,1,1,BTM00039,BTM00039,O-Dealkylation,BTMR0052,"CYP1A2
CYP2A6
CYP2C9
CYP2C19
CYP2D6
CYP2E1
CYP3A4",HUMAN,BTM00105,O1C=2C(C(=O)C=C1C3=CC=C(O)C(=C3)OC)=C(OC)C=C(O)C2,"InChI=1S/C17H14O6/c1-21-14-5-9(3-4-11(14)19)13-8-12(20)17-15(22-2)6-10(18)7-16(17)23-13/h3-8,18-19H,1-2H3",JDMXMMBASFOTIF-UHFFFAOYSA-N,3.2615999999999987,314.07903816799995
"InChI=1S/C17H14O7/c1-21-11-5-8(3-4-10(11)19)17-16(24-17)15(20)14-12(22-2)6-9(18)7-13(14)23-17/h3-7,16,18-19H,1-2H3",CATZCWHGGLQGHS-UHFFFAOYSA-N,O1C=2C(C(=O)C3C1(C4=CC=C(O)C(=C4)OC)O3)=C(OC)C=C(O)C2,,,C17H14O7,330.073952788,2.363399999999999,0,0,0,BTM00585,BTM00585,Epoxidation of vinyl ether,BTMR1026,"CYP1A2
CYP3A4",HUMAN,BTM00105,O1C=2C(C(=O)C=C1C3=CC=C(O)C(=C3)OC)=C(OC)C=C(O)C2,"InChI=1S/C17H14O6/c1-21-14-5-9(3-4-11(14)19)13-8-12(20)17-15(22-2)6-10(18)7-16(17)23-13/h3-8,18-19H,1-2H3",JDMXMMBASFOTIF-UHFFFAOYSA-N,3.2615999999999987,314.07903816799995
"InChI=1S/C16H12O6/c1-21-14-5-9(17)6-15-16(14)12(20)7-13(22-15)8-2-3-10(18)11(19)4-8/h2-7,17-19H,1H3",OZPMKAZMPNDLKX-UHFFFAOYSA-N,O1C=2C(C(=O)C=C1C3=CC=C(O)C(=C3)O)=C(OC)C=C(O)C2,"58115-29-0
Luteolin 5-methyl ether
2-(3,4-dihydroxyphenyl)-7-hydroxy-5-methoxychromen-4-one
RefChem:1088607
2-(3,4-dihydroxyphenyl)-7-hydroxy-5-methoxy-4H-chromen-4-one
4H-1-Benzopyran-4-one, 2-(3,4-dihydroxyphenyl)-7-hydroxy-5-methoxy-
MFCD18451060
CHEMBL1277701
3',4',7-Trihydroxy-5-methoxyflavone
5-O-methylluteolin
orb1681226
SCHEMBL2322974
SCHEMBL30255788
DTXSID00553400
AC9656
BDBM50330971
LMPK12110965
AKOS028113903
SY252782
3?,4?,7-TRIHYDROXY-5-METHOXYFLAVONE
2-(3,4-dihydroxyphenyl)-7-hydroxy-5-methoxy-chromen-4-one
2-(3,4-dihydroxyphenyl)-7-hydroxy-5-meth-oxy-4H-chromen-4-one
2-(3,4-Dihydroxyphenyl)-7-hydroxy-5-methoxy-4H-1-benzopyran-4-one
3 inverted exclamation mark ,4 inverted exclamation mark ,7-Trihydroxy-5-methoxyflavone",13964550,C16H12O6,300.06338810399996,3.0106,0,1,1,BTM00039,BTM00039,O-Dealkylation,BTMR0052,"CYP1A2
CYP2A6
CYP2C9
CYP2C19
CYP2D6
CYP2E1
CYP3A4",HUMAN,BTM00109,O1C=2C(C(=O)C=C1C3=CC=C(O)C(=C3)O)=C(OC)C=C(OC)C2,"InChI=1S/C17H14O6/c1-21-10-6-15(22-2)17-13(20)8-14(23-16(17)7-10)9-3-4-11(18)12(19)5-9/h3-8,18-19H,1-2H3",NKGJZNRUAGQIRY-UHFFFAOYSA-N,3.2615999999999987,314.079038168
"InChI=1S/C16H12O6/c1-21-9-5-12(19)16-13(20)7-14(22-15(16)6-9)8-2-3-10(17)11(18)4-8/h2-7,17-19H,1H3",RRRSSAVLTCVNIQ-UHFFFAOYSA-N,O1C=2C(C(=O)C=C1C3=CC=C(O)C(=C3)O)=C(O)C=C(OC)C2,"Hydroxygenkwanin
20243-59-8
7-O-Methylluteolin
Luteolin 7-methyl ether
4H-1-Benzopyran-4-one, 2-(3,4-dihydroxyphenyl)-5-hydroxy-7-methoxy-
5,3',4'-Trihydroxy-7-methoxyflavone
732GA1Z079
RefChem:925005
3'-hydroxygenkwanin
2-(3,4-Dihydroxyphenyl)-5-hydroxy-7-methoxy-4H-chromen-4-one
2-(3,4-dihydroxyphenyl)-5-hydroxy-7-methoxychromen-4-one
MFCD11046350
CHEMBL183745
2-(3,4-Dihydroxyphenyl)-5-hydroxy-7-methoxy-4H-1-benzopyran-4-one
2-(3,4-dihydroxyphenyl)-5-hydroxy-7-methoxy-chromen-4-one
2-(3,4-Dihydroxyphenyl)-5-Hydroxy-7-Methoxy-4h-1-Chromen-4-One
UNII-732GA1Z079
6B5
3'-hydroxy-genkwanin
Hydroxygenkwanin (Standard)
MEGxp0_000798
orb1302371
SCHEMBL4203893
SCHEMBL30074462
ACon1_000842
HY-N1438R
CHEBI:168675
HY-N1438
BDBM50240943
LMPK12111045
s9205
AKOS015999029
CCG-267462
FH74268
NCGC00169305-01
AC-34593
DA-54169
MS-24321
CS-0016871
Q27266123
2-(3,4-Dihydroxy-phenyl)-5-hydroxy-7-methoxy-chromen-4-one
2-(3,4-Dihydroxyphenyl)-5-hydroxy-7-methoxy-4H-1-benzopyran-4-one, 9CI",5318214,C16H12O6,300.06338810399996,3.0106,0,1,1,BTM00038,BTM00038,O-Dealkylation,BTMR0052,"CYP1A2
CYP2A6
CYP2C9
CYP2C19
CYP2D6
CYP2E1
CYP3A4",HUMAN,BTM00109,O1C=2C(C(=O)C=C1C3=CC=C(O)C(=C3)O)=C(OC)C=C(OC)C2,"InChI=1S/C17H14O6/c1-21-10-6-15(22-2)17-13(20)8-14(23-16(17)7-10)9-3-4-11(18)12(19)5-9/h3-8,18-19H,1-2H3",NKGJZNRUAGQIRY-UHFFFAOYSA-N,3.2615999999999987,314.079038168
"InChI=1S/C17H14O7/c1-21-9-6-12(22-2)14-13(7-9)23-17(16(24-17)15(14)20)8-3-4-10(18)11(19)5-8/h3-7,16,18-19H,1-2H3",DAAPUDFKXZNLQD-UHFFFAOYSA-N,O1C=2C(C(=O)C3C1(C4=CC=C(O)C(=C4)O)O3)=C(OC)C=C(OC)C2,,,C17H14O7,330.073952788,2.363399999999999,0,0,0,BTM00586,BTM00586,Epoxidation of vinyl ether,BTMR1026,"CYP1A2
CYP3A4",HUMAN,BTM00109,O1C=2C(C(=O)C=C1C3=CC=C(O)C(=C3)O)=C(OC)C=C(OC)C2,"InChI=1S/C17H14O6/c1-21-10-6-15(22-2)17-13(20)8-14(23-16(17)7-10)9-3-4-11(18)12(19)5-9/h3-8,18-19H,1-2H3",NKGJZNRUAGQIRY-UHFFFAOYSA-N,3.2615999999999987,314.079038168
"InChI=1S/C16H14O5/c1-20-11-6-12(18)16-13(19)8-14(21-15(16)7-11)9-2-4-10(17)5-3-9/h2-7,14,17-18H,8H2,1H3",DJOJDHGQRNZXQQ-UHFFFAOYSA-N,O1C=2C(C(=O)CC1C3=CC=C(O)C=C3)=C(O)C=C(OC)C2,"520-29-6
RefChem:505952
4'-5-Dihydroxy-7-methoxyflavanone, 7-O-Methylnaringenin, Naringenin 7-O-methyl ether
112-126-4
5-hydroxy-2-(4-hydroxyphenyl)-7-methoxychroman-4-one
(RS)-Sakuranetin
4',5-Dihydroxy-7-methoxyflavanone
MFCD07782262
NSC-407228
5-hydroxy-2-(4-hydroxyphenyl)-7-methoxy-2,3-dihydrochromen-4-one
CHEMBL74852
4H-1-Benzopyran-4-one,2,3-dihydro-5-hydroxy-2-(4-hydroxyphenyl)-7-methoxy-
NSC407228
5-Hydroxy-2-(4-hydroxy-phenyl)-7-methoxy-chroman-4-one
5-hydroxy-2-(4-hydroxyphenyl)-7-methoxy-3,4-dihydro-2H-1-benzopyran-4-one
4H-1-Benzopyran-4-one, 2,3-dihydro-5-hydroxy-2-(4-hydroxyphenyl)-7-methoxy-
MLS000876793
SCHEMBL555541
MEGxp0_000557
SCHEMBL29928748
ACon1_000001
HMS2271F13
BDBM50049387
AKOS015965397
5,4''-Dihydroxy-7-o-methoxyflavanone
FS66817
NCGC00168885-01
AC-20247
AC-34929
SMR000440561
ST098728
CS-0066106
NS00015854
Flavanone,5-dihydroxy-7-methoxy-, (S)-(-)-
AM-573/21243006
L000892
BRD-A32263173-001-01-2
5-Hydroxy-2-(4-hydroxyphenyl)-7-methoxy-2,3-dihydro-4H-chromen-4-one #
4H-1-Benzopyran-4-one,3-dihydro-5-hydroxy-2-(4-hydroxyphenyl)-7-methoxy-, (S)-
5-Hydroxy-2-(4-hydroxyphenyl)-7-methoxy-2,3-dihydro-4H-1-benzopyran-4-one",348130,C16H14O5,286.084123548,2.5486999999999997,0,0,0,BTM00044,BTM00044,Oxidation of secondary alcohol to ketone,BTMR0079,"CYP1A2
CYP2C9
CYP2C19",HUMAN,BTM00120,O1C=2C(C(O)CC1C3=CC=C(O)C=C3)=C(O)C=C(OC)C2,"InChI=1S/C16H16O5/c1-20-11-6-12(18)16-13(19)8-14(21-15(16)7-11)9-2-4-10(17)5-3-9/h2-7,13-14,17-19H,8H2,1H3",JVIMGWHMYWNXPU-UHFFFAOYSA-N,2.1798000000000006,288.099773612
"InChI=1S/C15H14O5/c16-9-3-1-8(2-4-9)13-7-12(19)15-11(18)5-10(17)6-14(15)20-13/h1-6,12-13,16-19H,7H2",RPKUCYSGAXIESU-UHFFFAOYSA-N,O1C=2C(C(O)CC1C3=CC=C(O)C=C3)=C(O)C=C(O)C2,"Apiferol
2-(4-hydroxyphenyl)chroman-4,5,7-triol
2-(4-hydroxyphenyl)-3,4-dihydro-2h-chromene-4,5,7-triol
SCHEMBL18397680
SCHEMBL29929197
LMPK12020166
(2xi,4xi)-4,4',5,7-Tetrahydroxyflavan",185795,C15H14O5,274.084123548,1.928799999999999,0,1,1,BTM00040,BTM00040,O-Dealkylation,BTMR0052,"CYP1A2
CYP2A6
CYP2C9
CYP2C19
CYP2D6
CYP2E1
CYP3A4",HUMAN,BTM00120,O1C=2C(C(O)CC1C3=CC=C(O)C=C3)=C(O)C=C(OC)C2,"InChI=1S/C16H16O5/c1-20-11-6-12(18)16-13(19)8-14(21-15(16)7-11)9-2-4-10(17)5-3-9/h2-7,13-14,17-19H,8H2,1H3",JVIMGWHMYWNXPU-UHFFFAOYSA-N,2.1798000000000006,288.099773612
"InChI=1S/C16H16O6/c1-21-9-5-12(19)16-13(20)7-14(22-15(16)6-9)8-2-3-10(17)11(18)4-8/h2-6,13-14,17-20H,7H2,1H3",LFDXVUCWXHMICD-UHFFFAOYSA-N,O1C=2C(C(O)CC1C3=CC=C(O)C(=C3)O)=C(O)C=C(OC)C2,,,C16H16O6,304.09468823199995,1.9124000000000008,0,1,1,BTM00296,BTM00296,"2-Hydroxylation of 1,4-disubstituted benzene",BTMR0037,CYP1A2,HUMAN,BTM00120,O1C=2C(C(O)CC1C3=CC=C(O)C=C3)=C(O)C=C(OC)C2,"InChI=1S/C16H16O5/c1-20-11-6-12(18)16-13(19)8-14(21-15(16)7-11)9-2-4-10(17)5-3-9/h2-7,13-14,17-19H,8H2,1H3",JVIMGWHMYWNXPU-UHFFFAOYSA-N,2.1798000000000006,288.099773612
"InChI=1S/C16H16O6/c1-21-10-6-11(18)13-12(7-10)22-16(15(20)14(13)19)8-2-4-9(17)5-3-8/h2-7,14-20H,1H3",LHFUOLSLPVMCJX-UHFFFAOYSA-N,O1C=2C(C(O)C(C1C3=CC=C(O)C=C3)O)=C(O)C=C(OC)C2,,,C16H16O6,304.09468823199995,1.606699999999998,0,1,1,BTM00327,BTM00327,Hydroxylation of heteroalicyclic secondary carbon,BTMR1071,CYP1A2,HUMAN,BTM00120,O1C=2C(C(O)CC1C3=CC=C(O)C=C3)=C(O)C=C(OC)C2,"InChI=1S/C16H16O5/c1-20-11-6-12(18)16-13(19)8-14(21-15(16)7-11)9-2-4-10(17)5-3-9/h2-7,13-14,17-19H,8H2,1H3",JVIMGWHMYWNXPU-UHFFFAOYSA-N,2.1798000000000006,288.099773612
"InChI=1S/C16H14O5/c1-20-14-6-11(18)7-15-16(14)12(19)8-13(21-15)9-2-4-10(17)5-3-9/h2-7,13,17-18H,8H2,1H3",CWZLMWSCLBFCBY-UHFFFAOYSA-N,O1C=2C(C(=O)CC1C3=CC=C(O)C=C3)=C(OC)C=C(O)C2,"Naringenin 5-methyl ether
7-hydroxy-2-(4-hydroxyphenyl)-5-methoxy-2,3-dihydrochromen-4-one
RefChem:1092284
61823-56-1
7-Hydroxy-2-(4-hydroxyphenyl)-5-methoxychroman-4-one
5-Methoxynaringenin
7-hydroxy-2-(4-hydroxyphenyl)-5-methoxy-2,3-dihydro-4h-chromen-4-one
Flavanone, 4',7-dihydroxy-5-methoxy-
SCHEMBL773766
CHEMBL501251
orb1683422
SCHEMBL30641776
5-O-Methylnaringenin; 7,4'-Dihydroxy-5-methoxyflavanone; Naringenin 5-methyl ether
CHEBI:178313
7,4'-Dihydroxy-5-methoxyflavanon
7,4'-dihydroxy-5-methoxy flavanone
LMPK12140555
AKOS030559476
B0005-189879",188424,C16H14O5,286.084123548,2.5486999999999997,0,0,0,BTM00045,BTM00045,Oxidation of secondary alcohol to ketone,BTMR0079,"CYP1A2
CYP2C9
CYP2C19",HUMAN,BTM00121,O1C=2C(C(O)CC1C3=CC=C(O)C=C3)=C(OC)C=C(O)C2,"InChI=1S/C16H16O5/c1-20-14-6-11(18)7-15-16(14)12(19)8-13(21-15)9-2-4-10(17)5-3-9/h2-7,12-13,17-19H,8H2,1H3",QNJQVYFNIRYAFH-UHFFFAOYSA-N,2.1798000000000006,288.09977361200004
"InChI=1S/C15H14O5/c16-9-3-1-8(2-4-9)13-7-12(19)15-11(18)5-10(17)6-14(15)20-13/h1-6,12-13,16-19H,7H2",RPKUCYSGAXIESU-UHFFFAOYSA-N,O1C=2C(C(O)CC1C3=CC=C(O)C=C3)=C(O)C=C(O)C2,"Apiferol
2-(4-hydroxyphenyl)chroman-4,5,7-triol
2-(4-hydroxyphenyl)-3,4-dihydro-2h-chromene-4,5,7-triol
SCHEMBL18397680
SCHEMBL29929197
LMPK12020166
(2xi,4xi)-4,4',5,7-Tetrahydroxyflavan",185795,C15H14O5,274.084123548,1.928799999999999,0,1,1,BTM00040,BTM00040,O-Dealkylation,BTMR0052,"CYP1A2
CYP2A6
CYP2C9
CYP2C19
CYP2D6
CYP2E1
CYP3A4",HUMAN,BTM00121,O1C=2C(C(O)CC1C3=CC=C(O)C=C3)=C(OC)C=C(O)C2,"InChI=1S/C16H16O5/c1-20-14-6-11(18)7-15-16(14)12(19)8-13(21-15)9-2-4-10(17)5-3-9/h2-7,12-13,17-19H,8H2,1H3",QNJQVYFNIRYAFH-UHFFFAOYSA-N,2.1798000000000006,288.09977361200004
"InChI=1S/C16H16O6/c1-21-14-5-9(17)6-15-16(14)12(20)7-13(22-15)8-2-3-10(18)11(19)4-8/h2-6,12-13,17-20H,7H2,1H3",ZUKOKTMXAOYRMI-UHFFFAOYSA-N,O1C=2C(C(O)CC1C3=CC=C(O)C(=C3)O)=C(OC)C=C(O)C2,,,C16H16O6,304.09468823199995,1.9124000000000008,0,1,1,BTM00297,BTM00297,"2-Hydroxylation of 1,4-disubstituted benzene",BTMR0037,CYP1A2,HUMAN,BTM00121,O1C=2C(C(O)CC1C3=CC=C(O)C=C3)=C(OC)C=C(O)C2,"InChI=1S/C16H16O5/c1-20-14-6-11(18)7-15-16(14)12(19)8-13(21-15)9-2-4-10(17)5-3-9/h2-7,12-13,17-19H,8H2,1H3",QNJQVYFNIRYAFH-UHFFFAOYSA-N,2.1798000000000006,288.09977361200004
"InChI=1S/C16H16O6/c1-21-11-6-10(18)7-12-13(11)14(19)15(20)16(22-12)8-2-4-9(17)5-3-8/h2-7,14-20H,1H3",CBNPBINEAFHOFN-UHFFFAOYSA-N,O1C=2C(C(O)C(C1C3=CC=C(O)C=C3)O)=C(OC)C=C(O)C2,,,C16H16O6,304.09468823199995,1.606699999999998,0,1,1,BTM00328,BTM00328,Hydroxylation of heteroalicyclic secondary carbon,BTMR1071,CYP1A2,HUMAN,BTM00121,O1C=2C(C(O)CC1C3=CC=C(O)C=C3)=C(OC)C=C(O)C2,"InChI=1S/C16H16O5/c1-20-14-6-11(18)7-15-16(14)12(19)8-13(21-15)9-2-4-10(17)5-3-9/h2-7,12-13,17-19H,8H2,1H3",QNJQVYFNIRYAFH-UHFFFAOYSA-N,2.1798000000000006,288.09977361200004
"InChI=1S/C16H14O5/c1-20-11-4-2-9(3-5-11)14-8-13(19)16-12(18)6-10(17)7-15(16)21-14/h2-7,14,17-18H,8H2,1H3",HMUJXQRRKBLVOO-UHFFFAOYSA-N,O1C=2C(C(=O)CC1C3=CC=C(OC)C=C3)=C(O)C=C(O)C2,"26207-61-4
RefChem:442343
2,3-Dihydro-5,7-dihydroxy-2-(4-methoxyphenyl)-4H-1-benzopyran-4-one
112-592-9
5,7-dihydroxy-2-(4-methoxyphenyl)chroman-4-one
Citrifoliol
MFCD00017313
PTP inhibitor, 4n
ACACETIN_met004
CHEMBL485252
SCHEMBL5067423
SCHEMBL31128790
CHEBI:193496
HMUJXQRRKBLVOO-UHFFFAOYSA-N
5,7-dihydroxy-2-(4-methoxyphenyl)-2,3-dihydrochromen-4-one
BDBM243062
5,7-dihydroxy-2-(4-methoxyphenyl)-3,4-dihydro-2H-1-benzopyran-4-one
AKOS024287053
ST098360
DB-051506
5,7-Dihydroxy-2-(4-methoxy-phenyl)-chroman-4-one",5118250,C16H14O5,286.084123548,2.5486999999999997,0,0,0,BTM00046,BTM00046,Oxidation of secondary alcohol to ketone,BTMR0079,"CYP1A2
CYP2C9
CYP2C19",HUMAN,BTM00122,O1C=2C(C(O)CC1C3=CC=C(OC)C=C3)=C(O)C=C(O)C2,"InChI=1S/C16H16O5/c1-20-11-4-2-9(3-5-11)14-8-13(19)16-12(18)6-10(17)7-15(16)21-14/h2-7,13-14,17-19H,8H2,1H3",KLWPITHPPHBTPB-UHFFFAOYSA-N,2.1798000000000006,288.099773612
"InChI=1S/C15H14O5/c16-9-3-1-8(2-4-9)13-7-12(19)15-11(18)5-10(17)6-14(15)20-13/h1-6,12-13,16-19H,7H2",RPKUCYSGAXIESU-UHFFFAOYSA-N,O1C=2C(C(O)CC1C3=CC=C(O)C=C3)=C(O)C=C(O)C2,"Apiferol
2-(4-hydroxyphenyl)chroman-4,5,7-triol
2-(4-hydroxyphenyl)-3,4-dihydro-2h-chromene-4,5,7-triol
SCHEMBL18397680
SCHEMBL29929197
LMPK12020166
(2xi,4xi)-4,4',5,7-Tetrahydroxyflavan",185795,C15H14O5,274.084123548,1.928799999999999,0,1,1,BTM00040,BTM00040,O-Dealkylation,BTMR0052,"CYP1A2
CYP2A6
CYP2C9
CYP2C19
CYP2D6
CYP2E1
CYP3A4",HUMAN,BTM00122,O1C=2C(C(O)CC1C3=CC=C(OC)C=C3)=C(O)C=C(O)C2,"InChI=1S/C16H16O5/c1-20-11-4-2-9(3-5-11)14-8-13(19)16-12(18)6-10(17)7-15(16)21-14/h2-7,13-14,17-19H,8H2,1H3",KLWPITHPPHBTPB-UHFFFAOYSA-N,2.1798000000000006,288.099773612
"InChI=1S/C16H16O6/c1-21-13-3-2-8(4-10(13)18)14-7-12(20)16-11(19)5-9(17)6-15(16)22-14/h2-6,12,14,17-20H,7H2,1H3",YFMHTEHRYRBZBO-UHFFFAOYSA-N,O1C=2C(C(O)CC1C3=CC=C(OC)C(=C3)O)=C(O)C=C(O)C2,SCHEMBL23067811,123204579,C16H16O6,304.09468823199995,1.9124000000000008,0,1,1,BTM00285,BTM00285,"2-Hydroxylation of 1,4-disubstituted benzene",BTMR0037,CYP1A2,HUMAN,BTM00122,O1C=2C(C(O)CC1C3=CC=C(OC)C=C3)=C(O)C=C(O)C2,"InChI=1S/C16H16O5/c1-20-11-4-2-9(3-5-11)14-8-13(19)16-12(18)6-10(17)7-15(16)21-14/h2-7,13-14,17-19H,8H2,1H3",KLWPITHPPHBTPB-UHFFFAOYSA-N,2.1798000000000006,288.099773612
"InChI=1S/C16H16O6/c1-21-10-4-2-8(3-5-10)16-15(20)14(19)13-11(18)6-9(17)7-12(13)22-16/h2-7,14-20H,1H3",GIHMCODANBIJMV-UHFFFAOYSA-N,O1C=2C(C(O)C(C1C3=CC=C(OC)C=C3)O)=C(O)C=C(O)C2,"61823-40-3
DTXSID10796745
2-(4-Methoxyphenyl)-3,4-dihydro-2H-1-benzopyran-3,4,5,7-tetrol",71373942,C16H16O6,304.09468823199995,1.606699999999998,0,1,1,BTM00329,BTM00329,Hydroxylation of heteroalicyclic secondary carbon,BTMR1071,CYP1A2,HUMAN,BTM00122,O1C=2C(C(O)CC1C3=CC=C(OC)C=C3)=C(O)C=C(O)C2,"InChI=1S/C16H16O5/c1-20-11-4-2-9(3-5-11)14-8-13(19)16-12(18)6-10(17)7-15(16)21-14/h2-7,13-14,17-19H,8H2,1H3",KLWPITHPPHBTPB-UHFFFAOYSA-N,2.1798000000000006,288.099773612
"InChI=1S/C16H14O5/c1-20-14-6-11(18)7-15-16(14)12(19)8-13(21-15)9-2-4-10(17)5-3-9/h2-7,13,17-18H,8H2,1H3",CWZLMWSCLBFCBY-UHFFFAOYSA-N,O1C=2C(C(=O)CC1C3=CC=C(O)C=C3)=C(OC)C=C(O)C2,"Naringenin 5-methyl ether
7-hydroxy-2-(4-hydroxyphenyl)-5-methoxy-2,3-dihydrochromen-4-one
RefChem:1092284
61823-56-1
7-Hydroxy-2-(4-hydroxyphenyl)-5-methoxychroman-4-one
5-Methoxynaringenin
7-hydroxy-2-(4-hydroxyphenyl)-5-methoxy-2,3-dihydro-4h-chromen-4-one
Flavanone, 4',7-dihydroxy-5-methoxy-
SCHEMBL773766
CHEMBL501251
orb1683422
SCHEMBL30641776
5-O-Methylnaringenin; 7,4'-Dihydroxy-5-methoxyflavanone; Naringenin 5-methyl ether
CHEBI:178313
7,4'-Dihydroxy-5-methoxyflavanon
7,4'-dihydroxy-5-methoxy flavanone
LMPK12140555
AKOS030559476
B0005-189879",188424,C16H14O5,286.084123548,2.5486999999999997,0,0,0,BTM00045,BTM00045,O-Dealkylation,BTMR0052,"CYP1A2
CYP2A6
CYP2C9
CYP2C19
CYP2D6
CYP2E1
CYP3A4",HUMAN,BTM00125,O1C=2C(C(=O)CC1C3=CC=C(O)C=C3)=C(OC)C=C(OC)C2,"InChI=1S/C17H16O5/c1-20-12-7-15(21-2)17-13(19)9-14(22-16(17)8-12)10-3-5-11(18)6-4-10/h3-8,14,18H,9H2,1-2H3",REBBZOCNEVVAPX-UHFFFAOYSA-N,2.7996999999999983,300.099773612
"InChI=1S/C16H14O5/c1-20-11-6-12(18)16-13(19)8-14(21-15(16)7-11)9-2-4-10(17)5-3-9/h2-7,14,17-18H,8H2,1H3",DJOJDHGQRNZXQQ-UHFFFAOYSA-N,O1C=2C(C(=O)CC1C3=CC=C(O)C=C3)=C(O)C=C(OC)C2,"520-29-6
RefChem:505952
4'-5-Dihydroxy-7-methoxyflavanone, 7-O-Methylnaringenin, Naringenin 7-O-methyl ether
112-126-4
5-hydroxy-2-(4-hydroxyphenyl)-7-methoxychroman-4-one
(RS)-Sakuranetin
4',5-Dihydroxy-7-methoxyflavanone
MFCD07782262
NSC-407228
5-hydroxy-2-(4-hydroxyphenyl)-7-methoxy-2,3-dihydrochromen-4-one
CHEMBL74852
4H-1-Benzopyran-4-one,2,3-dihydro-5-hydroxy-2-(4-hydroxyphenyl)-7-methoxy-
NSC407228
5-Hydroxy-2-(4-hydroxy-phenyl)-7-methoxy-chroman-4-one
5-hydroxy-2-(4-hydroxyphenyl)-7-methoxy-3,4-dihydro-2H-1-benzopyran-4-one
4H-1-Benzopyran-4-one, 2,3-dihydro-5-hydroxy-2-(4-hydroxyphenyl)-7-methoxy-
MLS000876793
SCHEMBL555541
MEGxp0_000557
SCHEMBL29928748
ACon1_000001
HMS2271F13
BDBM50049387
AKOS015965397
5,4''-Dihydroxy-7-o-methoxyflavanone
FS66817
NCGC00168885-01
AC-20247
AC-34929
SMR000440561
ST098728
CS-0066106
NS00015854
Flavanone,5-dihydroxy-7-methoxy-, (S)-(-)-
AM-573/21243006
L000892
BRD-A32263173-001-01-2
5-Hydroxy-2-(4-hydroxyphenyl)-7-methoxy-2,3-dihydro-4H-chromen-4-one #
4H-1-Benzopyran-4-one,3-dihydro-5-hydroxy-2-(4-hydroxyphenyl)-7-methoxy-, (S)-
5-Hydroxy-2-(4-hydroxyphenyl)-7-methoxy-2,3-dihydro-4H-1-benzopyran-4-one",348130,C16H14O5,286.084123548,2.5486999999999997,0,0,0,BTM00044,BTM00044,O-Dealkylation,BTMR0052,"CYP1A2
CYP2A6
CYP2C9
CYP2C19
CYP2D6
CYP2E1
CYP3A4",HUMAN,BTM00125,O1C=2C(C(=O)CC1C3=CC=C(O)C=C3)=C(OC)C=C(OC)C2,"InChI=1S/C17H16O5/c1-20-12-7-15(21-2)17-13(19)9-14(22-16(17)8-12)10-3-5-11(18)6-4-10/h3-8,14,18H,9H2,1-2H3",REBBZOCNEVVAPX-UHFFFAOYSA-N,2.7996999999999983,300.099773612
"InChI=1S/C17H16O6/c1-21-10-6-15(22-2)17-13(20)8-14(23-16(17)7-10)9-3-4-11(18)12(19)5-9/h3-7,14,18-19H,8H2,1-2H3",ZUVFGPUKMNGJTR-UHFFFAOYSA-N,O1C=2C(C(=O)CC1C3=CC=C(O)C(=C3)O)=C(OC)C=C(OC)C2,,,C17H16O6,316.09468823199995,2.532299999999999,0,0,0,BTM00312,BTM00312,"2-Hydroxylation of 1,4-disubstituted benzene",BTMR0037,CYP1A2,HUMAN,BTM00125,O1C=2C(C(=O)CC1C3=CC=C(O)C=C3)=C(OC)C=C(OC)C2,"InChI=1S/C17H16O5/c1-20-12-7-15(21-2)17-13(19)9-14(22-16(17)8-12)10-3-5-11(18)6-4-10/h3-8,14,18H,9H2,1-2H3",REBBZOCNEVVAPX-UHFFFAOYSA-N,2.7996999999999983,300.099773612
"InChI=1S/C17H16O6/c1-21-11-7-12(22-2)14-13(8-11)23-17(16(20)15(14)19)9-3-5-10(18)6-4-9/h3-8,16-18,20H,1-2H3",COAPWVZMQPXXGQ-UHFFFAOYSA-N,O1C=2C(C(=O)C(C1C3=CC=C(O)C=C3)O)=C(OC)C=C(OC)C2,,,C17H16O6,316.09468823199995,2.254199999999999,0,0,0,BTM00335,BTM00335,Hydroxylation of heteroalicyclic secondary carbon,BTMR1071,CYP1A2,HUMAN,BTM00125,O1C=2C(C(=O)CC1C3=CC=C(O)C=C3)=C(OC)C=C(OC)C2,"InChI=1S/C17H16O5/c1-20-12-7-15(21-2)17-13(19)9-14(22-16(17)8-12)10-3-5-11(18)6-4-10/h3-8,14,18H,9H2,1-2H3",REBBZOCNEVVAPX-UHFFFAOYSA-N,2.7996999999999983,300.099773612
"InChI=1S/C16H14O5/c1-20-11-4-2-9(3-5-11)14-8-13(19)16-12(18)6-10(17)7-15(16)21-14/h2-7,14,17-18H,8H2,1H3",HMUJXQRRKBLVOO-UHFFFAOYSA-N,O1C=2C(C(=O)CC1C3=CC=C(OC)C=C3)=C(O)C=C(O)C2,"26207-61-4
RefChem:442343
2,3-Dihydro-5,7-dihydroxy-2-(4-methoxyphenyl)-4H-1-benzopyran-4-one
112-592-9
5,7-dihydroxy-2-(4-methoxyphenyl)chroman-4-one
Citrifoliol
MFCD00017313
PTP inhibitor, 4n
ACACETIN_met004
CHEMBL485252
SCHEMBL5067423
SCHEMBL31128790
CHEBI:193496
HMUJXQRRKBLVOO-UHFFFAOYSA-N
5,7-dihydroxy-2-(4-methoxyphenyl)-2,3-dihydrochromen-4-one
BDBM243062
5,7-dihydroxy-2-(4-methoxyphenyl)-3,4-dihydro-2H-1-benzopyran-4-one
AKOS024287053
ST098360
DB-051506
5,7-Dihydroxy-2-(4-methoxy-phenyl)-chroman-4-one",5118250,C16H14O5,286.084123548,2.5486999999999997,0,0,0,BTM00046,BTM00046,O-Dealkylation,BTMR0052,"CYP1A2
CYP2A6
CYP2C9
CYP2C19
CYP2D6
CYP2E1
CYP3A4",HUMAN,BTM00126,O1C=2C(C(=O)CC1C3=CC=C(OC)C=C3)=C(O)C=C(OC)C2,"InChI=1S/C17H16O5/c1-20-11-5-3-10(4-6-11)15-9-14(19)17-13(18)7-12(21-2)8-16(17)22-15/h3-8,15,18H,9H2,1-2H3",CKEXCBVNKRHAMX-UHFFFAOYSA-N,2.7996999999999983,300.099773612
"InChI=1S/C16H14O5/c1-20-11-6-12(18)16-13(19)8-14(21-15(16)7-11)9-2-4-10(17)5-3-9/h2-7,14,17-18H,8H2,1H3",DJOJDHGQRNZXQQ-UHFFFAOYSA-N,O1C=2C(C(=O)CC1C3=CC=C(O)C=C3)=C(O)C=C(OC)C2,"520-29-6
RefChem:505952
4'-5-Dihydroxy-7-methoxyflavanone, 7-O-Methylnaringenin, Naringenin 7-O-methyl ether
112-126-4
5-hydroxy-2-(4-hydroxyphenyl)-7-methoxychroman-4-one
(RS)-Sakuranetin
4',5-Dihydroxy-7-methoxyflavanone
MFCD07782262
NSC-407228
5-hydroxy-2-(4-hydroxyphenyl)-7-methoxy-2,3-dihydrochromen-4-one
CHEMBL74852
4H-1-Benzopyran-4-one,2,3-dihydro-5-hydroxy-2-(4-hydroxyphenyl)-7-methoxy-
NSC407228
5-Hydroxy-2-(4-hydroxy-phenyl)-7-methoxy-chroman-4-one
5-hydroxy-2-(4-hydroxyphenyl)-7-methoxy-3,4-dihydro-2H-1-benzopyran-4-one
4H-1-Benzopyran-4-one, 2,3-dihydro-5-hydroxy-2-(4-hydroxyphenyl)-7-methoxy-
MLS000876793
SCHEMBL555541
MEGxp0_000557
SCHEMBL29928748
ACon1_000001
HMS2271F13
BDBM50049387
AKOS015965397
5,4''-Dihydroxy-7-o-methoxyflavanone
FS66817
NCGC00168885-01
AC-20247
AC-34929
SMR000440561
ST098728
CS-0066106
NS00015854
Flavanone,5-dihydroxy-7-methoxy-, (S)-(-)-
AM-573/21243006
L000892
BRD-A32263173-001-01-2
5-Hydroxy-2-(4-hydroxyphenyl)-7-methoxy-2,3-dihydro-4H-chromen-4-one #
4H-1-Benzopyran-4-one,3-dihydro-5-hydroxy-2-(4-hydroxyphenyl)-7-methoxy-, (S)-
5-Hydroxy-2-(4-hydroxyphenyl)-7-methoxy-2,3-dihydro-4H-1-benzopyran-4-one",348130,C16H14O5,286.084123548,2.5486999999999997,0,0,0,BTM00044,BTM00044,O-Dealkylation,BTMR0052,"CYP1A2
CYP2A6
CYP2C9
CYP2C19
CYP2D6
CYP2E1
CYP3A4",HUMAN,BTM00126,O1C=2C(C(=O)CC1C3=CC=C(OC)C=C3)=C(O)C=C(OC)C2,"InChI=1S/C17H16O5/c1-20-11-5-3-10(4-6-11)15-9-14(19)17-13(18)7-12(21-2)8-16(17)22-15/h3-8,15,18H,9H2,1-2H3",CKEXCBVNKRHAMX-UHFFFAOYSA-N,2.7996999999999983,300.099773612
"InChI=1S/C17H16O6/c1-21-10-6-12(19)17-13(20)8-15(23-16(17)7-10)9-3-4-14(22-2)11(18)5-9/h3-7,15,18-19H,8H2,1-2H3",LWBHKKLWSUFUNZ-UHFFFAOYSA-N,O1C=2C(C(=O)CC1C3=CC=C(OC)C(=C3)O)=C(O)C=C(OC)C2,"Persicogenin
28590-40-1
5-hydroxy-2-(3-hydroxy-4-methoxyphenyl)-7-methoxy-2,3-dihydrochromen-4-one
DTXSID10313097
RefChem:171866
DTXCID00264221
3',5-Dihydroxy-4',7-dimethoxyflavanone
5,3'-dihydroxy-7,4'-dimethoxyflavanone
NSC266222
Hesperidin Impurity 11
SCHEMBL13889072
SCHEMBL29887710
CHEBI:175060
DBA59040
7,4'-DI-O-METHYLERIODICTYOL
LMPK12140588
NSC-266222
DA-56707
5,3'-dihydroxy-7,4'-dimethoxy flavanone
5-Hydroxy-2-(3-hydroxy-4-methoxyphenyl)-7-methoxy-2,3-dihydro-4H-1-benzopyran-4-one",320054,C17H16O6,316.09468823199995,2.532299999999999,0,0,0,BTM00301,BTM00301,"2-Hydroxylation of 1,4-disubstituted benzene",BTMR0037,CYP1A2,HUMAN,BTM00126,O1C=2C(C(=O)CC1C3=CC=C(OC)C=C3)=C(O)C=C(OC)C2,"InChI=1S/C17H16O5/c1-20-11-5-3-10(4-6-11)15-9-14(19)17-13(18)7-12(21-2)8-16(17)22-15/h3-8,15,18H,9H2,1-2H3",CKEXCBVNKRHAMX-UHFFFAOYSA-N,2.7996999999999983,300.099773612
"InChI=1S/C17H16O6/c1-21-10-5-3-9(4-6-10)17-16(20)15(19)14-12(18)7-11(22-2)8-13(14)23-17/h3-8,16-18,20H,1-2H3",FEKOGNMSBYBYSO-UHFFFAOYSA-N,O1C=2C(C(=O)C(C1C3=CC=C(OC)C=C3)O)=C(O)C=C(OC)C2,,,C17H16O6,316.09468823199995,2.254199999999999,0,0,0,BTM00336,BTM00336,Hydroxylation of heteroalicyclic secondary carbon,BTMR1071,CYP1A2,HUMAN,BTM00126,O1C=2C(C(=O)CC1C3=CC=C(OC)C=C3)=C(O)C=C(OC)C2,"InChI=1S/C17H16O5/c1-20-11-5-3-10(4-6-11)15-9-14(19)17-13(18)7-12(21-2)8-16(17)22-15/h3-8,15,18H,9H2,1-2H3",CKEXCBVNKRHAMX-UHFFFAOYSA-N,2.7996999999999983,300.099773612
"InChI=1S/C16H14O5/c1-20-11-4-2-9(3-5-11)14-8-13(19)16-12(18)6-10(17)7-15(16)21-14/h2-7,14,17-18H,8H2,1H3",HMUJXQRRKBLVOO-UHFFFAOYSA-N,O1C=2C(C(=O)CC1C3=CC=C(OC)C=C3)=C(O)C=C(O)C2,"26207-61-4
RefChem:442343
2,3-Dihydro-5,7-dihydroxy-2-(4-methoxyphenyl)-4H-1-benzopyran-4-one
112-592-9
5,7-dihydroxy-2-(4-methoxyphenyl)chroman-4-one
Citrifoliol
MFCD00017313
PTP inhibitor, 4n
ACACETIN_met004
CHEMBL485252
SCHEMBL5067423
SCHEMBL31128790
CHEBI:193496
HMUJXQRRKBLVOO-UHFFFAOYSA-N
5,7-dihydroxy-2-(4-methoxyphenyl)-2,3-dihydrochromen-4-one
BDBM243062
5,7-dihydroxy-2-(4-methoxyphenyl)-3,4-dihydro-2H-1-benzopyran-4-one
AKOS024287053
ST098360
DB-051506
5,7-Dihydroxy-2-(4-methoxy-phenyl)-chroman-4-one",5118250,C16H14O5,286.084123548,2.5486999999999997,0,0,0,BTM00046,BTM00046,O-Dealkylation,BTMR0052,"CYP1A2
CYP2A6
CYP2C9
CYP2C19
CYP2D6
CYP2E1
CYP3A4",HUMAN,BTM00131,O1C=2C(C(=O)CC1C3=CC=C(OC)C=C3)=C(OC)C=C(O)C2,"InChI=1S/C17H16O5/c1-20-12-5-3-10(4-6-12)14-9-13(19)17-15(21-2)7-11(18)8-16(17)22-14/h3-8,14,18H,9H2,1-2H3",KFGFEKHSEPSVNO-UHFFFAOYSA-N,2.7996999999999983,300.099773612
"InChI=1S/C16H14O5/c1-20-14-6-11(18)7-15-16(14)12(19)8-13(21-15)9-2-4-10(17)5-3-9/h2-7,13,17-18H,8H2,1H3",CWZLMWSCLBFCBY-UHFFFAOYSA-N,O1C=2C(C(=O)CC1C3=CC=C(O)C=C3)=C(OC)C=C(O)C2,"Naringenin 5-methyl ether
7-hydroxy-2-(4-hydroxyphenyl)-5-methoxy-2,3-dihydrochromen-4-one
RefChem:1092284
61823-56-1
7-Hydroxy-2-(4-hydroxyphenyl)-5-methoxychroman-4-one
5-Methoxynaringenin
7-hydroxy-2-(4-hydroxyphenyl)-5-methoxy-2,3-dihydro-4h-chromen-4-one
Flavanone, 4',7-dihydroxy-5-methoxy-
SCHEMBL773766
CHEMBL501251
orb1683422
SCHEMBL30641776
5-O-Methylnaringenin; 7,4'-Dihydroxy-5-methoxyflavanone; Naringenin 5-methyl ether
CHEBI:178313
7,4'-Dihydroxy-5-methoxyflavanon
7,4'-dihydroxy-5-methoxy flavanone
LMPK12140555
AKOS030559476
B0005-189879",188424,C16H14O5,286.084123548,2.5486999999999997,0,0,0,BTM00045,BTM00045,O-Dealkylation,BTMR0052,"CYP1A2
CYP2A6
CYP2C9
CYP2C19
CYP2D6
CYP2E1
CYP3A4",HUMAN,BTM00131,O1C=2C(C(=O)CC1C3=CC=C(OC)C=C3)=C(OC)C=C(O)C2,"InChI=1S/C17H16O5/c1-20-12-5-3-10(4-6-12)14-9-13(19)17-15(21-2)7-11(18)8-16(17)22-14/h3-8,14,18H,9H2,1-2H3",KFGFEKHSEPSVNO-UHFFFAOYSA-N,2.7996999999999983,300.099773612
"InChI=1S/C17H16O6/c1-21-13-4-3-9(5-11(13)19)14-8-12(20)17-15(22-2)6-10(18)7-16(17)23-14/h3-7,14,18-19H,8H2,1-2H3",AAGUAUBOYZASIR-UHFFFAOYSA-N,O1C=2C(C(=O)CC1C3=CC=C(OC)C(=C3)O)=C(OC)C=C(O)C2,,,C17H16O6,316.09468823199995,2.532299999999999,0,0,0,BTM00302,BTM00302,"2-Hydroxylation of 1,4-disubstituted benzene",BTMR0037,CYP1A2,HUMAN,BTM00131,O1C=2C(C(=O)CC1C3=CC=C(OC)C=C3)=C(OC)C=C(O)C2,"InChI=1S/C17H16O5/c1-20-12-5-3-10(4-6-12)14-9-13(19)17-15(21-2)7-11(18)8-16(17)22-14/h3-8,14,18H,9H2,1-2H3",KFGFEKHSEPSVNO-UHFFFAOYSA-N,2.7996999999999983,300.099773612
"InChI=1S/C17H16O6/c1-21-11-5-3-9(4-6-11)17-16(20)15(19)14-12(22-2)7-10(18)8-13(14)23-17/h3-8,16-18,20H,1-2H3",WWOODAOPZBVOGE-UHFFFAOYSA-N,O1C=2C(C(=O)C(C1C3=CC=C(OC)C=C3)O)=C(OC)C=C(O)C2,,,C17H16O6,316.09468823199995,2.254199999999999,0,0,0,BTM00342,BTM00342,Hydroxylation of heteroalicyclic secondary carbon,BTMR1071,CYP1A2,HUMAN,BTM00131,O1C=2C(C(=O)CC1C3=CC=C(OC)C=C3)=C(OC)C=C(O)C2,"InChI=1S/C17H16O5/c1-20-12-5-3-10(4-6-12)14-9-13(19)17-15(21-2)7-11(18)8-16(17)22-14/h3-8,14,18H,9H2,1-2H3",KFGFEKHSEPSVNO-UHFFFAOYSA-N,2.7996999999999983,300.099773612
"InChI=1S/C16H14O5/c1-20-9-6-12(18)16-13(19)8-14(21-15(16)7-9)10-4-2-3-5-11(10)17/h2-8,13,17-19H,1H3",QBHDZBUYSJUNEK-UHFFFAOYSA-N,O1C=2C(C(O)C=C1C3=C(C=CC=C3)O)=C(O)C=C(OC)C2,,,C16H14O5,286.084123548,2.1887999999999996,0,1,1,BTM00355,BTM00355,O-Hydroxylation of monosubstituted benzene,BTMR1034,"CYP1A2
CYP2C8
CYP2C9
CYP2C19
CYP3A4",HUMAN,BTM00139,O1C=2C(C(O)C=C1C3=CC=CC=C3)=C(O)C=C(OC)C2,"InChI=1S/C16H14O4/c1-19-11-7-12(17)16-13(18)9-14(20-15(16)8-11)10-5-3-2-4-6-10/h2-9,13,17-18H,1H3",AXPMATZXGGXSAF-UHFFFAOYSA-N,2.4562,270.089208928
"InChI=1S/C16H12O4/c1-19-11-7-12(17)16-13(18)9-14(20-15(16)8-11)10-5-3-2-4-6-10/h2-9,17H,1H3",IRZVHDLBAYNPCT-UHFFFAOYSA-N,O1C=2C(C(=O)C=C1C3=CC=CC=C3)=C(O)C=C(OC)C2,"Tectochrysin
520-28-5
5-Hydroxy-7-methoxyflavone
Techtochrysin
7-Methoxy-5-hydroxyflavone
5-hydroxy-7-methoxy-2-phenylchromen-4-one
Flavone, 5-hydroxy-7-methoxy-
4H-1-Benzopyran-4-one, 5-hydroxy-7-methoxy-2-phenyl-
9UBO28W2AK
NSC-80687
5-hydroxy-7-methoxy-2-phenyl-4H-1-benzopyran-4-one
CHEBI:9426
DTXSID40199962
RefChem:187693
DTXCID00122453
5-Hydroxy-7-methoxy-2-phenyl-4H-chromen-4-one
Methyl chrysin
7-O-METHYLCHRYSIN
MFCD00016945
Techtochrysin;NSC 80687
5-Hydroxy-7-methoxy-2-phenyl-chromen-4-one
Techtochrysine
Tecto-chrysin
SMR000387029
5-Hydroxy-7-methylflavone; 7-O-Methylchrysin; Tectochrysine
7-methoxycrysin
NSC 80687
Chrysin 7-methylether
chrysin-7-methyl ether
Tectochrysin (Standard)
Maybridge3_003219
UNII-9UBO28W2AK
Oprea1_023530
Oprea1_215176
MLS000697658
MLS001049041
SCHEMBL249043
CHEMBL164841
orb1303377
SCHEMBL29494561
WLZ4716
HMS1440C07
HMS2267G17
NSC80687
TNP00038
BDBM50423793
CCG-43780
HY-14592R
LMPK12110190
s3256
STK078936
AKOS000522399
EBC-466056
FT66186
IDI1_014606
NCGC00017176-01
NCGC00017176-02
NCGC00017176-03
NCGC00142540-01
AC-35028
BS-48960
HY-14592
ST057541
DB-052063
CS-0003465
2-PHENYL-5-HYDROXY-7-METHOXYCHROMONE
VU0254572-3
AB00637079-07
SR-01000402578
5-Hydroxy-7-methoxy-2-phenyl-4H-chromen-4-one #
Q3516969
SR-01000402578-1
SR-01000402578-2
F3097-0487",5281954,C16H12O4,268.073558864,3.5454,0,0,0,BTM00050,BTM00050,Oxidation of secondary alcohol to ketone,BTMR0079,"CYP1A2
CYP2C9
CYP2C19",HUMAN,BTM00139,O1C=2C(C(O)C=C1C3=CC=CC=C3)=C(O)C=C(OC)C2,"InChI=1S/C16H14O4/c1-19-11-7-12(17)16-13(18)9-14(20-15(16)8-11)10-5-3-2-4-6-10/h2-9,13,17-18H,1H3",AXPMATZXGGXSAF-UHFFFAOYSA-N,2.4562,270.089208928
"InChI=1S/C15H12O4/c16-10-6-11(17)15-12(18)8-13(19-14(15)7-10)9-4-2-1-3-5-9/h1-8,12,16-18H",KSDWUEWFECEPMU-UHFFFAOYSA-N,O1C=2C(C(O)C=C1C3=CC=CC=C3)=C(O)C=C(O)C2,,,C15H12O4,256.073558864,2.2051999999999996,0,1,1,BTM00047,BTM00047,O-Dealkylation,BTMR0052,"CYP1A2
CYP2A6
CYP2C9
CYP2C19
CYP2D6
CYP2E1
CYP3A4",HUMAN,BTM00139,O1C=2C(C(O)C=C1C3=CC=CC=C3)=C(O)C=C(OC)C2,"InChI=1S/C16H14O4/c1-19-11-7-12(17)16-13(18)9-14(20-15(16)8-11)10-5-3-2-4-6-10/h2-9,13,17-18H,1H3",AXPMATZXGGXSAF-UHFFFAOYSA-N,2.4562,270.089208928
"InChI=1S/C16H14O5/c1-20-11-6-12(18)16-13(19)8-14(21-15(16)7-11)9-2-4-10(17)5-3-9/h2-8,13,17-19H,1H3",ZKYNKKHUVIDQKT-UHFFFAOYSA-N,O1C=2C(C(O)C=C1C3=CC=C(O)C=C3)=C(O)C=C(OC)C2,,,C16H14O5,286.084123548,2.1887999999999996,0,1,1,BTM00019,BTM00019,Hydroxylation of benzene on carbon para to electron donating group,BTMR1047,"CYP1A2
CYP2C8
CYP2C9
CYP2D6
CYP3A4",HUMAN,BTM00139,O1C=2C(C(O)C=C1C3=CC=CC=C3)=C(O)C=C(OC)C2,"InChI=1S/C16H14O4/c1-19-11-7-12(17)16-13(18)9-14(20-15(16)8-11)10-5-3-2-4-6-10/h2-9,13,17-18H,1H3",AXPMATZXGGXSAF-UHFFFAOYSA-N,2.4562,270.089208928
"InChI=1S/C16H14O5/c1-19-10-7-11(17)13-12(8-10)20-16(15(21-16)14(13)18)9-5-3-2-4-6-9/h2-8,14-15,17-18H,1H3",NTTQHJOIOHVBNT-UHFFFAOYSA-N,O1C=2C(C(O)C3C1(C4=CC=CC=C4)O3)=C(O)C=C(OC)C2,,,C16H14O5,286.084123548,2.250699999999999,0,0,0,BTM00587,BTM00587,Epoxidation of vinyl ether,BTMR1026,"CYP1A2
CYP3A4",HUMAN,BTM00139,O1C=2C(C(O)C=C1C3=CC=CC=C3)=C(O)C=C(OC)C2,"InChI=1S/C16H14O4/c1-19-11-7-12(17)16-13(18)9-14(20-15(16)8-11)10-5-3-2-4-6-10/h2-9,13,17-18H,1H3",AXPMATZXGGXSAF-UHFFFAOYSA-N,2.4562,270.089208928
"InChI=1S/C16H14O5/c1-20-14-6-9(17)7-15-16(14)12(19)8-13(21-15)10-4-2-3-5-11(10)18/h2-8,12,17-19H,1H3",QFLYDIIXPPVSQI-UHFFFAOYSA-N,O1C=2C(C(O)C=C1C3=C(C=CC=C3)O)=C(OC)C=C(O)C2,,,C16H14O5,286.084123548,2.1887999999999996,0,1,1,BTM00356,BTM00356,O-Hydroxylation of monosubstituted benzene,BTMR1034,"CYP1A2
CYP2C8
CYP2C9
CYP2C19
CYP3A4",HUMAN,BTM00140,O1C=2C(C(O)C=C1C3=CC=CC=C3)=C(OC)C=C(O)C2,"InChI=1S/C16H14O4/c1-19-14-7-11(17)8-15-16(14)12(18)9-13(20-15)10-5-3-2-4-6-10/h2-9,12,17-18H,1H3",XYUVAJNYAYZFJS-UHFFFAOYSA-N,2.4562,270.089208928
"InChI=1S/C16H12O4/c1-19-14-7-11(17)8-15-16(14)12(18)9-13(20-15)10-5-3-2-4-6-10/h2-9,17H,1H3",JVEMWXSMSUNXSD-UHFFFAOYSA-N,O1C=2C(C(=O)C=C1C3=CC=CC=C3)=C(OC)C=C(O)C2,"7-Hydroxy-5-methoxy-2-phenyl-chromen-4-one
7-hydroxy-5-methoxy-2-phenylchromen-4-one
RefChem:1074443
33554-47-1
7-hydroxy-5-methoxy-2-phenyl-4H-chromen-4-one
Chrysin-5-methylether
CHEMBL181896
Chrysin 5-methyl ether
7-hydroxy-5-methoxyflavone
chrysin-5-methyl-ether
7-Hydroxy-5-methoxy-2-phenyl-4H-1-benzopyran-4-one
SCHEMBL19235588
DTXSID40187243
BDBM50412264
MFCD09029062
SBB081026
STK925270
AKOS000275827
NCGC00296010-01
AC-10891
ST50794641
VU0490357-1
EN300-238261
AB01289941-01
F2106-0046",5490127,C16H12O4,268.073558864,3.5454,0,0,0,BTM00051,BTM00051,Oxidation of secondary alcohol to ketone,BTMR0079,"CYP1A2
CYP2C9
CYP2C19",HUMAN,BTM00140,O1C=2C(C(O)C=C1C3=CC=CC=C3)=C(OC)C=C(O)C2,"InChI=1S/C16H14O4/c1-19-14-7-11(17)8-15-16(14)12(18)9-13(20-15)10-5-3-2-4-6-10/h2-9,12,17-18H,1H3",XYUVAJNYAYZFJS-UHFFFAOYSA-N,2.4562,270.089208928
"InChI=1S/C15H12O4/c16-10-6-11(17)15-12(18)8-13(19-14(15)7-10)9-4-2-1-3-5-9/h1-8,12,16-18H",KSDWUEWFECEPMU-UHFFFAOYSA-N,O1C=2C(C(O)C=C1C3=CC=CC=C3)=C(O)C=C(O)C2,,,C15H12O4,256.073558864,2.2051999999999996,0,1,1,BTM00047,BTM00047,O-Dealkylation,BTMR0052,"CYP1A2
CYP2A6
CYP2C9
CYP2C19
CYP2D6
CYP2E1
CYP3A4",HUMAN,BTM00140,O1C=2C(C(O)C=C1C3=CC=CC=C3)=C(OC)C=C(O)C2,"InChI=1S/C16H14O4/c1-19-14-7-11(17)8-15-16(14)12(18)9-13(20-15)10-5-3-2-4-6-10/h2-9,12,17-18H,1H3",XYUVAJNYAYZFJS-UHFFFAOYSA-N,2.4562,270.089208928
"InChI=1S/C16H14O5/c1-20-14-6-11(18)7-15-16(14)12(19)8-13(21-15)9-2-4-10(17)5-3-9/h2-8,12,17-19H,1H3",XJDTZUREHVPVNF-UHFFFAOYSA-N,O1C=2C(C(O)C=C1C3=CC=C(O)C=C3)=C(OC)C=C(O)C2,,,C16H14O5,286.084123548,2.1887999999999996,0,1,1,BTM00020,BTM00020,Hydroxylation of benzene on carbon para to electron donating group,BTMR1047,"CYP1A2
CYP2C8
CYP2C9
CYP2D6
CYP3A4",HUMAN,BTM00140,O1C=2C(C(O)C=C1C3=CC=CC=C3)=C(OC)C=C(O)C2,"InChI=1S/C16H14O4/c1-19-14-7-11(17)8-15-16(14)12(18)9-13(20-15)10-5-3-2-4-6-10/h2-9,12,17-18H,1H3",XYUVAJNYAYZFJS-UHFFFAOYSA-N,2.4562,270.089208928
"InChI=1S/C16H14O5/c1-19-11-7-10(17)8-12-13(11)14(18)15-16(20-12,21-15)9-5-3-2-4-6-9/h2-8,14-15,17-18H,1H3",FINLRLKDAWDPMI-UHFFFAOYSA-N,O1C=2C(C(O)C3C1(C4=CC=CC=C4)O3)=C(OC)C=C(O)C2,,,C16H14O5,286.084123548,2.250699999999999,0,0,0,BTM00588,BTM00588,Epoxidation of vinyl ether,BTMR1026,"CYP1A2
CYP3A4",HUMAN,BTM00140,O1C=2C(C(O)C=C1C3=CC=CC=C3)=C(OC)C=C(O)C2,"InChI=1S/C16H14O4/c1-19-14-7-11(17)8-15-16(14)12(18)9-13(20-15)10-5-3-2-4-6-10/h2-9,12,17-18H,1H3",XYUVAJNYAYZFJS-UHFFFAOYSA-N,2.4562,270.089208928
"InChI=1S/C17H14O5/c1-20-10-7-15(21-2)17-13(19)9-14(22-16(17)8-10)11-5-3-4-6-12(11)18/h3-9,18H,1-2H3",MWRQFAAWESDTJF-UHFFFAOYSA-N,O1C=2C(C(=O)C=C1C3=C(C=CC=C3)O)=C(OC)C=C(OC)C2,"4398-31-6
2-(2-Hydroxyphenyl)-5,7-dimethoxy-4H-1-benzopyran-4-one
RefChem:250756
2'-hydroxy-5,7-dimethoxyflavone
DTXSID701203662",15921937,C17H14O5,298.084123548,3.5289999999999995,0,0,0,BTM00360,BTM00360,O-Hydroxylation of monosubstituted benzene,BTMR1034,"CYP1A2
CYP2C8
CYP2C9
CYP2C19
CYP3A4",HUMAN,BTM00142,O1C=2C(C(=O)C=C1C3=CC=CC=C3)=C(OC)C=C(OC)C2,"InChI=1S/C17H14O4/c1-19-12-8-15(20-2)17-13(18)10-14(21-16(17)9-12)11-6-4-3-5-7-11/h3-10H,1-2H3",JRFZSUMZAUHNSL-UHFFFAOYSA-N,3.7964,282.089208928
"InChI=1S/C16H12O4/c1-19-14-7-11(17)8-15-16(14)12(18)9-13(20-15)10-5-3-2-4-6-10/h2-9,17H,1H3",JVEMWXSMSUNXSD-UHFFFAOYSA-N,O1C=2C(C(=O)C=C1C3=CC=CC=C3)=C(OC)C=C(O)C2,"7-Hydroxy-5-methoxy-2-phenyl-chromen-4-one
7-hydroxy-5-methoxy-2-phenylchromen-4-one
RefChem:1074443
33554-47-1
7-hydroxy-5-methoxy-2-phenyl-4H-chromen-4-one
Chrysin-5-methylether
CHEMBL181896
Chrysin 5-methyl ether
7-hydroxy-5-methoxyflavone
chrysin-5-methyl-ether
7-Hydroxy-5-methoxy-2-phenyl-4H-1-benzopyran-4-one
SCHEMBL19235588
DTXSID40187243
BDBM50412264
MFCD09029062
SBB081026
STK925270
AKOS000275827
NCGC00296010-01
AC-10891
ST50794641
VU0490357-1
EN300-238261
AB01289941-01
F2106-0046",5490127,C16H12O4,268.073558864,3.5454,0,0,0,BTM00051,BTM00051,O-Dealkylation,BTMR0052,"CYP1A2
CYP2A6
CYP2C9
CYP2C19
CYP2D6
CYP2E1
CYP3A4",HUMAN,BTM00142,O1C=2C(C(=O)C=C1C3=CC=CC=C3)=C(OC)C=C(OC)C2,"InChI=1S/C17H14O4/c1-19-12-8-15(20-2)17-13(18)10-14(21-16(17)9-12)11-6-4-3-5-7-11/h3-10H,1-2H3",JRFZSUMZAUHNSL-UHFFFAOYSA-N,3.7964,282.089208928
"InChI=1S/C16H12O4/c1-19-11-7-12(17)16-13(18)9-14(20-15(16)8-11)10-5-3-2-4-6-10/h2-9,17H,1H3",IRZVHDLBAYNPCT-UHFFFAOYSA-N,O1C=2C(C(=O)C=C1C3=CC=CC=C3)=C(O)C=C(OC)C2,"Tectochrysin
520-28-5
5-Hydroxy-7-methoxyflavone
Techtochrysin
7-Methoxy-5-hydroxyflavone
5-hydroxy-7-methoxy-2-phenylchromen-4-one
Flavone, 5-hydroxy-7-methoxy-
4H-1-Benzopyran-4-one, 5-hydroxy-7-methoxy-2-phenyl-
9UBO28W2AK
NSC-80687
5-hydroxy-7-methoxy-2-phenyl-4H-1-benzopyran-4-one
CHEBI:9426
DTXSID40199962
RefChem:187693
DTXCID00122453
5-Hydroxy-7-methoxy-2-phenyl-4H-chromen-4-one
Methyl chrysin
7-O-METHYLCHRYSIN
MFCD00016945
Techtochrysin;NSC 80687
5-Hydroxy-7-methoxy-2-phenyl-chromen-4-one
Techtochrysine
Tecto-chrysin
SMR000387029
5-Hydroxy-7-methylflavone; 7-O-Methylchrysin; Tectochrysine
7-methoxycrysin
NSC 80687
Chrysin 7-methylether
chrysin-7-methyl ether
Tectochrysin (Standard)
Maybridge3_003219
UNII-9UBO28W2AK
Oprea1_023530
Oprea1_215176
MLS000697658
MLS001049041
SCHEMBL249043
CHEMBL164841
orb1303377
SCHEMBL29494561
WLZ4716
HMS1440C07
HMS2267G17
NSC80687
TNP00038
BDBM50423793
CCG-43780
HY-14592R
LMPK12110190
s3256
STK078936
AKOS000522399
EBC-466056
FT66186
IDI1_014606
NCGC00017176-01
NCGC00017176-02
NCGC00017176-03
NCGC00142540-01
AC-35028
BS-48960
HY-14592
ST057541
DB-052063
CS-0003465
2-PHENYL-5-HYDROXY-7-METHOXYCHROMONE
VU0254572-3
AB00637079-07
SR-01000402578
5-Hydroxy-7-methoxy-2-phenyl-4H-chromen-4-one #
Q3516969
SR-01000402578-1
SR-01000402578-2
F3097-0487",5281954,C16H12O4,268.073558864,3.5454,0,0,0,BTM00050,BTM00050,O-Dealkylation,BTMR0052,"CYP1A2
CYP2A6
CYP2C9
CYP2C19
CYP2D6
CYP2E1
CYP3A4",HUMAN,BTM00142,O1C=2C(C(=O)C=C1C3=CC=CC=C3)=C(OC)C=C(OC)C2,"InChI=1S/C17H14O4/c1-19-12-8-15(20-2)17-13(18)10-14(21-16(17)9-12)11-6-4-3-5-7-11/h3-10H,1-2H3",JRFZSUMZAUHNSL-UHFFFAOYSA-N,3.7964,282.089208928
"InChI=1S/C17H14O5/c1-20-12-7-15(21-2)17-13(19)9-14(22-16(17)8-12)10-3-5-11(18)6-4-10/h3-9,18H,1-2H3",ARICZLGTUHLTFQ-UHFFFAOYSA-N,O1C=2C(C(=O)C=C1C3=CC=C(O)C=C3)=C(OC)C=C(OC)C2,"5,7-Dimethoxy-4'-hydroxyflavone
16290-50-9
2-(4-hydroxyphenyl)-5,7-dimethoxychromen-4-one
5,7-Dmhf
DTXSID20167487
4H-1-Benzopyran-4-one, 2-(4-hydroxyphenyl)-5,7-dimethoxy-
RefChem:101384
DTXCID1089978
2-(4-hydroxyphenyl)-5,7-dimethoxy-4h-chromen-4-one
5,7-Dimethoxy-4/'-hydroxyflavone
5,7-Dimethoxyapigenin
SCHEMBL311530
CHEMBL3288426
SCHEMBL29978577
2-(4-Hydroxyphenyl)-5,7-dimethoxy-4H-1-benzopyran-4-one
4'-hydroxy-5,7-dimethoxyflavone
2-(4-hydroxyphenyl)-5,7-dimethoxy-chromen-4-one
Q61329131",161172,C17H14O5,298.084123548,3.5289999999999995,0,0,0,BTM00024,BTM00024,Hydroxylation of benzene on carbon para to electron donating group,BTMR1047,"CYP1A2
CYP2C8
CYP2C9
CYP2D6
CYP3A4",HUMAN,BTM00142,O1C=2C(C(=O)C=C1C3=CC=CC=C3)=C(OC)C=C(OC)C2,"InChI=1S/C17H14O4/c1-19-12-8-15(20-2)17-13(18)10-14(21-16(17)9-12)11-6-4-3-5-7-11/h3-10H,1-2H3",JRFZSUMZAUHNSL-UHFFFAOYSA-N,3.7964,282.089208928
"InChI=1S/C17H14O5/c1-19-11-8-12(20-2)14-13(9-11)21-17(16(22-17)15(14)18)10-6-4-3-5-7-10/h3-9,16H,1-2H3",TZZYUZZYDGLOOW-UHFFFAOYSA-N,O1C=2C(C(=O)C3C1(C4=CC=CC=C4)O3)=C(OC)C=C(OC)C2,,,C17H14O5,298.084123548,2.8981999999999997,0,0,0,BTM00589,BTM00589,Epoxidation of vinyl ether,BTMR1026,"CYP1A2
CYP3A4",HUMAN,BTM00142,O1C=2C(C(=O)C=C1C3=CC=CC=C3)=C(OC)C=C(OC)C2,"InChI=1S/C17H14O4/c1-19-12-8-15(20-2)17-13(18)10-14(21-16(17)9-12)11-6-4-3-5-7-11/h3-10H,1-2H3",JRFZSUMZAUHNSL-UHFFFAOYSA-N,3.7964,282.089208928
"InChI=1S/C15H12O6/c16-8-4-11(19)15-12(20)6-13(21-14(15)5-8)7-1-2-9(17)10(18)3-7/h1-5,13,16-19H,6H2",SBHXYTNGIZCORC-UHFFFAOYSA-N,O1C=2C(C(=O)CC1C3=CC=C(O)C(=C3)O)=C(O)C=C(O)C2,"4049-38-1
CQT975GLYF
Flavanone, 3',4',5,7-tetrahydroxy-
4H-1-Benzopyran-4-one, 2-(3,4-dihydroxyphenyl)-2,3-dihydro-5,7-dihydroxy-
DTXSID30862178
Eriodictyol, (+-)-
RefChem:591086
GlyTouCan:G14449NR
(+-)-ERIODICTYOL
DTXCID20810981
G14449NR
800-080-4
(+/-)-Eriodictyol
2-(3,4-dihydroxyphenyl)-5,7-dihydroxychroman-4-one
Eriodictyol, (+/-)-
2-(3,4-dihydroxyphenyl)-5,7-dihydroxy-2,3-dihydrochromen-4-one
(+/-)-3',4',5,7-Tetrahydroxyflavanone
2-(3,4-dihydroxyphenyl)-5,7-dihydroxy-chroman-4-one
MLS000877024
(+/-)-5,7,3',4'-Tetrahydroxyflavanone
5,7,3',4'-Tetrahydroxyflavanone
SMR000440624
2-(3,4-dihydroxyphenyl)-5,7-dihydroxy-3,4-dihydro-2H-1-benzopyran-4-one
Huazhongilexone
Eriodicytol
UNII-CQT975GLYF
ERIODYCTOL
DIOSMETIN_met008
Oprea1_736075
BSPBio_002438
cid_11095
SPECTRUM1505145
CHEMBL307893
MEGxp0_000569
orb1991807
SCHEMBL2309591
FEMA NO. 4715
SCHEMBL29378971
SCHEMBL29603762
ACon1_000409
BDBM69393
CHEBI:91645
GTPL12442
HY-N0637A
SBHXYTNGIZCORC-UHFFFAOYSA-N
HMS2270F17
HMS5086F17
7,5,3',4'-tetrahydroxyflavanone
5,7,3',4'-tetrahydroxy flavonone
MFCD00017312
2-(3,4-Dihydroxyphenyl)-5,7-dihydroxy-2,3-dihydro-4H-1-benzopyran-4-one
AKOS024284394
EBC-618433
FE74961
NCGC00096019-01
NCGC00096019-02
NCGC00096019-03
NCGC00096019-04
DA-68997
ST075648
(+/-)-Eriodictyol, >=95.0% (HPLC)
G88871
B50DD53A-D1B0-4FB5-AC5F-C0F43001B7D8
BRD-A35033682-001-01-0
Q27163470
2-(3,4-DIHYDROXYPHENYL)-5,7-DIHYDROXY-4-CHROMANON
2-[3,4-bis(oxidanyl)phenyl]-5,7-bis(oxidanyl)-2,3-dihydrochromen-4-one
4H-1-Benzopyran-4-one, 2-(3,4-dihydroxy-phenyl)-2,3-dihydro-5,7-dihydroxy-, (2S)-",11095,C15H12O6,288.06338810399996,2.0303,0,1,1,BTM00057,BTM00057,Oxidation of secondary alcohol to ketone,BTMR0079,"CYP1A2
CYP2C9
CYP2C19",HUMAN,BTM00145,O1C=2C(C(O)CC1C3=CC=C(O)C(=C3)O)=C(O)C=C(O)C2,"InChI=1S/C15H14O6/c16-8-4-11(19)15-12(20)6-13(21-14(15)5-8)7-1-2-9(17)10(18)3-7/h1-5,12-13,16-20H,6H2",FSYDWKPCKNCRDI-UHFFFAOYSA-N,1.6614000000000002,290.079038168
"InChI=1S/C15H14O7/c16-7-4-10(19)12-11(5-7)22-15(14(21)13(12)20)6-1-2-8(17)9(18)3-6/h1-5,13-21H",SBZWTSHAFILOTE-UHFFFAOYSA-N,O1C=2C(C(O)C(C1C3=CC=C(O)C(=C3)O)O)=C(O)C=C(O)C2,"Leucocyanidin
Leucocyanidol
Procyanidol
Resivit
Leukocyanidine
Leucoanthocyanidol
2-(3,4-dihydroxyphenyl)-3,4-dihydro-2H-chromene-3,4,5,7-tetrol
3,4-Cyanidiol
CHEBI:15758
3,3',4,4',5,7-flavanhexanol
3,3',4,4',5,7-Flavanhexol
2-(3,4-Dihydroxyphenyl)-3,4-dihydro-2H-1-benzopyran-3,4,5,7-tetrol
DTXSID80861994
flavanhexanol
leucodyanidol
RefChem:924666
GlyTouCan:G80767JD
2H-1-Benzopyran-3,4,5,7-tetrol, 2-(3,4-dihydroxyphenyl)-3,4-dihydro
DTXCID101527034
G80767JD
3,3',4,4',5,7-hexahydroflavane
5,7,3,4-tetrahydroxyflavan-3',4'-diol
480-17-1
27015-21-0
NSC84278
NSC98945
2-(3,4-dihydroxyphenyl)chromane-3,4,5,7-tetrol
2,3-trans-3,4-trans-leucocyanidin
SCHEMBL285598
CHEMBL123809
SCHEMBL25894747
SCHEMBL29531793
SBZWTSHAFILOTE-UHFFFAOYSA-N
LMPK12020202
NSC-84278
NSC-98945
FL65777
34540-64-2
2-(3,4-Dihydroxyphenyl)-3,4,5,7-chromanetetrol
Q61014519",71629,C15H14O7,306.073952788,1.0883,1,1,1,BTM00439,BTM00439,Hydroxylation of heteroalicyclic secondary carbon,BTMR1071,CYP1A2,HUMAN,BTM00145,O1C=2C(C(O)CC1C3=CC=C(O)C(=C3)O)=C(O)C=C(O)C2,"InChI=1S/C15H14O6/c16-8-4-11(19)15-12(20)6-13(21-14(15)5-8)7-1-2-9(17)10(18)3-7/h1-5,12-13,16-20H,6H2",FSYDWKPCKNCRDI-UHFFFAOYSA-N,1.6614000000000002,290.079038168
"InChI=1S/C15H12O6/c16-8-4-11(19)15-12(20)6-13(21-14(15)5-8)7-1-2-9(17)10(18)3-7/h1-5,13,16-19H,6H2",SBHXYTNGIZCORC-UHFFFAOYSA-N,O1C=2C(C(=O)CC1C3=CC=C(O)C(=C3)O)=C(O)C=C(O)C2,"4049-38-1
CQT975GLYF
Flavanone, 3',4',5,7-tetrahydroxy-
4H-1-Benzopyran-4-one, 2-(3,4-dihydroxyphenyl)-2,3-dihydro-5,7-dihydroxy-
DTXSID30862178
Eriodictyol, (+-)-
RefChem:591086
GlyTouCan:G14449NR
(+-)-ERIODICTYOL
DTXCID20810981
G14449NR
800-080-4
(+/-)-Eriodictyol
2-(3,4-dihydroxyphenyl)-5,7-dihydroxychroman-4-one
Eriodictyol, (+/-)-
2-(3,4-dihydroxyphenyl)-5,7-dihydroxy-2,3-dihydrochromen-4-one
(+/-)-3',4',5,7-Tetrahydroxyflavanone
2-(3,4-dihydroxyphenyl)-5,7-dihydroxy-chroman-4-one
MLS000877024
(+/-)-5,7,3',4'-Tetrahydroxyflavanone
5,7,3',4'-Tetrahydroxyflavanone
SMR000440624
2-(3,4-dihydroxyphenyl)-5,7-dihydroxy-3,4-dihydro-2H-1-benzopyran-4-one
Huazhongilexone
Eriodicytol
UNII-CQT975GLYF
ERIODYCTOL
DIOSMETIN_met008
Oprea1_736075
BSPBio_002438
cid_11095
SPECTRUM1505145
CHEMBL307893
MEGxp0_000569
orb1991807
SCHEMBL2309591
FEMA NO. 4715
SCHEMBL29378971
SCHEMBL29603762
ACon1_000409
BDBM69393
CHEBI:91645
GTPL12442
HY-N0637A
SBHXYTNGIZCORC-UHFFFAOYSA-N
HMS2270F17
HMS5086F17
7,5,3',4'-tetrahydroxyflavanone
5,7,3',4'-tetrahydroxy flavonone
MFCD00017312
2-(3,4-Dihydroxyphenyl)-5,7-dihydroxy-2,3-dihydro-4H-1-benzopyran-4-one
AKOS024284394
EBC-618433
FE74961
NCGC00096019-01
NCGC00096019-02
NCGC00096019-03
NCGC00096019-04
DA-68997
ST075648
(+/-)-Eriodictyol, >=95.0% (HPLC)
G88871
B50DD53A-D1B0-4FB5-AC5F-C0F43001B7D8
BRD-A35033682-001-01-0
Q27163470
2-(3,4-DIHYDROXYPHENYL)-5,7-DIHYDROXY-4-CHROMANON
2-[3,4-bis(oxidanyl)phenyl]-5,7-bis(oxidanyl)-2,3-dihydrochromen-4-one
4H-1-Benzopyran-4-one, 2-(3,4-dihydroxy-phenyl)-2,3-dihydro-5,7-dihydroxy-, (2S)-",11095,C15H12O6,288.06338810399996,2.0303,0,1,1,BTM00057,BTM00057,O-Dealkylation,BTMR0052,"CYP1A2
CYP2A6
CYP2C9
CYP2C19
CYP2D6
CYP2E1
CYP3A4",HUMAN,BTM00146,O1C=2C(C(=O)CC1C3=CC=C(OC)C(=C3)O)=C(O)C=C(O)C2,"InChI=1S/C16H14O6/c1-21-13-3-2-8(4-10(13)18)14-7-12(20)16-11(19)5-9(17)6-15(16)22-14/h2-6,14,17-19H,7H2,1H3",AIONOLUJZLIMTK-UHFFFAOYSA-N,2.281299999999999,302.079038168
"InChI=1S/C16H14O7/c1-22-11-3-2-7(4-9(11)18)16-15(21)14(20)13-10(19)5-8(17)6-12(13)23-16/h2-6,15-19,21H,1H3",KQNGHARGJDXHKF-UHFFFAOYSA-N,O1C=2C(C(=O)C(C1C3=CC=C(OC)C(=C3)O)O)=C(O)C=C(O)C2,"3,5,7-trihydroxy-2-(3-hydroxy-4-methoxyphenyl)-2,3-dihydrochromen-4-one
RefChem:1099385
Tamaraxetin
4'-O-Methyltaxifolin
3,5,7-trihydroxy-2-(3-hydroxy-4-methoxy-phenyl)chroman-4-one
4'-O-Methyldihydroquercetin; Blumeatin A
taxifolin 4'-methyl ether
CHEMBL451709
SCHEMBL16887881
CHEBI:193113
VCA41127
3,3',5,7-tetrahydroxy-4'-methoxyflavanone
3,5,7,3'-tetrahydroxy-4'-methoxyflavanone
B0005-476478
3,5,7-Trihydroxy-2-(3-hydroxy-4-methoxyphenyl)chroman-4-one",482576,C16H14O7,318.073952788,1.7358,0,1,1,BTM00440,BTM00440,Hydroxylation of heteroalicyclic secondary carbon,BTMR1071,CYP1A2,HUMAN,BTM00146,O1C=2C(C(=O)CC1C3=CC=C(OC)C(=C3)O)=C(O)C=C(O)C2,"InChI=1S/C16H14O6/c1-21-13-3-2-8(4-10(13)18)14-7-12(20)16-11(19)5-9(17)6-15(16)22-14/h2-6,14,17-19H,7H2,1H3",AIONOLUJZLIMTK-UHFFFAOYSA-N,2.281299999999999,302.079038168
"InChI=1S/C15H12O6/c16-8-4-11(19)15-12(20)6-13(21-14(15)5-8)7-1-2-9(17)10(18)3-7/h1-5,13,16-19H,6H2",SBHXYTNGIZCORC-UHFFFAOYSA-N,O1C=2C(C(=O)CC1C3=CC=C(O)C(=C3)O)=C(O)C=C(O)C2,"4049-38-1
CQT975GLYF
Flavanone, 3',4',5,7-tetrahydroxy-
4H-1-Benzopyran-4-one, 2-(3,4-dihydroxyphenyl)-2,3-dihydro-5,7-dihydroxy-
DTXSID30862178
Eriodictyol, (+-)-
RefChem:591086
GlyTouCan:G14449NR
(+-)-ERIODICTYOL
DTXCID20810981
G14449NR
800-080-4
(+/-)-Eriodictyol
2-(3,4-dihydroxyphenyl)-5,7-dihydroxychroman-4-one
Eriodictyol, (+/-)-
2-(3,4-dihydroxyphenyl)-5,7-dihydroxy-2,3-dihydrochromen-4-one
(+/-)-3',4',5,7-Tetrahydroxyflavanone
2-(3,4-dihydroxyphenyl)-5,7-dihydroxy-chroman-4-one
MLS000877024
(+/-)-5,7,3',4'-Tetrahydroxyflavanone
5,7,3',4'-Tetrahydroxyflavanone
SMR000440624
2-(3,4-dihydroxyphenyl)-5,7-dihydroxy-3,4-dihydro-2H-1-benzopyran-4-one
Huazhongilexone
Eriodicytol
UNII-CQT975GLYF
ERIODYCTOL
DIOSMETIN_met008
Oprea1_736075
BSPBio_002438
cid_11095
SPECTRUM1505145
CHEMBL307893
MEGxp0_000569
orb1991807
SCHEMBL2309591
FEMA NO. 4715
SCHEMBL29378971
SCHEMBL29603762
ACon1_000409
BDBM69393
CHEBI:91645
GTPL12442
HY-N0637A
SBHXYTNGIZCORC-UHFFFAOYSA-N
HMS2270F17
HMS5086F17
7,5,3',4'-tetrahydroxyflavanone
5,7,3',4'-tetrahydroxy flavonone
MFCD00017312
2-(3,4-Dihydroxyphenyl)-5,7-dihydroxy-2,3-dihydro-4H-1-benzopyran-4-one
AKOS024284394
EBC-618433
FE74961
NCGC00096019-01
NCGC00096019-02
NCGC00096019-03
NCGC00096019-04
DA-68997
ST075648
(+/-)-Eriodictyol, >=95.0% (HPLC)
G88871
B50DD53A-D1B0-4FB5-AC5F-C0F43001B7D8
BRD-A35033682-001-01-0
Q27163470
2-(3,4-DIHYDROXYPHENYL)-5,7-DIHYDROXY-4-CHROMANON
2-[3,4-bis(oxidanyl)phenyl]-5,7-bis(oxidanyl)-2,3-dihydrochromen-4-one
4H-1-Benzopyran-4-one, 2-(3,4-dihydroxy-phenyl)-2,3-dihydro-5,7-dihydroxy-, (2S)-",11095,C15H12O6,288.06338810399996,2.0303,0,1,1,BTM00057,BTM00057,O-Dealkylation,BTMR0052,"CYP1A2
CYP2A6
CYP2C9
CYP2C19
CYP2D6
CYP2E1
CYP3A4",HUMAN,BTM00147,O1C=2C(C(=O)CC1C3=CC=C(O)C(=C3)OC)=C(O)C=C(O)C2,"InChI=1S/C16H14O6/c1-21-14-4-8(2-3-10(14)18)13-7-12(20)16-11(19)5-9(17)6-15(16)22-13/h2-6,13,17-19H,7H2,1H3",FTODBIPDTXRIGS-UHFFFAOYSA-N,2.281299999999999,302.079038168
"InChI=1S/C16H14O7/c1-22-11-4-7(2-3-9(11)18)16-15(21)14(20)13-10(19)5-8(17)6-12(13)23-16/h2-6,15-19,21H,1H3",JWYULKXTGMJKKM-UHFFFAOYSA-N,O1C=2C(C(=O)C(C1C3=CC=C(O)C(=C3)OC)O)=C(O)C=C(O)C2,"DIHYDROISORHAMNETIN
3,5,7-trihydroxy-2-(4-hydroxy-3-methoxyphenyl)-3,4-dihydro-2H-1-benzopyran-4-one
3,5,7-trihydroxy-2-(4-hydroxy-3-methoxyphenyl)-2,3-dihydrochromen-4-one
RefChem:133849
3,4',5,7-Tetrahydroxy-3'-methoxyflavanone
4',5,7-Trihydroxy-3'-methoxydihydroflavonol
3'-O-methyl taxifolin
2,3-dihydroisorhamnetin
taxifolin 3'-methyl ether
CHEMBL1822704
SCHEMBL16887921
SCHEMBL31237482
CHEBI:175075
FCA81291
3,5,7-trihydroxy-2-(4-hydroxy-3-methoxyphenyl)-2,3-dihydro-4H-1-benzopyran-4-one
3'-methoxy-4',5,7-trihydroxy-dihydroflavonol
3,5,7-trihydroxy-2-(4-hydroxy-3-methoxyphenyl)-2,3-dihydro-4H-chromen-4-one",56658060,C16H14O7,318.073952788,1.7358,0,1,1,BTM00441,BTM00441,Hydroxylation of heteroalicyclic secondary carbon,BTMR1071,CYP1A2,HUMAN,BTM00147,O1C=2C(C(=O)CC1C3=CC=C(O)C(=C3)OC)=C(O)C=C(O)C2,"InChI=1S/C16H14O6/c1-21-14-4-8(2-3-10(14)18)13-7-12(20)16-11(19)5-9(17)6-15(16)22-13/h2-6,13,17-19H,7H2,1H3",FTODBIPDTXRIGS-UHFFFAOYSA-N,2.281299999999999,302.079038168
"InChI=1S/C15H12O6/c16-8-4-11(19)15-12(20)6-13(21-14(15)5-8)7-1-2-9(17)10(18)3-7/h1-5,13,16-19H,6H2",SBHXYTNGIZCORC-UHFFFAOYSA-N,O1C=2C(C(=O)CC1C3=CC=C(O)C(=C3)O)=C(O)C=C(O)C2,"4049-38-1
CQT975GLYF
Flavanone, 3',4',5,7-tetrahydroxy-
4H-1-Benzopyran-4-one, 2-(3,4-dihydroxyphenyl)-2,3-dihydro-5,7-dihydroxy-
DTXSID30862178
Eriodictyol, (+-)-
RefChem:591086
GlyTouCan:G14449NR
(+-)-ERIODICTYOL
DTXCID20810981
G14449NR
800-080-4
(+/-)-Eriodictyol
2-(3,4-dihydroxyphenyl)-5,7-dihydroxychroman-4-one
Eriodictyol, (+/-)-
2-(3,4-dihydroxyphenyl)-5,7-dihydroxy-2,3-dihydrochromen-4-one
(+/-)-3',4',5,7-Tetrahydroxyflavanone
2-(3,4-dihydroxyphenyl)-5,7-dihydroxy-chroman-4-one
MLS000877024
(+/-)-5,7,3',4'-Tetrahydroxyflavanone
5,7,3',4'-Tetrahydroxyflavanone
SMR000440624
2-(3,4-dihydroxyphenyl)-5,7-dihydroxy-3,4-dihydro-2H-1-benzopyran-4-one
Huazhongilexone
Eriodicytol
UNII-CQT975GLYF
ERIODYCTOL
DIOSMETIN_met008
Oprea1_736075
BSPBio_002438
cid_11095
SPECTRUM1505145
CHEMBL307893
MEGxp0_000569
orb1991807
SCHEMBL2309591
FEMA NO. 4715
SCHEMBL29378971
SCHEMBL29603762
ACon1_000409
BDBM69393
CHEBI:91645
GTPL12442
HY-N0637A
SBHXYTNGIZCORC-UHFFFAOYSA-N
HMS2270F17
HMS5086F17
7,5,3',4'-tetrahydroxyflavanone
5,7,3',4'-tetrahydroxy flavonone
MFCD00017312
2-(3,4-Dihydroxyphenyl)-5,7-dihydroxy-2,3-dihydro-4H-1-benzopyran-4-one
AKOS024284394
EBC-618433
FE74961
NCGC00096019-01
NCGC00096019-02
NCGC00096019-03
NCGC00096019-04
DA-68997
ST075648
(+/-)-Eriodictyol, >=95.0% (HPLC)
G88871
B50DD53A-D1B0-4FB5-AC5F-C0F43001B7D8
BRD-A35033682-001-01-0
Q27163470
2-(3,4-DIHYDROXYPHENYL)-5,7-DIHYDROXY-4-CHROMANON
2-[3,4-bis(oxidanyl)phenyl]-5,7-bis(oxidanyl)-2,3-dihydrochromen-4-one
4H-1-Benzopyran-4-one, 2-(3,4-dihydroxy-phenyl)-2,3-dihydro-5,7-dihydroxy-, (2S)-",11095,C15H12O6,288.06338810399996,2.0303,0,1,1,BTM00057,BTM00057,O-Dealkylation,BTMR0052,"CYP1A2
CYP2A6
CYP2C9
CYP2C19
CYP2D6
CYP2E1
CYP3A4",HUMAN,BTM00152,O1C=2C(C(=O)CC1C3=CC=C(O)C(=C3)O)=C(O)C=C(OC)C2,"InChI=1S/C16H14O6/c1-21-9-5-12(19)16-13(20)7-14(22-15(16)6-9)8-2-3-10(17)11(18)4-8/h2-6,14,17-19H,7H2,1H3",DSAJORLEPQBKDA-UHFFFAOYSA-N,2.281299999999999,302.07903816799995
"InChI=1S/C16H14O7/c1-22-8-5-11(19)13-12(6-8)23-16(15(21)14(13)20)7-2-3-9(17)10(18)4-7/h2-6,15-19,21H,1H3",MRPJBTFHICBFNE-UHFFFAOYSA-N,O1C=2C(C(=O)C(C1C3=CC=C(O)C(=C3)O)O)=C(O)C=C(OC)C2,"3,3',4',5-tetrahydroxy-7-methoxyflavanone
Blumeatin C; Taxifolin 7-methyl ether
SCHEMBL16887971
FDA45344",12313900,C16H14O7,318.073952788,1.7358,0,1,1,BTM00451,BTM00451,Hydroxylation of heteroalicyclic secondary carbon,BTMR1071,CYP1A2,HUMAN,BTM00152,O1C=2C(C(=O)CC1C3=CC=C(O)C(=C3)O)=C(O)C=C(OC)C2,"InChI=1S/C16H14O6/c1-21-9-5-12(19)16-13(20)7-14(22-15(16)6-9)8-2-3-10(17)11(18)4-8/h2-6,14,17-19H,7H2,1H3",DSAJORLEPQBKDA-UHFFFAOYSA-N,2.281299999999999,302.07903816799995
"InChI=1S/C15H12O6/c16-8-4-11(19)15-12(20)6-13(21-14(15)5-8)7-1-2-9(17)10(18)3-7/h1-5,13,16-19H,6H2",SBHXYTNGIZCORC-UHFFFAOYSA-N,O1C=2C(C(=O)CC1C3=CC=C(O)C(=C3)O)=C(O)C=C(O)C2,"4049-38-1
CQT975GLYF
Flavanone, 3',4',5,7-tetrahydroxy-
4H-1-Benzopyran-4-one, 2-(3,4-dihydroxyphenyl)-2,3-dihydro-5,7-dihydroxy-
DTXSID30862178
Eriodictyol, (+-)-
RefChem:591086
GlyTouCan:G14449NR
(+-)-ERIODICTYOL
DTXCID20810981
G14449NR
800-080-4
(+/-)-Eriodictyol
2-(3,4-dihydroxyphenyl)-5,7-dihydroxychroman-4-one
Eriodictyol, (+/-)-
2-(3,4-dihydroxyphenyl)-5,7-dihydroxy-2,3-dihydrochromen-4-one
(+/-)-3',4',5,7-Tetrahydroxyflavanone
2-(3,4-dihydroxyphenyl)-5,7-dihydroxy-chroman-4-one
MLS000877024
(+/-)-5,7,3',4'-Tetrahydroxyflavanone
5,7,3',4'-Tetrahydroxyflavanone
SMR000440624
2-(3,4-dihydroxyphenyl)-5,7-dihydroxy-3,4-dihydro-2H-1-benzopyran-4-one
Huazhongilexone
Eriodicytol
UNII-CQT975GLYF
ERIODYCTOL
DIOSMETIN_met008
Oprea1_736075
BSPBio_002438
cid_11095
SPECTRUM1505145
CHEMBL307893
MEGxp0_000569
orb1991807
SCHEMBL2309591
FEMA NO. 4715
SCHEMBL29378971
SCHEMBL29603762
ACon1_000409
BDBM69393
CHEBI:91645
GTPL12442
HY-N0637A
SBHXYTNGIZCORC-UHFFFAOYSA-N
HMS2270F17
HMS5086F17
7,5,3',4'-tetrahydroxyflavanone
5,7,3',4'-tetrahydroxy flavonone
MFCD00017312
2-(3,4-Dihydroxyphenyl)-5,7-dihydroxy-2,3-dihydro-4H-1-benzopyran-4-one
AKOS024284394
EBC-618433
FE74961
NCGC00096019-01
NCGC00096019-02
NCGC00096019-03
NCGC00096019-04
DA-68997
ST075648
(+/-)-Eriodictyol, >=95.0% (HPLC)
G88871
B50DD53A-D1B0-4FB5-AC5F-C0F43001B7D8
BRD-A35033682-001-01-0
Q27163470
2-(3,4-DIHYDROXYPHENYL)-5,7-DIHYDROXY-4-CHROMANON
2-[3,4-bis(oxidanyl)phenyl]-5,7-bis(oxidanyl)-2,3-dihydrochromen-4-one
4H-1-Benzopyran-4-one, 2-(3,4-dihydroxy-phenyl)-2,3-dihydro-5,7-dihydroxy-, (2S)-",11095,C15H12O6,288.06338810399996,2.0303,0,1,1,BTM00057,BTM00057,O-Dealkylation,BTMR0052,"CYP1A2
CYP2A6
CYP2C9
CYP2C19
CYP2D6
CYP2E1
CYP3A4",HUMAN,BTM00153,O1C=2C(C(=O)CC1C3=CC=C(O)C(=C3)O)=C(OC)C=C(O)C2,"InChI=1S/C16H14O6/c1-21-14-5-9(17)6-15-16(14)12(20)7-13(22-15)8-2-3-10(18)11(19)4-8/h2-6,13,17-19H,7H2,1H3",RMJKSMSYIZHFCO-UHFFFAOYSA-N,2.281299999999999,302.079038168
"InChI=1S/C16H14O7/c1-22-11-5-8(17)6-12-13(11)14(20)15(21)16(23-12)7-2-3-9(18)10(19)4-7/h2-6,15-19,21H,1H3",BACJQQZNSNNPKD-UHFFFAOYSA-N,O1C=2C(C(=O)C(C1C3=CC=C(O)C(=C3)O)O)=C(OC)C=C(O)C2,SCHEMBL16887994,22297706,C16H14O7,318.073952788,1.7358,0,1,1,BTM00452,BTM00452,Hydroxylation of heteroalicyclic secondary carbon,BTMR1071,CYP1A2,HUMAN,BTM00153,O1C=2C(C(=O)CC1C3=CC=C(O)C(=C3)O)=C(OC)C=C(O)C2,"InChI=1S/C16H14O6/c1-21-14-5-9(17)6-15-16(14)12(20)7-13(22-15)8-2-3-10(18)11(19)4-8/h2-6,13,17-19H,7H2,1H3",RMJKSMSYIZHFCO-UHFFFAOYSA-N,2.281299999999999,302.079038168
"InChI=1S/C15H12O6/c16-8-3-1-7(2-4-8)15-14(20)13(19)12-10(18)5-9(17)6-11(12)21-15/h1-6,13,15-19H",ICEDBMJSTNTMIT-UHFFFAOYSA-N,O1C=2C(C(O)C(C1C3=CC=C(O)C=C3)=O)=C(O)C=C(O)C2,,,C15H12O6,288.06338810399996,1.6025999999999996,0,1,1,BTM00453,BTM00453,Oxidation of secondary alcohol to ketone,BTMR0079,"CYP1A2
CYP2C9
CYP2C19",HUMAN,BTM00154,O1C=2C(C(O)C(C1C3=CC=C(O)C=C3)O)=C(O)C=C(O)C2,"InChI=1S/C15H14O6/c16-8-3-1-7(2-4-8)15-14(20)13(19)12-10(18)5-9(17)6-11(12)21-15/h1-6,13-20H",FSVMLWOLZHGCQX-UHFFFAOYSA-N,1.3556999999999997,290.07903816799995
"InChI=1S/C15H12O6/c16-8-3-1-7(2-4-8)15-14(20)13(19)12-10(18)5-9(17)6-11(12)21-15/h1-6,14-18,20H",PADQINQHPQKXNL-UHFFFAOYSA-N,O1C=2C(C(=O)C(C1C3=CC=C(O)C=C3)O)=C(O)C=C(O)C2,"3,5,7-trihydroxy-2-(4-hydroxyphenyl)-2,3-dihydrochromen-4-one
3,5,7-trihydroxy-2-(4-hydroxyphenyl)chroman-4-one
RefChem:1065862
724434-08-6
(+/-)-Dihydrokaempferol
104486-98-8
3,5,7,4''-TETRAHYDROXYFLAVANONE
4H-1-Benzopyran-4-one,2,3-dihydro-3,5,7-trihydroxy-2-(4-hydroxyphenyl)-, trans-
(+)-Aromadendrol
5150-32-3
KAEMPFEROL_met008
SCHEMBL39319
CHEMBL398847
orb1989727
SCHEMBL29454736
DTXSID50274279
PADQINQHPQKXNL-UHFFFAOYSA-N
NSC327432
4H-1-Benzopyran-4-one, 2,3-dihydro-3,5,7-trihydroxy-2-(4-hydroxyphenyl)-
AKOS032948350
AT25341
NSC-327432
NCGC00488813-01
NS00134207
2,3-Dihydro-3,5,7-trihydroxy-2-(4-hydroxyphenyl)-4H-1-benzopyran-4-one;
3,5,7-Trihydroxy-2-(4-hydroxyphenyl)-2,3-dihydro-4H-1-benzopyran-4-one
3,5,7-Trihydroxy-2-(4-hydroxyphenyl)-2,3-dihydro-4H-chromen-4-one #
4H-1-Benzopyran-4-one,3-dihydro-3,5,7-trihydroxy-2-(4-hydroxyphenyl)-",662,C15H12O6,288.06338810399996,1.7521999999999995,0,1,1,BTM00058,BTM00058,Oxidation of secondary alcohol to ketone,BTMR0079,"CYP1A2
CYP2C9
CYP2C19",HUMAN,BTM00154,O1C=2C(C(O)C(C1C3=CC=C(O)C=C3)O)=C(O)C=C(O)C2,"InChI=1S/C15H14O6/c16-8-3-1-7(2-4-8)15-14(20)13(19)12-10(18)5-9(17)6-11(12)21-15/h1-6,13-20H",FSVMLWOLZHGCQX-UHFFFAOYSA-N,1.3556999999999997,290.07903816799995
"InChI=1S/C15H14O7/c16-7-4-10(19)12-11(5-7)22-15(14(21)13(12)20)6-1-2-8(17)9(18)3-6/h1-5,13-21H",SBZWTSHAFILOTE-UHFFFAOYSA-N,O1C=2C(C(O)C(C1C3=CC=C(O)C(=C3)O)O)=C(O)C=C(O)C2,"Leucocyanidin
Leucocyanidol
Procyanidol
Resivit
Leukocyanidine
Leucoanthocyanidol
2-(3,4-dihydroxyphenyl)-3,4-dihydro-2H-chromene-3,4,5,7-tetrol
3,4-Cyanidiol
CHEBI:15758
3,3',4,4',5,7-flavanhexanol
3,3',4,4',5,7-Flavanhexol
2-(3,4-Dihydroxyphenyl)-3,4-dihydro-2H-1-benzopyran-3,4,5,7-tetrol
DTXSID80861994
flavanhexanol
leucodyanidol
RefChem:924666
GlyTouCan:G80767JD
2H-1-Benzopyran-3,4,5,7-tetrol, 2-(3,4-dihydroxyphenyl)-3,4-dihydro
DTXCID101527034
G80767JD
3,3',4,4',5,7-hexahydroflavane
5,7,3,4-tetrahydroxyflavan-3',4'-diol
480-17-1
27015-21-0
NSC84278
NSC98945
2-(3,4-dihydroxyphenyl)chromane-3,4,5,7-tetrol
2,3-trans-3,4-trans-leucocyanidin
SCHEMBL285598
CHEMBL123809
SCHEMBL25894747
SCHEMBL29531793
SBZWTSHAFILOTE-UHFFFAOYSA-N
LMPK12020202
NSC-84278
NSC-98945
FL65777
34540-64-2
2-(3,4-Dihydroxyphenyl)-3,4,5,7-chromanetetrol
Q61014519",71629,C15H14O7,306.073952788,1.0883,1,1,1,BTM00439,BTM00439,"2-Hydroxylation of 1,4-disubstituted benzene",BTMR0037,CYP1A2,HUMAN,BTM00154,O1C=2C(C(O)C(C1C3=CC=C(O)C=C3)O)=C(O)C=C(O)C2,"InChI=1S/C15H14O6/c16-8-3-1-7(2-4-8)15-14(20)13(19)12-10(18)5-9(17)6-11(12)21-15/h1-6,13-20H",FSVMLWOLZHGCQX-UHFFFAOYSA-N,1.3556999999999997,290.07903816799995
"InChI=1S/C16H12O6/c1-21-10-6-11(18)13-12(7-10)22-16(15(20)14(13)19)8-2-4-9(17)5-3-8/h2-7,16-18H,1H3",ZXKKXAWXZCXPFS-UHFFFAOYSA-N,O1C=2C(C(=O)C(C1C3=CC=C(O)C=C3)=O)=C(O)C=C(OC)C2,,,C16H12O6,300.06338810399996,2.2501,0,0,0,BTM00460,BTM00460,Oxidation of secondary alcohol to ketone,BTMR0079,"CYP1A2
CYP2C9
CYP2C19",HUMAN,BTM00162,O1C=2C(C(=O)C(C1C3=CC=C(O)C=C3)O)=C(O)C=C(OC)C2,"InChI=1S/C16H14O6/c1-21-10-6-11(18)13-12(7-10)22-16(15(20)14(13)19)8-2-4-9(17)5-3-8/h2-7,15-18,20H,1H3",LZLGHWHSUZVUFZ-UHFFFAOYSA-N,2.0031999999999983,302.079038168
"InChI=1S/C15H12O6/c16-8-3-1-7(2-4-8)15-14(20)13(19)12-10(18)5-9(17)6-11(12)21-15/h1-6,14-18,20H",PADQINQHPQKXNL-UHFFFAOYSA-N,O1C=2C(C(=O)C(C1C3=CC=C(O)C=C3)O)=C(O)C=C(O)C2,"3,5,7-trihydroxy-2-(4-hydroxyphenyl)-2,3-dihydrochromen-4-one
3,5,7-trihydroxy-2-(4-hydroxyphenyl)chroman-4-one
RefChem:1065862
724434-08-6
(+/-)-Dihydrokaempferol
104486-98-8
3,5,7,4''-TETRAHYDROXYFLAVANONE
4H-1-Benzopyran-4-one,2,3-dihydro-3,5,7-trihydroxy-2-(4-hydroxyphenyl)-, trans-
(+)-Aromadendrol
5150-32-3
KAEMPFEROL_met008
SCHEMBL39319
CHEMBL398847
orb1989727
SCHEMBL29454736
DTXSID50274279
PADQINQHPQKXNL-UHFFFAOYSA-N
NSC327432
4H-1-Benzopyran-4-one, 2,3-dihydro-3,5,7-trihydroxy-2-(4-hydroxyphenyl)-
AKOS032948350
AT25341
NSC-327432
NCGC00488813-01
NS00134207
2,3-Dihydro-3,5,7-trihydroxy-2-(4-hydroxyphenyl)-4H-1-benzopyran-4-one;
3,5,7-Trihydroxy-2-(4-hydroxyphenyl)-2,3-dihydro-4H-1-benzopyran-4-one
3,5,7-Trihydroxy-2-(4-hydroxyphenyl)-2,3-dihydro-4H-chromen-4-one #
4H-1-Benzopyran-4-one,3-dihydro-3,5,7-trihydroxy-2-(4-hydroxyphenyl)-",662,C15H12O6,288.06338810399996,1.7521999999999995,0,1,1,BTM00058,BTM00058,O-Dealkylation,BTMR0052,"CYP1A2
CYP2A6
CYP2C9
CYP2C19
CYP2D6
CYP2E1
CYP3A4",HUMAN,BTM00162,O1C=2C(C(=O)C(C1C3=CC=C(O)C=C3)O)=C(O)C=C(OC)C2,"InChI=1S/C16H14O6/c1-21-10-6-11(18)13-12(7-10)22-16(15(20)14(13)19)8-2-4-9(17)5-3-8/h2-7,15-18,20H,1H3",LZLGHWHSUZVUFZ-UHFFFAOYSA-N,2.0031999999999983,302.079038168
"InChI=1S/C16H14O7/c1-22-8-5-11(19)13-12(6-8)23-16(15(21)14(13)20)7-2-3-9(17)10(18)4-7/h2-6,15-19,21H,1H3",MRPJBTFHICBFNE-UHFFFAOYSA-N,O1C=2C(C(=O)C(C1C3=CC=C(O)C(=C3)O)O)=C(O)C=C(OC)C2,"3,3',4',5-tetrahydroxy-7-methoxyflavanone
Blumeatin C; Taxifolin 7-methyl ether
SCHEMBL16887971
FDA45344",12313900,C16H14O7,318.073952788,1.7358,0,1,1,BTM00451,BTM00451,"2-Hydroxylation of 1,4-disubstituted benzene",BTMR0037,CYP1A2,HUMAN,BTM00162,O1C=2C(C(=O)C(C1C3=CC=C(O)C=C3)O)=C(O)C=C(OC)C2,"InChI=1S/C16H14O6/c1-21-10-6-11(18)13-12(7-10)22-16(15(20)14(13)19)8-2-4-9(17)5-3-8/h2-7,15-18,20H,1H3",LZLGHWHSUZVUFZ-UHFFFAOYSA-N,2.0031999999999983,302.079038168
"InChI=1S/C16H12O6/c1-21-11-6-10(18)7-12-13(11)14(19)15(20)16(22-12)8-2-4-9(17)5-3-8/h2-7,16-18H,1H3",MUXWHFXPHLMOGU-UHFFFAOYSA-N,O1C=2C(C(=O)C(C1C3=CC=C(O)C=C3)=O)=C(OC)C=C(O)C2,,,C16H12O6,300.06338810399996,2.2501,0,0,0,BTM00461,BTM00461,Oxidation of secondary alcohol to ketone,BTMR0079,"CYP1A2
CYP2C9
CYP2C19",HUMAN,BTM00163,O1C=2C(C(=O)C(C1C3=CC=C(O)C=C3)O)=C(OC)C=C(O)C2,"InChI=1S/C16H14O6/c1-21-11-6-10(18)7-12-13(11)14(19)15(20)16(22-12)8-2-4-9(17)5-3-8/h2-7,15-18,20H,1H3",WECLSYISBIFCMA-UHFFFAOYSA-N,2.0031999999999983,302.07903816799995
"InChI=1S/C15H12O6/c16-8-3-1-7(2-4-8)15-14(20)13(19)12-10(18)5-9(17)6-11(12)21-15/h1-6,14-18,20H",PADQINQHPQKXNL-UHFFFAOYSA-N,O1C=2C(C(=O)C(C1C3=CC=C(O)C=C3)O)=C(O)C=C(O)C2,"3,5,7-trihydroxy-2-(4-hydroxyphenyl)-2,3-dihydrochromen-4-one
3,5,7-trihydroxy-2-(4-hydroxyphenyl)chroman-4-one
RefChem:1065862
724434-08-6
(+/-)-Dihydrokaempferol
104486-98-8
3,5,7,4''-TETRAHYDROXYFLAVANONE
4H-1-Benzopyran-4-one,2,3-dihydro-3,5,7-trihydroxy-2-(4-hydroxyphenyl)-, trans-
(+)-Aromadendrol
5150-32-3
KAEMPFEROL_met008
SCHEMBL39319
CHEMBL398847
orb1989727
SCHEMBL29454736
DTXSID50274279
PADQINQHPQKXNL-UHFFFAOYSA-N
NSC327432
4H-1-Benzopyran-4-one, 2,3-dihydro-3,5,7-trihydroxy-2-(4-hydroxyphenyl)-
AKOS032948350
AT25341
NSC-327432
NCGC00488813-01
NS00134207
2,3-Dihydro-3,5,7-trihydroxy-2-(4-hydroxyphenyl)-4H-1-benzopyran-4-one;
3,5,7-Trihydroxy-2-(4-hydroxyphenyl)-2,3-dihydro-4H-1-benzopyran-4-one
3,5,7-Trihydroxy-2-(4-hydroxyphenyl)-2,3-dihydro-4H-chromen-4-one #
4H-1-Benzopyran-4-one,3-dihydro-3,5,7-trihydroxy-2-(4-hydroxyphenyl)-",662,C15H12O6,288.06338810399996,1.7521999999999995,0,1,1,BTM00058,BTM00058,O-Dealkylation,BTMR0052,"CYP1A2
CYP2A6
CYP2C9
CYP2C19
CYP2D6
CYP2E1
CYP3A4",HUMAN,BTM00163,O1C=2C(C(=O)C(C1C3=CC=C(O)C=C3)O)=C(OC)C=C(O)C2,"InChI=1S/C16H14O6/c1-21-11-6-10(18)7-12-13(11)14(19)15(20)16(22-12)8-2-4-9(17)5-3-8/h2-7,15-18,20H,1H3",WECLSYISBIFCMA-UHFFFAOYSA-N,2.0031999999999983,302.07903816799995
"InChI=1S/C16H14O7/c1-22-11-5-8(17)6-12-13(11)14(20)15(21)16(23-12)7-2-3-9(18)10(19)4-7/h2-6,15-19,21H,1H3",BACJQQZNSNNPKD-UHFFFAOYSA-N,O1C=2C(C(=O)C(C1C3=CC=C(O)C(=C3)O)O)=C(OC)C=C(O)C2,SCHEMBL16887994,22297706,C16H14O7,318.073952788,1.7358,0,1,1,BTM00452,BTM00452,"2-Hydroxylation of 1,4-disubstituted benzene",BTMR0037,CYP1A2,HUMAN,BTM00163,O1C=2C(C(=O)C(C1C3=CC=C(O)C=C3)O)=C(OC)C=C(O)C2,"InChI=1S/C16H14O6/c1-21-11-6-10(18)7-12-13(11)14(19)15(20)16(22-12)8-2-4-9(17)5-3-8/h2-7,15-18,20H,1H3",WECLSYISBIFCMA-UHFFFAOYSA-N,2.0031999999999983,302.07903816799995
"InChI=1S/C16H12O6/c1-21-10-4-2-8(3-5-10)16-15(20)14(19)13-11(18)6-9(17)7-12(13)22-16/h2-7,16-18H,1H3",JEBOWSYUKBGGEE-UHFFFAOYSA-N,O1C=2C(C(=O)C(C1C3=CC=C(OC)C=C3)=O)=C(O)C=C(O)C2,"acaceton
SCHEMBL4739997
5,7-Dihydroxy-2-(4-methoxyphenyl)-2H-1-benzopyran-3,4-dione",69169234,C16H12O6,300.06338810399996,2.2501,0,0,0,BTM00462,BTM00462,Oxidation of secondary alcohol to ketone,BTMR0079,"CYP1A2
CYP2C9
CYP2C19",HUMAN,BTM00164,O1C=2C(C(=O)C(C1C3=CC=C(OC)C=C3)O)=C(O)C=C(O)C2,"InChI=1S/C16H14O6/c1-21-10-4-2-8(3-5-10)16-15(20)14(19)13-11(18)6-9(17)7-12(13)22-16/h2-7,15-18,20H,1H3",CKDYDMSDCNQHEB-UHFFFAOYSA-N,2.0031999999999983,302.079038168
"InChI=1S/C15H12O6/c16-8-3-1-7(2-4-8)15-14(20)13(19)12-10(18)5-9(17)6-11(12)21-15/h1-6,14-18,20H",PADQINQHPQKXNL-UHFFFAOYSA-N,O1C=2C(C(=O)C(C1C3=CC=C(O)C=C3)O)=C(O)C=C(O)C2,"3,5,7-trihydroxy-2-(4-hydroxyphenyl)-2,3-dihydrochromen-4-one
3,5,7-trihydroxy-2-(4-hydroxyphenyl)chroman-4-one
RefChem:1065862
724434-08-6
(+/-)-Dihydrokaempferol
104486-98-8
3,5,7,4''-TETRAHYDROXYFLAVANONE
4H-1-Benzopyran-4-one,2,3-dihydro-3,5,7-trihydroxy-2-(4-hydroxyphenyl)-, trans-
(+)-Aromadendrol
5150-32-3
KAEMPFEROL_met008
SCHEMBL39319
CHEMBL398847
orb1989727
SCHEMBL29454736
DTXSID50274279
PADQINQHPQKXNL-UHFFFAOYSA-N
NSC327432
4H-1-Benzopyran-4-one, 2,3-dihydro-3,5,7-trihydroxy-2-(4-hydroxyphenyl)-
AKOS032948350
AT25341
NSC-327432
NCGC00488813-01
NS00134207
2,3-Dihydro-3,5,7-trihydroxy-2-(4-hydroxyphenyl)-4H-1-benzopyran-4-one;
3,5,7-Trihydroxy-2-(4-hydroxyphenyl)-2,3-dihydro-4H-1-benzopyran-4-one
3,5,7-Trihydroxy-2-(4-hydroxyphenyl)-2,3-dihydro-4H-chromen-4-one #
4H-1-Benzopyran-4-one,3-dihydro-3,5,7-trihydroxy-2-(4-hydroxyphenyl)-",662,C15H12O6,288.06338810399996,1.7521999999999995,0,1,1,BTM00058,BTM00058,O-Dealkylation,BTMR0052,"CYP1A2
CYP2A6
CYP2C9
CYP2C19
CYP2D6
CYP2E1
CYP3A4",HUMAN,BTM00164,O1C=2C(C(=O)C(C1C3=CC=C(OC)C=C3)O)=C(O)C=C(O)C2,"InChI=1S/C16H14O6/c1-21-10-4-2-8(3-5-10)16-15(20)14(19)13-11(18)6-9(17)7-12(13)22-16/h2-7,15-18,20H,1H3",CKDYDMSDCNQHEB-UHFFFAOYSA-N,2.0031999999999983,302.079038168
"InChI=1S/C16H14O7/c1-22-11-3-2-7(4-9(11)18)16-15(21)14(20)13-10(19)5-8(17)6-12(13)23-16/h2-6,15-19,21H,1H3",KQNGHARGJDXHKF-UHFFFAOYSA-N,O1C=2C(C(=O)C(C1C3=CC=C(OC)C(=C3)O)O)=C(O)C=C(O)C2,"3,5,7-trihydroxy-2-(3-hydroxy-4-methoxyphenyl)-2,3-dihydrochromen-4-one
RefChem:1099385
Tamaraxetin
4'-O-Methyltaxifolin
3,5,7-trihydroxy-2-(3-hydroxy-4-methoxy-phenyl)chroman-4-one
4'-O-Methyldihydroquercetin; Blumeatin A
taxifolin 4'-methyl ether
CHEMBL451709
SCHEMBL16887881
CHEBI:193113
VCA41127
3,3',5,7-tetrahydroxy-4'-methoxyflavanone
3,5,7,3'-tetrahydroxy-4'-methoxyflavanone
B0005-476478
3,5,7-Trihydroxy-2-(3-hydroxy-4-methoxyphenyl)chroman-4-one",482576,C16H14O7,318.073952788,1.7358,0,1,1,BTM00440,BTM00440,"2-Hydroxylation of 1,4-disubstituted benzene",BTMR0037,CYP1A2,HUMAN,BTM00164,O1C=2C(C(=O)C(C1C3=CC=C(OC)C=C3)O)=C(O)C=C(O)C2,"InChI=1S/C16H14O6/c1-21-10-4-2-8(3-5-10)16-15(20)14(19)13-11(18)6-9(17)7-12(13)22-16/h2-7,15-18,20H,1H3",CKDYDMSDCNQHEB-UHFFFAOYSA-N,2.0031999999999983,302.079038168
"InChI=1S/C15H10O5/c16-8-5-11(18)15-12(19)7-13(20-14(15)6-8)9-3-1-2-4-10(9)17/h1-7,16-18H",OFYPDAKTVZXXPC-UHFFFAOYSA-N,O1C=2C(C(=O)C=C1C3=C(C=CC=C3)O)=C(O)C=C(O)C2,"5,7,2'-Trihydroxyflavone
73046-40-9
DTXSID10223324
RefChem:912974
DTXCID10145815
5,7-dihydroxy-2-(2-hydroxyphenyl)-4H-chromen-4-one
5,7-dihydroxy-2-(2-hydroxyphenyl)chromen-4-one
MFCD00064915
CHEMBL242385
5,7-Dihydroxy-2-(2-hydroxyphenyl)-4H-1-benzopyran-4-one
4H-1-Benzopyran-4-one, 5,7-dihydroxy-2-(2-hydroxyphenyl)-
2'-Hydroxychrysin
TNP00057
Apigenin Impurity 1
5,7,2''-Trihydroxyflavone
SCHEMBL3708991
CHEBI:196248
OFYPDAKTVZXXPC-UHFFFAOYSA-N
BDBM50312646
LMPK12110125
AKOS024282397
MB00514
NCGC00017193-01
NCGC00017193-02
NCGC00142442-01
BP-10213
ST056011
DB-055717
NS00116327",5322064,C15H10O5,270.05282342,3.0270000000000006,0,1,1,BTM00059,BTM00059,Oxidation of secondary alcohol to ketone,BTMR0079,"CYP1A2
CYP2C9
CYP2C19",HUMAN,BTM00165,O1C=2C(C(O)C=C1C3=C(C=CC=C3)O)=C(O)C=C(O)C2,"InChI=1S/C15H12O5/c16-8-5-11(18)15-12(19)7-13(20-14(15)6-8)9-3-1-2-4-10(9)17/h1-7,12,16-19H",KUOSVUPSCZBSRN-UHFFFAOYSA-N,1.9377999999999997,272.068473484
"InChI=1S/C15H12O6/c16-7-1-2-10(18)9(3-7)13-6-12(20)15-11(19)4-8(17)5-14(15)21-13/h1-6,12,16-20H",KTYXALUOADIGSN-UHFFFAOYSA-N,O1C=2C(C(O)C=C1C3=C(C=CC(=C3)O)O)=C(O)C=C(O)C2,,,C15H12O6,288.06338810399996,1.6704000000000006,0,1,1,BTM00463,BTM00463,p-Hydroxylation of phenol,BTMR1038,"CYP1A2
CYP2A6
CYP2B6
CYP2C8
CYP2C9
CYP2C19
CYP2D6
CYP2E1
CYP3A4",HUMAN,BTM00165,O1C=2C(C(O)C=C1C3=C(C=CC=C3)O)=C(O)C=C(O)C2,"InChI=1S/C15H12O5/c16-8-5-11(18)15-12(19)7-13(20-14(15)6-8)9-3-1-2-4-10(9)17/h1-7,12,16-19H",KUOSVUPSCZBSRN-UHFFFAOYSA-N,1.9377999999999997,272.068473484
"InChI=1S/C15H12O6/c16-7-4-10(19)15-11(20)6-13(21-12(15)5-7)14-8(17)2-1-3-9(14)18/h1-6,11,16-20H",JIMPIDOKYFHIAI-UHFFFAOYSA-N,O1C=2C(C(O)C=C1C3=C(C=CC=C3O)O)=C(O)C=C(O)C2,,,C15H12O6,288.06338810399996,1.6704000000000006,0,1,1,BTM00472,BTM00472,Hydroxylation of benzene on carbon ortho to electron donating group,BTMR1045,"CYP1A2
CYP2C8
CYP2C9
CYP2C19
CYP2D6
CYP3A4",HUMAN,BTM00165,O1C=2C(C(O)C=C1C3=C(C=CC=C3)O)=C(O)C=C(O)C2,"InChI=1S/C15H12O5/c16-8-5-11(18)15-12(19)7-13(20-14(15)6-8)9-3-1-2-4-10(9)17/h1-7,12,16-19H",KUOSVUPSCZBSRN-UHFFFAOYSA-N,1.9377999999999997,272.068473484
"InChI=1S/C15H12O6/c16-7-1-2-9(10(18)3-7)13-6-12(20)15-11(19)4-8(17)5-14(15)21-13/h1-6,12,16-20H",SDXFHDKQLZGJMP-UHFFFAOYSA-N,O1C=2C(C(O)C=C1C3=C(C=C(C=C3)O)O)=C(O)C=C(O)C2,,,C15H12O6,288.06338810399996,1.6704000000000006,0,1,1,BTM00479,BTM00479,Hydroxylation of benzene on carbon para to electron donating group,BTMR1047,"CYP1A2
CYP2C8
CYP2C9
CYP2D6
CYP3A4",HUMAN,BTM00165,O1C=2C(C(O)C=C1C3=C(C=CC=C3)O)=C(O)C=C(O)C2,"InChI=1S/C15H12O5/c16-8-5-11(18)15-12(19)7-13(20-14(15)6-8)9-3-1-2-4-10(9)17/h1-7,12,16-19H",KUOSVUPSCZBSRN-UHFFFAOYSA-N,1.9377999999999997,272.068473484
"InChI=1S/C15H12O6/c16-7-5-10(18)12-11(6-7)20-15(14(21-15)13(12)19)8-3-1-2-4-9(8)17/h1-6,13-14,16-19H",RYRZEAIZRWSJOR-UHFFFAOYSA-N,O1C=2C(C(O)C3C1(C4=C(C=CC=C4)O)O3)=C(O)C=C(O)C2,,,C15H12O6,288.06338810399996,1.7323000000000002,0,1,1,BTM00590,BTM00590,Epoxidation of vinyl ether,BTMR1026,"CYP1A2
CYP3A4",HUMAN,BTM00165,O1C=2C(C(O)C=C1C3=C(C=CC=C3)O)=C(O)C=C(O)C2,"InChI=1S/C15H12O5/c16-8-5-11(18)15-12(19)7-13(20-14(15)6-8)9-3-1-2-4-10(9)17/h1-7,12,16-19H",KUOSVUPSCZBSRN-UHFFFAOYSA-N,1.9377999999999997,272.068473484
"InChI=1S/C15H12O6/c16-7-4-10(18)14-11(19)6-12(21-13(14)5-7)8-2-1-3-9(17)15(8)20/h1-6,11,16-20H",UHJPIYPGVPRNHE-UHFFFAOYSA-N,O1C=2C(C(O)C=C1C3=C(C(=CC=C3)O)O)=C(O)C=C(O)C2,,,C15H12O6,288.06338810399996,1.6704000000000006,0,1,1,BTM00488,BTM00488,O-Hydroxylation of phenol,BTMR1037,"CYP1A2
CYP2A6
CYP2B6
CYP2C8
CYP2C9
CYP2C19
CYP2D6
CYP2E1
CYP3A4",HUMAN,BTM00165,O1C=2C(C(O)C=C1C3=C(C=CC=C3)O)=C(O)C=C(O)C2,"InChI=1S/C15H12O5/c16-8-5-11(18)15-12(19)7-13(20-14(15)6-8)9-3-1-2-4-10(9)17/h1-7,12,16-19H",KUOSVUPSCZBSRN-UHFFFAOYSA-N,1.9377999999999997,272.068473484
"InChI=1S/C16H12O6/c1-21-9-5-12(19)16-13(20)7-14(22-15(16)6-9)10-4-8(17)2-3-11(10)18/h2-7,17-19H,1H3",FJZLRPLFCJBDEJ-UHFFFAOYSA-N,O1C=2C(C(=O)C=C1C3=C(C=CC(=C3)O)O)=C(O)C=C(OC)C2,,,C16H12O6,300.06338810399996,3.0106,0,1,1,BTM00469,BTM00469,p-Hydroxylation of phenol,BTMR1038,"CYP1A2
CYP2A6
CYP2B6
CYP2C8
CYP2C9
CYP2C19
CYP2D6
CYP2E1
CYP3A4",HUMAN,BTM00169,O1C=2C(C(=O)C=C1C3=C(C=CC=C3)O)=C(O)C=C(OC)C2,"InChI=1S/C16H12O5/c1-20-9-6-12(18)16-13(19)8-14(21-15(16)7-9)10-4-2-3-5-11(10)17/h2-8,17-18H,1H3",PXFLNHWWYOVFDA-UHFFFAOYSA-N,3.278000000000001,284.068473484
"InChI=1S/C15H10O5/c16-8-5-11(18)15-12(19)7-13(20-14(15)6-8)9-3-1-2-4-10(9)17/h1-7,16-18H",OFYPDAKTVZXXPC-UHFFFAOYSA-N,O1C=2C(C(=O)C=C1C3=C(C=CC=C3)O)=C(O)C=C(O)C2,"5,7,2'-Trihydroxyflavone
73046-40-9
DTXSID10223324
RefChem:912974
DTXCID10145815
5,7-dihydroxy-2-(2-hydroxyphenyl)-4H-chromen-4-one
5,7-dihydroxy-2-(2-hydroxyphenyl)chromen-4-one
MFCD00064915
CHEMBL242385
5,7-Dihydroxy-2-(2-hydroxyphenyl)-4H-1-benzopyran-4-one
4H-1-Benzopyran-4-one, 5,7-dihydroxy-2-(2-hydroxyphenyl)-
2'-Hydroxychrysin
TNP00057
Apigenin Impurity 1
5,7,2''-Trihydroxyflavone
SCHEMBL3708991
CHEBI:196248
OFYPDAKTVZXXPC-UHFFFAOYSA-N
BDBM50312646
LMPK12110125
AKOS024282397
MB00514
NCGC00017193-01
NCGC00017193-02
NCGC00142442-01
BP-10213
ST056011
DB-055717
NS00116327",5322064,C15H10O5,270.05282342,3.0270000000000006,0,1,1,BTM00059,BTM00059,O-Dealkylation,BTMR0052,"CYP1A2
CYP2A6
CYP2C9
CYP2C19
CYP2D6
CYP2E1
CYP3A4",HUMAN,BTM00169,O1C=2C(C(=O)C=C1C3=C(C=CC=C3)O)=C(O)C=C(OC)C2,"InChI=1S/C16H12O5/c1-20-9-6-12(18)16-13(19)8-14(21-15(16)7-9)10-4-2-3-5-11(10)17/h2-8,17-18H,1H3",PXFLNHWWYOVFDA-UHFFFAOYSA-N,3.278000000000001,284.068473484
"InChI=1S/C16H12O6/c1-21-8-5-11(19)16-12(20)7-14(22-13(16)6-8)15-9(17)3-2-4-10(15)18/h2-7,17-19H,1H3",UAAZSBRHWYSPEI-UHFFFAOYSA-N,O1C=2C(C(=O)C=C1C3=C(C=CC=C3O)O)=C(O)C=C(OC)C2,"5,2',6'-Trihydroxy-7-methoxyflavone
2-(2,6-dihydroxyphenyl)-5-hydroxy-7-methoxychromen-4-one
RefChem:100950
393825-50-8
LMPK12110135",10946502,C16H12O6,300.06338810399996,3.0106,0,1,1,BTM00476,BTM00476,Hydroxylation of benzene on carbon ortho to electron donating group,BTMR1045,"CYP1A2
CYP2C8
CYP2C9
CYP2C19
CYP2D6
CYP3A4",HUMAN,BTM00169,O1C=2C(C(=O)C=C1C3=C(C=CC=C3)O)=C(O)C=C(OC)C2,"InChI=1S/C16H12O5/c1-20-9-6-12(18)16-13(19)8-14(21-15(16)7-9)10-4-2-3-5-11(10)17/h2-8,17-18H,1H3",PXFLNHWWYOVFDA-UHFFFAOYSA-N,3.278000000000001,284.068473484
"InChI=1S/C16H12O6/c1-21-9-5-12(19)16-13(20)7-14(22-15(16)6-9)10-3-2-8(17)4-11(10)18/h2-7,17-19H,1H3",VOCATNAJXJSCLN-UHFFFAOYSA-N,O1C=2C(C(=O)C=C1C3=C(C=C(C=C3)O)O)=C(O)C=C(OC)C2,"artocarpetin
RefChem:114340
2-(2,4-dihydroxyphenyl)-5-hydroxy-7-methoxychromen-4-one
SCHEMBL676337
CHEMBL460552
SCHEMBL29435858
LMPK12110942
2-(2,4-dihydroxyphenyl)-5-hydroxy-7 -methoxy-4h-1-benzopyran-4-one",12308618,C16H12O6,300.06338810399996,3.0106,0,1,1,BTM00484,BTM00484,Hydroxylation of benzene on carbon para to electron donating group,BTMR1047,"CYP1A2
CYP2C8
CYP2C9
CYP2D6
CYP3A4",HUMAN,BTM00169,O1C=2C(C(=O)C=C1C3=C(C=CC=C3)O)=C(O)C=C(OC)C2,"InChI=1S/C16H12O5/c1-20-9-6-12(18)16-13(19)8-14(21-15(16)7-9)10-4-2-3-5-11(10)17/h2-8,17-18H,1H3",PXFLNHWWYOVFDA-UHFFFAOYSA-N,3.278000000000001,284.068473484
"InChI=1S/C16H12O6/c1-20-8-6-11(18)13-12(7-8)21-16(15(22-16)14(13)19)9-4-2-3-5-10(9)17/h2-7,15,17-18H,1H3",ZUYUUOSNARDMDS-UHFFFAOYSA-N,O1C=2C(C(=O)C3C1(C4=C(C=CC=C4)O)O3)=C(O)C=C(OC)C2,,,C16H12O6,300.06338810399996,2.3798,0,0,0,BTM00591,BTM00591,Epoxidation of vinyl ether,BTMR1026,"CYP1A2
CYP3A4",HUMAN,BTM00169,O1C=2C(C(=O)C=C1C3=C(C=CC=C3)O)=C(O)C=C(OC)C2,"InChI=1S/C16H12O5/c1-20-9-6-12(18)16-13(19)8-14(21-15(16)7-9)10-4-2-3-5-11(10)17/h2-8,17-18H,1H3",PXFLNHWWYOVFDA-UHFFFAOYSA-N,3.278000000000001,284.068473484
"InChI=1S/C16H12O6/c1-21-8-5-11(18)15-12(19)7-13(22-14(15)6-8)9-3-2-4-10(17)16(9)20/h2-7,17-18,20H,1H3",GTVWOMZOZUNKFW-UHFFFAOYSA-N,O1C=2C(C(=O)C=C1C3=C(C(=CC=C3)O)O)=C(O)C=C(OC)C2,SCHEMBL30721041,155776631,C16H12O6,300.06338810399996,3.0106,0,1,1,BTM00494,BTM00494,O-Hydroxylation of phenol,BTMR1037,"CYP1A2
CYP2A6
CYP2B6
CYP2C8
CYP2C9
CYP2C19
CYP2D6
CYP2E1
CYP3A4",HUMAN,BTM00169,O1C=2C(C(=O)C=C1C3=C(C=CC=C3)O)=C(O)C=C(OC)C2,"InChI=1S/C16H12O5/c1-20-9-6-12(18)16-13(19)8-14(21-15(16)7-9)10-4-2-3-5-11(10)17/h2-8,17-18H,1H3",PXFLNHWWYOVFDA-UHFFFAOYSA-N,3.278000000000001,284.068473484
"InChI=1S/C16H12O6/c1-21-14-5-9(18)6-15-16(14)12(20)7-13(22-15)10-4-8(17)2-3-11(10)19/h2-7,17-19H,1H3",BMRVJQKSUODZRQ-UHFFFAOYSA-N,O1C=2C(C(=O)C=C1C3=C(C=CC(=C3)O)O)=C(OC)C=C(O)C2,,,C16H12O6,300.06338810399996,3.0106,0,1,1,BTM00470,BTM00470,p-Hydroxylation of phenol,BTMR1038,"CYP1A2
CYP2A6
CYP2B6
CYP2C8
CYP2C9
CYP2C19
CYP2D6
CYP2E1
CYP3A4",HUMAN,BTM00170,O1C=2C(C(=O)C=C1C3=C(C=CC=C3)O)=C(OC)C=C(O)C2,"InChI=1S/C16H12O5/c1-20-14-6-9(17)7-15-16(14)12(19)8-13(21-15)10-4-2-3-5-11(10)18/h2-8,17-18H,1H3",UIVFQXAYYFLAGO-UHFFFAOYSA-N,3.278000000000001,284.068473484
"InChI=1S/C15H10O5/c16-8-5-11(18)15-12(19)7-13(20-14(15)6-8)9-3-1-2-4-10(9)17/h1-7,16-18H",OFYPDAKTVZXXPC-UHFFFAOYSA-N,O1C=2C(C(=O)C=C1C3=C(C=CC=C3)O)=C(O)C=C(O)C2,"5,7,2'-Trihydroxyflavone
73046-40-9
DTXSID10223324
RefChem:912974
DTXCID10145815
5,7-dihydroxy-2-(2-hydroxyphenyl)-4H-chromen-4-one
5,7-dihydroxy-2-(2-hydroxyphenyl)chromen-4-one
MFCD00064915
CHEMBL242385
5,7-Dihydroxy-2-(2-hydroxyphenyl)-4H-1-benzopyran-4-one
4H-1-Benzopyran-4-one, 5,7-dihydroxy-2-(2-hydroxyphenyl)-
2'-Hydroxychrysin
TNP00057
Apigenin Impurity 1
5,7,2''-Trihydroxyflavone
SCHEMBL3708991
CHEBI:196248
OFYPDAKTVZXXPC-UHFFFAOYSA-N
BDBM50312646
LMPK12110125
AKOS024282397
MB00514
NCGC00017193-01
NCGC00017193-02
NCGC00142442-01
BP-10213
ST056011
DB-055717
NS00116327",5322064,C15H10O5,270.05282342,3.0270000000000006,0,1,1,BTM00059,BTM00059,O-Dealkylation,BTMR0052,"CYP1A2
CYP2A6
CYP2C9
CYP2C19
CYP2D6
CYP2E1
CYP3A4",HUMAN,BTM00170,O1C=2C(C(=O)C=C1C3=C(C=CC=C3)O)=C(OC)C=C(O)C2,"InChI=1S/C16H12O5/c1-20-14-6-9(17)7-15-16(14)12(19)8-13(21-15)10-4-2-3-5-11(10)18/h2-8,17-18H,1H3",UIVFQXAYYFLAGO-UHFFFAOYSA-N,3.278000000000001,284.068473484
"InChI=1S/C16H12O6/c1-21-12-5-8(17)6-13-16(12)11(20)7-14(22-13)15-9(18)3-2-4-10(15)19/h2-7,17-19H,1H3",KENIATKLIWLEGK-UHFFFAOYSA-N,O1C=2C(C(=O)C=C1C3=C(C=CC=C3O)O)=C(OC)C=C(O)C2,,,C16H12O6,300.06338810399996,3.0106,0,1,1,BTM00477,BTM00477,Hydroxylation of benzene on carbon ortho to electron donating group,BTMR1045,"CYP1A2
CYP2C8
CYP2C9
CYP2C19
CYP2D6
CYP3A4",HUMAN,BTM00170,O1C=2C(C(=O)C=C1C3=C(C=CC=C3)O)=C(OC)C=C(O)C2,"InChI=1S/C16H12O5/c1-20-14-6-9(17)7-15-16(14)12(19)8-13(21-15)10-4-2-3-5-11(10)18/h2-8,17-18H,1H3",UIVFQXAYYFLAGO-UHFFFAOYSA-N,3.278000000000001,284.068473484
"InChI=1S/C16H12O6/c1-21-14-5-9(18)6-15-16(14)12(20)7-13(22-15)10-3-2-8(17)4-11(10)19/h2-7,17-19H,1H3",BXNVFKNDGDNDRJ-UHFFFAOYSA-N,O1C=2C(C(=O)C=C1C3=C(C=C(C=C3)O)O)=C(OC)C=C(O)C2,,,C16H12O6,300.06338810399996,3.0106,0,1,1,BTM00485,BTM00485,Hydroxylation of benzene on carbon para to electron donating group,BTMR1047,"CYP1A2
CYP2C8
CYP2C9
CYP2D6
CYP3A4",HUMAN,BTM00170,O1C=2C(C(=O)C=C1C3=C(C=CC=C3)O)=C(OC)C=C(O)C2,"InChI=1S/C16H12O5/c1-20-14-6-9(17)7-15-16(14)12(19)8-13(21-15)10-4-2-3-5-11(10)18/h2-8,17-18H,1H3",UIVFQXAYYFLAGO-UHFFFAOYSA-N,3.278000000000001,284.068473484
"InChI=1S/C16H12O6/c1-20-11-6-8(17)7-12-13(11)14(19)15-16(21-12,22-15)9-4-2-3-5-10(9)18/h2-7,15,17-18H,1H3",NKSKRRDQBBEXAV-UHFFFAOYSA-N,O1C=2C(C(=O)C3C1(C4=C(C=CC=C4)O)O3)=C(OC)C=C(O)C2,,,C16H12O6,300.06338810399996,2.3798,0,0,0,BTM00592,BTM00592,Epoxidation of vinyl ether,BTMR1026,"CYP1A2
CYP3A4",HUMAN,BTM00170,O1C=2C(C(=O)C=C1C3=C(C=CC=C3)O)=C(OC)C=C(O)C2,"InChI=1S/C16H12O5/c1-20-14-6-9(17)7-15-16(14)12(19)8-13(21-15)10-4-2-3-5-11(10)18/h2-8,17-18H,1H3",UIVFQXAYYFLAGO-UHFFFAOYSA-N,3.278000000000001,284.068473484
"InChI=1S/C16H12O6/c1-21-13-5-8(17)6-14-15(13)11(19)7-12(22-14)9-3-2-4-10(18)16(9)20/h2-7,17-18,20H,1H3",MCGCXRDFIUMIPZ-UHFFFAOYSA-N,O1C=2C(C(=O)C=C1C3=C(C(=CC=C3)O)O)=C(OC)C=C(O)C2,,,C16H12O6,300.06338810399996,3.0106,0,1,1,BTM00495,BTM00495,O-Hydroxylation of phenol,BTMR1037,"CYP1A2
CYP2A6
CYP2B6
CYP2C8
CYP2C9
CYP2C19
CYP2D6
CYP2E1
CYP3A4",HUMAN,BTM00170,O1C=2C(C(=O)C=C1C3=C(C=CC=C3)O)=C(OC)C=C(O)C2,"InChI=1S/C16H12O5/c1-20-14-6-9(17)7-15-16(14)12(19)8-13(21-15)10-4-2-3-5-11(10)18/h2-8,17-18H,1H3",UIVFQXAYYFLAGO-UHFFFAOYSA-N,3.278000000000001,284.068473484
"InChI=1S/C15H10O5/c16-8-5-11(18)15-12(19)7-13(20-14(15)6-8)9-3-1-2-4-10(9)17/h1-7,16-18H",OFYPDAKTVZXXPC-UHFFFAOYSA-N,O1C=2C(C(=O)C=C1C3=C(C=CC=C3)O)=C(O)C=C(O)C2,"5,7,2'-Trihydroxyflavone
73046-40-9
DTXSID10223324
RefChem:912974
DTXCID10145815
5,7-dihydroxy-2-(2-hydroxyphenyl)-4H-chromen-4-one
5,7-dihydroxy-2-(2-hydroxyphenyl)chromen-4-one
MFCD00064915
CHEMBL242385
5,7-Dihydroxy-2-(2-hydroxyphenyl)-4H-1-benzopyran-4-one
4H-1-Benzopyran-4-one, 5,7-dihydroxy-2-(2-hydroxyphenyl)-
2'-Hydroxychrysin
TNP00057
Apigenin Impurity 1
5,7,2''-Trihydroxyflavone
SCHEMBL3708991
CHEBI:196248
OFYPDAKTVZXXPC-UHFFFAOYSA-N
BDBM50312646
LMPK12110125
AKOS024282397
MB00514
NCGC00017193-01
NCGC00017193-02
NCGC00142442-01
BP-10213
ST056011
DB-055717
NS00116327",5322064,C15H10O5,270.05282342,3.0270000000000006,0,1,1,BTM00059,BTM00059,O-Dealkylation,BTMR0052,"CYP1A2
CYP2A6
CYP2C9
CYP2C19
CYP2D6
CYP2E1
CYP3A4",HUMAN,BTM00171,O1C=2C(C(=O)C=C1C3=C(C=CC=C3)OC)=C(O)C=C(O)C2,"InChI=1S/C16H12O5/c1-20-13-5-3-2-4-10(13)14-8-12(19)16-11(18)6-9(17)7-15(16)21-14/h2-8,17-18H,1H3",SWYVZKGICYEZDR-UHFFFAOYSA-N,3.278000000000001,284.068473484
"InChI=1S/C16H12O6/c1-21-12-4-2-3-9(18)16(12)14-7-11(20)15-10(19)5-8(17)6-13(15)22-14/h2-7,17-19H,1H3",DXCJDOXICXPVHQ-UHFFFAOYSA-N,O1C=2C(C(=O)C=C1C3=C(C=CC=C3O)OC)=C(O)C=C(O)C2,"5,7,2'-Trihydroxy-6'-methoxyflavone
RefChem:101260
92519-94-3
5,7-dihydroxy-2-(2-hydroxy-6-methoxyphenyl)chromen-4-one
SCHEMBL29924013
LMPK12110127
5,7,2'-trihydroxy-6' -methoxyflavone",13889369,C16H12O6,300.06338810399996,3.0106,0,1,1,BTM00478,BTM00478,Hydroxylation of benzene on carbon ortho to electron donating group,BTMR1045,"CYP1A2
CYP2C8
CYP2C9
CYP2C19
CYP2D6
CYP3A4",HUMAN,BTM00171,O1C=2C(C(=O)C=C1C3=C(C=CC=C3)OC)=C(O)C=C(O)C2,"InChI=1S/C16H12O5/c1-20-13-5-3-2-4-10(13)14-8-12(19)16-11(18)6-9(17)7-15(16)21-14/h2-8,17-18H,1H3",SWYVZKGICYEZDR-UHFFFAOYSA-N,3.278000000000001,284.068473484
"InChI=1S/C16H12O6/c1-21-13-5-8(17)2-3-10(13)14-7-12(20)16-11(19)4-9(18)6-15(16)22-14/h2-7,17-19H,1H3",XOYYLUDQRGDBQP-UHFFFAOYSA-N,O1C=2C(C(=O)C=C1C3=C(C=C(C=C3)O)OC)=C(O)C=C(O)C2,,,C16H12O6,300.06338810399996,3.0106,0,1,1,BTM00486,BTM00486,Hydroxylation of benzene on carbon para to electron donating group,BTMR1047,"CYP1A2
CYP2C8
CYP2C9
CYP2D6
CYP3A4",HUMAN,BTM00171,O1C=2C(C(=O)C=C1C3=C(C=CC=C3)OC)=C(O)C=C(O)C2,"InChI=1S/C16H12O5/c1-20-13-5-3-2-4-10(13)14-8-12(19)16-11(18)6-9(17)7-15(16)21-14/h2-8,17-18H,1H3",SWYVZKGICYEZDR-UHFFFAOYSA-N,3.278000000000001,284.068473484
"InChI=1S/C16H12O6/c1-20-11-5-3-2-4-9(11)16-15(22-16)14(19)13-10(18)6-8(17)7-12(13)21-16/h2-7,15,17-18H,1H3",GMAYZGGVSZVPHG-UHFFFAOYSA-N,O1C=2C(C(=O)C3C1(C4=C(C=CC=C4)OC)O3)=C(O)C=C(O)C2,,,C16H12O6,300.06338810399996,2.3798,0,0,0,BTM00593,BTM00593,Epoxidation of vinyl ether,BTMR1026,"CYP1A2
CYP3A4",HUMAN,BTM00171,O1C=2C(C(=O)C=C1C3=C(C=CC=C3)OC)=C(O)C=C(O)C2,"InChI=1S/C16H12O5/c1-20-13-5-3-2-4-10(13)14-8-12(19)16-11(18)6-9(17)7-15(16)21-14/h2-8,17-18H,1H3",SWYVZKGICYEZDR-UHFFFAOYSA-N,3.278000000000001,284.068473484
"InChI=1S/C15H10O5/c16-9-3-1-2-8(4-9)13-7-12(19)15-11(18)5-10(17)6-14(15)20-13/h1-7,16-18H",BEXPKGWBRBLIIC-UHFFFAOYSA-N,O1C=2C(C(=O)C=C1C3=CC=CC(=C3)O)=C(O)C=C(O)C2,"5,7,3'-trihydroxyflavone
72472-92-5
5,7-dihydroxy-2-(3-hydroxyphenyl)-4H-chromen-4-one
CHEMBL457821
SCHEMBL30335147
SCHEMBL31291006
BDBM50445690
XT161930
5,7-Dihydroxy-2-(3-hydroxyphenyl)-4H-1-benzopyran-4-one",15764379,C15H10O5,270.05282342,3.0270000000000006,0,1,1,BTM00061,BTM00061,Oxidation of secondary alcohol to ketone,BTMR0079,"CYP1A2
CYP2C9
CYP2C19",HUMAN,BTM00172,O1C=2C(C(O)C=C1C3=CC=CC(=C3)O)=C(O)C=C(O)C2,"InChI=1S/C15H12O5/c16-9-3-1-2-8(4-9)13-7-12(19)15-11(18)5-10(17)6-14(15)20-13/h1-7,12,16-19H",JNNPFNNAKOERPQ-UHFFFAOYSA-N,1.9377999999999997,272.068473484
"InChI=1S/C15H12O6/c16-7-1-2-10(18)9(3-7)13-6-12(20)15-11(19)4-8(17)5-14(15)21-13/h1-6,12,16-20H",KTYXALUOADIGSN-UHFFFAOYSA-N,O1C=2C(C(O)C=C1C3=C(C=CC(=C3)O)O)=C(O)C=C(O)C2,,,C15H12O6,288.06338810399996,1.6704000000000006,0,1,1,BTM00463,BTM00463,p-Hydroxylation of phenol,BTMR1038,"CYP1A2
CYP2A6
CYP2B6
CYP2C8
CYP2C9
CYP2C19
CYP2D6
CYP2E1
CYP3A4",HUMAN,BTM00172,O1C=2C(C(O)C=C1C3=CC=CC(=C3)O)=C(O)C=C(O)C2,"InChI=1S/C15H12O5/c16-9-3-1-2-8(4-9)13-7-12(19)15-11(18)5-10(17)6-14(15)20-13/h1-7,12,16-19H",JNNPFNNAKOERPQ-UHFFFAOYSA-N,1.9377999999999997,272.068473484
"InChI=1S/C15H12O6/c16-7-1-2-10(18)9(3-7)13-6-12(20)15-11(19)4-8(17)5-14(15)21-13/h1-6,12,16-20H",KTYXALUOADIGSN-UHFFFAOYSA-N,O1C=2C(C(O)C=C1C3=C(C=CC(=C3)O)O)=C(O)C=C(O)C2,,,C15H12O6,288.06338810399996,1.6704000000000006,0,1,1,BTM00463,BTM00463,Hydroxylation of benzene on carbon ortho to electron donating group,BTMR1045,"CYP1A2
CYP2C8
CYP2C9
CYP2C19
CYP2D6
CYP3A4",HUMAN,BTM00172,O1C=2C(C(O)C=C1C3=CC=CC(=C3)O)=C(O)C=C(O)C2,"InChI=1S/C15H12O5/c16-9-3-1-2-8(4-9)13-7-12(19)15-11(18)5-10(17)6-14(15)20-13/h1-7,12,16-19H",JNNPFNNAKOERPQ-UHFFFAOYSA-N,1.9377999999999997,272.068473484
"InChI=1S/C15H12O6/c16-7-4-10(18)14-11(19)6-12(21-13(14)5-7)8-2-1-3-9(17)15(8)20/h1-6,11,16-20H",UHJPIYPGVPRNHE-UHFFFAOYSA-N,O1C=2C(C(O)C=C1C3=C(C(=CC=C3)O)O)=C(O)C=C(O)C2,,,C15H12O6,288.06338810399996,1.6704000000000006,0,1,1,BTM00488,BTM00488,Hydroxylation of benzene on carbon ortho to electron donating group,BTMR1045,"CYP1A2
CYP2C8
CYP2C9
CYP2C19
CYP2D6
CYP3A4",HUMAN,BTM00172,O1C=2C(C(O)C=C1C3=CC=CC(=C3)O)=C(O)C=C(O)C2,"InChI=1S/C15H12O5/c16-9-3-1-2-8(4-9)13-7-12(19)15-11(18)5-10(17)6-14(15)20-13/h1-7,12,16-19H",JNNPFNNAKOERPQ-UHFFFAOYSA-N,1.9377999999999997,272.068473484
"InChI=1S/C15H12O6/c16-8-3-1-2-7(4-8)15-14(21-15)13(19)12-10(18)5-9(17)6-11(12)20-15/h1-6,13-14,16-19H",JESSNWKPDIFDMH-UHFFFAOYSA-N,O1C=2C(C(O)C3C1(C4=CC=CC(=C4)O)O3)=C(O)C=C(O)C2,,,C15H12O6,288.06338810399996,1.7323000000000002,0,1,1,BTM00594,BTM00594,Epoxidation of vinyl ether,BTMR1026,"CYP1A2
CYP3A4",HUMAN,BTM00172,O1C=2C(C(O)C=C1C3=CC=CC(=C3)O)=C(O)C=C(O)C2,"InChI=1S/C15H12O5/c16-9-3-1-2-8(4-9)13-7-12(19)15-11(18)5-10(17)6-14(15)20-13/h1-7,12,16-19H",JNNPFNNAKOERPQ-UHFFFAOYSA-N,1.9377999999999997,272.068473484
"InChI=1S/C15H10O5/c16-9-3-1-2-8(4-9)13-7-12(19)15-11(18)5-10(17)6-14(15)20-13/h1-7,16-18H",BEXPKGWBRBLIIC-UHFFFAOYSA-N,O1C=2C(C(=O)C=C1C3=CC=CC(=C3)O)=C(O)C=C(O)C2,"5,7,3'-trihydroxyflavone
72472-92-5
5,7-dihydroxy-2-(3-hydroxyphenyl)-4H-chromen-4-one
CHEMBL457821
SCHEMBL30335147
SCHEMBL31291006
BDBM50445690
XT161930
5,7-Dihydroxy-2-(3-hydroxyphenyl)-4H-1-benzopyran-4-one",15764379,C15H10O5,270.05282342,3.0270000000000006,0,1,1,BTM00061,BTM00061,O-Dealkylation,BTMR0052,"CYP1A2
CYP2A6
CYP2C9
CYP2C19
CYP2D6
CYP2E1
CYP3A4",HUMAN,BTM00173,O1C=2C(C(=O)C=C1C3=CC=CC(=C3)OC)=C(O)C=C(O)C2,"InChI=1S/C16H12O5/c1-20-11-4-2-3-9(5-11)14-8-13(19)16-12(18)6-10(17)7-15(16)21-14/h2-8,17-18H,1H3",LYRAAKFLFNBVGJ-UHFFFAOYSA-N,3.278000000000001,284.068473484
"InChI=1S/C16H12O6/c1-21-9-2-3-11(18)10(6-9)14-7-13(20)16-12(19)4-8(17)5-15(16)22-14/h2-7,17-19H,1H3",QVWMWAQFMBMYAB-UHFFFAOYSA-N,O1C=2C(C(=O)C=C1C3=C(C=CC(=C3)OC)O)=C(O)C=C(O)C2,"5,7-dihydroxy-2-(2-hydroxy-5-methoxyphenyl)-4h-chromen-4-on",90904941,C16H12O6,300.06338810399996,3.0106,0,1,1,BTM00464,BTM00464,Hydroxylation of benzene on carbon ortho to electron donating group,BTMR1045,"CYP1A2
CYP2C8
CYP2C9
CYP2C19
CYP2D6
CYP3A4",HUMAN,BTM00173,O1C=2C(C(=O)C=C1C3=CC=CC(=C3)OC)=C(O)C=C(O)C2,"InChI=1S/C16H12O5/c1-20-11-4-2-3-9(5-11)14-8-13(19)16-12(18)6-10(17)7-15(16)21-14/h2-8,17-18H,1H3",LYRAAKFLFNBVGJ-UHFFFAOYSA-N,3.278000000000001,284.068473484
"InChI=1S/C16H12O6/c1-21-12-4-2-3-9(16(12)20)13-7-11(19)15-10(18)5-8(17)6-14(15)22-13/h2-7,17-18,20H,1H3",CBJKABGQTPLBQD-UHFFFAOYSA-N,O1C=2C(C(=O)C=C1C3=C(C(=CC=C3)OC)O)=C(O)C=C(O)C2,,,C16H12O6,300.06338810399996,3.0106,0,1,1,BTM00489,BTM00489,Hydroxylation of benzene on carbon ortho to electron donating group,BTMR1045,"CYP1A2
CYP2C8
CYP2C9
CYP2C19
CYP2D6
CYP3A4",HUMAN,BTM00173,O1C=2C(C(=O)C=C1C3=CC=CC(=C3)OC)=C(O)C=C(O)C2,"InChI=1S/C16H12O5/c1-20-11-4-2-3-9(5-11)14-8-13(19)16-12(18)6-10(17)7-15(16)21-14/h2-8,17-18H,1H3",LYRAAKFLFNBVGJ-UHFFFAOYSA-N,3.278000000000001,284.068473484
"InChI=1S/C16H12O6/c1-20-10-4-2-3-8(5-10)16-15(22-16)14(19)13-11(18)6-9(17)7-12(13)21-16/h2-7,15,17-18H,1H3",MGYIOXFZCLXFSC-UHFFFAOYSA-N,O1C=2C(C(=O)C3C1(C4=CC=CC(=C4)OC)O3)=C(O)C=C(O)C2,,,C16H12O6,300.06338810399996,2.3798,0,0,0,BTM00595,BTM00595,Epoxidation of vinyl ether,BTMR1026,"CYP1A2
CYP3A4",HUMAN,BTM00173,O1C=2C(C(=O)C=C1C3=CC=CC(=C3)OC)=C(O)C=C(O)C2,"InChI=1S/C16H12O5/c1-20-11-4-2-3-9(5-11)14-8-13(19)16-12(18)6-10(17)7-15(16)21-14/h2-8,17-18H,1H3",LYRAAKFLFNBVGJ-UHFFFAOYSA-N,3.278000000000001,284.068473484
"InChI=1S/C16H12O6/c1-21-9-5-12(19)16-13(20)7-14(22-15(16)6-9)10-4-8(17)2-3-11(10)18/h2-7,17-19H,1H3",FJZLRPLFCJBDEJ-UHFFFAOYSA-N,O1C=2C(C(=O)C=C1C3=C(C=CC(=C3)O)O)=C(O)C=C(OC)C2,,,C16H12O6,300.06338810399996,3.0106,0,1,1,BTM00469,BTM00469,p-Hydroxylation of phenol,BTMR1038,"CYP1A2
CYP2A6
CYP2B6
CYP2C8
CYP2C9
CYP2C19
CYP2D6
CYP2E1
CYP3A4",HUMAN,BTM00177,O1C=2C(C(=O)C=C1C3=CC=CC(=C3)O)=C(O)C=C(OC)C2,"InChI=1S/C16H12O5/c1-20-11-6-12(18)16-13(19)8-14(21-15(16)7-11)9-3-2-4-10(17)5-9/h2-8,17-18H,1H3",BQASOSNOLITMSO-UHFFFAOYSA-N,3.278000000000001,284.068473484
"InChI=1S/C15H10O5/c16-9-3-1-2-8(4-9)13-7-12(19)15-11(18)5-10(17)6-14(15)20-13/h1-7,16-18H",BEXPKGWBRBLIIC-UHFFFAOYSA-N,O1C=2C(C(=O)C=C1C3=CC=CC(=C3)O)=C(O)C=C(O)C2,"5,7,3'-trihydroxyflavone
72472-92-5
5,7-dihydroxy-2-(3-hydroxyphenyl)-4H-chromen-4-one
CHEMBL457821
SCHEMBL30335147
SCHEMBL31291006
BDBM50445690
XT161930
5,7-Dihydroxy-2-(3-hydroxyphenyl)-4H-1-benzopyran-4-one",15764379,C15H10O5,270.05282342,3.0270000000000006,0,1,1,BTM00061,BTM00061,O-Dealkylation,BTMR0052,"CYP1A2
CYP2A6
CYP2C9
CYP2C19
CYP2D6
CYP2E1
CYP3A4",HUMAN,BTM00177,O1C=2C(C(=O)C=C1C3=CC=CC(=C3)O)=C(O)C=C(OC)C2,"InChI=1S/C16H12O5/c1-20-11-6-12(18)16-13(19)8-14(21-15(16)7-11)9-3-2-4-10(17)5-9/h2-8,17-18H,1H3",BQASOSNOLITMSO-UHFFFAOYSA-N,3.278000000000001,284.068473484
"InChI=1S/C16H12O6/c1-21-9-5-12(19)16-13(20)7-14(22-15(16)6-9)10-4-8(17)2-3-11(10)18/h2-7,17-19H,1H3",FJZLRPLFCJBDEJ-UHFFFAOYSA-N,O1C=2C(C(=O)C=C1C3=C(C=CC(=C3)O)O)=C(O)C=C(OC)C2,,,C16H12O6,300.06338810399996,3.0106,0,1,1,BTM00469,BTM00469,Hydroxylation of benzene on carbon ortho to electron donating group,BTMR1045,"CYP1A2
CYP2C8
CYP2C9
CYP2C19
CYP2D6
CYP3A4",HUMAN,BTM00177,O1C=2C(C(=O)C=C1C3=CC=CC(=C3)O)=C(O)C=C(OC)C2,"InChI=1S/C16H12O5/c1-20-11-6-12(18)16-13(19)8-14(21-15(16)7-11)9-3-2-4-10(17)5-9/h2-8,17-18H,1H3",BQASOSNOLITMSO-UHFFFAOYSA-N,3.278000000000001,284.068473484
"InChI=1S/C16H12O6/c1-21-8-5-11(18)15-12(19)7-13(22-14(15)6-8)9-3-2-4-10(17)16(9)20/h2-7,17-18,20H,1H3",GTVWOMZOZUNKFW-UHFFFAOYSA-N,O1C=2C(C(=O)C=C1C3=C(C(=CC=C3)O)O)=C(O)C=C(OC)C2,SCHEMBL30721041,155776631,C16H12O6,300.06338810399996,3.0106,0,1,1,BTM00494,BTM00494,Hydroxylation of benzene on carbon ortho to electron donating group,BTMR1045,"CYP1A2
CYP2C8
CYP2C9
CYP2C19
CYP2D6
CYP3A4",HUMAN,BTM00177,O1C=2C(C(=O)C=C1C3=CC=CC(=C3)O)=C(O)C=C(OC)C2,"InChI=1S/C16H12O5/c1-20-11-6-12(18)16-13(19)8-14(21-15(16)7-11)9-3-2-4-10(17)5-9/h2-8,17-18H,1H3",BQASOSNOLITMSO-UHFFFAOYSA-N,3.278000000000001,284.068473484
"InChI=1S/C16H12O6/c1-20-10-6-11(18)13-12(7-10)21-16(15(22-16)14(13)19)8-3-2-4-9(17)5-8/h2-7,15,17-18H,1H3",YPQLFRNULKTAMF-UHFFFAOYSA-N,O1C=2C(C(=O)C3C1(C4=CC=CC(=C4)O)O3)=C(O)C=C(OC)C2,,,C16H12O6,300.06338810399996,2.3798,0,0,0,BTM00596,BTM00596,Epoxidation of vinyl ether,BTMR1026,"CYP1A2
CYP3A4",HUMAN,BTM00177,O1C=2C(C(=O)C=C1C3=CC=CC(=C3)O)=C(O)C=C(OC)C2,"InChI=1S/C16H12O5/c1-20-11-6-12(18)16-13(19)8-14(21-15(16)7-11)9-3-2-4-10(17)5-9/h2-8,17-18H,1H3",BQASOSNOLITMSO-UHFFFAOYSA-N,3.278000000000001,284.068473484
"InChI=1S/C16H12O6/c1-21-14-5-9(18)6-15-16(14)12(20)7-13(22-15)10-4-8(17)2-3-11(10)19/h2-7,17-19H,1H3",BMRVJQKSUODZRQ-UHFFFAOYSA-N,O1C=2C(C(=O)C=C1C3=C(C=CC(=C3)O)O)=C(OC)C=C(O)C2,,,C16H12O6,300.06338810399996,3.0106,0,1,1,BTM00470,BTM00470,p-Hydroxylation of phenol,BTMR1038,"CYP1A2
CYP2A6
CYP2B6
CYP2C8
CYP2C9
CYP2C19
CYP2D6
CYP2E1
CYP3A4",HUMAN,BTM00178,O1C=2C(C(=O)C=C1C3=CC=CC(=C3)O)=C(OC)C=C(O)C2,"InChI=1S/C16H12O5/c1-20-14-6-11(18)7-15-16(14)12(19)8-13(21-15)9-3-2-4-10(17)5-9/h2-8,17-18H,1H3",UYUGLBRPDXOIPY-UHFFFAOYSA-N,3.278000000000001,284.068473484
"InChI=1S/C15H10O5/c16-9-3-1-2-8(4-9)13-7-12(19)15-11(18)5-10(17)6-14(15)20-13/h1-7,16-18H",BEXPKGWBRBLIIC-UHFFFAOYSA-N,O1C=2C(C(=O)C=C1C3=CC=CC(=C3)O)=C(O)C=C(O)C2,"5,7,3'-trihydroxyflavone
72472-92-5
5,7-dihydroxy-2-(3-hydroxyphenyl)-4H-chromen-4-one
CHEMBL457821
SCHEMBL30335147
SCHEMBL31291006
BDBM50445690
XT161930
5,7-Dihydroxy-2-(3-hydroxyphenyl)-4H-1-benzopyran-4-one",15764379,C15H10O5,270.05282342,3.0270000000000006,0,1,1,BTM00061,BTM00061,O-Dealkylation,BTMR0052,"CYP1A2
CYP2A6
CYP2C9
CYP2C19
CYP2D6
CYP2E1
CYP3A4",HUMAN,BTM00178,O1C=2C(C(=O)C=C1C3=CC=CC(=C3)O)=C(OC)C=C(O)C2,"InChI=1S/C16H12O5/c1-20-14-6-11(18)7-15-16(14)12(19)8-13(21-15)9-3-2-4-10(17)5-9/h2-8,17-18H,1H3",UYUGLBRPDXOIPY-UHFFFAOYSA-N,3.278000000000001,284.068473484
"InChI=1S/C16H12O6/c1-21-14-5-9(18)6-15-16(14)12(20)7-13(22-15)10-4-8(17)2-3-11(10)19/h2-7,17-19H,1H3",BMRVJQKSUODZRQ-UHFFFAOYSA-N,O1C=2C(C(=O)C=C1C3=C(C=CC(=C3)O)O)=C(OC)C=C(O)C2,,,C16H12O6,300.06338810399996,3.0106,0,1,1,BTM00470,BTM00470,Hydroxylation of benzene on carbon ortho to electron donating group,BTMR1045,"CYP1A2
CYP2C8
CYP2C9
CYP2C19
CYP2D6
CYP3A4",HUMAN,BTM00178,O1C=2C(C(=O)C=C1C3=CC=CC(=C3)O)=C(OC)C=C(O)C2,"InChI=1S/C16H12O5/c1-20-14-6-11(18)7-15-16(14)12(19)8-13(21-15)9-3-2-4-10(17)5-9/h2-8,17-18H,1H3",UYUGLBRPDXOIPY-UHFFFAOYSA-N,3.278000000000001,284.068473484
"InChI=1S/C16H12O6/c1-21-13-5-8(17)6-14-15(13)11(19)7-12(22-14)9-3-2-4-10(18)16(9)20/h2-7,17-18,20H,1H3",MCGCXRDFIUMIPZ-UHFFFAOYSA-N,O1C=2C(C(=O)C=C1C3=C(C(=CC=C3)O)O)=C(OC)C=C(O)C2,,,C16H12O6,300.06338810399996,3.0106,0,1,1,BTM00495,BTM00495,Hydroxylation of benzene on carbon ortho to electron donating group,BTMR1045,"CYP1A2
CYP2C8
CYP2C9
CYP2C19
CYP2D6
CYP3A4",HUMAN,BTM00178,O1C=2C(C(=O)C=C1C3=CC=CC(=C3)O)=C(OC)C=C(O)C2,"InChI=1S/C16H12O5/c1-20-14-6-11(18)7-15-16(14)12(19)8-13(21-15)9-3-2-4-10(17)5-9/h2-8,17-18H,1H3",UYUGLBRPDXOIPY-UHFFFAOYSA-N,3.278000000000001,284.068473484
"InChI=1S/C16H12O6/c1-20-11-6-10(18)7-12-13(11)14(19)15-16(21-12,22-15)8-3-2-4-9(17)5-8/h2-7,15,17-18H,1H3",KJSOWEVZWWTRHJ-UHFFFAOYSA-N,O1C=2C(C(=O)C3C1(C4=CC=CC(=C4)O)O3)=C(OC)C=C(O)C2,,,C16H12O6,300.06338810399996,2.3798,0,0,0,BTM00597,BTM00597,Epoxidation of vinyl ether,BTMR1026,"CYP1A2
CYP3A4",HUMAN,BTM00178,O1C=2C(C(=O)C=C1C3=CC=CC(=C3)O)=C(OC)C=C(O)C2,"InChI=1S/C16H12O5/c1-20-14-6-11(18)7-15-16(14)12(19)8-13(21-15)9-3-2-4-10(17)5-9/h2-8,17-18H,1H3",UYUGLBRPDXOIPY-UHFFFAOYSA-N,3.278000000000001,284.068473484
"InChI=1S/C15H12O5/c16-10-4-1-9(2-5-10)3-6-12(18)15-13(19)7-11(17)8-14(15)20/h1-8,16-17,19-20H/b6-3+",YQHMWTPYORBCMF-ZZXKWVIFSA-N,OC=1C(C(=O)C=CC2=CC=C(O)C=C2)=C(O)C=C(O)C1,"naringenin chalcone
Chalconaringenin
73692-50-9
Isosalipurpol
25515-46-2
2',4,4',6'-Tetrahydroxychalcone
trans-2',4,4',6'-Tetrahydroxychalcone
YCF6Z24AS2
2'4'6'4-Tetrahydroxychalcone
CHEBI:15413
3-(4-Hydroxyphenyl)-1-(2,4,6-trihydroxyphenyl)-2-propen-1-one
(2E)-3-(4-Hydroxyphenyl)-1-(2,4,6-trihydroxyphenyl)-2-propen-1-one
DTXSID201025574
RefChem:832073
DTXCID701526072
860-137-4
Chalcononaringenin
(2E)-3-(4-hydroxyphenyl)-1-(2,4,6-trihydroxyphenyl)prop-2-en-1-one
(E)-3-(4-hydroxyphenyl)-1-(2,4,6-trihydroxyphenyl)prop-2-en-1-one
MFCD00016762
2,4,4,6-tetrahydroxychalcone
CHEMBL338066
4,2,4,6-Tetrahydroxychalcone
3-(4-hydroxyphenyl)-1-(2,4,6-trihydroxyphenyl)prop-2-en-1-one
Chalcone, 2,4,4,6-tetrahydroxy-
4,2',4',6'-TETRAHYDROXYCHALCONE
2',4',6',4-tetrahydroxychalcone
(2E)- 3-(4-hydroxyphenyl)-1-(2,4,6-trihydroxyphenyl)-2-Propen-1-one
2-Propen-1-one, 3-(4-hydroxyphenyl)-1-(2,4,6-trihydroxyphenyl)-, (2E)-
Naringenin chalcon
(E)-Naringenin chalcone
UNII-YCF6Z24AS2
MLS000863595
SCHEMBL443275
MEGxp0_001759
orb1304643
orb1685439
ACon1_001222
DTXSID101043553
HMS2269F17
HY-N3007
BDBM50042993
LMPK12120264
AKOS037515150
CCG-267176
EBC-470050
FN76317
2'',4,4'',6''-tetrahydroxychalcone
NCGC00142554-01
NCGC00142554-02
AC-34933
MS-23851
SMR000440735
ST057656
CS-0022919
S9440
C06561
Q25098661
(2E)a3a(4aHydroxyphenyl)a1a(2,4,6atrihydroxyphenyl)propa2aena1aone
3-(4-hydroxyphemyl)-1-(2,4,6-trihydroxyphenyl)prop-2-en-1-one
3-(4-Hydroxyphenyl)-1-(2,4,6-trihydroxyphenyl)-2-propen-1-one, 9CI
5071-40-9",5280960,C15H12O5,272.068473484,2.6323999999999996,0,1,1,BTM00062,BTM00062,Oxidation of secondary alcohol to ketone,BTMR0079,"CYP1A2
CYP2C9
CYP2C19",HUMAN,BTM00179,OC=1C(C(O)C=CC2=CC=C(O)C=C2)=C(O)C=C(O)C1,"InChI=1S/C15H14O5/c16-10-4-1-9(2-5-10)3-6-12(18)15-13(19)7-11(17)8-14(15)20/h1-8,12,16-20H/b6-3+",DIABYVGHSDUKHY-ZZXKWVIFSA-N,2.2358999999999996,274.084123548
"InChI=1S/C15H14O6/c16-9-6-13(20)15(14(21)7-9)11(18)4-2-8-1-3-10(17)12(19)5-8/h1-7,11,16-21H",WPTITBHTBKFNBI-UHFFFAOYSA-N,OC=1C(C(O)C=CC2=CC=C(O)C(=C2)O)=C(O)C=C(O)C1,,,C15H14O6,290.07903816799995,1.9685000000000001,1,1,1,BTM00598,BTM00598,"2-Hydroxylation of 1,4-disubstituted benzene",BTMR0037,CYP1A2,HUMAN,BTM00179,OC=1C(C(O)C=CC2=CC=C(O)C=C2)=C(O)C=C(O)C1,"InChI=1S/C15H14O5/c16-10-4-1-9(2-5-10)3-6-12(18)15-13(19)7-11(17)8-14(15)20/h1-8,12,16-20H/b6-3+",DIABYVGHSDUKHY-ZZXKWVIFSA-N,2.2358999999999996,274.084123548
"InChI=1S/C15H14O6/c16-8-3-1-7(2-4-8)14-15(21-14)13(20)12-10(18)5-9(17)6-11(12)19/h1-6,13-20H",URNRQZILXHWDAB-UHFFFAOYSA-N,OC=1C(C(O)C2C(C3=CC=C(O)C=C3)O2)=C(O)C=C(O)C1,,,C15H14O6,290.079038168,1.5131999999999999,0,1,1,BTM00511,BTM00511,Epoxidation of alkene,BTMR0109,"CYP1A2
CYP2B6
CYP2B6
CYP2C8
CYP2C9
CYP2C19
CYP2D6
CYP2E1
CYP3A4",HUMAN,BTM00179,OC=1C(C(O)C=CC2=CC=C(O)C=C2)=C(O)C=C(O)C1,"InChI=1S/C15H14O5/c16-10-4-1-9(2-5-10)3-6-12(18)15-13(19)7-11(17)8-14(15)20/h1-8,12,16-20H/b6-3+",DIABYVGHSDUKHY-ZZXKWVIFSA-N,2.2358999999999996,274.084123548
"InChI=1S/C9H8O4/c10-7-3-1-6(5-8(7)11)2-4-9(12)13/h1-5,10-11H,(H,12,13)/b4-2+",QAIPRVGONGVQAS-DUXPYHPUSA-N,C(=O)(C=CC1=CC=C(O)C(=C1)O)O,"caffeic acid
3,4-Dihydroxycinnamic acid
331-39-5
3,4-Dihydroxybenzeneacrylic acid
(E)-3-(3,4-dihydroxyphenyl)prop-2-enoic acid
3-(3,4-Dihydroxyphenyl)-2-propenoic acid
Cinnamic acid, 3,4-dihydroxy-
2-Propenoic acid, 3-(3,4-dihydroxyphenyl)-
4-(2-Carboxyethenyl)-1,2-dihydroxybenzene
3-(3,4-Dihydroxyphenyl)propenoic acid
4-(2'-Carboxyvinyl)-1,2-dihydroxybenzene
NSC 57197
U2S3A33KVM
NSC-57197
NSC-623438
DTXSID5020231
trans-3,4-Dihydroxycinnamic Acid
NSC57197
DTXCID10231
CHEBI:16433
CHEBI:36281
NSC623438
2-Propenoic acid, 3-(3,4-dihydroxyphenyl)-, (2E)-
CHEBI:17395
Caffeic Acid 1507
caffeic acid, (E)-
RefChem:6400
Trans 3,4-Dihydroxycinnamic acid
206-361-2
(2Z)-3-(3,4-dihydroxyphenyl)prop-2-enoic acid
cis-Caffeic acid
trans-caffeic acid
501-16-6
3-(3,4-dihydroxyphenyl)acrylic acid
(E)-3-(3,4-dihydroxyphenyl)acrylic acid
(2E)-3-(3,4-dihydroxyphenyl)prop-2-enoic acid
Caffeicacid
3,4-Dihydroxy-trans-cinnamate
(E)-3,4-dihydroxycinnamic acid
71693-97-5
MFCD00004392
Caffeate
2-Propenoic acid, 3-(3,4-dihydroxyphenyl)-, (E)-
3-(3,4-Dihydroxy phenyl)-2-propenoic acid
CHEMBL145
AI3-63211
MLS000069738
331-89-5
SMR000058214
CCRIS 847
HSDB 7088
3,4-Dihydroxycinnamic acid, predominantly trans
SR-01000000203
EINECS 206-361-2
UNII-U2S3A33KVM
caffeic-acid
e-caffeic acid
Caffeic acid pure
(e)-caffeic acid
Caffeic acid, 1
Caffeic acid 1000 microg/mL in Acetone
3,4-dihydroxycinnamic acid (caffeic acid)
Caffeic acid, trans-
3,4-dihydroxycinnamate
CAFFEIC ACID natural
(2E)-3-(3,4-dihydroxyphenyl)acrylic acid
Opera_ID_1700
CAFFEIC ACID [MI]
CAFFEIC ACID [DSC]
Cinnamic acid,4-dihydroxy-
CAFFEIC ACID [HSDB]
CAFFEIC ACID [IARC]
3,4-Dihydroxybenzeneacrylate
SCHEMBL23358
MLS001076493
MLS002207132
MLS002222302
MLS006011849
BIDD:ER0456
SPECTRUM1503987
CAFFEIC ACID [WHO-DD]
2-Propenoic acid,3-(3,4-dihydroxyphenyl)-, (2E)-
3,4-Dihydroxycinnamate, XVII
BDBM4375
cid_689043
E-3,4-dihydroxy cinnamic acid
GTPL5155
orb1685080
SCHEMBL4859286
SCHEMBL29353048
DTXSID901316055
HMS2235G09
HMS3260J17
HMS3649O17
HMS5080F04
AAA50116
BB_NC-02102
HY-N0172
MSK10401
Tox21_200648
Tox21_500208
BBL012113
Caffeic Acid - CAS 331-39-5
CCG-38895
EBC-11077
EBC-44189
s2277
SBB006475
STK397812
Caffeic acid, >=98.0% (HPLC)
2-Propenoic acid,4-dihydroxyphenyl)-
AKOS000144463
AC-8006
CS-8205
DB01880
FC19625
LP00208
SDCCGMLS-0002982.P003
SDCCGSBI-0050196.P004
NCGC00017364-04
NCGC00017364-05
NCGC00017364-06
NCGC00017364-07
NCGC00017364-08
NCGC00017364-09
NCGC00017364-10
NCGC00017364-11
NCGC00017364-12
NCGC00017364-13
NCGC00017364-18
NCGC00017364-22
NCGC00022654-03
NCGC00022654-04
NCGC00022654-05
NCGC00022654-06
NCGC00022654-07
NCGC00022654-08
NCGC00022654-09
NCGC00258202-01
NCGC00260893-01
NCGC00263641-01
(E)-3-(3,4-dihydroxyphenyl)acrylicacid
AS-10895
BP-30112
CAS-331-39-5
SMR004703501
ST057529
SY335313
Caffeic acid, purum, >=95.0% (HPLC)
DB-318886
DB-321780
HY-121231
AB00490047
CS-0081280
EU-0100208
NS00010313
SW197202-3
(E)-3-(3,4-dihydroxyphenyl)prop-2-enoicacid
C 0625
C01197
C01481
EN300-1067793
(2E)-3-(3,4-Dihydroxyphenyl)-2-propenoic acid
331C395
AR-360/40806927
F209825
Q414116
SR-01000000203-2
SR-01000000203-6
SR-01000000203-7
SR-01000000203-8
BRD-K09900591-001-06-9
BRD-K09900591-001-25-9
BRD-K09900591-001-26-7
SR-01000000203-13
CAFFEIC ACID (CONSTITUENT OF BLACK COHOSH) [DSC]
F3096-1708
Z240113804
2',3-DIHYDROXY-4,4',6'-TRIMETHOXYCHALCONE_met021
2',4-DIHYDROXY-3,4',6'-TRIMETHOXYCHALCONE_met023
8B3E4DA7-F3B0-4972-A315-2E387071737F
trans-Caffeic acid, certified reference material, TraceCERT(R)
Caffeic acid, matrix substance for MALDI-MS, >=99.0% (HPLC)
Caffeic acid, United States Pharmacopeia (USP) Reference Standard
Caffeic acid, matrix substance for MALDI-MS, >=99.0% (HPLC), powder, light beige
InChI=1/C9H8O4/c10-7-3-1-6(5-8(7)11)2-4-9(12)13/h1-5,10-11H,(H,12,13)/b4-2",689043,C9H8O4,180.042258736,1.3674,0,1,1,BTM00498,BTM00498,"2-Hydroxylation of 1,4-disubstituted benzene",BTMR0037,CYP1A2,HUMAN,BTM00181,C(=O)(C=CC1=CC=C(O)C=C1)O,"InChI=1S/C9H8O3/c10-8-4-1-7(2-5-8)3-6-9(11)12/h1-6,10H,(H,11,12)/b6-3+",NGSWKAQJJWESNS-ZZXKWVIFSA-N,1.6347999999999994,164.04734411599998
"InChI=1S/C9H8O4/c10-6-3-1-5(2-4-6)7-8(13-7)9(11)12/h1-4,7-8,10H,(H,11,12)",UCVOVUPTIUKZET-UHFFFAOYSA-N,C(=O)(C1C(C2=CC=C(O)C=C2)O1)O,"3-(4-hydroxyphenyl)oxirane-2-carboxylic acid
CHEBI:189043
1290634-46-6",131832271,C9H8O4,180.042258736,0.9120999999999996,0,0,0,BTM00512,BTM00512,Epoxidation of alkene,BTMR0109,"CYP1A2
CYP2B6
CYP2B6
CYP2C8
CYP2C9
CYP2C19
CYP2D6
CYP2E1
CYP3A4",HUMAN,BTM00181,C(=O)(C=CC1=CC=C(O)C=C1)O,"InChI=1S/C9H8O3/c10-8-4-1-7(2-5-8)3-6-9(11)12/h1-6,10H,(H,11,12)/b6-3+",NGSWKAQJJWESNS-ZZXKWVIFSA-N,1.6347999999999994,164.04734411599998
"InChI=1S/C15H12O5/c16-10-4-1-9(2-5-10)3-6-12(18)15-13(19)7-11(17)8-14(15)20/h1-8,16-17,19-20H/b6-3+",YQHMWTPYORBCMF-ZZXKWVIFSA-N,OC=1C(C(=O)C=CC2=CC=C(O)C=C2)=C(O)C=C(O)C1,"naringenin chalcone
Chalconaringenin
73692-50-9
Isosalipurpol
25515-46-2
2',4,4',6'-Tetrahydroxychalcone
trans-2',4,4',6'-Tetrahydroxychalcone
YCF6Z24AS2
2'4'6'4-Tetrahydroxychalcone
CHEBI:15413
3-(4-Hydroxyphenyl)-1-(2,4,6-trihydroxyphenyl)-2-propen-1-one
(2E)-3-(4-Hydroxyphenyl)-1-(2,4,6-trihydroxyphenyl)-2-propen-1-one
DTXSID201025574
RefChem:832073
DTXCID701526072
860-137-4
Chalcononaringenin
(2E)-3-(4-hydroxyphenyl)-1-(2,4,6-trihydroxyphenyl)prop-2-en-1-one
(E)-3-(4-hydroxyphenyl)-1-(2,4,6-trihydroxyphenyl)prop-2-en-1-one
MFCD00016762
2,4,4,6-tetrahydroxychalcone
CHEMBL338066
4,2,4,6-Tetrahydroxychalcone
3-(4-hydroxyphenyl)-1-(2,4,6-trihydroxyphenyl)prop-2-en-1-one
Chalcone, 2,4,4,6-tetrahydroxy-
4,2',4',6'-TETRAHYDROXYCHALCONE
2',4',6',4-tetrahydroxychalcone
(2E)- 3-(4-hydroxyphenyl)-1-(2,4,6-trihydroxyphenyl)-2-Propen-1-one
2-Propen-1-one, 3-(4-hydroxyphenyl)-1-(2,4,6-trihydroxyphenyl)-, (2E)-
Naringenin chalcon
(E)-Naringenin chalcone
UNII-YCF6Z24AS2
MLS000863595
SCHEMBL443275
MEGxp0_001759
orb1304643
orb1685439
ACon1_001222
DTXSID101043553
HMS2269F17
HY-N3007
BDBM50042993
LMPK12120264
AKOS037515150
CCG-267176
EBC-470050
FN76317
2'',4,4'',6''-tetrahydroxychalcone
NCGC00142554-01
NCGC00142554-02
AC-34933
MS-23851
SMR000440735
ST057656
CS-0022919
S9440
C06561
Q25098661
(2E)a3a(4aHydroxyphenyl)a1a(2,4,6atrihydroxyphenyl)propa2aena1aone
3-(4-hydroxyphemyl)-1-(2,4,6-trihydroxyphenyl)prop-2-en-1-one
3-(4-Hydroxyphenyl)-1-(2,4,6-trihydroxyphenyl)-2-propen-1-one, 9CI
5071-40-9",5280960,C15H12O5,272.068473484,2.6323999999999996,0,1,1,BTM00062,BTM00062,O-Dealkylation,BTMR0052,"CYP1A2
CYP2A6
CYP2C9
CYP2C19
CYP2D6
CYP2E1
CYP3A4",HUMAN,BTM00188,O(C=1C(C(=O)C=CC2=CC=C(O)C=C2)=C(O)C=C(O)C1)C,"InChI=1S/C16H14O5/c1-21-15-9-12(18)8-14(20)16(15)13(19)7-4-10-2-5-11(17)6-3-10/h2-9,17-18,20H,1H3/b7-4+",OWGUBYRKZATRIT-QPJJXVBHSA-N,2.8833999999999995,286.084123548
"InChI=1S/C16H14O6/c1-22-15-8-10(17)7-14(21)16(15)12(19)5-3-9-2-4-11(18)13(20)6-9/h2-8,17-18,20-21H,1H3/b5-3+",BXADLRCAZMRNEH-HWKANZROSA-N,O(C=1C(C(=O)C=CC2=CC=C(O)C(=C2)O)=C(O)C=C(O)C1)C,CHEMBL494612,44577024,C16H14O6,302.079038168,2.616,0,1,1,BTM00509,BTM00509,"2-Hydroxylation of 1,4-disubstituted benzene",BTMR0037,CYP1A2,HUMAN,BTM00188,O(C=1C(C(=O)C=CC2=CC=C(O)C=C2)=C(O)C=C(O)C1)C,"InChI=1S/C16H14O5/c1-21-15-9-12(18)8-14(20)16(15)13(19)7-4-10-2-5-11(17)6-3-10/h2-9,17-18,20H,1H3/b7-4+",OWGUBYRKZATRIT-QPJJXVBHSA-N,2.8833999999999995,286.084123548
"InChI=1S/C16H14O6/c1-21-12-7-10(18)6-11(19)13(12)14(20)16-15(22-16)8-2-4-9(17)5-3-8/h2-7,15-19H,1H3",LXDQNXCDDWIEMG-UHFFFAOYSA-N,O(C=1C(C(=O)C2C(C3=CC=C(O)C=C3)O2)=C(O)C=C(O)C1)C,,,C16H14O6,302.079038168,2.1606999999999985,0,1,1,BTM00519,BTM00519,Epoxidation of alkene,BTMR0109,"CYP1A2
CYP2B6
CYP2B6
CYP2C8
CYP2C9
CYP2C19
CYP2D6
CYP2E1
CYP3A4",HUMAN,BTM00188,O(C=1C(C(=O)C=CC2=CC=C(O)C=C2)=C(O)C=C(O)C1)C,"InChI=1S/C16H14O5/c1-21-15-9-12(18)8-14(20)16(15)13(19)7-4-10-2-5-11(17)6-3-10/h2-9,17-18,20H,1H3/b7-4+",OWGUBYRKZATRIT-QPJJXVBHSA-N,2.8833999999999995,286.084123548
"InChI=1S/C15H12O5/c16-10-4-1-9(2-5-10)3-6-12(18)15-13(19)7-11(17)8-14(15)20/h1-8,16-17,19-20H/b6-3+",YQHMWTPYORBCMF-ZZXKWVIFSA-N,OC=1C(C(=O)C=CC2=CC=C(O)C=C2)=C(O)C=C(O)C1,"naringenin chalcone
Chalconaringenin
73692-50-9
Isosalipurpol
25515-46-2
2',4,4',6'-Tetrahydroxychalcone
trans-2',4,4',6'-Tetrahydroxychalcone
YCF6Z24AS2
2'4'6'4-Tetrahydroxychalcone
CHEBI:15413
3-(4-Hydroxyphenyl)-1-(2,4,6-trihydroxyphenyl)-2-propen-1-one
(2E)-3-(4-Hydroxyphenyl)-1-(2,4,6-trihydroxyphenyl)-2-propen-1-one
DTXSID201025574
RefChem:832073
DTXCID701526072
860-137-4
Chalcononaringenin
(2E)-3-(4-hydroxyphenyl)-1-(2,4,6-trihydroxyphenyl)prop-2-en-1-one
(E)-3-(4-hydroxyphenyl)-1-(2,4,6-trihydroxyphenyl)prop-2-en-1-one
MFCD00016762
2,4,4,6-tetrahydroxychalcone
CHEMBL338066
4,2,4,6-Tetrahydroxychalcone
3-(4-hydroxyphenyl)-1-(2,4,6-trihydroxyphenyl)prop-2-en-1-one
Chalcone, 2,4,4,6-tetrahydroxy-
4,2',4',6'-TETRAHYDROXYCHALCONE
2',4',6',4-tetrahydroxychalcone
(2E)- 3-(4-hydroxyphenyl)-1-(2,4,6-trihydroxyphenyl)-2-Propen-1-one
2-Propen-1-one, 3-(4-hydroxyphenyl)-1-(2,4,6-trihydroxyphenyl)-, (2E)-
Naringenin chalcon
(E)-Naringenin chalcone
UNII-YCF6Z24AS2
MLS000863595
SCHEMBL443275
MEGxp0_001759
orb1304643
orb1685439
ACon1_001222
DTXSID101043553
HMS2269F17
HY-N3007
BDBM50042993
LMPK12120264
AKOS037515150
CCG-267176
EBC-470050
FN76317
2'',4,4'',6''-tetrahydroxychalcone
NCGC00142554-01
NCGC00142554-02
AC-34933
MS-23851
SMR000440735
ST057656
CS-0022919
S9440
C06561
Q25098661
(2E)a3a(4aHydroxyphenyl)a1a(2,4,6atrihydroxyphenyl)propa2aena1aone
3-(4-hydroxyphemyl)-1-(2,4,6-trihydroxyphenyl)prop-2-en-1-one
3-(4-Hydroxyphenyl)-1-(2,4,6-trihydroxyphenyl)-2-propen-1-one, 9CI
5071-40-9",5280960,C15H12O5,272.068473484,2.6323999999999996,0,1,1,BTM00062,BTM00062,O-Dealkylation,BTMR0052,"CYP1A2
CYP2A6
CYP2C9
CYP2C19
CYP2D6
CYP2E1
CYP3A4",HUMAN,BTM00189,OC=1C(C(=O)C=CC2=CC=C(O)C=C2)=C(O)C=C(OC)C1,"InChI=1S/C16H14O5/c1-21-12-8-14(19)16(15(20)9-12)13(18)7-4-10-2-5-11(17)6-3-10/h2-9,17,19-20H,1H3/b7-4+",JGPQAWUEYNNXOH-QPJJXVBHSA-N,2.8833999999999995,286.084123548
"InChI=1S/C16H14O6/c1-22-10-7-14(20)16(15(21)8-10)12(18)5-3-9-2-4-11(17)13(19)6-9/h2-8,17,19-21H,1H3/b5-3+",YISSNRKFNASSFN-HWKANZROSA-N,OC=1C(C(=O)C=CC2=CC=C(O)C(=C2)O)=C(O)C=C(OC)C1,,,C16H14O6,302.079038168,2.616,0,1,1,BTM00510,BTM00510,"2-Hydroxylation of 1,4-disubstituted benzene",BTMR0037,CYP1A2,HUMAN,BTM00189,OC=1C(C(=O)C=CC2=CC=C(O)C=C2)=C(O)C=C(OC)C1,"InChI=1S/C16H14O5/c1-21-12-8-14(19)16(15(20)9-12)13(18)7-4-10-2-5-11(17)6-3-10/h2-9,17,19-20H,1H3/b7-4+",JGPQAWUEYNNXOH-QPJJXVBHSA-N,2.8833999999999995,286.084123548
"InChI=1S/C16H14O6/c1-21-10-6-11(18)13(12(19)7-10)14(20)16-15(22-16)8-2-4-9(17)5-3-8/h2-7,15-19H,1H3",KRSROVSJEXJAAF-UHFFFAOYSA-N,OC=1C(C(=O)C2C(C3=CC=C(O)C=C3)O2)=C(O)C=C(OC)C1,,,C16H14O6,302.079038168,2.1606999999999985,0,1,1,BTM00520,BTM00520,Epoxidation of alkene,BTMR0109,"CYP1A2
CYP2B6
CYP2B6
CYP2C8
CYP2C9
CYP2C19
CYP2D6
CYP2E1
CYP3A4",HUMAN,BTM00189,OC=1C(C(=O)C=CC2=CC=C(O)C=C2)=C(O)C=C(OC)C1,"InChI=1S/C16H14O5/c1-21-12-8-14(19)16(15(20)9-12)13(18)7-4-10-2-5-11(17)6-3-10/h2-9,17,19-20H,1H3/b7-4+",JGPQAWUEYNNXOH-QPJJXVBHSA-N,2.8833999999999995,286.084123548
"InChI=1S/C15H12O5/c16-10-4-1-9(2-5-10)3-6-12(18)15-13(19)7-11(17)8-14(15)20/h1-8,16-17,19-20H/b6-3+",YQHMWTPYORBCMF-ZZXKWVIFSA-N,OC=1C(C(=O)C=CC2=CC=C(O)C=C2)=C(O)C=C(O)C1,"naringenin chalcone
Chalconaringenin
73692-50-9
Isosalipurpol
25515-46-2
2',4,4',6'-Tetrahydroxychalcone
trans-2',4,4',6'-Tetrahydroxychalcone
YCF6Z24AS2
2'4'6'4-Tetrahydroxychalcone
CHEBI:15413
3-(4-Hydroxyphenyl)-1-(2,4,6-trihydroxyphenyl)-2-propen-1-one
(2E)-3-(4-Hydroxyphenyl)-1-(2,4,6-trihydroxyphenyl)-2-propen-1-one
DTXSID201025574
RefChem:832073
DTXCID701526072
860-137-4
Chalcononaringenin
(2E)-3-(4-hydroxyphenyl)-1-(2,4,6-trihydroxyphenyl)prop-2-en-1-one
(E)-3-(4-hydroxyphenyl)-1-(2,4,6-trihydroxyphenyl)prop-2-en-1-one
MFCD00016762
2,4,4,6-tetrahydroxychalcone
CHEMBL338066
4,2,4,6-Tetrahydroxychalcone
3-(4-hydroxyphenyl)-1-(2,4,6-trihydroxyphenyl)prop-2-en-1-one
Chalcone, 2,4,4,6-tetrahydroxy-
4,2',4',6'-TETRAHYDROXYCHALCONE
2',4',6',4-tetrahydroxychalcone
(2E)- 3-(4-hydroxyphenyl)-1-(2,4,6-trihydroxyphenyl)-2-Propen-1-one
2-Propen-1-one, 3-(4-hydroxyphenyl)-1-(2,4,6-trihydroxyphenyl)-, (2E)-
Naringenin chalcon
(E)-Naringenin chalcone
UNII-YCF6Z24AS2
MLS000863595
SCHEMBL443275
MEGxp0_001759
orb1304643
orb1685439
ACon1_001222
DTXSID101043553
HMS2269F17
HY-N3007
BDBM50042993
LMPK12120264
AKOS037515150
CCG-267176
EBC-470050
FN76317
2'',4,4'',6''-tetrahydroxychalcone
NCGC00142554-01
NCGC00142554-02
AC-34933
MS-23851
SMR000440735
ST057656
CS-0022919
S9440
C06561
Q25098661
(2E)a3a(4aHydroxyphenyl)a1a(2,4,6atrihydroxyphenyl)propa2aena1aone
3-(4-hydroxyphemyl)-1-(2,4,6-trihydroxyphenyl)prop-2-en-1-one
3-(4-Hydroxyphenyl)-1-(2,4,6-trihydroxyphenyl)-2-propen-1-one, 9CI
5071-40-9",5280960,C15H12O5,272.068473484,2.6323999999999996,0,1,1,BTM00062,BTM00062,O-Dealkylation,BTMR0052,"CYP1A2
CYP2A6
CYP2C9
CYP2C19
CYP2D6
CYP2E1
CYP3A4",HUMAN,BTM00190,OC=1C(C(=O)C=CC2=CC=C(OC)C=C2)=C(O)C=C(O)C1,"InChI=1S/C16H14O5/c1-21-12-5-2-10(3-6-12)4-7-13(18)16-14(19)8-11(17)9-15(16)20/h2-9,17,19-20H,1H3/b7-4+",DGUBZDXYXXUHTJ-QPJJXVBHSA-N,2.8833999999999995,286.084123548
"InChI=1S/C16H14O6/c1-22-15-5-3-9(6-12(15)19)2-4-11(18)16-13(20)7-10(17)8-14(16)21/h2-8,17,19-21H,1H3/b4-2+",CMFGBLHCLKLQIG-DUXPYHPUSA-N,OC=1C(C(=O)C=CC2=CC=C(OC)C(=C2)O)=C(O)C=C(O)C1,"Hesperetin chalcone
75679-30-0
DTXSID10432651
RefChem:347325
DTXCID30383479
2',4',6',3-Tetrahydroxy-4-methoxychalcone
(E)-3-(3-hydroxy-4-methoxyphenyl)-1-(2,4,6-trihydroxyphenyl)prop-2-en-1-one
SCHEMBL25238853
(2E)-3-(3-hydroxy-4-methoxyphenyl)-1-(2,4,6-trihydroxyphenyl)prop-2-en-1-one",9904479,C16H14O6,302.07903816799995,2.616,0,1,1,BTM00499,BTM00499,"2-Hydroxylation of 1,4-disubstituted benzene",BTMR0037,CYP1A2,HUMAN,BTM00190,OC=1C(C(=O)C=CC2=CC=C(OC)C=C2)=C(O)C=C(O)C1,"InChI=1S/C16H14O5/c1-21-12-5-2-10(3-6-12)4-7-13(18)16-14(19)8-11(17)9-15(16)20/h2-9,17,19-20H,1H3/b7-4+",DGUBZDXYXXUHTJ-QPJJXVBHSA-N,2.8833999999999995,286.084123548
"InChI=1S/C16H14O6/c1-21-10-4-2-8(3-5-10)15-16(22-15)14(20)13-11(18)6-9(17)7-12(13)19/h2-7,15-19H,1H3",JZESFXVOSHBSGR-UHFFFAOYSA-N,OC=1C(C(=O)C2C(C3=CC=C(OC)C=C3)O2)=C(O)C=C(O)C1,,,C16H14O6,302.079038168,2.1606999999999985,0,1,1,BTM00521,BTM00521,Epoxidation of alkene,BTMR0109,"CYP1A2
CYP2B6
CYP2B6
CYP2C8
CYP2C9
CYP2C19
CYP2D6
CYP2E1
CYP3A4",HUMAN,BTM00190,OC=1C(C(=O)C=CC2=CC=C(OC)C=C2)=C(O)C=C(O)C1,"InChI=1S/C16H14O5/c1-21-12-5-2-10(3-6-12)4-7-13(18)16-14(19)8-11(17)9-15(16)20/h2-9,17,19-20H,1H3/b7-4+",DGUBZDXYXXUHTJ-QPJJXVBHSA-N,2.8833999999999995,286.084123548
"InChI=1S/C15H14O5/c16-8-5-11(18)15-12(19)7-13(20-14(15)6-8)9-3-1-2-4-10(9)17/h1-6,12-13,16-19H,7H2",PWAWVWOATLEQNS-UHFFFAOYSA-N,O1C=2C(C(O)CC1C3=C(C=CC=C3)O)=C(O)C=C(O)C2,,,C15H14O5,274.084123548,1.928799999999999,0,1,1,BTM00522,BTM00522,O-Hydroxylation of monosubstituted benzene,BTMR1034,"CYP1A2
CYP2C8
CYP2C9
CYP2C19
CYP3A4",HUMAN,BTM00191,O1C=2C(C(O)CC1C3=CC=CC=C3)=C(O)C=C(O)C2,"InChI=1S/C15H14O4/c16-10-6-11(17)15-12(18)8-13(19-14(15)7-10)9-4-2-1-3-5-9/h1-7,12-13,16-18H,8H2",QZSGWUDKCQKAIF-UHFFFAOYSA-N,2.1961999999999997,258.089208928
"InChI=1S/C15H12O4/c16-10-6-11(17)15-12(18)8-13(19-14(15)7-10)9-4-2-1-3-5-9/h1-7,13,16-17H,8H2",URFCJEUYXNAHFI-UHFFFAOYSA-N,O1C=2C(C(=O)CC1C3=CC=CC=C3)=C(O)C=C(O)C2,"68745-38-0
5,7-Dihydroxyflavanone
DTXSID80285959
RefChem:1072263
DTXCID90212731
(+/-)-pinocembrin
5,7-dihydroxy-2-phenylchroman-4-one
rac-Pinocembrin
Pinocembrin (racemic)
MFCD00017482
5,7-dihydroxy-2-phenyl-2,3-dihydrochromen-4-one
4H-1-Benzopyran-4-one, 2,3-dihydro-5,7-dihydroxy-2-phenyl-
( inverted exclamation markA)-Pinocembrin
NSC279005
5,7-Dihydroxy-2-phenyl-chroman-4-one
(s)-pinocembrin
(+/-)-5,7-Dihydroxyflavanone; NSC 43318
NSC43318
NSC-43318
NSC661207
()-Pinocembrin
PTP inhibitor, 4l
MLS000877016
CHEMBL70518
SCHEMBL291899
MEGxp0_000456
orb1684311
orb3032915
4H-1-Benzopyran-4-one, 2,3-dihydro-5,7-dihydroxy-2-phenyl-, (-)-
4H-1-Benzopyran-4-one, 2,3-dihydro-5,7-dihydroxy-2-phenyl-, (S)-
SCHEMBL30186539
ACon1_000231
5,7-dihydroxy-2-phenyl-3,4-dihydro-2H-1-benzopyran-4-one
BDBM243060
HMS2267H13
HMS3330B01
GIA66042
HY-N2540
SBB066101
AKOS015895182
DL-0108
EBC-459046
FP66340
FS-7859
NSC-661207
SB17302
NCGC00180757-01
AC-35131
SMR000440642
()-5,7-Dihydroxyflavanone; NSC 43318
DB-055185
CS-0022812
NS00097243
H37437
Q748200
BRD-A84450718-001-01-4
5,7-Dihydroxy-2-phenyl-2,3-dihydro-4H-chromen-4-one #
5,7-Dihydroxy-2-phenyl-2,3-dihydro-4H-1-benzopyran-4-one
4H-1-Benzopyran-4-one,3-dihydro-5,7-dihydroxy-2-phenyl-, (-)-
4H-1-Benzopyran-4-one,3-dihydro-5,7-dihydroxy-2-phenyl-, (S)-",238782,C15H12O4,256.073558864,2.5651,0,0,0,BTM00063,BTM00063,Oxidation of secondary alcohol to ketone,BTMR0079,"CYP1A2
CYP2C9
CYP2C19",HUMAN,BTM00191,O1C=2C(C(O)CC1C3=CC=CC=C3)=C(O)C=C(O)C2,"InChI=1S/C15H14O4/c16-10-6-11(17)15-12(18)8-13(19-14(15)7-10)9-4-2-1-3-5-9/h1-7,12-13,16-18H,8H2",QZSGWUDKCQKAIF-UHFFFAOYSA-N,2.1961999999999997,258.089208928
"InChI=1S/C15H14O5/c16-9-3-1-8(2-4-9)13-7-12(19)15-11(18)5-10(17)6-14(15)20-13/h1-6,12-13,16-19H,7H2",RPKUCYSGAXIESU-UHFFFAOYSA-N,O1C=2C(C(O)CC1C3=CC=C(O)C=C3)=C(O)C=C(O)C2,"Apiferol
2-(4-hydroxyphenyl)chroman-4,5,7-triol
2-(4-hydroxyphenyl)-3,4-dihydro-2h-chromene-4,5,7-triol
SCHEMBL18397680
SCHEMBL29929197
LMPK12020166
(2xi,4xi)-4,4',5,7-Tetrahydroxyflavan",185795,C15H14O5,274.084123548,1.928799999999999,0,1,1,BTM00040,BTM00040,Hydroxylation of benzene on carbon para to electron donating group,BTMR1047,"CYP1A2
CYP2C8
CYP2C9
CYP2D6
CYP3A4",HUMAN,BTM00191,O1C=2C(C(O)CC1C3=CC=CC=C3)=C(O)C=C(O)C2,"InChI=1S/C15H14O4/c16-10-6-11(17)15-12(18)8-13(19-14(15)7-10)9-4-2-1-3-5-9/h1-7,12-13,16-18H,8H2",QZSGWUDKCQKAIF-UHFFFAOYSA-N,2.1961999999999997,258.089208928
"InChI=1S/C15H14O5/c16-9-6-10(17)12-11(7-9)20-15(14(19)13(12)18)8-4-2-1-3-5-8/h1-7,13-19H",MTOGKBVCUVCNIM-UHFFFAOYSA-N,O1C=2C(C(O)C(C1C3=CC=CC=C3)O)=C(O)C=C(O)C2,"5,7-dihydroxyflavan-3,4-diol",66548355,C15H14O5,274.084123548,1.6231000000000002,0,1,1,BTM00529,BTM00529,Hydroxylation of heteroalicyclic secondary carbon,BTMR1071,CYP1A2,HUMAN,BTM00191,O1C=2C(C(O)CC1C3=CC=CC=C3)=C(O)C=C(O)C2,"InChI=1S/C15H14O4/c16-10-6-11(17)15-12(18)8-13(19-14(15)7-10)9-4-2-1-3-5-9/h1-7,12-13,16-18H,8H2",QZSGWUDKCQKAIF-UHFFFAOYSA-N,2.1961999999999997,258.089208928
"InChI=1S/C16H14O5/c1-20-9-6-12(18)16-13(19)8-14(21-15(16)7-9)10-4-2-3-5-11(10)17/h2-7,14,17-18H,8H2,1H3",RWLCJUJOUDVNQX-UHFFFAOYSA-N,O1C=2C(C(=O)CC1C3=C(C=CC=C3)O)=C(O)C=C(OC)C2,SCHEMBL17656774,73196511,C16H14O5,286.084123548,2.5486999999999997,0,0,0,BTM00526,BTM00526,O-Hydroxylation of monosubstituted benzene,BTMR1034,"CYP1A2
CYP2C8
CYP2C9
CYP2C19
CYP3A4",HUMAN,BTM00194,O1C=2C(C(=O)CC1C3=CC=CC=C3)=C(O)C=C(OC)C2,"InChI=1S/C16H14O4/c1-19-11-7-12(17)16-13(18)9-14(20-15(16)8-11)10-5-3-2-4-6-10/h2-8,14,17H,9H2,1H3",ORJDDOBAOGKRJV-UHFFFAOYSA-N,2.816099999999999,270.089208928
"InChI=1S/C15H12O4/c16-10-6-11(17)15-12(18)8-13(19-14(15)7-10)9-4-2-1-3-5-9/h1-7,13,16-17H,8H2",URFCJEUYXNAHFI-UHFFFAOYSA-N,O1C=2C(C(=O)CC1C3=CC=CC=C3)=C(O)C=C(O)C2,"68745-38-0
5,7-Dihydroxyflavanone
DTXSID80285959
RefChem:1072263
DTXCID90212731
(+/-)-pinocembrin
5,7-dihydroxy-2-phenylchroman-4-one
rac-Pinocembrin
Pinocembrin (racemic)
MFCD00017482
5,7-dihydroxy-2-phenyl-2,3-dihydrochromen-4-one
4H-1-Benzopyran-4-one, 2,3-dihydro-5,7-dihydroxy-2-phenyl-
( inverted exclamation markA)-Pinocembrin
NSC279005
5,7-Dihydroxy-2-phenyl-chroman-4-one
(s)-pinocembrin
(+/-)-5,7-Dihydroxyflavanone; NSC 43318
NSC43318
NSC-43318
NSC661207
()-Pinocembrin
PTP inhibitor, 4l
MLS000877016
CHEMBL70518
SCHEMBL291899
MEGxp0_000456
orb1684311
orb3032915
4H-1-Benzopyran-4-one, 2,3-dihydro-5,7-dihydroxy-2-phenyl-, (-)-
4H-1-Benzopyran-4-one, 2,3-dihydro-5,7-dihydroxy-2-phenyl-, (S)-
SCHEMBL30186539
ACon1_000231
5,7-dihydroxy-2-phenyl-3,4-dihydro-2H-1-benzopyran-4-one
BDBM243060
HMS2267H13
HMS3330B01
GIA66042
HY-N2540
SBB066101
AKOS015895182
DL-0108
EBC-459046
FP66340
FS-7859
NSC-661207
SB17302
NCGC00180757-01
AC-35131
SMR000440642
()-5,7-Dihydroxyflavanone; NSC 43318
DB-055185
CS-0022812
NS00097243
H37437
Q748200
BRD-A84450718-001-01-4
5,7-Dihydroxy-2-phenyl-2,3-dihydro-4H-chromen-4-one #
5,7-Dihydroxy-2-phenyl-2,3-dihydro-4H-1-benzopyran-4-one
4H-1-Benzopyran-4-one,3-dihydro-5,7-dihydroxy-2-phenyl-, (-)-
4H-1-Benzopyran-4-one,3-dihydro-5,7-dihydroxy-2-phenyl-, (S)-",238782,C15H12O4,256.073558864,2.5651,0,0,0,BTM00063,BTM00063,O-Dealkylation,BTMR0052,"CYP1A2
CYP2A6
CYP2C9
CYP2C19
CYP2D6
CYP2E1
CYP3A4",HUMAN,BTM00194,O1C=2C(C(=O)CC1C3=CC=CC=C3)=C(O)C=C(OC)C2,"InChI=1S/C16H14O4/c1-19-11-7-12(17)16-13(18)9-14(20-15(16)8-11)10-5-3-2-4-6-10/h2-8,14,17H,9H2,1H3",ORJDDOBAOGKRJV-UHFFFAOYSA-N,2.816099999999999,270.089208928
"InChI=1S/C16H14O5/c1-20-11-6-12(18)16-13(19)8-14(21-15(16)7-11)9-2-4-10(17)5-3-9/h2-7,14,17-18H,8H2,1H3",DJOJDHGQRNZXQQ-UHFFFAOYSA-N,O1C=2C(C(=O)CC1C3=CC=C(O)C=C3)=C(O)C=C(OC)C2,"520-29-6
RefChem:505952
4'-5-Dihydroxy-7-methoxyflavanone, 7-O-Methylnaringenin, Naringenin 7-O-methyl ether
112-126-4
5-hydroxy-2-(4-hydroxyphenyl)-7-methoxychroman-4-one
(RS)-Sakuranetin
4',5-Dihydroxy-7-methoxyflavanone
MFCD07782262
NSC-407228
5-hydroxy-2-(4-hydroxyphenyl)-7-methoxy-2,3-dihydrochromen-4-one
CHEMBL74852
4H-1-Benzopyran-4-one,2,3-dihydro-5-hydroxy-2-(4-hydroxyphenyl)-7-methoxy-
NSC407228
5-Hydroxy-2-(4-hydroxy-phenyl)-7-methoxy-chroman-4-one
5-hydroxy-2-(4-hydroxyphenyl)-7-methoxy-3,4-dihydro-2H-1-benzopyran-4-one
4H-1-Benzopyran-4-one, 2,3-dihydro-5-hydroxy-2-(4-hydroxyphenyl)-7-methoxy-
MLS000876793
SCHEMBL555541
MEGxp0_000557
SCHEMBL29928748
ACon1_000001
HMS2271F13
BDBM50049387
AKOS015965397
5,4''-Dihydroxy-7-o-methoxyflavanone
FS66817
NCGC00168885-01
AC-20247
AC-34929
SMR000440561
ST098728
CS-0066106
NS00015854
Flavanone,5-dihydroxy-7-methoxy-, (S)-(-)-
AM-573/21243006
L000892
BRD-A32263173-001-01-2
5-Hydroxy-2-(4-hydroxyphenyl)-7-methoxy-2,3-dihydro-4H-chromen-4-one #
4H-1-Benzopyran-4-one,3-dihydro-5-hydroxy-2-(4-hydroxyphenyl)-7-methoxy-, (S)-
5-Hydroxy-2-(4-hydroxyphenyl)-7-methoxy-2,3-dihydro-4H-1-benzopyran-4-one",348130,C16H14O5,286.084123548,2.5486999999999997,0,0,0,BTM00044,BTM00044,Hydroxylation of benzene on carbon para to electron donating group,BTMR1047,"CYP1A2
CYP2C8
CYP2C9
CYP2D6
CYP3A4",HUMAN,BTM00194,O1C=2C(C(=O)CC1C3=CC=CC=C3)=C(O)C=C(OC)C2,"InChI=1S/C16H14O4/c1-19-11-7-12(17)16-13(18)9-14(20-15(16)8-11)10-5-3-2-4-6-10/h2-8,14,17H,9H2,1H3",ORJDDOBAOGKRJV-UHFFFAOYSA-N,2.816099999999999,270.089208928
"InChI=1S/C16H14O5/c1-20-10-7-11(17)13-12(8-10)21-16(15(19)14(13)18)9-5-3-2-4-6-9/h2-8,15-17,19H,1H3",QPOCKDYYXFOBCM-UHFFFAOYSA-N,O1C=2C(C(=O)C(C1C3=CC=CC=C3)O)=C(O)C=C(OC)C2,"Alpinone
480-13-7
3,5-dihydroxy-7-methoxy-2-phenyl-2,3-dihydrochromen-4-one
RefChem:111422
7-O-Methylpinobanksin
Flavanone, 3,5-dihydroxy-7-methoxy-
4H-1-Benzopyran-4-one, 2,3-dihydro-3,5-dihydroxy-7-methoxy-2-phenyl-, (2R-trans)-
2,3-Dihydro-3,5-dihydroxy-7-methoxy-2-phenyl-4H-1-benzopyran-4-one (2R-trans)-
7-O-Methylpinobanksin, Alpinone
SCHEMBL17485808
DTXSID90963978
3,5-dihydroxy-7-methoxyflavanone
3,5-Dihydroxy-7-methoxy-2-phenyl-2,3-dihydro-4H-1-benzopyran-4-one",5317747,C16H14O5,286.084123548,2.270599999999999,0,0,0,BTM00535,BTM00535,Hydroxylation of heteroalicyclic secondary carbon,BTMR1071,CYP1A2,HUMAN,BTM00194,O1C=2C(C(=O)CC1C3=CC=CC=C3)=C(O)C=C(OC)C2,"InChI=1S/C16H14O4/c1-19-11-7-12(17)16-13(18)9-14(20-15(16)8-11)10-5-3-2-4-6-10/h2-8,14,17H,9H2,1H3",ORJDDOBAOGKRJV-UHFFFAOYSA-N,2.816099999999999,270.089208928
"InChI=1S/C16H14O5/c1-20-14-6-9(17)7-15-16(14)12(19)8-13(21-15)10-4-2-3-5-11(10)18/h2-7,13,17-18H,8H2,1H3",VRKLYIMHAUMSFM-UHFFFAOYSA-N,O1C=2C(C(=O)CC1C3=C(C=CC=C3)O)=C(OC)C=C(O)C2,"Compound NP-024887
AKOS040736936",142748970,C16H14O5,286.084123548,2.5486999999999997,0,0,0,BTM00527,BTM00527,O-Hydroxylation of monosubstituted benzene,BTMR1034,"CYP1A2
CYP2C8
CYP2C9
CYP2C19
CYP3A4",HUMAN,BTM00195,O1C=2C(C(=O)CC1C3=CC=CC=C3)=C(OC)C=C(O)C2,"InChI=1S/C16H14O4/c1-19-14-7-11(17)8-15-16(14)12(18)9-13(20-15)10-5-3-2-4-6-10/h2-8,13,17H,9H2,1H3",QQQCWVDPMPFUGF-UHFFFAOYSA-N,2.816099999999999,270.089208928
"InChI=1S/C15H12O4/c16-10-6-11(17)15-12(18)8-13(19-14(15)7-10)9-4-2-1-3-5-9/h1-7,13,16-17H,8H2",URFCJEUYXNAHFI-UHFFFAOYSA-N,O1C=2C(C(=O)CC1C3=CC=CC=C3)=C(O)C=C(O)C2,"68745-38-0
5,7-Dihydroxyflavanone
DTXSID80285959
RefChem:1072263
DTXCID90212731
(+/-)-pinocembrin
5,7-dihydroxy-2-phenylchroman-4-one
rac-Pinocembrin
Pinocembrin (racemic)
MFCD00017482
5,7-dihydroxy-2-phenyl-2,3-dihydrochromen-4-one
4H-1-Benzopyran-4-one, 2,3-dihydro-5,7-dihydroxy-2-phenyl-
( inverted exclamation markA)-Pinocembrin
NSC279005
5,7-Dihydroxy-2-phenyl-chroman-4-one
(s)-pinocembrin
(+/-)-5,7-Dihydroxyflavanone; NSC 43318
NSC43318
NSC-43318
NSC661207
()-Pinocembrin
PTP inhibitor, 4l
MLS000877016
CHEMBL70518
SCHEMBL291899
MEGxp0_000456
orb1684311
orb3032915
4H-1-Benzopyran-4-one, 2,3-dihydro-5,7-dihydroxy-2-phenyl-, (-)-
4H-1-Benzopyran-4-one, 2,3-dihydro-5,7-dihydroxy-2-phenyl-, (S)-
SCHEMBL30186539
ACon1_000231
5,7-dihydroxy-2-phenyl-3,4-dihydro-2H-1-benzopyran-4-one
BDBM243060
HMS2267H13
HMS3330B01
GIA66042
HY-N2540
SBB066101
AKOS015895182
DL-0108
EBC-459046
FP66340
FS-7859
NSC-661207
SB17302
NCGC00180757-01
AC-35131
SMR000440642
()-5,7-Dihydroxyflavanone; NSC 43318
DB-055185
CS-0022812
NS00097243
H37437
Q748200
BRD-A84450718-001-01-4
5,7-Dihydroxy-2-phenyl-2,3-dihydro-4H-chromen-4-one #
5,7-Dihydroxy-2-phenyl-2,3-dihydro-4H-1-benzopyran-4-one
4H-1-Benzopyran-4-one,3-dihydro-5,7-dihydroxy-2-phenyl-, (-)-
4H-1-Benzopyran-4-one,3-dihydro-5,7-dihydroxy-2-phenyl-, (S)-",238782,C15H12O4,256.073558864,2.5651,0,0,0,BTM00063,BTM00063,O-Dealkylation,BTMR0052,"CYP1A2
CYP2A6
CYP2C9
CYP2C19
CYP2D6
CYP2E1
CYP3A4",HUMAN,BTM00195,O1C=2C(C(=O)CC1C3=CC=CC=C3)=C(OC)C=C(O)C2,"InChI=1S/C16H14O4/c1-19-14-7-11(17)8-15-16(14)12(18)9-13(20-15)10-5-3-2-4-6-10/h2-8,13,17H,9H2,1H3",QQQCWVDPMPFUGF-UHFFFAOYSA-N,2.816099999999999,270.089208928
"InChI=1S/C16H14O5/c1-20-14-6-11(18)7-15-16(14)12(19)8-13(21-15)9-2-4-10(17)5-3-9/h2-7,13,17-18H,8H2,1H3",CWZLMWSCLBFCBY-UHFFFAOYSA-N,O1C=2C(C(=O)CC1C3=CC=C(O)C=C3)=C(OC)C=C(O)C2,"Naringenin 5-methyl ether
7-hydroxy-2-(4-hydroxyphenyl)-5-methoxy-2,3-dihydrochromen-4-one
RefChem:1092284
61823-56-1
7-Hydroxy-2-(4-hydroxyphenyl)-5-methoxychroman-4-one
5-Methoxynaringenin
7-hydroxy-2-(4-hydroxyphenyl)-5-methoxy-2,3-dihydro-4h-chromen-4-one
Flavanone, 4',7-dihydroxy-5-methoxy-
SCHEMBL773766
CHEMBL501251
orb1683422
SCHEMBL30641776
5-O-Methylnaringenin; 7,4'-Dihydroxy-5-methoxyflavanone; Naringenin 5-methyl ether
CHEBI:178313
7,4'-Dihydroxy-5-methoxyflavanon
7,4'-dihydroxy-5-methoxy flavanone
LMPK12140555
AKOS030559476
B0005-189879",188424,C16H14O5,286.084123548,2.5486999999999997,0,0,0,BTM00045,BTM00045,Hydroxylation of benzene on carbon para to electron donating group,BTMR1047,"CYP1A2
CYP2C8
CYP2C9
CYP2D6
CYP3A4",HUMAN,BTM00195,O1C=2C(C(=O)CC1C3=CC=CC=C3)=C(OC)C=C(O)C2,"InChI=1S/C16H14O4/c1-19-14-7-11(17)8-15-16(14)12(18)9-13(20-15)10-5-3-2-4-6-10/h2-8,13,17H,9H2,1H3",QQQCWVDPMPFUGF-UHFFFAOYSA-N,2.816099999999999,270.089208928
"InChI=1S/C16H14O5/c1-20-11-7-10(17)8-12-13(11)14(18)15(19)16(21-12)9-5-3-2-4-6-9/h2-8,15-17,19H,1H3",NIMIDMFTGGTHOH-UHFFFAOYSA-N,O1C=2C(C(=O)C(C1C3=CC=CC=C3)O)=C(OC)C=C(O)C2,"5-Methoxy-3,7-dihydroxyflavanone
RefChem:103036
3,7-dihydroxy-5-methoxy-2-phenyl-2,3-dihydrochromen-4-one
NIMIDMFTGGTHOH-UHFFFAOYSA-N
CHEMBL551582
SCHEMBL6565198
(2R,3R)-3,7-dihydroxy-5-methoxy-2-phenyl-3,4-dihydro-2H-1-benzopyran-4-one
UEA30936
3,7-dihydroxy-5-methoxy-2-phenyl-chroman-4-one
3,7-Dihydroxy-5-methoxy-2-phenyl-2,3-dihydro-4H-chromen-4-one #",597405,C16H14O5,286.084123548,2.270599999999999,0,0,0,BTM00536,BTM00536,Hydroxylation of heteroalicyclic secondary carbon,BTMR1071,CYP1A2,HUMAN,BTM00195,O1C=2C(C(=O)CC1C3=CC=CC=C3)=C(OC)C=C(O)C2,"InChI=1S/C16H14O4/c1-19-14-7-11(17)8-15-16(14)12(18)9-13(20-15)10-5-3-2-4-6-10/h2-8,13,17H,9H2,1H3",QQQCWVDPMPFUGF-UHFFFAOYSA-N,2.816099999999999,270.089208928
"InChI=1S/C15H10O7/c16-7-4-10(19)12-11(5-7)22-15(14(21)13(12)20)6-1-2-8(17)9(18)3-6/h1-5,15-19H",UMVWYQXKBPJMOF-UHFFFAOYSA-N,O1C=2C(C(=O)C(C1C3=CC=C(O)C(=C3)O)=O)=C(O)C=C(O)C2,"667465-47-6
2H-1-Benzopyran-3,4-dione, 2-(3,4-dihydroxyphenyl)-5,7-dihydroxy-
DTXSID90431667
RefChem:268299
DTXCID80382497
luteolon
SCHEMBL23043802
PD212356
2-(3,4-DIHYDROXYPHENYL)-5,7-DIHYDROXY-2H-1-BENZOPYRAN-3,4-DIONE",9839360,C15H10O7,302.04265266,1.7317,0,1,1,BTM00599,BTM00599,Oxidation of secondary alcohol to ketone,BTMR0079,"CYP1A2
CYP2C9
CYP2C19",HUMAN,BTM00210,O1C=2C(C(=O)C(C1C3=CC=C(O)C(=C3)O)O)=C(O)C=C(O)C2,"InChI=1S/C15H12O7/c16-7-4-10(19)12-11(5-7)22-15(14(21)13(12)20)6-1-2-8(17)9(18)3-6/h1-5,14-19,21H",CXQWRCVTCMQVQX-UHFFFAOYSA-N,1.4848000000000001,304.058302724
"InChI=1S/C15H10O7/c16-7-4-10(19)12-11(5-7)22-15(14(21)13(12)20)6-1-2-8(17)9(18)3-6/h1-5,15-19H",UMVWYQXKBPJMOF-UHFFFAOYSA-N,O1C=2C(C(=O)C(C1C3=CC=C(O)C(=C3)O)=O)=C(O)C=C(O)C2,"667465-47-6
2H-1-Benzopyran-3,4-dione, 2-(3,4-dihydroxyphenyl)-5,7-dihydroxy-
DTXSID90431667
RefChem:268299
DTXCID80382497
luteolon
SCHEMBL23043802
PD212356
2-(3,4-DIHYDROXYPHENYL)-5,7-DIHYDROXY-2H-1-BENZOPYRAN-3,4-DIONE",9839360,C15H10O7,302.04265266,1.7317,0,1,1,BTM00599,BTM00599,"2-Hydroxylation of 1,4-disubstituted benzene",BTMR0037,CYP1A2,HUMAN,BTM00211,O1C=2C(C(=O)C(C1C3=CC=C(O)C=C3)=O)=C(O)C=C(O)C2,"InChI=1S/C15H10O6/c16-8-3-1-7(2-4-8)15-14(20)13(19)12-10(18)5-9(17)6-11(12)21-15/h1-6,15-18H",FMQGOSLZLQKFAM-UHFFFAOYSA-N,1.9991000000000005,286.04773803999996
"InChI=1S/C15H12O6/c16-8-3-1-7(2-4-8)15-14(20)13(19)12-10(18)5-9(17)6-11(12)21-15/h1-6,14-18,20H",PADQINQHPQKXNL-UHFFFAOYSA-N,O1C=2C(C(=O)C(C1C3=CC=C(O)C=C3)O)=C(O)C=C(O)C2,"3,5,7-trihydroxy-2-(4-hydroxyphenyl)-2,3-dihydrochromen-4-one
3,5,7-trihydroxy-2-(4-hydroxyphenyl)chroman-4-one
RefChem:1065862
724434-08-6
(+/-)-Dihydrokaempferol
104486-98-8
3,5,7,4''-TETRAHYDROXYFLAVANONE
4H-1-Benzopyran-4-one,2,3-dihydro-3,5,7-trihydroxy-2-(4-hydroxyphenyl)-, trans-
(+)-Aromadendrol
5150-32-3
KAEMPFEROL_met008
SCHEMBL39319
CHEMBL398847
orb1989727
SCHEMBL29454736
DTXSID50274279
PADQINQHPQKXNL-UHFFFAOYSA-N
NSC327432
4H-1-Benzopyran-4-one, 2,3-dihydro-3,5,7-trihydroxy-2-(4-hydroxyphenyl)-
AKOS032948350
AT25341
NSC-327432
NCGC00488813-01
NS00134207
2,3-Dihydro-3,5,7-trihydroxy-2-(4-hydroxyphenyl)-4H-1-benzopyran-4-one;
3,5,7-Trihydroxy-2-(4-hydroxyphenyl)-2,3-dihydro-4H-1-benzopyran-4-one
3,5,7-Trihydroxy-2-(4-hydroxyphenyl)-2,3-dihydro-4H-chromen-4-one #
4H-1-Benzopyran-4-one,3-dihydro-3,5,7-trihydroxy-2-(4-hydroxyphenyl)-",662,C15H12O6,288.06338810399996,1.7521999999999995,0,1,1,BTM00058,BTM00058,Reduction of ketone to alcohol,BTMR1171,CYP2C9,HUMAN,BTM00211,O1C=2C(C(=O)C(C1C3=CC=C(O)C=C3)=O)=C(O)C=C(O)C2,"InChI=1S/C15H10O6/c16-8-3-1-7(2-4-8)15-14(20)13(19)12-10(18)5-9(17)6-11(12)21-15/h1-6,15-18H",FMQGOSLZLQKFAM-UHFFFAOYSA-N,1.9991000000000005,286.04773803999996
"InChI=1S/C15H12O6/c16-8-3-1-7(2-4-8)15-14(20)13(19)12-10(18)5-9(17)6-11(12)21-15/h1-6,13,15-19H",ICEDBMJSTNTMIT-UHFFFAOYSA-N,O1C=2C(C(O)C(C1C3=CC=C(O)C=C3)=O)=C(O)C=C(O)C2,,,C15H12O6,288.06338810399996,1.6025999999999996,0,1,1,BTM00453,BTM00453,Reduction of ketone to alcohol,BTMR1171,CYP2C9,HUMAN,BTM00211,O1C=2C(C(=O)C(C1C3=CC=C(O)C=C3)=O)=C(O)C=C(O)C2,"InChI=1S/C15H10O6/c16-8-3-1-7(2-4-8)15-14(20)13(19)12-10(18)5-9(17)6-11(12)21-15/h1-6,15-18H",FMQGOSLZLQKFAM-UHFFFAOYSA-N,1.9991000000000005,286.04773803999996
"InChI=1S/C15H10O7/c16-6-1-2-9(18)8(3-6)15-14(22-15)13(20)12-10(19)4-7(17)5-11(12)21-15/h1-5,14,16-19H",JJQMLIXDLRHVOD-UHFFFAOYSA-N,O1C=2C(C(=O)C3C1(C4=C(C=CC(=C4)O)O)O3)=C(O)C=C(O)C2,,,C15H10O7,302.04265266,1.8613999999999993,0,1,1,BTM00600,BTM00600,Epoxidation of vinyl ether,BTMR1026,"CYP1A2
CYP3A4",HUMAN,BTM00212,O1C=2C(C(=O)C=C1C3=C(C=CC(=C3)O)O)=C(O)C=C(O)C2,"InChI=1S/C15H10O6/c16-7-1-2-10(18)9(3-7)13-6-12(20)15-11(19)4-8(17)5-14(15)21-13/h1-6,16-19H",CFICGXRYLHEUQQ-UHFFFAOYSA-N,2.7596,286.04773803999996
"InChI=1S/C15H10O7/c16-6-1-8(18)14(9(19)2-6)13-5-11(21)15-10(20)3-7(17)4-12(15)22-13/h1-5,16-20H",ISJMMWDSNQVANM-UHFFFAOYSA-N,O1C=2C(C(=O)C=C1C3=C(C=C(C=C3O)O)O)=C(O)C=C(O)C2,"NSC115554
5,7-dihydroxy-2-(2,4,6-trihydroxyphenyl)chromen-4-one
SCHEMBL14134581
NSC-115554
5,7-Dihydroxy-2-(2,4,6-trihydroxyphenyl)-4H-chromen-4-one",5381322,C15H10O7,302.04265266,2.4922,0,1,1,BTM00601,BTM00601,Hydroxylation of benzene on carbon para to electron donating group,BTMR1047,"CYP1A2
CYP2C8
CYP2C9
CYP2D6
CYP3A4",HUMAN,BTM00213,O1C=2C(C(=O)C=C1C3=C(C=CC=C3O)O)=C(O)C=C(O)C2,"InChI=1S/C15H10O6/c16-7-4-10(19)15-11(20)6-13(21-12(15)5-7)14-8(17)2-1-3-9(14)18/h1-6,16-19H",WJXXUIYFPVIHDH-UHFFFAOYSA-N,2.7596,286.04773803999996
"InChI=1S/C15H10O7/c16-6-4-9(19)11-10(5-6)21-15(14(22-15)13(11)20)12-7(17)2-1-3-8(12)18/h1-5,14,16-19H",IFWWDYDCSWXGTQ-UHFFFAOYSA-N,O1C=2C(C(=O)C3C1(C4=C(C=CC=C4O)O)O3)=C(O)C=C(O)C2,,,C15H10O7,302.04265266,1.8613999999999993,0,1,1,BTM00602,BTM00602,Epoxidation of vinyl ether,BTMR1026,"CYP1A2
CYP3A4",HUMAN,BTM00213,O1C=2C(C(=O)C=C1C3=C(C=CC=C3O)O)=C(O)C=C(O)C2,"InChI=1S/C15H10O6/c16-7-4-10(19)15-11(20)6-13(21-12(15)5-7)14-8(17)2-1-3-9(14)18/h1-6,16-19H",WJXXUIYFPVIHDH-UHFFFAOYSA-N,2.7596,286.04773803999996
"InChI=1S/C15H10O7/c16-6-1-2-8(9(18)3-6)15-14(22-15)13(20)12-10(19)4-7(17)5-11(12)21-15/h1-5,14,16-19H",RZNUKMJQVSBRDD-UHFFFAOYSA-N,O1C=2C(C(=O)C3C1(C4=C(C=C(C=C4)O)O)O3)=C(O)C=C(O)C2,,,C15H10O7,302.04265266,1.8613999999999993,0,1,1,BTM00603,BTM00603,Epoxidation of vinyl ether,BTMR1026,"CYP1A2
CYP3A4",HUMAN,BTM00214,O1C=2C(C(=O)C=C1C3=C(C=C(C=C3)O)O)=C(O)C=C(O)C2,"InChI=1S/C15H10O6/c16-7-1-2-9(10(18)3-7)13-6-12(20)15-11(19)4-8(17)5-14(15)21-13/h1-6,16-19H",ZSYPIPFQOQGYHH-UHFFFAOYSA-N,2.7596,286.04773804
"InChI=1S/C15H10O7/c16-6-3-9(19)13-10(20)5-12(22-11(13)4-6)14-7(17)1-2-8(18)15(14)21/h1-5,16-19,21H",HZFJOIUQVJVTMF-UHFFFAOYSA-N,O1C=2C(C(=O)C=C1C3=C(C(=CC=C3O)O)O)=C(O)C=C(O)C2,,,C15H10O7,302.04265266,2.4922,0,1,1,BTM00604,BTM00604,Hydroxylation of benzene on carbon ortho to electron donating group,BTMR1045,"CYP1A2
CYP2C8
CYP2C9
CYP2C19
CYP2D6
CYP3A4",HUMAN,BTM00216,O1C=2C(C(=O)C=C1C3=C(C(=CC=C3)O)O)=C(O)C=C(O)C2,"InChI=1S/C15H10O6/c16-7-4-10(18)14-11(19)6-12(21-13(14)5-7)8-2-1-3-9(17)15(8)20/h1-6,16-18,20H",STAGATUVRDVEAT-UHFFFAOYSA-N,2.7596,286.04773803999996
"InChI=1S/C15H10O7/c16-6-4-9(18)11-10(5-6)21-15(14(22-15)13(11)20)7-2-1-3-8(17)12(7)19/h1-5,14,16-19H",CMJPWSLJTANKGK-UHFFFAOYSA-N,O1C=2C(C(=O)C3C1(C4=C(C(=CC=C4)O)O)O3)=C(O)C=C(O)C2,,,C15H10O7,302.04265266,1.8613999999999993,0,1,1,BTM00605,BTM00605,Epoxidation of vinyl ether,BTMR1026,"CYP1A2
CYP3A4",HUMAN,BTM00216,O1C=2C(C(=O)C=C1C3=C(C(=CC=C3)O)O)=C(O)C=C(O)C2,"InChI=1S/C15H10O6/c16-7-4-10(18)14-11(19)6-12(21-13(14)5-7)8-2-1-3-9(17)15(8)20/h1-6,16-18,20H",STAGATUVRDVEAT-UHFFFAOYSA-N,2.7596,286.04773803999996
"InChI=1S/C15H12O7/c16-7-4-10(19)12(11(20)5-7)13(21)15-14(22-15)6-1-2-8(17)9(18)3-6/h1-5,14-20H",LAHLFLKYEPSSHG-UHFFFAOYSA-N,OC=1C(C(=O)C2C(C3=CC=C(O)C(=C3)O)O2)=C(O)C=C(O)C1,,,C15H12O7,304.058302724,1.6423,0,1,1,BTM00606,BTM00606,Epoxidation of alkene,BTMR0109,"CYP1A2
CYP2B6
CYP2B6
CYP2C8
CYP2C9
CYP2C19
CYP2D6
CYP2E1
CYP3A4",HUMAN,BTM00218,OC=1C(C(=O)C=CC2=CC=C(O)C(=C2)O)=C(O)C=C(O)C1,"InChI=1S/C15H12O6/c16-9-6-13(20)15(14(21)7-9)11(18)4-2-8-1-3-10(17)12(19)5-8/h1-7,16-17,19-21H/b4-2+",CRBYNQCDRNZCNX-DUXPYHPUSA-N,2.3650000000000007,288.06338810399996
"InChI=1S/C15H12O7/c16-7-4-10(19)12(11(20)5-7)13(21)15-14(22-15)6-1-2-8(17)9(18)3-6/h1-5,14-20H",LAHLFLKYEPSSHG-UHFFFAOYSA-N,OC=1C(C(=O)C2C(C3=CC=C(O)C(=C3)O)O2)=C(O)C=C(O)C1,,,C15H12O7,304.058302724,1.6423,0,1,1,BTM00606,BTM00606,"2-Hydroxylation of 1,4-disubstituted benzene",BTMR0037,CYP1A2,HUMAN,BTM00219,OC=1C(C(=O)C2C(C3=CC=C(O)C=C3)O2)=C(O)C=C(O)C1,"InChI=1S/C15H12O6/c16-8-3-1-7(2-4-8)14-15(21-14)13(20)12-10(18)5-9(17)6-11(12)19/h1-6,14-19H",XZJLFDDHZNTLGR-UHFFFAOYSA-N,1.9096999999999997,288.06338810399996
"InChI=1S/C15H12O6/c16-7-1-2-10(18)9(3-7)13-6-12(20)15-11(19)4-8(17)5-14(15)21-13/h1-5,13,16-19H,6H2",XVXXIRQXOYAJAF-UHFFFAOYSA-N,O1C=2C(C(=O)CC1C3=C(C=CC(=C3)O)O)=C(O)C=C(O)C2,"5,7,2',5'-Tetrahydroxyflavanone
2',5,5',7-tetrahydroxy-flavanone
LMPK12140123",25073757,C15H12O6,288.06338810399996,2.0303,0,1,1,BTM00607,BTM00607,p-Hydroxylation of phenol,BTMR1038,"CYP1A2
CYP2A6
CYP2B6
CYP2C8
CYP2C9
CYP2C19
CYP2D6
CYP2E1
CYP3A4",HUMAN,BTM00220,O1C=2C(C(=O)CC1C3=C(C=CC=C3)O)=C(O)C=C(O)C2,"InChI=1S/C15H12O5/c16-8-5-11(18)15-12(19)7-13(20-14(15)6-8)9-3-1-2-4-10(9)17/h1-6,13,16-18H,7H2",LSLXUDALHVEMQB-UHFFFAOYSA-N,2.2977000000000007,272.068473484
"InChI=1S/C15H12O6/c16-7-4-10(19)15-11(20)6-13(21-12(15)5-7)14-8(17)2-1-3-9(14)18/h1-5,13,16-19H,6H2",TWELZOKMSAJRKP-UHFFFAOYSA-N,O1C=2C(C(=O)CC1C3=C(C=CC=C3O)O)=C(O)C=C(O)C2,"2',5,6',7-Tetrahydroxyflavanone
RefChem:1058598
2-(2,6-dihydroxyphenyl)-5,7-dihydroxy-2,3-dihydrochromen-4-one
80604-16-6
2-(2,6-Dihydroxyphenyl)-5,7-dihydroxychroman-4-one
5,7,2',6'-Tetrahydroxyflavanone
SCHEMBL28888147
2',5,6',7-tetrahydroxyflavanonol
FDA60416
LMPK12140121
AKOS022184911
DA-49272",42607849,C15H12O6,288.06338810399996,2.0303,0,1,1,BTM00608,BTM00608,Hydroxylation of benzene on carbon ortho to electron donating group,BTMR1045,"CYP1A2
CYP2C8
CYP2C9
CYP2C19
CYP2D6
CYP3A4",HUMAN,BTM00220,O1C=2C(C(=O)CC1C3=C(C=CC=C3)O)=C(O)C=C(O)C2,"InChI=1S/C15H12O5/c16-8-5-11(18)15-12(19)7-13(20-14(15)6-8)9-3-1-2-4-10(9)17/h1-6,13,16-18H,7H2",LSLXUDALHVEMQB-UHFFFAOYSA-N,2.2977000000000007,272.068473484
"InChI=1S/C15H12O6/c16-7-1-2-9(10(18)3-7)13-6-12(20)15-11(19)4-8(17)5-14(15)21-13/h1-5,13,16-19H,6H2",QBLQLKNOKUHRCH-UHFFFAOYSA-N,O1C=2C(C(=O)CC1C3=C(C=C(C=C3)O)O)=C(O)C=C(O)C2,"2-(2,4-dihydroxyphenyl)-5,7-dihydroxy-2,3-dihydrochromen-4-one
DTXSID101318233
RefChem:185582
DTXCID101748020
56486-94-3
Steppogenin
Norartocarpanone
121694-88-0
CHEMBL465194
SCHEMBL677660
orb1990709
SCHEMBL29649083
CHEBI:174745
5,7,2',4'-tetrahydroxyflavanone
BDBM50269605
LMPK12140533
AKOS040736149
2-(2,4-Dihydroxyphenyl)-5,7-dihydroxychroman-4-one",21596130,C15H12O6,288.06338810399996,2.0303,0,1,1,BTM00609,BTM00609,Hydroxylation of benzene on carbon para to electron donating group,BTMR1047,"CYP1A2
CYP2C8
CYP2C9
CYP2D6
CYP3A4",HUMAN,BTM00220,O1C=2C(C(=O)CC1C3=C(C=CC=C3)O)=C(O)C=C(O)C2,"InChI=1S/C15H12O5/c16-8-5-11(18)15-12(19)7-13(20-14(15)6-8)9-3-1-2-4-10(9)17/h1-6,13,16-18H,7H2",LSLXUDALHVEMQB-UHFFFAOYSA-N,2.2977000000000007,272.068473484
"InChI=1S/C15H12O6/c16-7-5-10(18)12-11(6-7)21-15(14(20)13(12)19)8-3-1-2-4-9(8)17/h1-6,14-18,20H",BJNCWLSOQIVKIX-UHFFFAOYSA-N,O1C=2C(C(=O)C(C1C3=C(C=CC=C3)O)O)=C(O)C=C(O)C2,SCHEMBL3362576,21155632,C15H12O6,288.06338810399996,1.7521999999999995,0,1,1,BTM00610,BTM00610,Hydroxylation of heteroalicyclic secondary carbon,BTMR1071,CYP1A2,HUMAN,BTM00220,O1C=2C(C(=O)CC1C3=C(C=CC=C3)O)=C(O)C=C(O)C2,"InChI=1S/C15H12O5/c16-8-5-11(18)15-12(19)7-13(20-14(15)6-8)9-3-1-2-4-10(9)17/h1-6,13,16-18H,7H2",LSLXUDALHVEMQB-UHFFFAOYSA-N,2.2977000000000007,272.068473484
"InChI=1S/C15H12O6/c16-7-4-10(18)14-11(19)6-12(21-13(14)5-7)8-2-1-3-9(17)15(8)20/h1-5,12,16-18,20H,6H2",FJBBGCSKDGBPSL-UHFFFAOYSA-N,O1C=2C(C(=O)CC1C3=C(C(=CC=C3)O)O)=C(O)C=C(O)C2,,,C15H12O6,288.06338810399996,2.0303,0,1,1,BTM00611,BTM00611,O-Hydroxylation of phenol,BTMR1037,"CYP1A2
CYP2A6
CYP2B6
CYP2C8
CYP2C9
CYP2C19
CYP2D6
CYP2E1
CYP3A4",HUMAN,BTM00220,O1C=2C(C(=O)CC1C3=C(C=CC=C3)O)=C(O)C=C(O)C2,"InChI=1S/C15H12O5/c16-8-5-11(18)15-12(19)7-13(20-14(15)6-8)9-3-1-2-4-10(9)17/h1-6,13,16-18H,7H2",LSLXUDALHVEMQB-UHFFFAOYSA-N,2.2977000000000007,272.068473484
"InChI=1S/C15H12O6/c16-7-5-10(18)12-11(6-7)21-15(14(20)13(12)19)8-3-1-2-4-9(8)17/h1-6,14-18,20H",BJNCWLSOQIVKIX-UHFFFAOYSA-N,O1C=2C(C(=O)C(C1C3=C(C=CC=C3)O)O)=C(O)C=C(O)C2,SCHEMBL3362576,21155632,C15H12O6,288.06338810399996,1.7521999999999995,0,1,1,BTM00610,BTM00610,O-Hydroxylation of monosubstituted benzene,BTMR1034,"CYP1A2
CYP2C8
CYP2C9
CYP2C19
CYP3A4",HUMAN,BTM00221,O1C=2C(C(=O)C(C1C3=CC=CC=C3)O)=C(O)C=C(O)C2,"InChI=1S/C15H12O5/c16-9-6-10(17)12-11(7-9)20-15(14(19)13(12)18)8-4-2-1-3-5-8/h1-7,14-17,19H",SUYJZKRQHBQNCA-UHFFFAOYSA-N,2.0195999999999996,272.068473484
"InChI=1S/C15H10O5/c16-9-6-10(17)12-11(7-9)20-15(14(19)13(12)18)8-4-2-1-3-5-8/h1-7,15-17H",HDTRJGVVKZGWQZ-UHFFFAOYSA-N,O1C=2C(C(=O)C(C1C3=CC=CC=C3)=O)=C(O)C=C(O)C2,"5,7-dihydroxyflavonone
SCHEMBL23043989",129786236,C15H10O5,270.05282342,2.2665,0,0,0,BTM00612,BTM00612,Oxidation of secondary alcohol to ketone,BTMR0079,"CYP1A2
CYP2C9
CYP2C19",HUMAN,BTM00221,O1C=2C(C(=O)C(C1C3=CC=CC=C3)O)=C(O)C=C(O)C2,"InChI=1S/C15H12O5/c16-9-6-10(17)12-11(7-9)20-15(14(19)13(12)18)8-4-2-1-3-5-8/h1-7,14-17,19H",SUYJZKRQHBQNCA-UHFFFAOYSA-N,2.0195999999999996,272.068473484
"InChI=1S/C15H12O6/c16-8-3-1-7(2-4-8)15-14(20)13(19)12-10(18)5-9(17)6-11(12)21-15/h1-6,14-18,20H",PADQINQHPQKXNL-UHFFFAOYSA-N,O1C=2C(C(=O)C(C1C3=CC=C(O)C=C3)O)=C(O)C=C(O)C2,"3,5,7-trihydroxy-2-(4-hydroxyphenyl)-2,3-dihydrochromen-4-one
3,5,7-trihydroxy-2-(4-hydroxyphenyl)chroman-4-one
RefChem:1065862
724434-08-6
(+/-)-Dihydrokaempferol
104486-98-8
3,5,7,4''-TETRAHYDROXYFLAVANONE
4H-1-Benzopyran-4-one,2,3-dihydro-3,5,7-trihydroxy-2-(4-hydroxyphenyl)-, trans-
(+)-Aromadendrol
5150-32-3
KAEMPFEROL_met008
SCHEMBL39319
CHEMBL398847
orb1989727
SCHEMBL29454736
DTXSID50274279
PADQINQHPQKXNL-UHFFFAOYSA-N
NSC327432
4H-1-Benzopyran-4-one, 2,3-dihydro-3,5,7-trihydroxy-2-(4-hydroxyphenyl)-
AKOS032948350
AT25341
NSC-327432
NCGC00488813-01
NS00134207
2,3-Dihydro-3,5,7-trihydroxy-2-(4-hydroxyphenyl)-4H-1-benzopyran-4-one;
3,5,7-Trihydroxy-2-(4-hydroxyphenyl)-2,3-dihydro-4H-1-benzopyran-4-one
3,5,7-Trihydroxy-2-(4-hydroxyphenyl)-2,3-dihydro-4H-chromen-4-one #
4H-1-Benzopyran-4-one,3-dihydro-3,5,7-trihydroxy-2-(4-hydroxyphenyl)-",662,C15H12O6,288.06338810399996,1.7521999999999995,0,1,1,BTM00058,BTM00058,Hydroxylation of benzene on carbon para to electron donating group,BTMR1047,"CYP1A2
CYP2C8
CYP2C9
CYP2D6
CYP3A4",HUMAN,BTM00221,O1C=2C(C(=O)C(C1C3=CC=CC=C3)O)=C(O)C=C(O)C2,"InChI=1S/C15H12O5/c16-9-6-10(17)12-11(7-9)20-15(14(19)13(12)18)8-4-2-1-3-5-8/h1-7,14-17,19H",SUYJZKRQHBQNCA-UHFFFAOYSA-N,2.0195999999999996,272.068473484
"InChI=1S/C15H12O6/c16-7-1-2-10(18)9(3-7)13-6-12(20)15-11(19)4-8(17)5-14(15)21-13/h1-5,13,16-19H,6H2",XVXXIRQXOYAJAF-UHFFFAOYSA-N,O1C=2C(C(=O)CC1C3=C(C=CC(=C3)O)O)=C(O)C=C(O)C2,"5,7,2',5'-Tetrahydroxyflavanone
2',5,5',7-tetrahydroxy-flavanone
LMPK12140123",25073757,C15H12O6,288.06338810399996,2.0303,0,1,1,BTM00607,BTM00607,p-Hydroxylation of phenol,BTMR1038,"CYP1A2
CYP2A6
CYP2B6
CYP2C8
CYP2C9
CYP2C19
CYP2D6
CYP2E1
CYP3A4",HUMAN,BTM00222,O1C=2C(C(=O)CC1C3=CC=CC(=C3)O)=C(O)C=C(O)C2,"InChI=1S/C15H12O5/c16-9-3-1-2-8(4-9)13-7-12(19)15-11(18)5-10(17)6-14(15)20-13/h1-6,13,16-18H,7H2",NJWJQMLMBXIOJW-UHFFFAOYSA-N,2.2977000000000007,272.068473484
"InChI=1S/C15H12O6/c16-7-1-2-10(18)9(3-7)13-6-12(20)15-11(19)4-8(17)5-14(15)21-13/h1-5,13,16-19H,6H2",XVXXIRQXOYAJAF-UHFFFAOYSA-N,O1C=2C(C(=O)CC1C3=C(C=CC(=C3)O)O)=C(O)C=C(O)C2,"5,7,2',5'-Tetrahydroxyflavanone
2',5,5',7-tetrahydroxy-flavanone
LMPK12140123",25073757,C15H12O6,288.06338810399996,2.0303,0,1,1,BTM00607,BTM00607,Hydroxylation of benzene on carbon ortho to electron donating group,BTMR1045,"CYP1A2
CYP2C8
CYP2C9
CYP2C19
CYP2D6
CYP3A4",HUMAN,BTM00222,O1C=2C(C(=O)CC1C3=CC=CC(=C3)O)=C(O)C=C(O)C2,"InChI=1S/C15H12O5/c16-9-3-1-2-8(4-9)13-7-12(19)15-11(18)5-10(17)6-14(15)20-13/h1-6,13,16-18H,7H2",NJWJQMLMBXIOJW-UHFFFAOYSA-N,2.2977000000000007,272.068473484
"InChI=1S/C15H12O6/c16-7-4-10(18)14-11(19)6-12(21-13(14)5-7)8-2-1-3-9(17)15(8)20/h1-5,12,16-18,20H,6H2",FJBBGCSKDGBPSL-UHFFFAOYSA-N,O1C=2C(C(=O)CC1C3=C(C(=CC=C3)O)O)=C(O)C=C(O)C2,,,C15H12O6,288.06338810399996,2.0303,0,1,1,BTM00611,BTM00611,Hydroxylation of benzene on carbon ortho to electron donating group,BTMR1045,"CYP1A2
CYP2C8
CYP2C9
CYP2C19
CYP2D6
CYP3A4",HUMAN,BTM00222,O1C=2C(C(=O)CC1C3=CC=CC(=C3)O)=C(O)C=C(O)C2,"InChI=1S/C15H12O5/c16-9-3-1-2-8(4-9)13-7-12(19)15-11(18)5-10(17)6-14(15)20-13/h1-6,13,16-18H,7H2",NJWJQMLMBXIOJW-UHFFFAOYSA-N,2.2977000000000007,272.068473484
"InChI=1S/C15H12O6/c16-8-3-1-2-7(4-8)15-14(20)13(19)12-10(18)5-9(17)6-11(12)21-15/h1-6,14-18,20H",DZSSVTVFEOJHQF-UHFFFAOYSA-N,O1C=2C(C(=O)C(C1C3=CC=CC(=C3)O)O)=C(O)C=C(O)C2,"3,5,7-trihydroxy-2-(3-hydroxyphenyl)chroman-4-one",25073149,C15H12O6,288.06338810399996,1.7521999999999995,0,1,1,BTM00613,BTM00613,Hydroxylation of heteroalicyclic secondary carbon,BTMR1071,CYP1A2,HUMAN,BTM00222,O1C=2C(C(=O)CC1C3=CC=CC(=C3)O)=C(O)C=C(O)C2,"InChI=1S/C15H12O5/c16-9-3-1-2-8(4-9)13-7-12(19)15-11(18)5-10(17)6-14(15)20-13/h1-6,13,16-18H,7H2",NJWJQMLMBXIOJW-UHFFFAOYSA-N,2.2977000000000007,272.068473484
"InChI=1S/C15H12O7/c16-8-3-1-7(2-4-8)13(20)15(22)14(21)12-10(18)5-9(17)6-11(12)19/h1-6,13,16-20H",LFNAYTVKDAXZAH-UHFFFAOYSA-N,OC=1C(C(=O)C(C(C2=CC=C(O)C=C2)O)=O)=C(O)C=C(O)C1,,,C15H12O7,304.058302724,1.3901000000000006,0,1,1,BTM00614,BTM00614,Hydroxylation of non-terminal aliphatic carbon adjacent to aromatic ring,BTMR1077,"CYP1A2
CYP2C8
CYP2C9
CYP2D6
CYP3A4",HUMAN,BTM00223,OC=1C(C(=O)C(CC2=CC=C(O)C=C2)=O)=C(O)C=C(O)C1,"InChI=1S/C15H12O6/c16-9-3-1-8(2-4-9)5-13(20)15(21)14-11(18)6-10(17)7-12(14)19/h1-4,6-7,16-19H,5H2",UAXKKOUIRYHGCN-UHFFFAOYSA-N,1.9356,288.06338810399996
"InChI=1S/C15H12O7/c16-8-5-11(19)14(12(20)6-8)15(22)13(21)4-7-1-2-9(17)10(18)3-7/h1-3,5-6,16-20H,4H2",WJMNZKRECUAECE-UHFFFAOYSA-N,OC=1C(C(=O)C(CC2=CC=C(O)C(=C2)O)=O)=C(O)C=C(O)C1,,,C15H12O7,304.058302724,1.6682,0,1,1,BTM00615,BTM00615,"2-Hydroxylation of 1,4-disubstituted benzene",BTMR0037,CYP1A2,HUMAN,BTM00223,OC=1C(C(=O)C(CC2=CC=C(O)C=C2)=O)=C(O)C=C(O)C1,"InChI=1S/C15H12O6/c16-9-3-1-8(2-4-9)5-13(20)15(21)14-11(18)6-10(17)7-12(14)19/h1-4,6-7,16-19H,5H2",UAXKKOUIRYHGCN-UHFFFAOYSA-N,1.9356,288.06338810399996
"InChI=1S/C15H14O6/c16-9-3-1-8(2-4-9)5-13(20)15(21)14-11(18)6-10(17)7-12(14)19/h1-4,6-7,13,16-20H,5H2",NPOVZMYHKXTUAS-UHFFFAOYSA-N,OC=1C(C(=O)C(CC2=CC=C(O)C=C2)O)=C(O)C=C(O)C1,"Nubigenol
52482-97-0
2-hydroxy-3-(4-hydroxyphenyl)-1-(2,4,6-trihydroxyphenyl)propan-1-one
RefChem:166940
CHEBI:196288
LMPK12120579
2-Hydroxy-3-(4-hydroxyphenyl)-1-(2,4,6-trihydroxyphenyl)-1-propanone
DB-293113
C22565
2-Hydroxy-1-(2,4,6-trihydroxyphenyl)-3-(4-hydroxyphenyl)propan-1-one",12110863,C15H14O6,290.079038168,1.9751000000000003,0,1,1,BTM00616,BTM00616,Reduction of ketone to alcohol,BTMR1171,CYP2C9,HUMAN,BTM00223,OC=1C(C(=O)C(CC2=CC=C(O)C=C2)=O)=C(O)C=C(O)C1,"InChI=1S/C15H12O6/c16-9-3-1-8(2-4-9)5-13(20)15(21)14-11(18)6-10(17)7-12(14)19/h1-4,6-7,16-19H,5H2",UAXKKOUIRYHGCN-UHFFFAOYSA-N,1.9356,288.06338810399996
"InChI=1S/C15H14O6/c16-9-3-1-8(2-4-9)5-13(20)15(21)14-11(18)6-10(17)7-12(14)19/h1-4,6-7,15-19,21H,5H2",CBQIMLYCAYOUBM-UHFFFAOYSA-N,OC=1C(C(O)C(CC2=CC=C(O)C=C2)=O)=C(O)C=C(O)C1,,,C15H14O6,290.079038168,1.5391000000000004,0,1,1,BTM00544,BTM00544,Reduction of ketone to alcohol,BTMR1171,CYP2C9,HUMAN,BTM00223,OC=1C(C(=O)C(CC2=CC=C(O)C=C2)=O)=C(O)C=C(O)C1,"InChI=1S/C15H12O6/c16-9-3-1-8(2-4-9)5-13(20)15(21)14-11(18)6-10(17)7-12(14)19/h1-4,6-7,16-19H,5H2",UAXKKOUIRYHGCN-UHFFFAOYSA-N,1.9356,288.06338810399996
"InChI=1S/C15H14O6/c16-9-3-1-8(2-4-9)11(18)7-14(21)15-12(19)5-10(17)6-13(15)20/h1-6,11,16-20H,7H2",XDCJQFHZQCBRQL-UHFFFAOYSA-N,OC=1C(C(=O)CC(C2=CC=C(O)C=C2)O)=C(O)C=C(O)C1,SCHEMBL25085822,101458394,C15H14O6,290.079038168,1.6887000000000003,0,1,1,BTM00617,BTM00617,Hydroxylation of non-terminal aliphatic carbon adjacent to aromatic ring,BTMR1077,"CYP1A2
CYP2C8
CYP2C9
CYP2D6
CYP3A4",HUMAN,BTM00224,OC=1C(C(=O)CCC2=CC=C(O)C=C2)=C(O)C=C(O)C1,"InChI=1S/C15H14O5/c16-10-4-1-9(2-5-10)3-6-12(18)15-13(19)7-11(17)8-14(15)20/h1-2,4-5,7-8,16-17,19-20H,3,6H2",VGEREEWJJVICBM-UHFFFAOYSA-N,2.6555999999999993,274.084123548
"InChI=1S/C15H14O6/c16-9-6-13(20)15(14(21)7-9)11(18)4-2-8-1-3-10(17)12(19)5-8/h1,3,5-7,16-17,19-21H,2,4H2",CNABJBYLQABXJR-UHFFFAOYSA-N,OC=1C(C(=O)CCC2=CC=C(O)C(=C2)O)=C(O)C=C(O)C1,"3-Hydroxyphloretin
57765-66-9
3,4,2',4',6'-Pentahydroxydihydrochalcone
RefChem:911422
ERIODICTYOL DIHYDROCHALCONE
3-(3,4-dihydroxyphenyl)-1-(2,4,6-trihydroxyphenyl)propan-1-one
CHEMBL492818
2',4',6',3,4-Pentahydroxydihydrochalcone
3-(3,4-Dihydroxyphenyl)-1-(2,4,6-trihydroxyphenyl)-1-propanone
hydroxyphloretin
SCHEMBL1844189
SCHEMBL29716655
CHEBI:174757
1-(2,4,6-trihydroxyphenyl)-3-(3,4-dihydroxyphenyl)-1-propanone
BDBM50559081
LMPK12120534
FP65761
C22567",11778945,C15H14O6,290.07903816799995,2.3882000000000003,0,1,1,BTM00618,BTM00618,"2-Hydroxylation of 1,4-disubstituted benzene",BTMR0037,CYP1A2,HUMAN,BTM00224,OC=1C(C(=O)CCC2=CC=C(O)C=C2)=C(O)C=C(O)C1,"InChI=1S/C15H14O5/c16-10-4-1-9(2-5-10)3-6-12(18)15-13(19)7-11(17)8-14(15)20/h1-2,4-5,7-8,16-17,19-20H,3,6H2",VGEREEWJJVICBM-UHFFFAOYSA-N,2.6555999999999993,274.084123548
"InChI=1S/C15H12O5/c16-10-7-13(19)15(14(20)8-10)12(18)6-5-9-3-1-2-4-11(9)17/h1-8,16-17,19-20H/b6-5+",HKQJXIALKSCCKD-AATRIKPKSA-N,OC=1C(C(=O)C=CC2=C(C=CC=C2)O)=C(O)C=C(O)C1,"CHEMBL2180474
BDBM50485885",71457360,C15H12O5,272.068473484,2.6323999999999996,0,1,1,BTM00619,BTM00619,O-Hydroxylation of monosubstituted benzene,BTMR1034,"CYP1A2
CYP2C8
CYP2C9
CYP2C19
CYP3A4",HUMAN,BTM00225,OC=1C(C(=O)C=CC2=CC=CC=C2)=C(O)C=C(O)C1,"InChI=1S/C15H12O4/c16-11-8-13(18)15(14(19)9-11)12(17)7-6-10-4-2-1-3-5-10/h1-9,16,18-19H/b7-6+",LOYXTWZXLWHMBX-VOTSOKGWSA-N,2.8997999999999995,256.073558864
"InChI=1S/C15H12O5/c16-10-4-1-9(2-5-10)3-6-12(18)15-13(19)7-11(17)8-14(15)20/h1-8,16-17,19-20H/b6-3+",YQHMWTPYORBCMF-ZZXKWVIFSA-N,OC=1C(C(=O)C=CC2=CC=C(O)C=C2)=C(O)C=C(O)C1,"naringenin chalcone
Chalconaringenin
73692-50-9
Isosalipurpol
25515-46-2
2',4,4',6'-Tetrahydroxychalcone
trans-2',4,4',6'-Tetrahydroxychalcone
YCF6Z24AS2
2'4'6'4-Tetrahydroxychalcone
CHEBI:15413
3-(4-Hydroxyphenyl)-1-(2,4,6-trihydroxyphenyl)-2-propen-1-one
(2E)-3-(4-Hydroxyphenyl)-1-(2,4,6-trihydroxyphenyl)-2-propen-1-one
DTXSID201025574
RefChem:832073
DTXCID701526072
860-137-4
Chalcononaringenin
(2E)-3-(4-hydroxyphenyl)-1-(2,4,6-trihydroxyphenyl)prop-2-en-1-one
(E)-3-(4-hydroxyphenyl)-1-(2,4,6-trihydroxyphenyl)prop-2-en-1-one
MFCD00016762
2,4,4,6-tetrahydroxychalcone
CHEMBL338066
4,2,4,6-Tetrahydroxychalcone
3-(4-hydroxyphenyl)-1-(2,4,6-trihydroxyphenyl)prop-2-en-1-one
Chalcone, 2,4,4,6-tetrahydroxy-
4,2',4',6'-TETRAHYDROXYCHALCONE
2',4',6',4-tetrahydroxychalcone
(2E)- 3-(4-hydroxyphenyl)-1-(2,4,6-trihydroxyphenyl)-2-Propen-1-one
2-Propen-1-one, 3-(4-hydroxyphenyl)-1-(2,4,6-trihydroxyphenyl)-, (2E)-
Naringenin chalcon
(E)-Naringenin chalcone
UNII-YCF6Z24AS2
MLS000863595
SCHEMBL443275
MEGxp0_001759
orb1304643
orb1685439
ACon1_001222
DTXSID101043553
HMS2269F17
HY-N3007
BDBM50042993
LMPK12120264
AKOS037515150
CCG-267176
EBC-470050
FN76317
2'',4,4'',6''-tetrahydroxychalcone
NCGC00142554-01
NCGC00142554-02
AC-34933
MS-23851
SMR000440735
ST057656
CS-0022919
S9440
C06561
Q25098661
(2E)a3a(4aHydroxyphenyl)a1a(2,4,6atrihydroxyphenyl)propa2aena1aone
3-(4-hydroxyphemyl)-1-(2,4,6-trihydroxyphenyl)prop-2-en-1-one
3-(4-Hydroxyphenyl)-1-(2,4,6-trihydroxyphenyl)-2-propen-1-one, 9CI
5071-40-9",5280960,C15H12O5,272.068473484,2.6323999999999996,0,1,1,BTM00062,BTM00062,Hydroxylation of benzene on carbon para to electron donating group,BTMR1047,"CYP1A2
CYP2C8
CYP2C9
CYP2D6
CYP3A4",HUMAN,BTM00225,OC=1C(C(=O)C=CC2=CC=CC=C2)=C(O)C=C(O)C1,"InChI=1S/C15H12O4/c16-11-8-13(18)15(14(19)9-11)12(17)7-6-10-4-2-1-3-5-10/h1-9,16,18-19H/b7-6+",LOYXTWZXLWHMBX-VOTSOKGWSA-N,2.8997999999999995,256.073558864
"InChI=1S/C15H12O5/c16-9-6-10(17)12(11(18)7-9)13(19)15-14(20-15)8-4-2-1-3-5-8/h1-7,14-18H",KOFSPBQYPFLIOK-UHFFFAOYSA-N,OC=1C(C(=O)C2C(C3=CC=CC=C3)O2)=C(O)C=C(O)C1,,,C15H12O5,272.068473484,2.1770999999999994,0,1,1,BTM00620,BTM00620,Epoxidation of alkene,BTMR0109,"CYP1A2
CYP2B6
CYP2B6
CYP2C8
CYP2C9
CYP2C19
CYP2D6
CYP2E1
CYP3A4",HUMAN,BTM00225,OC=1C(C(=O)C=CC2=CC=CC=C2)=C(O)C=C(O)C1,"InChI=1S/C15H12O4/c16-11-8-13(18)15(14(19)9-11)12(17)7-6-10-4-2-1-3-5-10/h1-9,16,18-19H/b7-6+",LOYXTWZXLWHMBX-VOTSOKGWSA-N,2.8997999999999995,256.073558864
"InChI=1S/C21H20O12/c22-8-3-1-7(2-4-8)17-18(32-17)13(25)12-10(24)5-9(23)6-11(12)31-21-16(28)14(26)15(27)19(33-21)20(29)30/h1-6,14-19,21-24,26-28H,(H,29,30)",AYSOYMYJWCJUJY-UHFFFAOYSA-N,O(C=1C(C(=O)C2C(C3=CC=C(O)C=C3)O2)=C(O)C=C(O)C1)C4OC(C(O)=O)C(C(C4O)O)O,,,C21H20O12,464.09547607999997,0.2141999999999989,2,1,1,BTM00621,BTM00621,Aromatic OH-glucuronidation,BTMR0166,EC 2.4.1.17,HUMAN,BTM00219,OC=1C(C(=O)C2C(C3=CC=C(O)C=C3)O2)=C(O)C=C(O)C1,"InChI=1S/C15H12O6/c16-8-3-1-7(2-4-8)14-15(21-14)13(20)12-10(18)5-9(17)6-11(12)19/h1-6,14-19H",XZJLFDDHZNTLGR-UHFFFAOYSA-N,1.9096999999999997,288.06338810399996
"InChI=1S/C21H20O12/c22-8-3-1-7(2-4-8)17-18(32-17)13(25)12-10(23)5-9(6-11(12)24)31-21-16(28)14(26)15(27)19(33-21)20(29)30/h1-6,14-19,21-24,26-28H,(H,29,30)",GAPUCQGPXXVKQH-UHFFFAOYSA-N,OC=1C(C(=O)C2C(C3=CC=C(O)C=C3)O2)=C(O)C=C(OC4OC(C(O)=O)C(C(C4O)O)O)C1,,,C21H20O12,464.09547607999997,0.2141999999999989,2,1,1,BTM00622,BTM00622,Aromatic OH-glucuronidation,BTMR0166,EC 2.4.1.17,HUMAN,BTM00219,OC=1C(C(=O)C2C(C3=CC=C(O)C=C3)O2)=C(O)C=C(O)C1,"InChI=1S/C15H12O6/c16-8-3-1-7(2-4-8)14-15(21-14)13(20)12-10(18)5-9(17)6-11(12)19/h1-6,14-19H",XZJLFDDHZNTLGR-UHFFFAOYSA-N,1.9096999999999997,288.06338810399996
"InChI=1S/C21H20O12/c22-8-5-10(23)12(11(24)6-8)13(25)18-17(32-18)7-1-3-9(4-2-7)31-21-16(28)14(26)15(27)19(33-21)20(29)30/h1-6,14-19,21-24,26-28H,(H,29,30)",VPEYAKAJJKOPGJ-UHFFFAOYSA-N,OC=1C(C(=O)C2C(C3=CC=C(OC4OC(C(O)=O)C(C(C4O)O)O)C=C3)O2)=C(O)C=C(O)C1,,,C21H20O12,464.09547607999997,0.2141999999999989,2,1,1,BTM00623,BTM00623,Aromatic OH-glucuronidation,BTMR0166,EC 2.4.1.17,HUMAN,BTM00219,OC=1C(C(=O)C2C(C3=CC=C(O)C=C3)O2)=C(O)C=C(O)C1,"InChI=1S/C15H12O6/c16-8-3-1-7(2-4-8)14-15(21-14)13(20)12-10(18)5-9(17)6-11(12)19/h1-6,14-19H",XZJLFDDHZNTLGR-UHFFFAOYSA-N,1.9096999999999997,288.06338810399996
"InChI=1S/C17H16O4/c1-19-12-8-15(20-2)17-13(18)10-14(21-16(17)9-12)11-6-4-3-5-7-11/h3-10,13,18H,1-2H3",ODASUNUOGUGDPA-UHFFFAOYSA-N,O1C=2C(C(O)C=C1C3=CC=CC=C3)=C(OC)C=C(OC)C2,,,C17H16O4,284.104858992,2.7071999999999976,0,0,0,BTM00281,BTM00281,4'-Dehydroxylation of substituted benzene,BTMR1012,Unspecified bacterial dehydroxylase,GUTMICRO,BTM00069,O1C=2C(C(O)C=C1C3=CC=C(O)C=C3)=C(OC)C=C(OC)C2,"InChI=1S/C17H16O5/c1-20-12-7-15(21-2)17-13(19)9-14(22-16(17)8-12)10-3-5-11(18)6-4-10/h3-9,13,18-19H,1-2H3",OREQGPVGHNWUND-UHFFFAOYSA-N,2.4398,300.09977361200004
"InChI=1S/C16H14O5/c1-20-11-4-2-9(3-5-11)14-8-13(19)16-12(18)6-10(17)7-15(16)21-14/h2-8,13,17-19H,1H3",SBQMPWUJTLOORV-UHFFFAOYSA-N,O1C=2C(C(O)C=C1C3=CC=C(OC)C=C3)=C(O)C=C(O)C2,,,C16H14O5,286.084123548,2.1887999999999996,0,1,1,BTM00021,BTM00021,3'-Dehydroxylation of substituted benzene,BTMR1314,Unspecified bacterial dehydroxylase,GUTMICRO,BTM00082,O1C=2C(C(O)C=C1C3=CC=C(OC)C(=C3)O)=C(O)C=C(O)C2,"InChI=1S/C16H14O6/c1-21-13-3-2-8(4-10(13)18)14-7-12(20)16-11(19)5-9(17)6-15(16)22-14/h2-7,12,17-20H,1H3",TZFYSHXYSXHFHO-UHFFFAOYSA-N,1.9213999999999998,302.07903816799995
"InChI=1S/C16H14O5/c1-20-11-4-2-3-9(5-11)14-8-13(19)16-12(18)6-10(17)7-15(16)21-14/h2-8,13,17-19H,1H3",KJQLFMKWOOUKJE-UHFFFAOYSA-N,O1C=2C(C(O)C=C1C3=CC=CC(=C3)OC)=C(O)C=C(O)C2,,,C16H14O5,286.084123548,2.1887999999999996,0,1,1,BTM00378,BTM00378,4'-Dehydroxylation of substituted benzene,BTMR1012,Unspecified bacterial dehydroxylase,GUTMICRO,BTM00083,O1C=2C(C(O)C=C1C3=CC=C(O)C(=C3)OC)=C(O)C=C(O)C2,"InChI=1S/C16H14O6/c1-21-14-4-8(2-3-10(14)18)13-7-12(20)16-11(19)5-9(17)6-15(16)22-13/h2-7,12,17-20H,1H3",BIIDIBQQVFBUQV-UHFFFAOYSA-N,1.9213999999999998,302.079038168
"InChI=1S/C16H14O5/c1-20-11-6-12(18)16-13(19)8-14(21-15(16)7-11)9-2-4-10(17)5-3-9/h2-8,13,17-19H,1H3",ZKYNKKHUVIDQKT-UHFFFAOYSA-N,O1C=2C(C(O)C=C1C3=CC=C(O)C=C3)=C(O)C=C(OC)C2,,,C16H14O5,286.084123548,2.1887999999999996,0,1,1,BTM00019,BTM00019,3'-Dehydroxylation of substituted benzene,BTMR1314,Unspecified bacterial dehydroxylase,GUTMICRO,BTM00093,O1C=2C(C(O)C=C1C3=CC=C(O)C(=C3)O)=C(O)C=C(OC)C2,"InChI=1S/C16H14O6/c1-21-9-5-12(19)16-13(20)7-14(22-15(16)6-9)8-2-3-10(17)11(18)4-8/h2-7,13,17-20H,1H3",GFPNNMLDRJMWNV-UHFFFAOYSA-N,1.9213999999999998,302.07903816799995
"InChI=1S/C16H14O5/c1-20-11-6-12(18)16-13(19)8-14(21-15(16)7-11)9-3-2-4-10(17)5-9/h2-8,13,17-19H,1H3",AHGZTBKVFUABKD-UHFFFAOYSA-N,O1C=2C(C(O)C=C1C3=CC=CC(=C3)O)=C(O)C=C(OC)C2,,,C16H14O5,286.084123548,2.1887999999999996,0,1,1,BTM00376,BTM00376,4'-Dehydroxylation of substituted benzene,BTMR1012,Unspecified bacterial dehydroxylase,GUTMICRO,BTM00093,O1C=2C(C(O)C=C1C3=CC=C(O)C(=C3)O)=C(O)C=C(OC)C2,"InChI=1S/C16H14O6/c1-21-9-5-12(19)16-13(20)7-14(22-15(16)6-9)8-2-3-10(17)11(18)4-8/h2-7,13,17-20H,1H3",GFPNNMLDRJMWNV-UHFFFAOYSA-N,1.9213999999999998,302.07903816799995
"InChI=1S/C16H14O5/c1-20-14-6-11(18)7-15-16(14)12(19)8-13(21-15)9-2-4-10(17)5-3-9/h2-8,12,17-19H,1H3",XJDTZUREHVPVNF-UHFFFAOYSA-N,O1C=2C(C(O)C=C1C3=CC=C(O)C=C3)=C(OC)C=C(O)C2,,,C16H14O5,286.084123548,2.1887999999999996,0,1,1,BTM00020,BTM00020,3'-Dehydroxylation of substituted benzene,BTMR1314,Unspecified bacterial dehydroxylase,GUTMICRO,BTM00094,O1C=2C(C(O)C=C1C3=CC=C(O)C(=C3)O)=C(OC)C=C(O)C2,"InChI=1S/C16H14O6/c1-21-14-5-9(17)6-15-16(14)12(20)7-13(22-15)8-2-3-10(18)11(19)4-8/h2-7,12,17-20H,1H3",NYJRQKHPAFIKDM-UHFFFAOYSA-N,1.9213999999999998,302.07903816799995
"InChI=1S/C16H14O5/c1-20-14-6-11(18)7-15-16(14)12(19)8-13(21-15)9-3-2-4-10(17)5-9/h2-8,12,17-19H,1H3",KOQXLZHIHVOTGZ-UHFFFAOYSA-N,O1C=2C(C(O)C=C1C3=CC=CC(=C3)O)=C(OC)C=C(O)C2,,,C16H14O5,286.084123548,2.1887999999999996,0,1,1,BTM00377,BTM00377,4'-Dehydroxylation of substituted benzene,BTMR1012,Unspecified bacterial dehydroxylase,GUTMICRO,BTM00094,O1C=2C(C(O)C=C1C3=CC=C(O)C(=C3)O)=C(OC)C=C(O)C2,"InChI=1S/C16H14O6/c1-21-14-5-9(17)6-15-16(14)12(20)7-13(22-15)8-2-3-10(18)11(19)4-8/h2-7,12,17-20H,1H3",NYJRQKHPAFIKDM-UHFFFAOYSA-N,1.9213999999999998,302.07903816799995
"InChI=1S/C17H16O6/c1-21-13-4-3-9(5-15(13)22-2)14-8-12(20)17-11(19)6-10(18)7-16(17)23-14/h3-7,14,18-19H,8H2,1-2H3",HRFSSDXPHTZMLA-UHFFFAOYSA-N,O1C=2C(C(=O)CC1C3=CC=C(OC)C(=C3)OC)=C(O)C=C(O)C2,"5,7-dihydroxy3',4'-dimethoxyflavanone
CHEMBL2205298
SCHEMBL31028356
HRFSSDXPHTZMLA-UHFFFAOYSA-N
DTXSID801359555
2-(3,4-Dimethyloxyphenyl)-2,3-dihydro-5,7-dihydroxy-4H-1-benzopyran-4-one",14466293,C17H16O6,316.09468823199995,2.532299999999999,0,0,0,BTM00303,BTM00303,Flavonoid C-ring reduction,BTMR0255,Unspecified gut bacterial enzyme,GUTMICRO,BTM00095,O1C=2C(C(=O)C=C1C3=CC=C(OC)C(=C3)OC)=C(O)C=C(O)C2,"InChI=1S/C17H14O6/c1-21-13-4-3-9(5-15(13)22-2)14-8-12(20)17-11(19)6-10(18)7-16(17)23-14/h3-8,18-19H,1-2H3",AOLOMULCAJQEIG-UHFFFAOYSA-N,3.2615999999999987,314.079038168
"InChI=1S/C17H14O5/c1-20-11-5-3-10(4-6-11)15-9-14(19)17-13(18)7-12(21-2)8-16(17)22-15/h3-9,18H,1-2H3",LZERJKGWTQYMBB-UHFFFAOYSA-N,O1C=2C(C(=O)C=C1C3=CC=C(OC)C=C3)=C(O)C=C(OC)C2,"5128-44-9
Apigenin 7,4'-dimethyl ether
Apigenin dimethylether
Genkwanin 4'-methyl ether
4',7-Dimethylapigenin
5-hydroxy-7-methoxy-2-(4-methoxyphenyl)chromen-4-one
5-Hydroxy-4',7-dimethoxyflavone
5-Hydroxy-7,4'-dimethoxyflavone
4H-1-Benzopyran-4-one, 5-hydroxy-7-methoxy-2-(4-methoxyphenyl)-
NSC-94547
5-hydroxy-7-methoxy-2-(4-methoxyphenyl)-4H-1-benzopyran-4-one
CHEBI:2769
DTXSID50199276
RefChem:913433
DTXCID80121767
7,4'-Di-O-methylapigenin
4',7-DIMETHOXY-5-HYDROXYFLAVONE
5-Hydroxy-7-methoxy-2-(4-methoxyphenyl)-4H-chromen-4-one
Apigenin 4',7-dimethyl ether
APIGENIN DIMETHYL ETHER
LVC8MF8MWR
NSC 94547
Flavone, 5-hydroxy-4',7-dimethoxy-
apigenin-7,4'-dimethylether
NSC94547
4,7-dimethoxy-5-hydroxyflavone
Acacetin 7-o-methyl ether
Dimethoxylapigenin
EINECS 225-867-4
Flavone, 5-hydroxy-4,7-dimethoxy-
MFCD00017446
Flavone,7-dimethoxy-
7,4'-dimethylapigenin
7-METHYLACACETIN
UNII-LVC8MF8MWR
Apigenin, 7,4'-dimethyl
apigenin-4',7-dimethylether
Apigenin 7,4-dimethyl ether
apigenin-7,4'-dimethyl ether
CHEMBL350958
orb1301580
SCHEMBL1176691
SCHEMBL5706595
5-Hydroxy-7-methoxy-2-(4-methoxyphenyl)-4-benzopyrone
SCHEMBL29392759
5-hydroxy-4',7-dimethoxyflavon
apigenin 7,4'-di-O-methylether
BDBM23413
HY-N2144R
7,4'-dimethoxy-5-hydroxyflavone
Flavone,5-hydroxy-4-7-dimethoxy
4',7-DI-O-METHYLAPIGENIN
4',7-Dimethoxy-5-hydroxy flavone
5'-Hydroxy-7,4'-dimethoxyflavone
5-Hydroxy-4',7-dimethoxy-flavone
Apigenin-4',7-di-O-methyl ether
5-hydroxyl-7,4'-dimethoxy flavone
HY-N2144
LMPK12111029
NSC815096
s3918
ZB1877
AKOS016009507
7,4'-Di-O-methylapigenin (Standard)
CCG-214072
CS-5798
EBC-466093
FA65396
NSC-815096
AC-34635
BS-17161
DB-118461
NS00032247
F16184
4',7-O-Dimethylapigenin, 4',7-Dimethoxyapigenin
SR-05000002549
SR-05000002549-1
Q23050245
5-hydroxy-7-methoxy-2-(4-methoxyphenyl)-4H-chromen-4-",5281601,C17H14O5,298.084123548,3.5289999999999995,0,0,0,BTM00025,BTM00025,3'-Dehydroxylation of substituted benzene,BTMR1314,Unspecified bacterial dehydroxylase,GUTMICRO,BTM00099,O1C=2C(C(=O)C=C1C3=CC=C(OC)C(=C3)O)=C(O)C=C(OC)C2,"InChI=1S/C17H14O6/c1-21-10-6-12(19)17-13(20)8-15(23-16(17)7-10)9-3-4-14(22-2)11(18)5-9/h3-8,18-19H,1-2H3",UDBHJDTXPDRDNS-UHFFFAOYSA-N,3.2615999999999987,314.07903816799995
"InChI=1S/C17H14O5/c1-20-12-5-3-10(4-6-12)14-9-13(19)17-15(21-2)7-11(18)8-16(17)22-14/h3-9,18H,1-2H3",CYNUHRSKTJZUFW-UHFFFAOYSA-N,O1C=2C(C(=O)C=C1C3=CC=C(OC)C=C3)=C(OC)C=C(O)C2,"13698-23-2
7-hydroxy-5-methoxy-2-(4-methoxyphenyl)-4H-chromen-4-one
4H-1-Benzopyran-4-one, 7-hydroxy-5-methoxy-2-(4-methoxyphenyl)-
SPBio_000930
7-hydroxy-5-methoxy-2-(4-methoxyphenyl)chromen-4-one
Spectrum2_000795
BSPBio_002840
SCHEMBL4279323
7-hydroxy-5,4'-dimethoxyflavone
DTXSID80425156
CHEBI:193401
CCG-40173
NCGC00178441-01
7-Hydroxy-5-methoxy-2-(4-methoxyphenyl)-4H-1-benzopyran-4-one",6728945,C17H14O5,298.084123548,3.5289999999999995,0,0,0,BTM00028,BTM00028,3'-Dehydroxylation of substituted benzene,BTMR1314,Unspecified bacterial dehydroxylase,GUTMICRO,BTM00100,O1C=2C(C(=O)C=C1C3=CC=C(OC)C(=C3)O)=C(OC)C=C(O)C2,"InChI=1S/C17H14O6/c1-21-13-4-3-9(5-11(13)19)14-8-12(20)17-15(22-2)6-10(18)7-16(17)23-14/h3-8,18-19H,1-2H3",QRQBJVXKGOVPPF-UHFFFAOYSA-N,3.2615999999999987,314.079038168
"InChI=1S/C17H14O5/c1-20-11-5-3-4-10(6-11)15-9-14(19)17-13(18)7-12(21-2)8-16(17)22-15/h3-9,18H,1-2H3",UPQPVJDISPFHEA-UHFFFAOYSA-N,O1C=2C(C(=O)C=C1C3=CC=CC(=C3)OC)=C(O)C=C(OC)C2,"57396-77-7
4H-1-Benzopyran-4-one, 5-hydroxy-7-methoxy-2-(3-methoxyphenyl)-
UPQPVJDISPFHEA-UHFFFAOYSA-N
4h-1-benzopyran-4-one,5-hydroxy-7-methoxy-2-(3-methoxyphenyl)-
DB-325003
5-Hydroxy-7-methoxy-2-(3-methoxyphenyl)-4H-chromen-4-one #",5378175,C17H14O5,298.084123548,3.5289999999999995,0,0,0,BTM00381,BTM00381,4'-Dehydroxylation of substituted benzene,BTMR1012,Unspecified bacterial dehydroxylase,GUTMICRO,BTM00104,O1C=2C(C(=O)C=C1C3=CC=C(O)C(=C3)OC)=C(O)C=C(OC)C2,"InChI=1S/C17H14O6/c1-21-10-6-12(19)17-13(20)8-14(23-16(17)7-10)9-3-4-11(18)15(5-9)22-2/h3-8,18-19H,1-2H3",ROCUOVBWAWAQFD-UHFFFAOYSA-N,3.2615999999999987,314.079038168
"InChI=1S/C17H14O5/c1-20-12-5-3-4-10(6-12)14-9-13(19)17-15(21-2)7-11(18)8-16(17)22-14/h3-9,18H,1-2H3",OHFZWFXNKAEAMC-UHFFFAOYSA-N,O1C=2C(C(=O)C=C1C3=CC=CC(=C3)OC)=C(OC)C=C(O)C2,,,C17H14O5,298.084123548,3.5289999999999995,0,0,0,BTM00382,BTM00382,4'-Dehydroxylation of substituted benzene,BTMR1012,Unspecified bacterial dehydroxylase,GUTMICRO,BTM00105,O1C=2C(C(=O)C=C1C3=CC=C(O)C(=C3)OC)=C(OC)C=C(O)C2,"InChI=1S/C17H14O6/c1-21-14-5-9(3-4-11(14)19)13-8-12(20)17-15(22-2)6-10(18)7-16(17)23-13/h3-8,18-19H,1-2H3",JDMXMMBASFOTIF-UHFFFAOYSA-N,3.2615999999999987,314.07903816799995
"InChI=1S/C17H14O5/c1-20-12-7-15(21-2)17-13(19)9-14(22-16(17)8-12)10-3-5-11(18)6-4-10/h3-9,18H,1-2H3",ARICZLGTUHLTFQ-UHFFFAOYSA-N,O1C=2C(C(=O)C=C1C3=CC=C(O)C=C3)=C(OC)C=C(OC)C2,"5,7-Dimethoxy-4'-hydroxyflavone
16290-50-9
2-(4-hydroxyphenyl)-5,7-dimethoxychromen-4-one
5,7-Dmhf
DTXSID20167487
4H-1-Benzopyran-4-one, 2-(4-hydroxyphenyl)-5,7-dimethoxy-
RefChem:101384
DTXCID1089978
2-(4-hydroxyphenyl)-5,7-dimethoxy-4h-chromen-4-one
5,7-Dimethoxy-4/'-hydroxyflavone
5,7-Dimethoxyapigenin
SCHEMBL311530
CHEMBL3288426
SCHEMBL29978577
2-(4-Hydroxyphenyl)-5,7-dimethoxy-4H-1-benzopyran-4-one
4'-hydroxy-5,7-dimethoxyflavone
2-(4-hydroxyphenyl)-5,7-dimethoxy-chromen-4-one
Q61329131",161172,C17H14O5,298.084123548,3.5289999999999995,0,0,0,BTM00024,BTM00024,3'-Dehydroxylation of substituted benzene,BTMR1314,Unspecified bacterial dehydroxylase,GUTMICRO,BTM00109,O1C=2C(C(=O)C=C1C3=CC=C(O)C(=C3)O)=C(OC)C=C(OC)C2,"InChI=1S/C17H14O6/c1-21-10-6-15(22-2)17-13(20)8-14(23-16(17)7-10)9-3-4-11(18)12(19)5-9/h3-8,18-19H,1-2H3",NKGJZNRUAGQIRY-UHFFFAOYSA-N,3.2615999999999987,314.079038168
"InChI=1S/C17H14O5/c1-20-12-7-15(21-2)17-13(19)9-14(22-16(17)8-12)10-4-3-5-11(18)6-10/h3-9,18H,1-2H3",QCBVVYLBNAZDPE-UHFFFAOYSA-N,O1C=2C(C(=O)C=C1C3=CC=CC(=C3)O)=C(OC)C=C(OC)C2,,,C17H14O5,298.084123548,3.5289999999999995,0,0,0,BTM00385,BTM00385,4'-Dehydroxylation of substituted benzene,BTMR1012,Unspecified bacterial dehydroxylase,GUTMICRO,BTM00109,O1C=2C(C(=O)C=C1C3=CC=C(O)C(=C3)O)=C(OC)C=C(OC)C2,"InChI=1S/C17H14O6/c1-21-10-6-15(22-2)17-13(20)8-14(23-16(17)7-10)9-3-4-11(18)12(19)5-9/h3-8,18-19H,1-2H3",NKGJZNRUAGQIRY-UHFFFAOYSA-N,3.2615999999999987,314.079038168
"InChI=1S/C16H16O4/c1-19-11-7-12(17)16-13(18)9-14(20-15(16)8-11)10-5-3-2-4-6-10/h2-8,13-14,17-18H,9H2,1H3",HOLBGAKYQDKONU-UHFFFAOYSA-N,O1C=2C(C(O)CC1C3=CC=CC=C3)=C(O)C=C(OC)C2,,,C16H16O4,272.104858992,2.4471999999999987,0,0,0,BTM00433,BTM00433,4'-Dehydroxylation of substituted benzene,BTMR1012,Unspecified bacterial dehydroxylase,GUTMICRO,BTM00120,O1C=2C(C(O)CC1C3=CC=C(O)C=C3)=C(O)C=C(OC)C2,"InChI=1S/C16H16O5/c1-20-11-6-12(18)16-13(19)8-14(21-15(16)7-11)9-2-4-10(17)5-3-9/h2-7,13-14,17-19H,8H2,1H3",JVIMGWHMYWNXPU-UHFFFAOYSA-N,2.1798000000000006,288.099773612
"InChI=1S/C16H16O4/c1-19-14-7-11(17)8-15-16(14)12(18)9-13(20-15)10-5-3-2-4-6-10/h2-8,12-13,17-18H,9H2,1H3",OTGOQBQQWARAJG-UHFFFAOYSA-N,O1C=2C(C(O)CC1C3=CC=CC=C3)=C(OC)C=C(O)C2,,,C16H16O4,272.104858992,2.4471999999999987,0,0,0,BTM00434,BTM00434,4'-Dehydroxylation of substituted benzene,BTMR1012,Unspecified bacterial dehydroxylase,GUTMICRO,BTM00121,O1C=2C(C(O)CC1C3=CC=C(O)C=C3)=C(OC)C=C(O)C2,"InChI=1S/C16H16O5/c1-20-14-6-11(18)7-15-16(14)12(19)8-13(21-15)9-2-4-10(17)5-3-9/h2-7,12-13,17-19H,8H2,1H3",QNJQVYFNIRYAFH-UHFFFAOYSA-N,2.1798000000000006,288.09977361200004
"InChI=1S/C17H16O4/c1-19-12-8-15(20-2)17-13(18)10-14(21-16(17)9-12)11-6-4-3-5-7-11/h3-9,14H,10H2,1-2H3",IAFBOKYTDSDNHV-UHFFFAOYSA-N,O1C=2C(C(=O)CC1C3=CC=CC=C3)=C(OC)C=C(OC)C2,"5,7-Dimethoxyflavanone
1036-72-2
5,7-dimethoxy-2-phenyl-2,3-dihydrochromen-4-one
RefChem:935833
GlyTouCan:G84450LE
G84450LE
5,7-dimethoxy-2-phenylchroman-4-one
5,7-Dimethoxyflavanon
Dimethylpinocembrin
36052-66-1
Flavanone, 5,7-dimethoxy-
NSC661206
5,7-Dimethoxy-2-phenyl-chroman-4-one
Pinocembrin 5,7-dimethyl ether
alpinetin methyl ether
MFCD00143414
5,7-Dimethoxy-2-phenyl-2,3-dihydro-4H-chromen-4-one
CHEMBL107131
4H-1-Benzopyran-4-one, 2,3-dihydro-5,7-dimethoxy-2-phenyl-, (2S)-
NSC 661206
Spectrum_000324
5,7-Dimethoxyflavonone
Pinocembrin dimethylether
SpecPlus_000873
4H-1-Benzopyran-4-one, 2,3-dihydro-5,7-dimethoxy-2-phenyl-
5,7-Dimethoxylflavanone
5,7-Dimethoxy flavanone
Spectrum2_001357
Spectrum3_000587
Spectrum4_001873
Spectrum5_000466
BSPBio_002034
KBioGR_002369
KBioSS_000804
DivK1c_006969
SPBio_001573
(2R)-2,3-Dihydro-5,7-dimethoxy-2-phenyl-4H-1-benzopyran-4-one
MEGxp0_000558
SCHEMBL2879027
ACon1_001227
KBio1_001913
KBio2_000804
KBio2_003372
KBio2_005940
KBio3_001534
DTXSID20908493
CHEBI:110206
IAFBOKYTDSDNHV-UHFFFAOYSA-N
5,7-dimethoxy-2-phenyl-3,4-dihydro-2H-1-benzopyran-4-one
BDBM50338969
CCG-38839
HY-N10879
LMPK12140217
FP66956
FS-7880
NSC-661206
NCGC00142553-01
NCGC00142553-02
NCGC00142553-03
NCGC00142553-05
NCI60_021335
ST057643
DB-229276
CS-0637334
SR-05000002541
SR-05000002541-1
BRD-A90249268-001-03-2
BRD-A90249268-001-04-0
Q27189587
5,7-Dimethoxy-2-phenyl-2,3-dihydro-4H-chromen-4-one #
5,7-Dimethoxy-2-phenyl-2,3-dihydro-4H-1-benzopyran-4-one",378567,C17H16O4,284.104858992,3.0671,0,0,0,BTM00436,BTM00436,4'-Dehydroxylation of substituted benzene,BTMR1012,Unspecified bacterial dehydroxylase,GUTMICRO,BTM00125,O1C=2C(C(=O)CC1C3=CC=C(O)C=C3)=C(OC)C=C(OC)C2,"InChI=1S/C17H16O5/c1-20-12-7-15(21-2)17-13(19)9-14(22-16(17)8-12)10-3-5-11(18)6-4-10/h3-8,14,18H,9H2,1-2H3",REBBZOCNEVVAPX-UHFFFAOYSA-N,2.7996999999999983,300.099773612
"InChI=1S/C15H14O5/c16-9-3-1-8(2-4-9)13-7-12(19)15-11(18)5-10(17)6-14(15)20-13/h1-6,12-13,16-19H,7H2",RPKUCYSGAXIESU-UHFFFAOYSA-N,O1C=2C(C(O)CC1C3=CC=C(O)C=C3)=C(O)C=C(O)C2,"Apiferol
2-(4-hydroxyphenyl)chroman-4,5,7-triol
2-(4-hydroxyphenyl)-3,4-dihydro-2h-chromene-4,5,7-triol
SCHEMBL18397680
SCHEMBL29929197
LMPK12020166
(2xi,4xi)-4,4',5,7-Tetrahydroxyflavan",185795,C15H14O5,274.084123548,1.928799999999999,0,1,1,BTM00040,BTM00040,3'-Dehydroxylation of substituted benzene,BTMR1314,Unspecified bacterial dehydroxylase,GUTMICRO,BTM00145,O1C=2C(C(O)CC1C3=CC=C(O)C(=C3)O)=C(O)C=C(O)C2,"InChI=1S/C15H14O6/c16-8-4-11(19)15-12(20)6-13(21-14(15)5-8)7-1-2-9(17)10(18)3-7/h1-5,12-13,16-20H,6H2",FSYDWKPCKNCRDI-UHFFFAOYSA-N,1.6614000000000002,290.079038168
"InChI=1S/C15H14O5/c16-9-3-1-2-8(4-9)13-7-12(19)15-11(18)5-10(17)6-14(15)20-13/h1-6,12-13,16-19H,7H2",URSVNNLECJIKRJ-UHFFFAOYSA-N,O1C=2C(C(O)CC1C3=CC=CC(=C3)O)=C(O)C=C(O)C2,,,C15H14O5,274.084123548,1.928799999999999,0,1,1,BTM00537,BTM00537,4'-Dehydroxylation of substituted benzene,BTMR1012,Unspecified bacterial dehydroxylase,GUTMICRO,BTM00145,O1C=2C(C(O)CC1C3=CC=C(O)C(=C3)O)=C(O)C=C(O)C2,"InChI=1S/C15H14O6/c16-8-4-11(19)15-12(20)6-13(21-14(15)5-8)7-1-2-9(17)10(18)3-7/h1-5,12-13,16-20H,6H2",FSYDWKPCKNCRDI-UHFFFAOYSA-N,1.6614000000000002,290.079038168
"InChI=1S/C16H14O6/c1-22-15-5-3-9(6-12(15)19)2-4-11(18)16-13(20)7-10(17)8-14(16)21/h2-8,17,19-21H,1H3/b4-2+",CMFGBLHCLKLQIG-DUXPYHPUSA-N,OC=1C(C(=O)C=CC2=CC=C(OC)C(=C2)O)=C(O)C=C(O)C1,"Hesperetin chalcone
75679-30-0
DTXSID10432651
RefChem:347325
DTXCID30383479
2',4',6',3-Tetrahydroxy-4-methoxychalcone
(E)-3-(3-hydroxy-4-methoxyphenyl)-1-(2,4,6-trihydroxyphenyl)prop-2-en-1-one
SCHEMBL25238853
(2E)-3-(3-hydroxy-4-methoxyphenyl)-1-(2,4,6-trihydroxyphenyl)prop-2-en-1-one",9904479,C16H14O6,302.07903816799995,2.616,0,1,1,BTM00499,BTM00499,Flavanone C-ring fission,BTMR0273,Unspecified gut bacterial enzyme,GUTMICRO,BTM00146,O1C=2C(C(=O)CC1C3=CC=C(OC)C(=C3)O)=C(O)C=C(O)C2,"InChI=1S/C16H14O6/c1-21-13-3-2-8(4-10(13)18)14-7-12(20)16-11(19)5-9(17)6-15(16)22-14/h2-6,14,17-19H,7H2,1H3",AIONOLUJZLIMTK-UHFFFAOYSA-N,2.281299999999999,302.079038168
"InChI=1S/C16H14O5/c1-20-11-4-2-9(3-5-11)14-8-13(19)16-12(18)6-10(17)7-15(16)21-14/h2-7,14,17-18H,8H2,1H3",HMUJXQRRKBLVOO-UHFFFAOYSA-N,O1C=2C(C(=O)CC1C3=CC=C(OC)C=C3)=C(O)C=C(O)C2,"26207-61-4
RefChem:442343
2,3-Dihydro-5,7-dihydroxy-2-(4-methoxyphenyl)-4H-1-benzopyran-4-one
112-592-9
5,7-dihydroxy-2-(4-methoxyphenyl)chroman-4-one
Citrifoliol
MFCD00017313
PTP inhibitor, 4n
ACACETIN_met004
CHEMBL485252
SCHEMBL5067423
SCHEMBL31128790
CHEBI:193496
HMUJXQRRKBLVOO-UHFFFAOYSA-N
5,7-dihydroxy-2-(4-methoxyphenyl)-2,3-dihydrochromen-4-one
BDBM243062
5,7-dihydroxy-2-(4-methoxyphenyl)-3,4-dihydro-2H-1-benzopyran-4-one
AKOS024287053
ST098360
DB-051506
5,7-Dihydroxy-2-(4-methoxy-phenyl)-chroman-4-one",5118250,C16H14O5,286.084123548,2.5486999999999997,0,0,0,BTM00046,BTM00046,3'-Dehydroxylation of substituted benzene,BTMR1314,Unspecified bacterial dehydroxylase,GUTMICRO,BTM00146,O1C=2C(C(=O)CC1C3=CC=C(OC)C(=C3)O)=C(O)C=C(O)C2,"InChI=1S/C16H14O6/c1-21-13-3-2-8(4-10(13)18)14-7-12(20)16-11(19)5-9(17)6-15(16)22-14/h2-6,14,17-19H,7H2,1H3",AIONOLUJZLIMTK-UHFFFAOYSA-N,2.281299999999999,302.079038168
"InChI=1S/C16H14O6/c1-22-15-6-9(2-4-11(15)18)3-5-12(19)16-13(20)7-10(17)8-14(16)21/h2-8,17-18,20-21H,1H3/b5-3+",WQWVIIRCVOZVPN-HWKANZROSA-N,OC=1C(C(=O)C=CC2=CC=C(O)C(=C2)OC)=C(O)C=C(O)C1,"4,2',4',6'-Tetrahydroxy-3-methoxychalcone
RefChem:1069214
(E)-3-(4-hydroxy-3-methoxyphenyl)-1-(2,4,6-trihydroxyphenyl)prop-2-en-1-one
Homoeriodictyol chalcone
25515-47-3
(2E)-3-(4-Hydroxy-3-methoxyphenyl)-1-(2,4,6-trihydroxyphenyl)-2-propen-1-one
(2E)-3-(4-hydroxy-3-methoxyphenyl)-1-(2,4,6-trihydroxyphenyl)prop-2-en-1-one
CHEMBL2235294
SCHEMBL25208498
CHEBI:80485
DTXSID101140696
LMPK12120274
NS00059270
4,2',4',6'-tetrahydroxy-3-methoxy-trans-chalcone
Q27149536
2-Propen-1-one, 3-(4-hydroxy-3-methoxyphenyl)-1-(2,4,6-trihydroxyphenyl)-, (2E)-",21117850,C16H14O6,302.07903816799995,2.616,0,1,1,BTM00500,BTM00500,Flavanone C-ring fission,BTMR0273,Unspecified gut bacterial enzyme,GUTMICRO,BTM00147,O1C=2C(C(=O)CC1C3=CC=C(O)C(=C3)OC)=C(O)C=C(O)C2,"InChI=1S/C16H14O6/c1-21-14-4-8(2-3-10(14)18)13-7-12(20)16-11(19)5-9(17)6-15(16)22-13/h2-6,13,17-19H,7H2,1H3",FTODBIPDTXRIGS-UHFFFAOYSA-N,2.281299999999999,302.079038168
"InChI=1S/C16H14O5/c1-20-11-4-2-3-9(5-11)14-8-13(19)16-12(18)6-10(17)7-15(16)21-14/h2-7,14,17-18H,8H2,1H3",RRBWQNNVMSQYDT-UHFFFAOYSA-N,O1C=2C(C(=O)CC1C3=CC=CC(=C3)OC)=C(O)C=C(O)C2,"CHEBI:193372
5,7-Dihydroxy-3'-methoxyflavanone
5,7-dihydroxy-2-(3-methoxyphenyl)-3,4-dihydro-2H-1-benzopyran-4-one
5,7-dihydroxy-2-(3-methoxyphenyl)-2,3-dihydrochromen-4-one",101675301,C16H14O5,286.084123548,2.5486999999999997,0,0,0,BTM00543,BTM00543,4'-Dehydroxylation of substituted benzene,BTMR1012,Unspecified bacterial dehydroxylase,GUTMICRO,BTM00147,O1C=2C(C(=O)CC1C3=CC=C(O)C(=C3)OC)=C(O)C=C(O)C2,"InChI=1S/C16H14O6/c1-21-14-4-8(2-3-10(14)18)13-7-12(20)16-11(19)5-9(17)6-15(16)22-13/h2-6,13,17-19H,7H2,1H3",FTODBIPDTXRIGS-UHFFFAOYSA-N,2.281299999999999,302.079038168
"InChI=1S/C16H14O5/c1-20-11-6-12(18)16-13(19)8-14(21-15(16)7-11)9-2-4-10(17)5-3-9/h2-7,14,17-18H,8H2,1H3",DJOJDHGQRNZXQQ-UHFFFAOYSA-N,O1C=2C(C(=O)CC1C3=CC=C(O)C=C3)=C(O)C=C(OC)C2,"520-29-6
RefChem:505952
4'-5-Dihydroxy-7-methoxyflavanone, 7-O-Methylnaringenin, Naringenin 7-O-methyl ether
112-126-4
5-hydroxy-2-(4-hydroxyphenyl)-7-methoxychroman-4-one
(RS)-Sakuranetin
4',5-Dihydroxy-7-methoxyflavanone
MFCD07782262
NSC-407228
5-hydroxy-2-(4-hydroxyphenyl)-7-methoxy-2,3-dihydrochromen-4-one
CHEMBL74852
4H-1-Benzopyran-4-one,2,3-dihydro-5-hydroxy-2-(4-hydroxyphenyl)-7-methoxy-
NSC407228
5-Hydroxy-2-(4-hydroxy-phenyl)-7-methoxy-chroman-4-one
5-hydroxy-2-(4-hydroxyphenyl)-7-methoxy-3,4-dihydro-2H-1-benzopyran-4-one
4H-1-Benzopyran-4-one, 2,3-dihydro-5-hydroxy-2-(4-hydroxyphenyl)-7-methoxy-
MLS000876793
SCHEMBL555541
MEGxp0_000557
SCHEMBL29928748
ACon1_000001
HMS2271F13
BDBM50049387
AKOS015965397
5,4''-Dihydroxy-7-o-methoxyflavanone
FS66817
NCGC00168885-01
AC-20247
AC-34929
SMR000440561
ST098728
CS-0066106
NS00015854
Flavanone,5-dihydroxy-7-methoxy-, (S)-(-)-
AM-573/21243006
L000892
BRD-A32263173-001-01-2
5-Hydroxy-2-(4-hydroxyphenyl)-7-methoxy-2,3-dihydro-4H-chromen-4-one #
4H-1-Benzopyran-4-one,3-dihydro-5-hydroxy-2-(4-hydroxyphenyl)-7-methoxy-, (S)-
5-Hydroxy-2-(4-hydroxyphenyl)-7-methoxy-2,3-dihydro-4H-1-benzopyran-4-one",348130,C16H14O5,286.084123548,2.5486999999999997,0,0,0,BTM00044,BTM00044,3'-Dehydroxylation of substituted benzene,BTMR1314,Unspecified bacterial dehydroxylase,GUTMICRO,BTM00152,O1C=2C(C(=O)CC1C3=CC=C(O)C(=C3)O)=C(O)C=C(OC)C2,"InChI=1S/C16H14O6/c1-21-9-5-12(19)16-13(20)7-14(22-15(16)6-9)8-2-3-10(17)11(18)4-8/h2-6,14,17-19H,7H2,1H3",DSAJORLEPQBKDA-UHFFFAOYSA-N,2.281299999999999,302.07903816799995
"InChI=1S/C16H14O5/c1-20-11-6-12(18)16-13(19)8-14(21-15(16)7-11)9-3-2-4-10(17)5-9/h2-7,14,17-18H,8H2,1H3",BRPPJHRMSPEPDO-UHFFFAOYSA-N,O1C=2C(C(=O)CC1C3=CC=CC(=C3)O)=C(O)C=C(OC)C2,,,C16H14O5,286.084123548,2.5486999999999997,0,0,0,BTM00541,BTM00541,4'-Dehydroxylation of substituted benzene,BTMR1012,Unspecified bacterial dehydroxylase,GUTMICRO,BTM00152,O1C=2C(C(=O)CC1C3=CC=C(O)C(=C3)O)=C(O)C=C(OC)C2,"InChI=1S/C16H14O6/c1-21-9-5-12(19)16-13(20)7-14(22-15(16)6-9)8-2-3-10(17)11(18)4-8/h2-6,14,17-19H,7H2,1H3",DSAJORLEPQBKDA-UHFFFAOYSA-N,2.281299999999999,302.07903816799995
"InChI=1S/C16H14O5/c1-20-14-6-11(18)7-15-16(14)12(19)8-13(21-15)9-2-4-10(17)5-3-9/h2-7,13,17-18H,8H2,1H3",CWZLMWSCLBFCBY-UHFFFAOYSA-N,O1C=2C(C(=O)CC1C3=CC=C(O)C=C3)=C(OC)C=C(O)C2,"Naringenin 5-methyl ether
7-hydroxy-2-(4-hydroxyphenyl)-5-methoxy-2,3-dihydrochromen-4-one
RefChem:1092284
61823-56-1
7-Hydroxy-2-(4-hydroxyphenyl)-5-methoxychroman-4-one
5-Methoxynaringenin
7-hydroxy-2-(4-hydroxyphenyl)-5-methoxy-2,3-dihydro-4h-chromen-4-one
Flavanone, 4',7-dihydroxy-5-methoxy-
SCHEMBL773766
CHEMBL501251
orb1683422
SCHEMBL30641776
5-O-Methylnaringenin; 7,4'-Dihydroxy-5-methoxyflavanone; Naringenin 5-methyl ether
CHEBI:178313
7,4'-Dihydroxy-5-methoxyflavanon
7,4'-dihydroxy-5-methoxy flavanone
LMPK12140555
AKOS030559476
B0005-189879",188424,C16H14O5,286.084123548,2.5486999999999997,0,0,0,BTM00045,BTM00045,3'-Dehydroxylation of substituted benzene,BTMR1314,Unspecified bacterial dehydroxylase,GUTMICRO,BTM00153,O1C=2C(C(=O)CC1C3=CC=C(O)C(=C3)O)=C(OC)C=C(O)C2,"InChI=1S/C16H14O6/c1-21-14-5-9(17)6-15-16(14)12(20)7-13(22-15)8-2-3-10(18)11(19)4-8/h2-6,13,17-19H,7H2,1H3",RMJKSMSYIZHFCO-UHFFFAOYSA-N,2.281299999999999,302.079038168
"InChI=1S/C16H14O5/c1-20-14-6-11(18)7-15-16(14)12(19)8-13(21-15)9-3-2-4-10(17)5-9/h2-7,13,17-18H,8H2,1H3",ATOZLQVIAMFACO-UHFFFAOYSA-N,O1C=2C(C(=O)CC1C3=CC=CC(=C3)O)=C(OC)C=C(O)C2,,,C16H14O5,286.084123548,2.5486999999999997,0,0,0,BTM00542,BTM00542,4'-Dehydroxylation of substituted benzene,BTMR1012,Unspecified bacterial dehydroxylase,GUTMICRO,BTM00153,O1C=2C(C(=O)CC1C3=CC=C(O)C(=C3)O)=C(OC)C=C(O)C2,"InChI=1S/C16H14O6/c1-21-14-5-9(17)6-15-16(14)12(20)7-13(22-15)8-2-3-10(18)11(19)4-8/h2-6,13,17-19H,7H2,1H3",RMJKSMSYIZHFCO-UHFFFAOYSA-N,2.281299999999999,302.079038168
"InChI=1S/C15H14O5/c16-9-6-10(17)12-11(7-9)20-15(14(19)13(12)18)8-4-2-1-3-5-8/h1-7,13-19H",MTOGKBVCUVCNIM-UHFFFAOYSA-N,O1C=2C(C(O)C(C1C3=CC=CC=C3)O)=C(O)C=C(O)C2,"5,7-dihydroxyflavan-3,4-diol",66548355,C15H14O5,274.084123548,1.6231000000000002,0,1,1,BTM00529,BTM00529,4'-Dehydroxylation of substituted benzene,BTMR1012,Unspecified bacterial dehydroxylase,GUTMICRO,BTM00154,O1C=2C(C(O)C(C1C3=CC=C(O)C=C3)O)=C(O)C=C(O)C2,"InChI=1S/C15H14O6/c16-8-3-1-7(2-4-8)15-14(20)13(19)12-10(18)5-9(17)6-11(12)21-15/h1-6,13-20H",FSVMLWOLZHGCQX-UHFFFAOYSA-N,1.3556999999999997,290.07903816799995
"InChI=1S/C16H14O5/c1-20-10-7-11(17)13-12(8-10)21-16(15(19)14(13)18)9-5-3-2-4-6-9/h2-8,15-17,19H,1H3",QPOCKDYYXFOBCM-UHFFFAOYSA-N,O1C=2C(C(=O)C(C1C3=CC=CC=C3)O)=C(O)C=C(OC)C2,"Alpinone
480-13-7
3,5-dihydroxy-7-methoxy-2-phenyl-2,3-dihydrochromen-4-one
RefChem:111422
7-O-Methylpinobanksin
Flavanone, 3,5-dihydroxy-7-methoxy-
4H-1-Benzopyran-4-one, 2,3-dihydro-3,5-dihydroxy-7-methoxy-2-phenyl-, (2R-trans)-
2,3-Dihydro-3,5-dihydroxy-7-methoxy-2-phenyl-4H-1-benzopyran-4-one (2R-trans)-
7-O-Methylpinobanksin, Alpinone
SCHEMBL17485808
DTXSID90963978
3,5-dihydroxy-7-methoxyflavanone
3,5-Dihydroxy-7-methoxy-2-phenyl-2,3-dihydro-4H-1-benzopyran-4-one",5317747,C16H14O5,286.084123548,2.270599999999999,0,0,0,BTM00535,BTM00535,4'-Dehydroxylation of substituted benzene,BTMR1012,Unspecified bacterial dehydroxylase,GUTMICRO,BTM00162,O1C=2C(C(=O)C(C1C3=CC=C(O)C=C3)O)=C(O)C=C(OC)C2,"InChI=1S/C16H14O6/c1-21-10-6-11(18)13-12(7-10)22-16(15(20)14(13)19)8-2-4-9(17)5-3-8/h2-7,15-18,20H,1H3",LZLGHWHSUZVUFZ-UHFFFAOYSA-N,2.0031999999999983,302.079038168
"InChI=1S/C16H14O5/c1-20-11-7-10(17)8-12-13(11)14(18)15(19)16(21-12)9-5-3-2-4-6-9/h2-8,15-17,19H,1H3",NIMIDMFTGGTHOH-UHFFFAOYSA-N,O1C=2C(C(=O)C(C1C3=CC=CC=C3)O)=C(OC)C=C(O)C2,"5-Methoxy-3,7-dihydroxyflavanone
RefChem:103036
3,7-dihydroxy-5-methoxy-2-phenyl-2,3-dihydrochromen-4-one
NIMIDMFTGGTHOH-UHFFFAOYSA-N
CHEMBL551582
SCHEMBL6565198
(2R,3R)-3,7-dihydroxy-5-methoxy-2-phenyl-3,4-dihydro-2H-1-benzopyran-4-one
UEA30936
3,7-dihydroxy-5-methoxy-2-phenyl-chroman-4-one
3,7-Dihydroxy-5-methoxy-2-phenyl-2,3-dihydro-4H-chromen-4-one #",597405,C16H14O5,286.084123548,2.270599999999999,0,0,0,BTM00536,BTM00536,4'-Dehydroxylation of substituted benzene,BTMR1012,Unspecified bacterial dehydroxylase,GUTMICRO,BTM00163,O1C=2C(C(=O)C(C1C3=CC=C(O)C=C3)O)=C(OC)C=C(O)C2,"InChI=1S/C16H14O6/c1-21-11-6-10(18)7-12-13(11)14(19)15(20)16(22-12)8-2-4-9(17)5-3-8/h2-7,15-18,20H,1H3",WECLSYISBIFCMA-UHFFFAOYSA-N,2.0031999999999983,302.07903816799995
"InChI=1S/C16H14O6/c1-22-11-4-2-9(3-5-11)6-14(20)16(21)15-12(18)7-10(17)8-13(15)19/h2-5,7-8,17-19H,6H2,1H3",LELCKAWZMVKDKG-UHFFFAOYSA-N,OC=1C(C(=O)C(CC2=CC=C(OC)C=C2)=O)=C(O)C=C(O)C1,,,C16H14O6,302.07903816799995,2.186599999999998,0,1,1,BTM00554,BTM00554,Flavanon-3-ol C-ring fission,BTMR0272,Unspecified gut bacterial enzyme,GUTMICRO,BTM00164,O1C=2C(C(=O)C(C1C3=CC=C(OC)C=C3)O)=C(O)C=C(O)C2,"InChI=1S/C16H14O6/c1-21-10-4-2-8(3-5-10)16-15(20)14(19)13-11(18)6-9(17)7-12(13)22-16/h2-7,15-18,20H,1H3",CKDYDMSDCNQHEB-UHFFFAOYSA-N,2.0031999999999983,302.079038168
"InChI=1S/C15H12O4/c16-10-6-11(17)15-12(18)8-13(19-14(15)7-10)9-4-2-1-3-5-9/h1-8,12,16-18H",KSDWUEWFECEPMU-UHFFFAOYSA-N,O1C=2C(C(O)C=C1C3=CC=CC=C3)=C(O)C=C(O)C2,,,C15H12O4,256.073558864,2.2051999999999996,0,1,1,BTM00047,BTM00047,3'-Dehydroxylation of substituted benzene,BTMR1314,Unspecified bacterial dehydroxylase,GUTMICRO,BTM00172,O1C=2C(C(O)C=C1C3=CC=CC(=C3)O)=C(O)C=C(O)C2,"InChI=1S/C15H12O5/c16-9-3-1-2-8(4-9)13-7-12(19)15-11(18)5-10(17)6-14(15)20-13/h1-7,12,16-19H",JNNPFNNAKOERPQ-UHFFFAOYSA-N,1.9377999999999997,272.068473484
"InChI=1S/C16H14O5/c1-20-11-4-2-3-9(5-11)14-8-13(19)16-12(18)6-10(17)7-15(16)21-14/h2-7,14,17-18H,8H2,1H3",RRBWQNNVMSQYDT-UHFFFAOYSA-N,O1C=2C(C(=O)CC1C3=CC=CC(=C3)OC)=C(O)C=C(O)C2,"CHEBI:193372
5,7-Dihydroxy-3'-methoxyflavanone
5,7-dihydroxy-2-(3-methoxyphenyl)-3,4-dihydro-2H-1-benzopyran-4-one
5,7-dihydroxy-2-(3-methoxyphenyl)-2,3-dihydrochromen-4-one",101675301,C16H14O5,286.084123548,2.5486999999999997,0,0,0,BTM00543,BTM00543,Flavonoid C-ring reduction,BTMR0255,Unspecified gut bacterial enzyme,GUTMICRO,BTM00173,O1C=2C(C(=O)C=C1C3=CC=CC(=C3)OC)=C(O)C=C(O)C2,"InChI=1S/C16H12O5/c1-20-11-4-2-3-9(5-11)14-8-13(19)16-12(18)6-10(17)7-15(16)21-14/h2-8,17-18H,1H3",LYRAAKFLFNBVGJ-UHFFFAOYSA-N,3.278000000000001,284.068473484
"InChI=1S/C16H12O4/c1-19-11-7-12(17)16-13(18)9-14(20-15(16)8-11)10-5-3-2-4-6-10/h2-9,17H,1H3",IRZVHDLBAYNPCT-UHFFFAOYSA-N,O1C=2C(C(=O)C=C1C3=CC=CC=C3)=C(O)C=C(OC)C2,"Tectochrysin
520-28-5
5-Hydroxy-7-methoxyflavone
Techtochrysin
7-Methoxy-5-hydroxyflavone
5-hydroxy-7-methoxy-2-phenylchromen-4-one
Flavone, 5-hydroxy-7-methoxy-
4H-1-Benzopyran-4-one, 5-hydroxy-7-methoxy-2-phenyl-
9UBO28W2AK
NSC-80687
5-hydroxy-7-methoxy-2-phenyl-4H-1-benzopyran-4-one
CHEBI:9426
DTXSID40199962
RefChem:187693
DTXCID00122453
5-Hydroxy-7-methoxy-2-phenyl-4H-chromen-4-one
Methyl chrysin
7-O-METHYLCHRYSIN
MFCD00016945
Techtochrysin;NSC 80687
5-Hydroxy-7-methoxy-2-phenyl-chromen-4-one
Techtochrysine
Tecto-chrysin
SMR000387029
5-Hydroxy-7-methylflavone; 7-O-Methylchrysin; Tectochrysine
7-methoxycrysin
NSC 80687
Chrysin 7-methylether
chrysin-7-methyl ether
Tectochrysin (Standard)
Maybridge3_003219
UNII-9UBO28W2AK
Oprea1_023530
Oprea1_215176
MLS000697658
MLS001049041
SCHEMBL249043
CHEMBL164841
orb1303377
SCHEMBL29494561
WLZ4716
HMS1440C07
HMS2267G17
NSC80687
TNP00038
BDBM50423793
CCG-43780
HY-14592R
LMPK12110190
s3256
STK078936
AKOS000522399
EBC-466056
FT66186
IDI1_014606
NCGC00017176-01
NCGC00017176-02
NCGC00017176-03
NCGC00142540-01
AC-35028
BS-48960
HY-14592
ST057541
DB-052063
CS-0003465
2-PHENYL-5-HYDROXY-7-METHOXYCHROMONE
VU0254572-3
AB00637079-07
SR-01000402578
5-Hydroxy-7-methoxy-2-phenyl-4H-chromen-4-one #
Q3516969
SR-01000402578-1
SR-01000402578-2
F3097-0487",5281954,C16H12O4,268.073558864,3.5454,0,0,0,BTM00050,BTM00050,3'-Dehydroxylation of substituted benzene,BTMR1314,Unspecified bacterial dehydroxylase,GUTMICRO,BTM00177,O1C=2C(C(=O)C=C1C3=CC=CC(=C3)O)=C(O)C=C(OC)C2,"InChI=1S/C16H12O5/c1-20-11-6-12(18)16-13(19)8-14(21-15(16)7-11)9-3-2-4-10(17)5-9/h2-8,17-18H,1H3",BQASOSNOLITMSO-UHFFFAOYSA-N,3.278000000000001,284.068473484
"InChI=1S/C16H12O4/c1-19-14-7-11(17)8-15-16(14)12(18)9-13(20-15)10-5-3-2-4-6-10/h2-9,17H,1H3",JVEMWXSMSUNXSD-UHFFFAOYSA-N,O1C=2C(C(=O)C=C1C3=CC=CC=C3)=C(OC)C=C(O)C2,"7-Hydroxy-5-methoxy-2-phenyl-chromen-4-one
7-hydroxy-5-methoxy-2-phenylchromen-4-one
RefChem:1074443
33554-47-1
7-hydroxy-5-methoxy-2-phenyl-4H-chromen-4-one
Chrysin-5-methylether
CHEMBL181896
Chrysin 5-methyl ether
7-hydroxy-5-methoxyflavone
chrysin-5-methyl-ether
7-Hydroxy-5-methoxy-2-phenyl-4H-1-benzopyran-4-one
SCHEMBL19235588
DTXSID40187243
BDBM50412264
MFCD09029062
SBB081026
STK925270
AKOS000275827
NCGC00296010-01
AC-10891
ST50794641
VU0490357-1
EN300-238261
AB01289941-01
F2106-0046",5490127,C16H12O4,268.073558864,3.5454,0,0,0,BTM00051,BTM00051,3'-Dehydroxylation of substituted benzene,BTMR1314,Unspecified bacterial dehydroxylase,GUTMICRO,BTM00178,O1C=2C(C(=O)C=C1C3=CC=CC(=C3)O)=C(OC)C=C(O)C2,"InChI=1S/C16H12O5/c1-20-14-6-11(18)7-15-16(14)12(19)8-13(21-15)9-3-2-4-10(17)5-9/h2-8,17-18H,1H3",UYUGLBRPDXOIPY-UHFFFAOYSA-N,3.278000000000001,284.068473484
"InChI=1S/C15H14O4/c16-11-8-13(18)15(14(19)9-11)12(17)7-6-10-4-2-1-3-5-10/h1-9,12,16-19H",VTCUUDNQCGREJQ-UHFFFAOYSA-N,OC=1C(C(O)C=CC2=CC=CC=C2)=C(O)C=C(O)C1,,,C15H14O4,258.089208928,2.5033,0,1,1,BTM00624,BTM00624,4'-Dehydroxylation of substituted benzene,BTMR1012,Unspecified bacterial dehydroxylase,GUTMICRO,BTM00179,OC=1C(C(O)C=CC2=CC=C(O)C=C2)=C(O)C=C(O)C1,"InChI=1S/C15H14O5/c16-10-4-1-9(2-5-10)3-6-12(18)15-13(19)7-11(17)8-14(15)20/h1-8,12,16-20H/b6-3+",DIABYVGHSDUKHY-ZZXKWVIFSA-N,2.2358999999999996,274.084123548
"InChI=1S/C9H10O3/c10-8-4-1-7(2-5-8)3-6-9(11)12/h1-2,4-5,10H,3,6H2,(H,11,12)",NMHMNPHRMNGLLB-UHFFFAOYSA-N,C(=O)(CCC1=CC=C(O)C=C1)O,"3-(4-Hydroxyphenyl)propionic acid
501-97-3
Phloretic acid
3-(4-Hydroxyphenyl)propanoic acid
Hydro-p-coumaric acid
Dihydro-p-coumaric acid
Benzenepropanoic acid, 4-hydroxy-
4-Hydroxyphenylpropionic acid
p-Hydroxyhydrocinnamic acid
3-(p-Hydroxyphenyl)propionic acid
4-Hydroxybenzenepropanoic acid
p-Hydroxyphenylpropionic acid
4-HYDROXYHYDROCINNAMIC ACID
Hydrocinnamic acid, p-hydroxy-
Phloretinic acid
beta-(p-Hydroxyphenyl)propionic acid
6QNC6P18SR
DTXSID2075427
NSC-40949
CHEBI:32980
RefChem:861868
DTXCID2040781
207-931-3
desaminotyrosine
HYDROXYPHENYL PROPIONIC ACID
MFCD00002778
3-(4'-Hydroxyphenyl)propionic acid
NSC 40949
Dihydrocoumaric acid
4-hydroxy-benzenepropanoic acid
3-(4-Hydroxyphenyl)-propionic acid
4'-Hydroxyphenylpropionic acid
2,3-DIHYDRO-P-COUMARIC ACID
.beta.-(p-Hydroxyphenyl)propionic acid
3-(p-HYDROXYPHENYL)-PROPIONIC ACID
M03860
uHLORETIC ACID
3-(p-Hydroxyphenyl)propionate
EINECS 207-931-3
UNII-6QNC6P18SR
p-hydroxy-hydrocinnamic acid
BRN 2209841
Phloretinate
AI3-31909
hydro-p-coumarate
3-(4-Hydroxyphenyl)propionicAcid
Dihydro-p-coumarate
p-Hydroxyhydrocinnamate
p-hydroxy-hydrocinnamate
p-hydroxyphenylpropionate
hydroxy-hydrocinnamic acid
4-Hydroxybenzenepropanoate
N-hydroxysuccinimide ester
4-hydroxy-benzenepropanoate
bmse010064
p-hydroxy-benzene propionate
Oprea1_221751
SCHEMBL35486
4-(4-Hydroxyphenylpropanoate
4-10-00-00631 (Beilstein Handbook Reference)
b-(p-Hydroxyphenyl)propionate
P-Hydroxybenzene propanoic acid
orb1304917
SCHEMBL1302387
SCHEMBL8067640
3-(4-Hydroxyphenyl)-propionate
beta-(p-hydroxyphenyl)propionate
CHEMBL1172560
SCHEMBL28012029
3-(para-Hydroxyphenyl)propionate
4-(4-Hydroxyphenylpropanoic acid
3-(4'-Hydroxyphenyl)-propionate
3-(4-Hydroxy-phenyl)-propionate
3-(p-hydroxyphenyl)propanoic acid
4-(2-CARBOXYETHYL)PHENOL
4-hydroxy-(9CI)benzenepropanoate
b-(p-Hydroxyphenyl)propionic acid
BDBM231636
BB_NC-00339
NSC40949
NSC65596
3(4-hydroxy phenyl) propionic acid
3-(4-hydroxy-phenyl)propanoic acid
3-(4-hydroxy-phenyl)propionic acid
3-(4-hydroxyphenyl)-propanoic acid
3-[4-hydroxy phenyl]propionic acid
3-(para-Hydroxyphenyl)propionic acid
BBL012597
EBC-47188
NSC-65596
s3795
SBB064098
STK803270
3-(4 Hydroxy-phenyl)-propionic acid
3-(4'-Hydroxyphenyl)-propionic acid
3-(4-hydroxy phenyl) propionic acid
3-(4-Hydroxy-phenyl)-propanoic acid
3-(4-Hydroxy-phenyl)-propionic acid
4-hydroxy-(9CI)benzenepropanoic acid
P-HYDROXYPHENYL-PROPIONIC ACID
3-(para-Hydroxyphenyl)-propionic acid
AKOS000193936
AB00269
AC-5144
AT13193
CCG-266325
CS-W016062
DB03897
FH24472
HY-W015346
propanoic acid, 3-(4-hydroxyphenyl)-
PS-5760
P-HYDROXY-BENZENE PROPIONIC ACID
NCGC00382803-03
3-(4-Hydroxyphenyl)propionic acid, 98%
DB-021662
H0599
NS00014704
ST50330629
EN300-50375
C01744
501H973
AQ-358/40179730
Q7186527
F2191-0066
Z317038012
InChI=1/C9H10O3/c10-8-4-1-7(2-5-8)3-6-9(11)12/h1-2,4-5,10H,3,6H2,(H,11,12",10394,C9H10O3,166.06299417999998,1.658,0,0,0,BTM00556,BTM00556,"Reduction of alpha,beta-unsaturated carbon-carbon double bond adjacent to electron withdrawing group",BTMR1209,EC 1.6.99.1,GUTMICRO,BTM00181,C(=O)(C=CC1=CC=C(O)C=C1)O,"InChI=1S/C9H8O3/c10-8-4-1-7(2-5-8)3-6-9(11)12/h1-6,10H,(H,11,12)/b6-3+",NGSWKAQJJWESNS-ZZXKWVIFSA-N,1.6347999999999994,164.04734411599998
"InChI=1S/CH2O2/c2-1-3/h1H,(H,2,3)",BDAGIHXWWSANSR-UHFFFAOYSA-N,C(=O)O,"formic acid
64-18-6
Methanoic acid
Formylic acid
Aminic acid
Bilorin
Hydrogen carboxylic acid
Formisoton
Formira
Myrmicyl
Collo-bueglatt
Collo-didax
Acide formique
Add-F
Ameisensaeure
C1 acid
RCRA waste number U123
Mierenzuur
Acido formico
Formicum acidum
Kwas metaniowy
Kyselina mravenci
FEMA No. 2487
AI3-24237
0YIW783RG1
DTXSID2024115
CHEBI:30751
VARROMED COMPONENT FORMIC ACID
Acidum formicum
Provita Konquest
RefChem:6641
Provita Hoofsure Endurance
Provita Hoofsure Endurance XL
DTXCID904115
Provita Hoofsure Endurance Express
200-579-1
hydron;formate
Formic acid (natural)
Mierenzuur [Dutch]
Ameisensaeure [German]
Acide formique [French]
Acido formico [Italian]
Kwas metaniowy [Polish]
Kyselina mravenci [Czech]
HCOOH
Ameisensaure
CCRIS 6039
Sybest
EPA Pesticide Chemical Code 214900
RCRA waste no. U123
UN1779
CH2O2
Methanoic acid monomer
HCO2H
MFCD00003297
Wonderbond Hardener M 600L
aminate
formylate
methanoate
Formic acid [UN1779]  [Corrosive]
Formic Acid, 85%
Formic Acid, 97+%
hydrogen carboxylate
Formic Acid, ACS Grade
HSDB 1646
Unsaturated Fatty Acid
EINECS 200-579-1
UNII-0YIW783RG1
Amasil
forrnic acid
methoic acid
FormateFA
Wax esters
Wax ester
Formic acidFA
fatty acid esters
Formic acid CRS
a fatty acid ester
fatty acid 9:1
fatty acid 10:1
fatty acid 12:1
fatty acid 12:2
fatty acid 17:3
fatty acid 19:1
Formic acid, natural
Formic acid, 20%
fatty acid(12:2)
fatty acid(17:3)
H-COOH
SCHEMBL78
14523-98-9
FORMIC ACID [MI]
SCHEMBL915
bmse000203
FORMIC ACID [FCC]
EC 200-579-1
Formic acid 98-100%
Formic acid, 95-97%
FORMIC ACID [FHFI]
FORMIC ACID [HSDB]
Formic acid, LC/MS Grade
SCHEMBL1454
FORMIC ACID [VANDF]
SCHEMBL35997
FORMIC ACID [MART.]
Formic acid, p.a., 85%
orb105048
FORMIC ACID [USP-RS]
FORMIC ACID [WHO-DD]
Formic acid, AR, >=90%
Formic acid, AR, >=98%
Formic acid, LR, >=85%
Formic acid, LR, >=98%
FORMICUM ACIDUM [HPUS]
CHEMBL116736
Formic acid, purum, >=85%
CHEBI:10036
CHEBI:35748
CHEBI:36036
CHEBI:191874
CHEBI:232780
CHEBI:232781
CHEBI:232866
CHEBI:232867
CHEBI:233172
CHEBI:233467
CHEBI:233468
CHEBI:233469
CHEBI:233757
CHEBI:234070
FORMIC ACID [EP MONOGRAPH]
Formic Acid Ampoules (LCMS Grade)
Formic acid, >=95%, FCC, FG
Formic acid, technical grade, 85%
CS0117
FA 9:1
Formic acid, ACS reagent, >=96%
STL264243
Formic acid, reagent grade, >=95%
AKOS000269044
Formic acid, ACS reagent, 88-91%
CCG-266004
DB01942
FA 10:1
FA 12:1
FA 12:2
FA(9:1)
MSK000744-100W
UN 1779
Formic acid, ACS reagent, >=96.0%
Formic Acid, water less than 1% by KF
NCGC00248718-01
BP-21436
E236
FA(10:1)
FA(12:1)
FA(12:2)
FA(17:3)
FORMIC ACID [EMA EPAR VETERINARY]
Formic acid Solution in Water, 100ug/mL
DB-029851
C20:3
F0513
F0654
Formic acid 1000 microg/mL in Acetonitrile
Formic acid, JIS special grade, >=98.0%
Formic acid, Vetec(TM) reagent grade, 95%
NS00008563
NS00120341
C00058
C22969
Formic acid, SAJ first grade, 88.0-89.5%
Formic-D acid ( in H2O) >98.0 Atom % D
InChI=1/CH2O2/c2-1-3/h1H,(H,2,3
A834666
F080324
Q161233
Formic acid, p.a., ACS reagent, 98.0-100.0%
Q27110013
F1908-0082
Z104475998
Formate standard for IC, 1.000 g/L in H2O, analytical standard
Formic acid, puriss. p.a., ACS reagent, reag. Ph. Eur., >=98%
Formic acid, United States Pharmacopeia (USP) Reference Standard
Formic acid, puriss., meets analytical specifications of DAC, FCC, 98.0-100%
82069-14-5",284,CH2O2,46.005479304,-0.3087,0,0,0,BTM00625,BTM00625,Decarboxylation of phenolic acid,BTMR1287,Bacterial phenolic acid decarboxylase (EC 4.1.1.-),GUTMICRO,BTM00181,C(=O)(C=CC1=CC=C(O)C=C1)O,"InChI=1S/C9H8O3/c10-8-4-1-7(2-5-8)3-6-9(11)12/h1-6,10H,(H,11,12)/b6-3+",NGSWKAQJJWESNS-ZZXKWVIFSA-N,1.6347999999999994,164.04734411599998
"InChI=1S/C8H8O/c1-2-7-3-5-8(9)6-4-7/h2-6,9H,1H2",FUGYGGDSWSUORM-UHFFFAOYSA-N,C=CC1=CC=C(O)C=C1,"4-Vinylphenol
4-Hydroxystyrene
2628-17-3
4-ETHENYLPHENOL
p-Vinylphenol
Phenol, 4-ethenyl-
p-Hydroxystyrene
Phenol, P-vinyl-
FEMA No. 3739
OA7V1SM8YL
CHEBI:1883
RefChem:527097
220-103-6
4-Vinylphenol, 10 wt.% In propylene glycol
MFCD00017593
C8H8O
4-VP
CHEMBL349881
EINECS 220-103-6
UNII-OA7V1SM8YL
BRN 0506844
paravinyl phenol
p-Hydroxystyrene; p-Vinylphenol; 4-Ethenylphenol; 4-Hydroxystyrene
p-vinyl phenol
Para-vinylphenol
DTXSID7073301
4-Ethenyl-phenol
4-Hydroxy styrene
VINYLPHENOL, P-
4-Hydroxystyrene solution
SCHEMBL59328
P-VINYLPHENOL [FHFI]
4-06-00-03775 (Beilstein Handbook Reference)
SCHEMBL560320
orb1308882
SCHEMBL1231650
SCHEMBL1481568
SCHEMBL4197734
SCHEMBL4199476
SCHEMBL13341430
BDBM50017833
NSC114470
AKOS015891246
CS-W005288
DS-6347
EBC-615454
FV30983
FV71588
HY-W005288
NSC-114470
SY062083
4-Vinylphenol 10 wt.% In propylene glycol
DB-008431
4-Vinylphenol, 10 wt % in propylene glycol
NS00005416
4-Vinylphenol (10 wt % in propylene glycol)
C05627
EN300-252561
628V173
F240601
Q4637201",62453,C8H8O,120.057514876,2.1143,0,0,0,BTM00626,BTM00626,Decarboxylation of phenolic acid,BTMR1287,Bacterial phenolic acid decarboxylase (EC 4.1.1.-),GUTMICRO,BTM00181,C(=O)(C=CC1=CC=C(O)C=C1)O,"InChI=1S/C9H8O3/c10-8-4-1-7(2-5-8)3-6-9(11)12/h1-6,10H,(H,11,12)/b6-3+",NGSWKAQJJWESNS-ZZXKWVIFSA-N,1.6347999999999994,164.04734411599998
"InChI=1S/C9H8O2/c10-9(11)7-6-8-4-2-1-3-5-8/h1-7H,(H,10,11)/b7-6+",WBYWAXJHAXSJNI-VOTSOKGWSA-N,C(=O)(C=CC1=CC=CC=C1)O,"CINNAMIC ACID
3-Phenylacrylic acid
621-82-9
(E)-3-phenylprop-2-enoic acid
Phenylacrylic acid
Zimtsaeure
3-Phenylpropenoic acid
beta-Phenylacrylic acid
Cinnamic acid, (E)-
3-phenylprop-2-enoic acid
Cinnamylic acid
Benzenepropenoic acid
Benzylideneacetic acid
FEMA No. 2288
CINNAMIC ACIDUM
Cinnamic acid, trans-
Kyselina skoricove
Acidum cinnamylicum
U14A832J8D
NSC-9189
NSC-44010
NSC-623441
CHEBI:27386
DTXSID40110056
Cinnamic Acid 1511
RefChem:32600
cinnamic acid, (trans)-(E)-
cinnamic acid, 13C-labeled cpd
cinnamic acid, 14C-labeled cpd
DTXCID9065316
cinnamic acid, 3H-labeled cpd (E)-
cinnamic acid, 3H-labeled cpd (Z)-
cinnamic acid, 14C-labeled cpd (E)-
CINNAMIC ACID (CONSTITUENT OF CINNAMOMUM VERUM BARK)
TRANS-CINNAMIC ACID (CONSTITUENT OF CINNAMOMUM CASSIA BARK)
210-708-3
TRANS-CINNAMIC ACID
140-10-3
(E)-Cinnamic acid
trans-3-Phenylacrylic acid
2-Propenoic acid, 3-phenyl-, (2E)-
(2E)-3-phenylprop-2-enoic acid
E-Cinnamic Acid
trans-beta-Carboxystyrene
(2E)-3-Phenyl-2-propenoic acid
t-Cinnamic acid
MFCD00004369
Benzeneacrylic acid
(E)-3-Phenyl-2-propenoic acid
trans-3-Phenyl-2-propenoic acid
2-Propenoic acid, 3-phenyl-, (E)-
Cinnamic acid(only trans)
(2E)-2-Phenyl-2-propenoic acid
PHENYLETHYLENECARBOXYLIC ACID
(2E)-3-phenylacrylic acid
CHEMBL27246
DTXSID5022489
2-Propenoic acid, 3-phenyl-, (2Z)-
NCGC00165979-01
DTXCID002489
(E)-3-phenylprop-2-enoate
(E)-3-Phenylacrylic acid
CAS-140-10-3
CCRIS 3190
.beta.-Phenylacrylic acid
propenoic acid, 3-phenyl-
EINECS 205-398-1
NSC 44010
BRN 1905952
UNII-U14A832J8D
AI3-23709
trans-Zimtsaeure
trans cinnamic acid
Cinnamic acid, E-
trans-b-Carboxystyrene
Cinnamicacid(onlytrans)
PhCH=CHCO2H
trans-3-Phenylacrylate
(E)-3-Phenylacrylate
E-3-phenylpropenoic acid
bmse000124
CINNAMIC ACID [MI]
SCHEMBL1332
trans-.beta.-Carboxystyrene
trans-Cinnamic acid, 97%
trans-Cinnamic acid, 99%
WLN: QV1U1R
(E)-3-phenyl-acrylic acid
3-phenyl-2E-propenoic acid
CINNAMIC ACID [FCC]
Zimtsaeure | trans-Cinnamate
CINNAMIC ACID [FHFI]
trans-3-Phenyl-2-propenoate
4-09-00-02002 (Beilstein Handbook Reference)
BIDD:ER0586
SCHEMBL410112
CINNAMIC ACID [MART.]
tert-.beta.-Phenylacrylic acid
trans-Cinnamic acid, >=99%
(2E)-2-Phenyl-2-propenoate
(2E)-3-Phenyl-2-propenoate
GTPL3203
orb1305089
SCHEMBL1267984
SCHEMBL1510077
SCHEMBL1510680
trans-Cinnamic acid (Standard)
CINNAMIC ACID [USP-RS]
CINNAMIC ACID [WHO-DD]
BDBM16430
CHEBI:35697
HY-N0610A
HY-N0610R
NSC9189
HMS5081J18
BB_SC-12379
MSK40140
NSC44010
STR00363
trans-Cinnamic acid, >=99%, FG
Tox21_112279
Tox21_302137
BBL036895
EBC-00699
EBC-06270
NSC623441
s3677
SBB028745
STK286093
AKOS000118871
MSK2586-1000M
CCG-214473
CS-W020005
FC07734
trans-Cinnamic acid, analytical standard
NCGC00165979-04
NCGC00165979-06
NCGC00255114-01
AC-34658
AS-75479
BP-20203
FC177851
ST097455
3-Phenylacrylic acid; -Phenylacrylic acid
DB-003797
DB-215130
C3412
NS00001286
EN300-19599
trans-Cinnamic acid, purum, >=99.0% (T)
C00423
D70605
EN300-306004
SBI-0633522.0003
AB00374254-03
trans-cinnamic acid (trans-3-phenylacrylic acid)
trans-Cinnamic Acid [Matrix for MALDI-TOF/MS]
F209013
F556418
Q164785
SR-05000002380
trans-Cinnamic acid, natural, >=99%, FCC, FG
SR-05000002380-1
trans-Cinnamic acid Solution in Methanol, 1000ug/mL
F2191-0134
trans-Cinnamic Acid Zone Refined (number of passes:40)
trans-Cinnamic acid; Phenylacrylic acid;Cinnamylic acid
Z104474406
1BE36587-A165-4142-9340-18FFE3E03426
CINNAMIC ACID (CONSTITUENT OF CINNAMOMUM VERUM BARK) [DSC]
Cinnamic acid, United States Pharmacopeia (USP) Reference Standard
TRANS-CINNAMIC ACID (CONSTITUENT OF CINNAMOMUM CASSIA BARK) [DSC]
InChI=1/C9H8O2/c10-9(11)7-6-8-4-2-1-3-5-8/h1-7H,(H,10,11)/b7-6",444539,C9H8O2,148.052429496,1.9022000000000003,0,0,0,BTM00567,BTM00567,4'-Dehydroxylation of substituted benzene,BTMR1012,Unspecified bacterial dehydroxylase,GUTMICRO,BTM00181,C(=O)(C=CC1=CC=C(O)C=C1)O,"InChI=1S/C9H8O3/c10-8-4-1-7(2-5-8)3-6-9(11)12/h1-6,10H,(H,11,12)/b6-3+",NGSWKAQJJWESNS-ZZXKWVIFSA-N,1.6347999999999994,164.04734411599998
"InChI=1S/C16H16O5/c1-21-15-9-12(18)8-14(20)16(15)13(19)7-4-10-2-5-11(17)6-3-10/h2-3,5-6,8-9,17-18,20H,4,7H2,1H3",PDZBWDAJMIPJSK-UHFFFAOYSA-N,O(C=1C(C(=O)CCC2=CC=C(O)C=C2)=C(O)C=C(O)C1)C,"111316-17-7
1-(2,4-Dihydroxy-6-methoxyphenyl)-3-(4-hydroxyphenyl)propan-1-one
4,2',4'-Trihydroxy-6'-methoxydihydrochalcone
DTXSID50654870
RefChem:96138
DTXCID50605620
1-Propanone, 1-(2,4-dihydroxy-6-methoxyphenyl)-3-(4-hydroxyphenyl)-
2'-O-Methylphloretin
2'-O-Methylphloretin (4,2',4'-Trihydroxy-6'-methoxydihydrochalcone)
2 inverted exclamation marka-O-Methylphloretin
SCHEMBL799745
orb1941370
CHEBI:184622
HY-N12309
LMPK12120537
AKOS040736319
FS-7340
DA-60172
CS-0897491
G90673
1-(2,4-dihydroxy-6-methoxy-phenyl)-3-(4-hydroxyphenyl)propan-1-one",42607705,C16H16O5,288.099773612,2.9065999999999983,0,1,1,BTM00563,BTM00563,"Reduction of alpha,beta-unsaturated carbon-carbon double bond adjacent to electron withdrawing group",BTMR1209,EC 1.6.99.1,GUTMICRO,BTM00188,O(C=1C(C(=O)C=CC2=CC=C(O)C=C2)=C(O)C=C(O)C1)C,"InChI=1S/C16H14O5/c1-21-15-9-12(18)8-14(20)16(15)13(19)7-4-10-2-5-11(17)6-3-10/h2-9,17-18,20H,1H3/b7-4+",OWGUBYRKZATRIT-QPJJXVBHSA-N,2.8833999999999995,286.084123548
"InChI=1S/C16H14O4/c1-20-15-10-12(17)9-14(19)16(15)13(18)8-7-11-5-3-2-4-6-11/h2-10,17,19H,1H3/b8-7+",NYSZJNUIVUBQMM-BQYQJAHWSA-N,O(C=1C(C(=O)C=CC2=CC=CC=C2)=C(O)C=C(O)C1)C,"Cardamonin
19309-14-9
Alpinetin chalcone
CARDAMOMIN
Dihydroxymethoxychalcone
(E)-1-(2,4-dihydroxy-6-methoxyphenyl)-3-phenylprop-2-en-1-one
2-Propen-1-one, 1-(2,4-dihydroxy-6-methoxyphenyl)-3-phenyl-, (2E)-
H8KP1OJ8JX
2'4'-Dihydroxy-6'-methoxy-chalcone
RefChem:574660
663-565-8
(E)-Cardamonin
MFCD00238554
(E)-1-(2,4-Dihydroxy-6-methoxyphenyl)-3-phenyl-2-propen-1-one
CHEMBL378104
2-Propen-1-one, 1-(2,4-dihydroxy-6-methoxyphenyl)-3-phenyl-
(2E)-1-(2,4-Dihydroxy-6-methoxyphenyl)-3-phenyl-2-propen-1-one
(E)-1-(2,4-dihydroxy-6-methoxy-phenyl)-3-phenyl-prop-2-en-1-one
Cardamomin; Alpinetin chalcone
UNII-H8KP1OJ8JX
Cardamoni
cardamonin?
(E)-Cardamomin; (E)-Alpinetin chalcone
PHYTO-DKK1
(E)-Cardamonin (Standard)
Cardamomin;Alpinetin chalcone
MLS000876992
SCHEMBL449220
MEGxp0_000534
orb1304760
Cardamonin, >=98% (HPLC)
ACon1_000221
HY-N1378R
CHEBI:125601
CHEBI:186253
(E)-1-(2,4-Dihydroxy-6-methoxy-phenyl)-3-phenyl-propenone
DTXSID201029726
HMS2271N04
HY-N0279
(2E)-1-(2,4-dihydroxy-6-methoxyphenyl)-3-phenylprop-2-en-1-one
BDBM50185446
LMPK12120245
s3867
AKOS015896716
CCG-208127
DB14122
EBC-373062
FC66017
NCGC00180767-01
AC-34864
DS-15713
SMR000440601
SY073891
CS-0008777
NS00069918
309C149
AA-504/20834003
Q5038242
BRD-K61559475-001-01-0
Z2315575709
1-(2\',4\'-Dihydroxy-6\'-methoxy-phenyl)-3-phenyl-propenone
NCGC00180767-02!(E)-1-(2,4-dihydroxy-6-methoxyphenyl)-3-phenylprop-2-en-1-one
InChI=1/C16H14O4/c1-20-15-10-12(17)9-14(19)16(15)13(18)8-7-11-5-3-2-4-6-11/h2-10,17,19H,1H3/b8-7",641785,C16H14O4,270.089208928,3.1507999999999994,0,0,0,BTM00572,BTM00572,4'-Dehydroxylation of substituted benzene,BTMR1012,Unspecified bacterial dehydroxylase,GUTMICRO,BTM00188,O(C=1C(C(=O)C=CC2=CC=C(O)C=C2)=C(O)C=C(O)C1)C,"InChI=1S/C16H14O5/c1-21-15-9-12(18)8-14(20)16(15)13(19)7-4-10-2-5-11(17)6-3-10/h2-9,17-18,20H,1H3/b7-4+",OWGUBYRKZATRIT-QPJJXVBHSA-N,2.8833999999999995,286.084123548
"InChI=1S/C16H16O5/c1-21-12-8-14(19)16(15(20)9-12)13(18)7-4-10-2-5-11(17)6-3-10/h2-3,5-6,8-9,17,19-20H,4,7H2,1H3",UPXIBKPHJYQSGP-UHFFFAOYSA-N,OC=1C(C(=O)CCC2=CC=C(O)C=C2)=C(O)C=C(OC)C1,"Asebogenin
520-42-3
1-(2,6-dihydroxy-4-methoxyphenyl)-3-(4-hydroxyphenyl)propan-1-one
Phloretin 4'-methyl ether
CHEBI:2871
DTXSID60331781
RefChem:114499
DTXCID10282875
2',6',4-Trihydroxy-4'-methoxydihydrochalcone
4'-O-Methylphloretin
Dihydroisosakuranetin
CHEMBL253257
orb1683115
SCHEMBL4740064
HY-N7314
1-(2,6-Dihydroxy-4-methoxyphenyl)-3-(4-hydroxyphenyl)-1-propanone
LMPK12120545
AKOS040761380
XD161717
CS-0113251
C09471
2',6',4-trihydroxy-4'-methoxy-dihydrochalcone
Q27105855",442255,C16H16O5,288.099773612,2.9065999999999983,0,1,1,BTM00564,BTM00564,"Reduction of alpha,beta-unsaturated carbon-carbon double bond adjacent to electron withdrawing group",BTMR1209,EC 1.6.99.1,GUTMICRO,BTM00189,OC=1C(C(=O)C=CC2=CC=C(O)C=C2)=C(O)C=C(OC)C1,"InChI=1S/C16H14O5/c1-21-12-8-14(19)16(15(20)9-12)13(18)7-4-10-2-5-11(17)6-3-10/h2-9,17,19-20H,1H3/b7-4+",JGPQAWUEYNNXOH-QPJJXVBHSA-N,2.8833999999999995,286.084123548
"InChI=1S/C16H14O4/c1-20-12-9-14(18)16(15(19)10-12)13(17)8-7-11-5-3-2-4-6-11/h2-10,18-19H,1H3/b8-7+",CUGDOWNTXKLQMD-BQYQJAHWSA-N,OC=1C(C(=O)C=CC2=CC=CC=C2)=C(O)C=C(OC)C1,"2',6'-Dihydroxy-4'-methoxychalcone
RefChem:908392
278-629-7
Pinostrobin chalcone
18956-15-5
1-(2,6-Dihydroxy-4-methoxyphenyl)-3-phenylprop-2-en-1-one
77129-49-8
(E)-1-(2,6-dihydroxy-4-methoxyphenyl)-3-phenylprop-2-en-1-one
CHEMBL317221
(2E)-1-(2,6-dihydroxy-4-methoxyphenyl)-3-phenylprop-2-en-1-one
2-Propen-1-one, 1-(2,6-dihydroxy-4-methoxyphenyl)-3-phenyl-, (2E)-
EINECS 278-629-7
MFCD00017363
Chalcone, 2',6'-dihydroxy-4'-methoxy-
orb1684310
SCHEMBL3483741
Pinostrobin chalcone (Standard)
HY-N3057R
DTXSID50940467
CHEBI:174555
2-Propen-1-one, 1-(2,6-dihydroxy-4-methoxyphenyl)-3-phenyl-, (E)-; Chalcone, 2',6'-dihydroxy-4'-methoxy- ; 2',6'-Dihydroxy-4'-methoxychalcone
HY-N3057
2-Propen-1-one, 1-(2,6-dihydroxy-4-methoxyphenyl)-3-phenyl-, (E)-
BDBM50607854
LMPK12120244
AKOS016009445
EBC-617156
NCGC00090582-01
FP158556
MS-23821
CS-0023108
NS00058679
ST50331405
E88646
2-Propen-1-one, 1-(2,6-dihydroxy-4-methoxyphenyl)-3-phenyl-
(2E)-1-(2,6-Dihydroxy-4-methoxyphenyl)-3-phenyl-2-propen-1-one
(E)-1-(2,6-dihydroxy-4-methoxy-phenyl)-3-phenyl-prop-2-en-1-one
(2E)-1-(2,6-Dihydroxy-4-methoxyphenyl)-3-phenyl-2-propen-1-one #
NCGC00090582-03!(E)-1-(2,6-dihydroxy-4-methoxyphenyl)-3-phenylprop-2-en-1-one
2-Propen-1-one, 1-(2,6-dihydroxy-4-methoxyphenyl)-3-phenyl-, (2E)-; 2-Propen-1-one, 1-(2,6-dihydroxy-4-methoxyphenyl)-3-phenyl-, (E)-; Chalcone, 2',6'-dihydroxy-4'-methoxy- (8CI); (E)-1-(2,6-Dihydroxy-4-methoxyphenyl)-3-phenyl-2-propen-1-one; 2',6'-Dihydroxy-4'-methoxychalcone; Pinostrobin chalcone",5316793,C16H14O4,270.089208928,3.1507999999999994,0,0,0,BTM00573,BTM00573,4'-Dehydroxylation of substituted benzene,BTMR1012,Unspecified bacterial dehydroxylase,GUTMICRO,BTM00189,OC=1C(C(=O)C=CC2=CC=C(O)C=C2)=C(O)C=C(OC)C1,"InChI=1S/C16H14O5/c1-21-12-8-14(19)16(15(20)9-12)13(18)7-4-10-2-5-11(17)6-3-10/h2-9,17,19-20H,1H3/b7-4+",JGPQAWUEYNNXOH-QPJJXVBHSA-N,2.8833999999999995,286.084123548
"InChI=1S/C16H16O5/c1-21-12-5-2-10(3-6-12)4-7-13(18)16-14(19)8-11(17)9-15(16)20/h2-3,5-6,8-9,17,19-20H,4,7H2,1H3",YQNPVOBVGNGYHD-UHFFFAOYSA-N,OC=1C(C(=O)CCC2=CC=C(OC)C=C2)=C(O)C=C(O)C1,"76172-68-4
3-(4-Methoxyphenyl)-1-(2,4,6-trihydroxyphenyl)propan-1-one
2',4',6'-Trihydroxy-4-methoxydihydrochalcone
4-METHOXY-2',4',6'-TRIHYDROXYDIHYDROCHALCONE
CHEMBL4101262
3-(4-methoxyphenyl)-1-(2,4,6-trihydroxyphenyl)-1-propanone
Isosakuranetin dihydrochalcone
Dihydrosakuranetin
O-methyl phloretin
EINECS 278-386-7
Phloretin-4-methyl ether
SCHEMBL457127
DTXSID90997516
CHEBI:184470
BDBM50235131
LMPK12120528
FM66523
XI161831
3-(4-methoxyphenyl)propanoyl-phloroglucinol
NS00058937
G71557
AF-213/30142002",3086055,C16H16O5,288.099773612,2.9065999999999983,0,1,1,BTM00565,BTM00565,"Reduction of alpha,beta-unsaturated carbon-carbon double bond adjacent to electron withdrawing group",BTMR1209,EC 1.6.99.1,GUTMICRO,BTM00190,OC=1C(C(=O)C=CC2=CC=C(OC)C=C2)=C(O)C=C(O)C1,"InChI=1S/C16H14O5/c1-21-12-5-2-10(3-6-12)4-7-13(18)16-14(19)8-11(17)9-15(16)20/h2-9,17,19-20H,1H3/b7-4+",DGUBZDXYXXUHTJ-QPJJXVBHSA-N,2.8833999999999995,286.084123548
"InChI=1S/C15H12O7/c16-8-5-11(19)14(12(20)6-8)15(22)13(21)4-7-1-2-9(17)10(18)3-7/h1-3,5-6,16-20H,4H2",WJMNZKRECUAECE-UHFFFAOYSA-N,OC=1C(C(=O)C(CC2=CC=C(O)C(=C2)O)=O)=C(O)C=C(O)C1,,,C15H12O7,304.058302724,1.6682,0,1,1,BTM00615,BTM00615,Flavanon-3-ol C-ring fission,BTMR0272,Unspecified gut bacterial enzyme,GUTMICRO,BTM00210,O1C=2C(C(=O)C(C1C3=CC=C(O)C(=C3)O)O)=C(O)C=C(O)C2,"InChI=1S/C15H12O7/c16-7-4-10(19)12-11(5-7)22-15(14(21)13(12)20)6-1-2-8(17)9(18)3-6/h1-5,14-19,21H",CXQWRCVTCMQVQX-UHFFFAOYSA-N,1.4848000000000001,304.058302724
"InChI=1S/C15H12O6/c16-8-3-1-7(2-4-8)15-14(20)13(19)12-10(18)5-9(17)6-11(12)21-15/h1-6,14-18,20H",PADQINQHPQKXNL-UHFFFAOYSA-N,O1C=2C(C(=O)C(C1C3=CC=C(O)C=C3)O)=C(O)C=C(O)C2,"3,5,7-trihydroxy-2-(4-hydroxyphenyl)-2,3-dihydrochromen-4-one
3,5,7-trihydroxy-2-(4-hydroxyphenyl)chroman-4-one
RefChem:1065862
724434-08-6
(+/-)-Dihydrokaempferol
104486-98-8
3,5,7,4''-TETRAHYDROXYFLAVANONE
4H-1-Benzopyran-4-one,2,3-dihydro-3,5,7-trihydroxy-2-(4-hydroxyphenyl)-, trans-
(+)-Aromadendrol
5150-32-3
KAEMPFEROL_met008
SCHEMBL39319
CHEMBL398847
orb1989727
SCHEMBL29454736
DTXSID50274279
PADQINQHPQKXNL-UHFFFAOYSA-N
NSC327432
4H-1-Benzopyran-4-one, 2,3-dihydro-3,5,7-trihydroxy-2-(4-hydroxyphenyl)-
AKOS032948350
AT25341
NSC-327432
NCGC00488813-01
NS00134207
2,3-Dihydro-3,5,7-trihydroxy-2-(4-hydroxyphenyl)-4H-1-benzopyran-4-one;
3,5,7-Trihydroxy-2-(4-hydroxyphenyl)-2,3-dihydro-4H-1-benzopyran-4-one
3,5,7-Trihydroxy-2-(4-hydroxyphenyl)-2,3-dihydro-4H-chromen-4-one #
4H-1-Benzopyran-4-one,3-dihydro-3,5,7-trihydroxy-2-(4-hydroxyphenyl)-",662,C15H12O6,288.06338810399996,1.7521999999999995,0,1,1,BTM00058,BTM00058,3'-Dehydroxylation of substituted benzene,BTMR1314,Unspecified bacterial dehydroxylase,GUTMICRO,BTM00210,O1C=2C(C(=O)C(C1C3=CC=C(O)C(=C3)O)O)=C(O)C=C(O)C2,"InChI=1S/C15H12O7/c16-7-4-10(19)12-11(5-7)22-15(14(21)13(12)20)6-1-2-8(17)9(18)3-6/h1-5,14-19,21H",CXQWRCVTCMQVQX-UHFFFAOYSA-N,1.4848000000000001,304.058302724
"InChI=1S/C15H12O6/c16-8-3-1-2-7(4-8)15-14(20)13(19)12-10(18)5-9(17)6-11(12)21-15/h1-6,14-18,20H",DZSSVTVFEOJHQF-UHFFFAOYSA-N,O1C=2C(C(=O)C(C1C3=CC=CC(=C3)O)O)=C(O)C=C(O)C2,"3,5,7-trihydroxy-2-(3-hydroxyphenyl)chroman-4-one",25073149,C15H12O6,288.06338810399996,1.7521999999999995,0,1,1,BTM00613,BTM00613,4'-Dehydroxylation of substituted benzene,BTMR1012,Unspecified bacterial dehydroxylase,GUTMICRO,BTM00210,O1C=2C(C(=O)C(C1C3=CC=C(O)C(=C3)O)O)=C(O)C=C(O)C2,"InChI=1S/C15H12O7/c16-7-4-10(19)12-11(5-7)22-15(14(21)13(12)20)6-1-2-8(17)9(18)3-6/h1-5,14-19,21H",CXQWRCVTCMQVQX-UHFFFAOYSA-N,1.4848000000000001,304.058302724
"InChI=1S/C15H10O6/c16-8-3-1-7(2-4-8)14-15(19)13(18)12-10(20-14)5-9(17)6-11(12)21-15/h1-6,14,16-17,19H",RYUKBCHAIBRYAO-UHFFFAOYSA-N,O1C=2C=3C(=O)C(C1C4=CC=C(O)C=C4)(O)OC3C=C(O)C2,,,C15H10O6,286.04773803999996,1.9713000000000003,0,1,1,BTM00627,BTM00627,Fuzzy fusion ring forming reaction for aphitonin,BTMR1344,Unspecified gut bacterial enzyme,GUTMICRO,BTM00211,O1C=2C(C(=O)C(C1C3=CC=C(O)C=C3)=O)=C(O)C=C(O)C2,"InChI=1S/C15H10O6/c16-8-3-1-7(2-4-8)15-14(20)13(19)12-10(18)5-9(17)6-11(12)21-15/h1-6,15-18H",FMQGOSLZLQKFAM-UHFFFAOYSA-N,1.9991000000000005,286.04773803999996
"InChI=1S/C15H10O5/c16-9-6-10(17)12-11(7-9)20-15(14(19)13(12)18)8-4-2-1-3-5-8/h1-7,15-17H",HDTRJGVVKZGWQZ-UHFFFAOYSA-N,O1C=2C(C(=O)C(C1C3=CC=CC=C3)=O)=C(O)C=C(O)C2,"5,7-dihydroxyflavonone
SCHEMBL23043989",129786236,C15H10O5,270.05282342,2.2665,0,0,0,BTM00612,BTM00612,4'-Dehydroxylation of substituted benzene,BTMR1012,Unspecified bacterial dehydroxylase,GUTMICRO,BTM00211,O1C=2C(C(=O)C(C1C3=CC=C(O)C=C3)=O)=C(O)C=C(O)C2,"InChI=1S/C15H10O6/c16-8-3-1-7(2-4-8)15-14(20)13(19)12-10(18)5-9(17)6-11(12)21-15/h1-6,15-18H",FMQGOSLZLQKFAM-UHFFFAOYSA-N,1.9991000000000005,286.04773803999996
"InChI=1S/C15H14O6/c16-9-6-13(20)15(14(21)7-9)11(18)4-2-8-1-3-10(17)12(19)5-8/h1,3,5-7,16-17,19-21H,2,4H2",CNABJBYLQABXJR-UHFFFAOYSA-N,OC=1C(C(=O)CCC2=CC=C(O)C(=C2)O)=C(O)C=C(O)C1,"3-Hydroxyphloretin
57765-66-9
3,4,2',4',6'-Pentahydroxydihydrochalcone
RefChem:911422
ERIODICTYOL DIHYDROCHALCONE
3-(3,4-dihydroxyphenyl)-1-(2,4,6-trihydroxyphenyl)propan-1-one
CHEMBL492818
2',4',6',3,4-Pentahydroxydihydrochalcone
3-(3,4-Dihydroxyphenyl)-1-(2,4,6-trihydroxyphenyl)-1-propanone
hydroxyphloretin
SCHEMBL1844189
SCHEMBL29716655
CHEBI:174757
1-(2,4,6-trihydroxyphenyl)-3-(3,4-dihydroxyphenyl)-1-propanone
BDBM50559081
LMPK12120534
FP65761
C22567",11778945,C15H14O6,290.07903816799995,2.3882000000000003,0,1,1,BTM00618,BTM00618,"Reduction of alpha,beta-unsaturated carbon-carbon double bond adjacent to electron withdrawing group",BTMR1209,EC 1.6.99.1,GUTMICRO,BTM00218,OC=1C(C(=O)C=CC2=CC=C(O)C(=C2)O)=C(O)C=C(O)C1,"InChI=1S/C15H12O6/c16-9-6-13(20)15(14(21)7-9)11(18)4-2-8-1-3-10(17)12(19)5-8/h1-7,16-17,19-21H/b4-2+",CRBYNQCDRNZCNX-DUXPYHPUSA-N,2.3650000000000007,288.06338810399996
"InChI=1S/C15H12O5/c16-10-3-1-2-9(6-10)4-5-12(18)15-13(19)7-11(17)8-14(15)20/h1-8,16-17,19-20H/b5-4+",KFBXNJZBKRGTNK-SNAWJCMRSA-N,OC=1C(C(=O)C=CC2=CC=CC(=C2)O)=C(O)C=C(O)C1,SCHEMBL25199689,102081355,C15H12O5,272.068473484,2.6323999999999996,0,1,1,BTM00628,BTM00628,Dehydroxylation of catechol,BTMR0278,Unspecified bacterial dehydroxylase,GUTMICRO,BTM00218,OC=1C(C(=O)C=CC2=CC=C(O)C(=C2)O)=C(O)C=C(O)C1,"InChI=1S/C15H12O6/c16-9-6-13(20)15(14(21)7-9)11(18)4-2-8-1-3-10(17)12(19)5-8/h1-7,16-17,19-21H/b4-2+",CRBYNQCDRNZCNX-DUXPYHPUSA-N,2.3650000000000007,288.06338810399996
"InChI=1S/C15H12O5/c16-10-4-1-9(2-5-10)3-6-12(18)15-13(19)7-11(17)8-14(15)20/h1-8,16-17,19-20H/b6-3+",YQHMWTPYORBCMF-ZZXKWVIFSA-N,OC=1C(C(=O)C=CC2=CC=C(O)C=C2)=C(O)C=C(O)C1,"naringenin chalcone
Chalconaringenin
73692-50-9
Isosalipurpol
25515-46-2
2',4,4',6'-Tetrahydroxychalcone
trans-2',4,4',6'-Tetrahydroxychalcone
YCF6Z24AS2
2'4'6'4-Tetrahydroxychalcone
CHEBI:15413
3-(4-Hydroxyphenyl)-1-(2,4,6-trihydroxyphenyl)-2-propen-1-one
(2E)-3-(4-Hydroxyphenyl)-1-(2,4,6-trihydroxyphenyl)-2-propen-1-one
DTXSID201025574
RefChem:832073
DTXCID701526072
860-137-4
Chalcononaringenin
(2E)-3-(4-hydroxyphenyl)-1-(2,4,6-trihydroxyphenyl)prop-2-en-1-one
(E)-3-(4-hydroxyphenyl)-1-(2,4,6-trihydroxyphenyl)prop-2-en-1-one
MFCD00016762
2,4,4,6-tetrahydroxychalcone
CHEMBL338066
4,2,4,6-Tetrahydroxychalcone
3-(4-hydroxyphenyl)-1-(2,4,6-trihydroxyphenyl)prop-2-en-1-one
Chalcone, 2,4,4,6-tetrahydroxy-
4,2',4',6'-TETRAHYDROXYCHALCONE
2',4',6',4-tetrahydroxychalcone
(2E)- 3-(4-hydroxyphenyl)-1-(2,4,6-trihydroxyphenyl)-2-Propen-1-one
2-Propen-1-one, 3-(4-hydroxyphenyl)-1-(2,4,6-trihydroxyphenyl)-, (2E)-
Naringenin chalcon
(E)-Naringenin chalcone
UNII-YCF6Z24AS2
MLS000863595
SCHEMBL443275
MEGxp0_001759
orb1304643
orb1685439
ACon1_001222
DTXSID101043553
HMS2269F17
HY-N3007
BDBM50042993
LMPK12120264
AKOS037515150
CCG-267176
EBC-470050
FN76317
2'',4,4'',6''-tetrahydroxychalcone
NCGC00142554-01
NCGC00142554-02
AC-34933
MS-23851
SMR000440735
ST057656
CS-0022919
S9440
C06561
Q25098661
(2E)a3a(4aHydroxyphenyl)a1a(2,4,6atrihydroxyphenyl)propa2aena1aone
3-(4-hydroxyphemyl)-1-(2,4,6-trihydroxyphenyl)prop-2-en-1-one
3-(4-Hydroxyphenyl)-1-(2,4,6-trihydroxyphenyl)-2-propen-1-one, 9CI
5071-40-9",5280960,C15H12O5,272.068473484,2.6323999999999996,0,1,1,BTM00062,BTM00062,3'-Dehydroxylation of substituted benzene,BTMR1314,Unspecified bacterial dehydroxylase,GUTMICRO,BTM00218,OC=1C(C(=O)C=CC2=CC=C(O)C(=C2)O)=C(O)C=C(O)C1,"InChI=1S/C15H12O6/c16-9-6-13(20)15(14(21)7-9)11(18)4-2-8-1-3-10(17)12(19)5-8/h1-7,16-17,19-21H/b4-2+",CRBYNQCDRNZCNX-DUXPYHPUSA-N,2.3650000000000007,288.06338810399996
"InChI=1S/C15H12O5/c16-9-6-10(17)12(11(18)7-9)13(19)15-14(20-15)8-4-2-1-3-5-8/h1-7,14-18H",KOFSPBQYPFLIOK-UHFFFAOYSA-N,OC=1C(C(=O)C2C(C3=CC=CC=C3)O2)=C(O)C=C(O)C1,,,C15H12O5,272.068473484,2.1770999999999994,0,1,1,BTM00620,BTM00620,4'-Dehydroxylation of substituted benzene,BTMR1012,Unspecified bacterial dehydroxylase,GUTMICRO,BTM00219,OC=1C(C(=O)C2C(C3=CC=C(O)C=C3)O2)=C(O)C=C(O)C1,"InChI=1S/C15H12O6/c16-8-3-1-7(2-4-8)14-15(21-14)13(20)12-10(18)5-9(17)6-11(12)19/h1-6,14-19H",XZJLFDDHZNTLGR-UHFFFAOYSA-N,1.9096999999999997,288.06338810399996
"InChI=1S/C15H12O5/c16-10-7-11(17)14(12(18)8-10)15(20)13(19)6-9-4-2-1-3-5-9/h1-5,7-8,16-18H,6H2",MTGBJYSGHIMPQY-UHFFFAOYSA-N,OC=1C(C(=O)C(CC2=CC=CC=C2)=O)=C(O)C=C(O)C1,,,C15H12O5,272.068473484,2.203,0,1,1,BTM00629,BTM00629,Flavanon-3-ol C-ring fission,BTMR0272,Unspecified gut bacterial enzyme,GUTMICRO,BTM00221,O1C=2C(C(=O)C(C1C3=CC=CC=C3)O)=C(O)C=C(O)C2,"InChI=1S/C15H12O5/c16-9-6-10(17)12-11(7-9)20-15(14(19)13(12)18)8-4-2-1-3-5-8/h1-7,14-17,19H",SUYJZKRQHBQNCA-UHFFFAOYSA-N,2.0195999999999996,272.068473484
"InChI=1S/C15H12O5/c16-10-3-1-2-9(6-10)4-5-12(18)15-13(19)7-11(17)8-14(15)20/h1-8,16-17,19-20H/b5-4+",KFBXNJZBKRGTNK-SNAWJCMRSA-N,OC=1C(C(=O)C=CC2=CC=CC(=C2)O)=C(O)C=C(O)C1,SCHEMBL25199689,102081355,C15H12O5,272.068473484,2.6323999999999996,0,1,1,BTM00628,BTM00628,Flavanone C-ring fission,BTMR0273,Unspecified gut bacterial enzyme,GUTMICRO,BTM00222,O1C=2C(C(=O)CC1C3=CC=CC(=C3)O)=C(O)C=C(O)C2,"InChI=1S/C15H12O5/c16-9-3-1-2-8(4-9)13-7-12(19)15-11(18)5-10(17)6-14(15)20-13/h1-6,13,16-18H,7H2",NJWJQMLMBXIOJW-UHFFFAOYSA-N,2.2977000000000007,272.068473484
"InChI=1S/C15H12O4/c16-10-6-11(17)15-12(18)8-13(19-14(15)7-10)9-4-2-1-3-5-9/h1-7,13,16-17H,8H2",URFCJEUYXNAHFI-UHFFFAOYSA-N,O1C=2C(C(=O)CC1C3=CC=CC=C3)=C(O)C=C(O)C2,"68745-38-0
5,7-Dihydroxyflavanone
DTXSID80285959
RefChem:1072263
DTXCID90212731
(+/-)-pinocembrin
5,7-dihydroxy-2-phenylchroman-4-one
rac-Pinocembrin
Pinocembrin (racemic)
MFCD00017482
5,7-dihydroxy-2-phenyl-2,3-dihydrochromen-4-one
4H-1-Benzopyran-4-one, 2,3-dihydro-5,7-dihydroxy-2-phenyl-
( inverted exclamation markA)-Pinocembrin
NSC279005
5,7-Dihydroxy-2-phenyl-chroman-4-one
(s)-pinocembrin
(+/-)-5,7-Dihydroxyflavanone; NSC 43318
NSC43318
NSC-43318
NSC661207
()-Pinocembrin
PTP inhibitor, 4l
MLS000877016
CHEMBL70518
SCHEMBL291899
MEGxp0_000456
orb1684311
orb3032915
4H-1-Benzopyran-4-one, 2,3-dihydro-5,7-dihydroxy-2-phenyl-, (-)-
4H-1-Benzopyran-4-one, 2,3-dihydro-5,7-dihydroxy-2-phenyl-, (S)-
SCHEMBL30186539
ACon1_000231
5,7-dihydroxy-2-phenyl-3,4-dihydro-2H-1-benzopyran-4-one
BDBM243060
HMS2267H13
HMS3330B01
GIA66042
HY-N2540
SBB066101
AKOS015895182
DL-0108
EBC-459046
FP66340
FS-7859
NSC-661207
SB17302
NCGC00180757-01
AC-35131
SMR000440642
()-5,7-Dihydroxyflavanone; NSC 43318
DB-055185
CS-0022812
NS00097243
H37437
Q748200
BRD-A84450718-001-01-4
5,7-Dihydroxy-2-phenyl-2,3-dihydro-4H-chromen-4-one #
5,7-Dihydroxy-2-phenyl-2,3-dihydro-4H-1-benzopyran-4-one
4H-1-Benzopyran-4-one,3-dihydro-5,7-dihydroxy-2-phenyl-, (-)-
4H-1-Benzopyran-4-one,3-dihydro-5,7-dihydroxy-2-phenyl-, (S)-",238782,C15H12O4,256.073558864,2.5651,0,0,0,BTM00063,BTM00063,3'-Dehydroxylation of substituted benzene,BTMR1314,Unspecified bacterial dehydroxylase,GUTMICRO,BTM00222,O1C=2C(C(=O)CC1C3=CC=CC(=C3)O)=C(O)C=C(O)C2,"InChI=1S/C15H12O5/c16-9-3-1-2-8(4-9)13-7-12(19)15-11(18)5-10(17)6-14(15)20-13/h1-6,13,16-18H,7H2",NJWJQMLMBXIOJW-UHFFFAOYSA-N,2.2977000000000007,272.068473484
"InChI=1S/C7H6O5/c8-3-1-4(9)6(7(11)12)5(10)2-3/h1-2,8-10H,(H,11,12)",IBHWREHFNDMRPR-UHFFFAOYSA-N,OC=1C(C(=O)O)=C(O)C=C(O)C1,"2,4,6-Trihydroxybenzoic acid
83-30-7
Phloroglucinic acid
Benzoic acid, 2,4,6-trihydroxy-
Phloroglucinolcarboxylic acid
2,4,6-Trihydroxybenzene carboxylic acid
3NC0UQ5EMR
NSC-36720
DTXSID1058890
RefChem:442925
DTXCID2048329
201-467-5
Phloroglucinol carboxylic acid
Phloroglucincarboxylic acid
MFCD00002453
2,4,6-Trichydroxybenzoic acid
2,4,6-Trihydroxybenzoicacid
EINECS 201-467-5
UNII-3NC0UQ5EMR
NSC 36720
BRN 2212148
AI3-15973
2,4,6-Trihydroxy benzoic acid
Phloroglucinol Impurity S
2,6-Trihydroxybenzoic acid
WLN: QVR BQ DQ FQ
2,6-Trihydroxy benzoic acid
4-10-00-01987 (Beilstein Handbook Reference)
SCHEMBL180437
Benzoic acid,4,6-trihydroxy-
orb1683815
SCHEMBL6858883
2,4,6-trihydroxy-benzoic acid
CHEMBL3747578
2,4, 6-Trihydroxy benzoic acid
CHEBI:165217
BDBM108031
NSC36720
SBB058332
2,4,6-trihydroxybenzoic acid (M3)
2,6-Trihydroxybenzene carboxylic acid
AKOS009158439
DS-2070
EBC-466063
FT71833
HY-W077292
DA-76823
PD166630
SY047634
CS-0120031
NS00038247
P0601
ST51016228
EN300-109044
O10584
AE-562/43341371
F607576
Q374897
2,4,6-Trihydroxybenzoic Acid(Discontinued,See C4X-221732)",66520,C7H6O5,170.02152329199998,0.6322000000000001,0,1,1,BTM00630,BTM00630,"Hydrolysis of 1,2-diketone",BTMR0514,Unspecified gut bacterial enzyme,GUTMICRO,BTM00223,OC=1C(C(=O)C(CC2=CC=C(O)C=C2)=O)=C(O)C=C(O)C1,"InChI=1S/C15H12O6/c16-9-3-1-8(2-4-9)5-13(20)15(21)14-11(18)6-10(17)7-12(14)19/h1-4,6-7,16-19H,5H2",UAXKKOUIRYHGCN-UHFFFAOYSA-N,1.9356,288.06338810399996
"InChI=1S/C8H8O3/c9-7-3-1-6(2-4-7)5-8(10)11/h1-4,9H,5H2,(H,10,11)",XQXPVVBIMDBYFF-UHFFFAOYSA-N,C(CC1=CC=C(O)C=C1)(=O)O,"4-hydroxyphenylacetic acid
156-38-7
p-hydroxyphenylacetic acid
(4-Hydroxyphenyl)acetic acid
benzeneacetic acid, 4-hydroxy-
4-Hydroxybenzeneacetic acid
(p-Hydroxyphenyl)acetic acid
Parahydroxy phenylacetic acid
4-Carboxymethylphenol
Acetic acid, (p-hydroxyphenyl)-
3J9SHG0RCN
NSC-25066
NSC-27460
DTXSID5059745
CHEBI:18101
para-hydroxyphenylacetic acid
RefChem:524062
DTXCID6035023
205-851-3
Hydroxyphenylacetic acid
2-(4-hydroxyphenyl)acetic acid
MFCD00004347
4-Hydroxyphenyl acetic acid
p-hydroxyphenylacetate
p-Hydroxyphenyl acetic acid
Parahydroxy phenylacetate
4-hydroxyphenyl-acetic acid
CHEMBL1772
4-hydroxy phenyl acetic acid
4-Hydroxy-Benzeneacetic acid
(4-hydroxy-phenyl)-acetic acid
4-hydroxybenzeneacetate
4HP
(p-hydroxyphenyl)acetate
2-[4-(hydroxy)phenyl)acetic acid
4-HPA
2-(4-(HYDROXY)PHENYL)ACETIC ACID
4-(Carboxymethyl)phenol
EINECS 205-851-3
UNII-3J9SHG0RCN
NSC 25066
BRN 1448766
AI3-17755
3pcg
Parahydroxyphenylacetate
1ai6
4-Hydroxy-Benzeneacetate
4-hydroxyphenyacetic acid
4-hydroxyphenylactic acid
4-hyroxyphenylacetic acid
(p-hydroxyphenyl)-Acetate
ChemDiv3_005483
4-hydroxylphenylacetic acid
bmse000455
(p-hydroxyphenyl)-aceticaci
4- hydroxyphenylacetic acid
4-hydroxy-phenylacetic acid
4-hydroxyphenylethanoic acid
p-hydroxy benzeneacetic acid
(4-hydroxy-phenyl)-acetate
p-hydroxy phenyl acetic acid
4-Hydroxybenzene acetic acid
SCHEMBL75700
4-hydroxy-phenyl acetic acid
4-10-00-00543 (Beilstein Handbook Reference)
MLS001066398
(p-hydroxyphenyl)-Acetic acid
(4-hydroxyphenyl) acetic acid
(4-hydroxyphenyl)-acetic acid
(4-hydroxyphenyl)ethanoic acid
Acetic acid, 4-hydroxyphenyl-
orb1303813
orb3025993
SCHEMBL7191616
(4-Hydroxy-phenyl)-essigsaeure
SCHEMBL10460348
SCHEMBL10626583
SCHEMBL17028326
HY-N1902R
4-Hydroxyphenylacetic acid, 98%
HMS1488J05
HMS2760I07
BB_NC-02267
CS-D1503
HY-N1902
NSC25066
NSC27460
AC7824
BBL027456
BDBM50339586
s4863
SBB059600
STL377918
4-Hydroxyphenylacetic acid (Standard)
AKOS000277614
CCG-266227
EBC-151033
FH24475
MSK70001-1000M
PS-5568
IDI1_023393
AC-10104
SMR000020068
ST097248
SY004128
DB-043314
EU-0016214
H0290
NS00006155
EN300-18714
C00642
AM-814/41090691
F003630
Q4637160
Z89269462
2-(4-Hydroxyphenyl)acetic acidP-hydroxybenzeneacetic acid
4-Hydroxyphenylacetic acid, Vetec(TM) reagent grade, 98%
4-Hydroxyphenylaceticacid Solution in Methanol, 1000ug/mL
B977C251-72C6-4D13-AD85-937DCA3E6AF2
InChI=1/C8H8O3/c9-7-3-1-6(2-4-7)5-8(10)11/h1-4,9H,5H2,(H,10,11",127,C8H8O3,152.04734411599998,1.2017999999999995,0,0,0,BTM00631,BTM00631,"Hydrolysis of 1,2-diketone",BTMR0514,Unspecified gut bacterial enzyme,GUTMICRO,BTM00223,OC=1C(C(=O)C(CC2=CC=C(O)C=C2)=O)=C(O)C=C(O)C1,"InChI=1S/C15H12O6/c16-9-3-1-8(2-4-9)5-13(20)15(21)14-11(18)6-10(17)7-12(14)19/h1-4,6-7,16-19H,5H2",UAXKKOUIRYHGCN-UHFFFAOYSA-N,1.9356,288.06338810399996
"InChI=1S/C15H12O6/c16-9-3-1-8(2-4-9)7-15(20)14(19)13-11(18)5-10(17)6-12(13)21-15/h1-6,16-18,20H,7H2",LOFYFDPXORJJEE-UHFFFAOYSA-N,O1C=2C(C(=O)C1(CC3=CC=C(O)C=C3)O)=C(O)C=C(O)C2,"Maesopsin
5989-16-2
2,4,6-trihydroxy-2-[(4-hydroxyphenyl)methyl]-1-benzofuran-3-one
2,4,6-trihydroxy-2-((4-hydroxyphenyl)methyl)-1-benzofuran-3-one
RefChem:155130
Mesopsin
3(2H)-Benzofuranone, 2,4,6-trihydroxy-2-((4-hydroxyphenyl)methyl)-
CHEMBL462109
orb1992068
SCHEMBL9957960
DTXSID90975298
CHEBI:181507
2,4,6-Trihydroxy-2-(4-hydroxybenzyl)benzofuran-3(2H)-one
FAA98916
LMPK12130072
AKOS040734675
Maesopsin, >=90% (LC/MS-ELSD)
DA-75247
FS-10633
NS00097358
C22553
G89026
2,4,6-trihydroxy-2-[(4-hydroxyphenyl)methyl]-1-benzouran-3-one
2,4,6-Trihydroxy-2-[(4-hydroxyphenyl)methyl]-1-benzofuran-3(2H)-one",160803,C15H12O6,288.06338810399996,1.9353999999999993,0,1,1,BTM00632,BTM00632,Fuzzy fusion ring forming reaction for aphitonin,BTMR1344,Unspecified gut bacterial enzyme,GUTMICRO,BTM00223,OC=1C(C(=O)C(CC2=CC=C(O)C=C2)=O)=C(O)C=C(O)C1,"InChI=1S/C15H12O6/c16-9-3-1-8(2-4-9)5-13(20)15(21)14-11(18)6-10(17)7-12(14)19/h1-4,6-7,16-19H,5H2",UAXKKOUIRYHGCN-UHFFFAOYSA-N,1.9356,288.06338810399996
"InChI=1S/C15H12O5/c16-10-7-11(17)14(12(18)8-10)15(20)13(19)6-9-4-2-1-3-5-9/h1-5,7-8,16-18H,6H2",MTGBJYSGHIMPQY-UHFFFAOYSA-N,OC=1C(C(=O)C(CC2=CC=CC=C2)=O)=C(O)C=C(O)C1,,,C15H12O5,272.068473484,2.203,0,1,1,BTM00629,BTM00629,4'-Dehydroxylation of substituted benzene,BTMR1012,Unspecified bacterial dehydroxylase,GUTMICRO,BTM00223,OC=1C(C(=O)C(CC2=CC=C(O)C=C2)=O)=C(O)C=C(O)C1,"InChI=1S/C15H12O6/c16-9-3-1-8(2-4-9)5-13(20)15(21)14-11(18)6-10(17)7-12(14)19/h1-4,6-7,16-19H,5H2",UAXKKOUIRYHGCN-UHFFFAOYSA-N,1.9356,288.06338810399996
"InChI=1S/C15H14O4/c16-11-8-13(18)15(14(19)9-11)12(17)7-6-10-4-2-1-3-5-10/h1-5,8-9,16,18-19H,6-7H2",QWQGMMRHTWIOGH-UHFFFAOYSA-N,OC=1C(C(=O)CCC2=CC=CC=C2)=C(O)C=C(O)C1,"2',4',6'-Trihydroxydihydrochalcone
1088-08-0
RefChem:80101
3-phenyl-1-(2,4,6-trihydroxyphenyl)propan-1-one
2'',4'',6''-TRIHYDROXYDIHYDROCHALCONE
3-phenyl-1-(2,4,6-trihydroxyphenyl)-1-propanone
MLS000863605
SMR000440736
Oprea1_342811
SCHEMBL455029
3-phenylpropanoyl-phloroglucinol
CHEMBL503375
MEGxp0_001770
orb1990526
ACon1_000587
BDBM93618
cid_1226045
CHEBI:181117
REGID_for_CID_1226045
HMS2270P21
2',4',6'-trihydroxyhydrochalcone
EBC-07474
LMPK12120510
AKOS040736356
NCGC00168937-01
CS-0256555
F92822
EN300-6496632
AF-213/30142003
1-Propanone, 3-phenyl-1-(2,4,6-trihydroxyphenyl)-
3-phenyl-1-(2,4,6-trihydroxy-phenyl)-propan-1-one
BRD-K37233286-001-01-2
3-phenyl-1-[2,4,6-tris(oxidanyl)phenyl]propan-1-one
Z2065694361",1226045,C15H14O4,258.089208928,2.923000000000001,0,1,1,BTM00633,BTM00633,4'-Dehydroxylation of substituted benzene,BTMR1012,Unspecified bacterial dehydroxylase,GUTMICRO,BTM00224,OC=1C(C(=O)CCC2=CC=C(O)C=C2)=C(O)C=C(O)C1,"InChI=1S/C15H14O5/c16-10-4-1-9(2-5-10)3-6-12(18)15-13(19)7-11(17)8-14(15)20/h1-2,4-5,7-8,16-17,19-20H,3,6H2",VGEREEWJJVICBM-UHFFFAOYSA-N,2.6555999999999993,274.084123548
"InChI=1S/C15H14O4/c16-11-8-13(18)15(14(19)9-11)12(17)7-6-10-4-2-1-3-5-10/h1-5,8-9,16,18-19H,6-7H2",QWQGMMRHTWIOGH-UHFFFAOYSA-N,OC=1C(C(=O)CCC2=CC=CC=C2)=C(O)C=C(O)C1,"2',4',6'-Trihydroxydihydrochalcone
1088-08-0
RefChem:80101
3-phenyl-1-(2,4,6-trihydroxyphenyl)propan-1-one
2'',4'',6''-TRIHYDROXYDIHYDROCHALCONE
3-phenyl-1-(2,4,6-trihydroxyphenyl)-1-propanone
MLS000863605
SMR000440736
Oprea1_342811
SCHEMBL455029
3-phenylpropanoyl-phloroglucinol
CHEMBL503375
MEGxp0_001770
orb1990526
ACon1_000587
BDBM93618
cid_1226045
CHEBI:181117
REGID_for_CID_1226045
HMS2270P21
2',4',6'-trihydroxyhydrochalcone
EBC-07474
LMPK12120510
AKOS040736356
NCGC00168937-01
CS-0256555
F92822
EN300-6496632
AF-213/30142003
1-Propanone, 3-phenyl-1-(2,4,6-trihydroxyphenyl)-
3-phenyl-1-(2,4,6-trihydroxy-phenyl)-propan-1-one
BRD-K37233286-001-01-2
3-phenyl-1-[2,4,6-tris(oxidanyl)phenyl]propan-1-one
Z2065694361",1226045,C15H14O4,258.089208928,2.923000000000001,0,1,1,BTM00633,BTM00633,"Reduction of alpha,beta-unsaturated carbon-carbon double bond adjacent to electron withdrawing group",BTMR1209,EC 1.6.99.1,GUTMICRO,BTM00225,OC=1C(C(=O)C=CC2=CC=CC=C2)=C(O)C=C(O)C1,"InChI=1S/C15H12O4/c16-11-8-13(18)15(14(19)9-11)12(17)7-6-10-4-2-1-3-5-10/h1-9,16,18-19H/b7-6+",LOYXTWZXLWHMBX-VOTSOKGWSA-N,2.8997999999999995,256.073558864
