26 distinct scaffolds among 67 MCS survivors
42 distinct attached fragments among 64 candidates
Saved to /Volumes/bluecub/aglycone_release_100um_24h/output/afzelin_b_ovatus_atcc_8483_and_b_ovatus_atcc_8483_d_operon/report/similar_hits.html
35 distinct scaffolds among 171 MCS survivors
58 distinct attached fragments among 164 candidates
Saved to /Volumes/bluecub/aglycone_release_100um_24h/output/afzelin_b_thetaiotaomicron_vpi_5482/report/similar_hits.html
28 distinct scaffolds among 125 MCS survivors
42 distinct attached fragments among 122 candidates
Saved to /Volumes/bluecub/aglycone_release_100um_24h/output/afzelin_b_uniformis_atcc_8492_and_bu_gsh_d_ggh_c_gsh_g/report/similar_hits.html
28 distinct scaffolds among 91 MCS survivors
43 distinct attached fragments among 82 candidates
Saved to /Volumes/bluecub/aglycone_release_100um_24h/output/afzelin_p_copri_i_ak263/report/similar_hits.html
25 distinct scaffolds among 69 MCS survivors
44 distinct attached fragments among 69 candidates
Saved to /Volumes/bluecub/aglycone_release_100um_24h/output/apigenin_7_o_2g_rhamnosyl_gentiobioside_b_ovatus_atcc_8483_and_b_ovatus_atcc_8483_d_operon/report/similar_hits.html
30 distinct scaffolds among 97 MCS survivors
59 distinct attached fragments among 95 candidates
Saved to /Volumes/bluecub/aglycone_release_100um_24h/output/apigenin_7_o_2g_rhamnosyl_gentiobioside_b_thetaiotaomicron_vpi_5482/report/similar_hits.html
25 distinct scaffolds among 75 MCS survivors
40 distinct attached fragments among 74 candidates
Saved to /Volumes/bluecub/aglycone_release_100um_24h/output/apigenin_7_o_2g_rhamnosyl_gentiobioside_b_uniformis_atcc_8492_and_bu_gsh_d_ggh_c_gsh_g/report/similar_hits.html
15 distinct scaffolds among 29 MCS survivors
25 distinct attached fragments among 29 candidates
Saved to /Volumes/bluecub/aglycone_release_100um_24h/output/apigenin_7_o_2g_rhamnosyl_gentiobioside_p_copri_i_ak263/report/similar_hits.html
24 distinct scaffolds among 102 MCS survivors
43 distinct attached fragments among 100 candidates
Saved to /Volumes/bluecub/aglycone_release_100um_24h/output/apiin_b_ovatus_atcc_8483_and_b_ovatus_atcc_8483_d_operon/report/similar_hits.html
25 distinct scaffolds among 119 MCS survivors
44 distinct attached fragments among 116 candidates
Saved to /Volumes/bluecub/aglycone_release_100um_24h/output/apiin_b_thetaiotaomicron_vpi_5482/report/similar_hits.html
1 distinct scaffolds among 2 MCS survivors
1 distinct attached fragments among 2 candidates
Saved to /Volumes/bluecub/aglycone_release_100um_24h/output/apiin_b_uniformis_atcc_8492_and_bu_gsh_d_ggh_c_gsh_g/report/similar_hits.html
10 distinct scaffolds among 74 MCS survivors
25 distinct attached fragments among 72 candidates
Saved to /Volumes/bluecub/aglycone_release_100um_24h/output/apiin_p_copri_i_ak263/report/similar_hits.html
35 distinct scaffolds among 97 MCS survivors
50 distinct attached fragments among 92 candidates
Saved to /Volumes/bluecub/aglycone_release_100um_24h/output/avicularin_b_ovatus_atcc_8483_and_b_ovatus_atcc_8483_d_operon/report/similar_hits.html
26 distinct scaffolds among 185 MCS survivors
41 distinct attached fragments among 172 candidates
Saved to /Volumes/bluecub/aglycone_release_100um_24h/output/avicularin_b_thetaiotaomicron_vpi_5482/report/similar_hits.html
10 distinct scaffolds among 96 MCS survivors
24 distinct attached fragments among 91 candidates
Saved to /Volumes/bluecub/aglycone_release_100um_24h/output/avicularin_b_uniformis_atcc_8492_and_bu_gsh_d_ggh_c_gsh_g/report/similar_hits.html
31 distinct scaffolds among 90 MCS survivors
42 distinct attached fragments among 85 candidates
Saved to /Volumes/bluecub/aglycone_release_100um_24h/output/avicularin_p_copri_i_ak263/report/similar_hits.html
14 distinct scaffolds among 40 MCS survivors
24 distinct attached fragments among 40 candidates
Saved to /Volumes/bluecub/aglycone_release_100um_24h/output/calycosin_7_o_b_d_glucoside_b_ovatus_atcc_8483_and_b_ovatus_atcc_8483_d_operon/report/similar_hits.html
21 distinct scaffolds among 93 MCS survivors
50 distinct attached fragments among 91 candidates
Saved to /Volumes/bluecub/aglycone_release_100um_24h/output/calycosin_7_o_b_d_glucoside_b_thetaiotaomicron_vpi_5482/report/similar_hits.html
22 distinct scaffolds among 93 MCS survivors
37 distinct attached fragments among 93 candidates
Saved to /Volumes/bluecub/aglycone_release_100um_24h/output/calycosin_7_o_b_d_glucoside_b_uniformis_atcc_8492_and_bu_gsh_d_ggh_c_gsh_g/report/similar_hits.html
12 distinct scaffolds among 26 MCS survivors
21 distinct attached fragments among 25 candidates
Saved to /Volumes/bluecub/aglycone_release_100um_24h/output/calycosin_7_o_b_d_glucoside_p_copri_i_ak263/report/similar_hits.html
27 distinct scaffolds among 87 MCS survivors
40 distinct attached fragments among 84 candidates
Saved to /Volumes/bluecub/aglycone_release_100um_24h/output/clitorin_b_ovatus_atcc_8483_and_b_ovatus_atcc_8483_d_operon/report/similar_hits.html
33 distinct scaffolds among 137 MCS survivors
48 distinct attached fragments among 132 candidates
Saved to /Volumes/bluecub/aglycone_release_100um_24h/output/clitorin_b_thetaiotaomicron_vpi_5482/report/similar_hits.html
20 distinct scaffolds among 90 MCS survivors
37 distinct attached fragments among 86 candidates
Saved to /Volumes/bluecub/aglycone_release_100um_24h/output/clitorin_b_uniformis_atcc_8492_and_bu_gsh_d_ggh_c_gsh_g/report/similar_hits.html
26 distinct scaffolds among 64 MCS survivors
34 distinct attached fragments among 60 candidates
Saved to /Volumes/bluecub/aglycone_release_100um_24h/output/clitorin_p_copri_i_ak263/report/similar_hits.html
26 distinct scaffolds among 51 MCS survivors
33 distinct attached fragments among 51 candidates
Saved to /Volumes/bluecub/aglycone_release_100um_24h/output/grosvenorine_b_ovatus_atcc_8483_and_b_ovatus_atcc_8483_d_operon/report/similar_hits.html
31 distinct scaffolds among 53 MCS survivors
39 distinct attached fragments among 49 candidates
Saved to /Volumes/bluecub/aglycone_release_100um_24h/output/grosvenorine_b_thetaiotaomicron_vpi_5482/report/similar_hits.html
19 distinct scaffolds among 38 MCS survivors
25 distinct attached fragments among 38 candidates
Saved to /Volumes/bluecub/aglycone_release_100um_24h/output/grosvenorine_b_uniformis_atcc_8492_and_bu_gsh_d_ggh_c_gsh_g/report/similar_hits.html
13 distinct scaffolds among 19 MCS survivors
16 distinct attached fragments among 19 candidates
Saved to /Volumes/bluecub/aglycone_release_100um_24h/output/grosvenorine_p_copri_i_ak263/report/similar_hits.html
13 distinct scaffolds among 29 MCS survivors
20 distinct attached fragments among 29 candidates
Saved to /Volumes/bluecub/aglycone_release_100um_24h/output/hesperetin_7_o_glucoside_b_ovatus_atcc_8483_and_b_ovatus_atcc_8483_d_operon/report/similar_hits.html
13 distinct scaffolds among 55 MCS survivors
41 distinct attached fragments among 55 candidates
Saved to /Volumes/bluecub/aglycone_release_100um_24h/output/hesperetin_7_o_glucoside_b_thetaiotaomicron_vpi_5482/report/similar_hits.html
17 distinct scaffolds among 67 MCS survivors
36 distinct attached fragments among 65 candidates
Saved to /Volumes/bluecub/aglycone_release_100um_24h/output/hesperetin_7_o_glucoside_b_uniformis_atcc_8492_and_bu_gsh_d_ggh_c_gsh_g/report/similar_hits.html
6 distinct scaffolds among 17 MCS survivors
15 distinct attached fragments among 17 candidates
Saved to /Volumes/bluecub/aglycone_release_100um_24h/output/hesperetin_7_o_glucoside_p_copri_i_ak263/report/similar_hits.html
12 distinct scaffolds among 37 MCS survivors
17 distinct attached fragments among 35 candidates
Saved to /Volumes/bluecub/aglycone_release_100um_24h/output/isoquercitroside_b_ovatus_atcc_8483_and_b_ovatus_atcc_8483_d_operon/report/similar_hits.html
35 distinct scaffolds among 176 MCS survivors
49 distinct attached fragments among 168 candidates
Saved to /Volumes/bluecub/aglycone_release_100um_24h/output/isoquercitroside_b_thetaiotaomicron_vpi_5482/report/similar_hits.html
28 distinct scaffolds among 123 MCS survivors
38 distinct attached fragments among 115 candidates
Saved to /Volumes/bluecub/aglycone_release_100um_24h/output/isoquercitroside_b_uniformis_atcc_8492_and_bu_gsh_d_ggh_c_gsh_g/report/similar_hits.html
41 distinct scaffolds among 156 MCS survivors
50 distinct attached fragments among 137 candidates
Saved to /Volumes/bluecub/aglycone_release_100um_24h/output/isoquercitroside_p_copri_i_ak263/report/similar_hits.html
48 distinct scaffolds among 181 MCS survivors
69 distinct attached fragments among 176 candidates
Saved to /Volumes/bluecub/aglycone_release_100um_24h/output/isorhamnetin_3_o_b_d_glucoside_b_ovatus_atcc_8483_and_b_ovatus_atcc_8483_d_operon/report/similar_hits.html
58 distinct scaffolds among 248 MCS survivors
97 distinct attached fragments among 232 candidates
Saved to /Volumes/bluecub/aglycone_release_100um_24h/output/isorhamnetin_3_o_b_d_glucoside_b_thetaiotaomicron_vpi_5482/report/similar_hits.html
31 distinct scaffolds among 111 MCS survivors
54 distinct attached fragments among 108 candidates
Saved to /Volumes/bluecub/aglycone_release_100um_24h/output/isorhamnetin_3_o_b_d_glucoside_b_uniformis_atcc_8492_and_bu_gsh_d_ggh_c_gsh_g/report/similar_hits.html
43 distinct scaffolds among 161 MCS survivors
52 distinct attached fragments among 158 candidates
Saved to /Volumes/bluecub/aglycone_release_100um_24h/output/isorhamnetin_3_o_b_d_glucoside_p_copri_i_ak263/report/similar_hits.html
22 distinct scaffolds among 80 MCS survivors
35 distinct attached fragments among 77 candidates
Saved to /Volumes/bluecub/aglycone_release_100um_24h/output/isorhamnetin_3_o_neohesperidoside_b_ovatus_atcc_8483_and_b_ovatus_atcc_8483_d_operon/report/similar_hits.html
37 distinct scaffolds among 115 MCS survivors
48 distinct attached fragments among 108 candidates
Saved to /Volumes/bluecub/aglycone_release_100um_24h/output/isorhamnetin_3_o_neohesperidoside_b_thetaiotaomicron_vpi_5482/report/similar_hits.html
26 distinct scaffolds among 75 MCS survivors
40 distinct attached fragments among 75 candidates
Saved to /Volumes/bluecub/aglycone_release_100um_24h/output/isorhamnetin_3_o_neohesperidoside_b_uniformis_atcc_8492_and_bu_gsh_d_ggh_c_gsh_g/report/similar_hits.html
41 distinct scaffolds among 147 MCS survivors
52 distinct attached fragments among 144 candidates
Saved to /Volumes/bluecub/aglycone_release_100um_24h/output/isorhamnetin_3_o_neohesperidoside_p_copri_i_ak263/report/similar_hits.html
30 distinct scaffolds among 78 MCS survivors
43 distinct attached fragments among 73 candidates
Saved to /Volumes/bluecub/aglycone_release_100um_24h/output/isorhoifolin_b_ovatus_atcc_8483_and_b_ovatus_atcc_8483_d_operon/report/similar_hits.html
28 distinct scaffolds among 72 MCS survivors
40 distinct attached fragments among 64 candidates
Saved to /Volumes/bluecub/aglycone_release_100um_24h/output/isorhoifolin_b_thetaiotaomicron_vpi_5482/report/similar_hits.html
23 distinct scaffolds among 55 MCS survivors
38 distinct attached fragments among 50 candidates
Saved to /Volumes/bluecub/aglycone_release_100um_24h/output/isorhoifolin_b_uniformis_atcc_8492_and_bu_gsh_d_ggh_c_gsh_g/report/similar_hits.html
38 distinct scaffolds among 107 MCS survivors
60 distinct attached fragments among 100 candidates
Saved to /Volumes/bluecub/aglycone_release_100um_24h/output/isorhoifolin_p_copri_i_ak263/report/similar_hits.html
10 distinct scaffolds among 13 MCS survivors
12 distinct attached fragments among 13 candidates
Saved to /Volumes/bluecub/aglycone_release_100um_24h/output/isovitexin_b_ovatus_atcc_8483_and_b_ovatus_atcc_8483_d_operon/report/similar_hits.html
26 distinct scaffolds among 52 MCS survivors
36 distinct attached fragments among 52 candidates
Saved to /Volumes/bluecub/aglycone_release_100um_24h/output/isovitexin_b_thetaiotaomicron_vpi_5482/report/similar_hits.html
19 distinct scaffolds among 35 MCS survivors
27 distinct attached fragments among 35 candidates
Saved to /Volumes/bluecub/aglycone_release_100um_24h/output/isovitexin_b_uniformis_atcc_8492_and_bu_gsh_d_ggh_c_gsh_g/report/similar_hits.html
10 distinct scaffolds among 13 MCS survivors
13 distinct attached fragments among 13 candidates
Saved to /Volumes/bluecub/aglycone_release_100um_24h/output/isovitexin_p_copri_i_ak263/report/similar_hits.html
34 distinct scaffolds among 111 MCS survivors
55 distinct attached fragments among 108 candidates
Saved to /Volumes/bluecub/aglycone_release_100um_24h/output/kaempferitrin_b_ovatus_atcc_8483_and_b_ovatus_atcc_8483_d_operon/report/similar_hits.html
6 distinct scaffolds among 14 MCS survivors
9 distinct attached fragments among 14 candidates
Saved to /Volumes/bluecub/aglycone_release_100um_24h/output/kaempferitrin_b_thetaiotaomicron_vpi_5482/report/similar_hits.html
47 distinct scaffolds among 198 MCS survivors
71 distinct attached fragments among 197 candidates
Saved to /Volumes/bluecub/aglycone_release_100um_24h/output/kaempferitrin_b_uniformis_atcc_8492_and_bu_gsh_d_ggh_c_gsh_g/report/similar_hits.html
11 distinct scaffolds among 35 MCS survivors
21 distinct attached fragments among 33 candidates
Saved to /Volumes/bluecub/aglycone_release_100um_24h/output/kaempferitrin_p_copri_i_ak263/report/similar_hits.html
15 distinct scaffolds among 28 MCS survivors
21 distinct attached fragments among 28 candidates
Saved to /Volumes/bluecub/aglycone_release_100um_24h/output/kaempferol_3_glucuronide_b_ovatus_atcc_8483_and_b_ovatus_atcc_8483_d_operon/report/similar_hits.html
3 distinct scaffolds among 3 MCS survivors
2 distinct attached fragments among 2 candidates
Saved to /Volumes/bluecub/aglycone_release_100um_24h/output/kaempferol_3_glucuronide_b_thetaiotaomicron_vpi_5482/report/similar_hits.html
12 distinct scaffolds among 21 MCS survivors
14 distinct attached fragments among 21 candidates
Saved to /Volumes/bluecub/aglycone_release_100um_24h/output/kaempferol_3_glucuronide_b_uniformis_atcc_8492_and_bu_gsh_d_ggh_c_gsh_g/report/similar_hits.html
6 distinct scaffolds among 7 MCS survivors
7 distinct attached fragments among 7 candidates
Saved to /Volumes/bluecub/aglycone_release_100um_24h/output/kaempferol_3_glucuronide_p_copri_i_ak263/report/similar_hits.html
34 distinct scaffolds among 72 MCS survivors
36 distinct attached fragments among 69 candidates
Saved to /Volumes/bluecub/aglycone_release_100um_24h/output/kaempferol_7_neohesperidoside_b_ovatus_atcc_8483_and_b_ovatus_atcc_8483_d_operon/report/similar_hits.html
7 distinct scaffolds among 45 MCS survivors
19 distinct attached fragments among 45 candidates
Saved to /Volumes/bluecub/aglycone_release_100um_24h/output/kaempferol_7_neohesperidoside_b_thetaiotaomicron_vpi_5482/report/similar_hits.html
37 distinct scaffolds among 131 MCS survivors
57 distinct attached fragments among 131 candidates
Saved to /Volumes/bluecub/aglycone_release_100um_24h/output/kaempferol_7_neohesperidoside_b_uniformis_atcc_8492_and_bu_gsh_d_ggh_c_gsh_g/report/similar_hits.html
11 distinct scaffolds among 31 MCS survivors
22 distinct attached fragments among 31 candidates
Saved to /Volumes/bluecub/aglycone_release_100um_24h/output/kaempferol_7_neohesperidoside_p_copri_i_ak263/report/similar_hits.html
29 distinct scaffolds among 109 MCS survivors
34 distinct attached fragments among 104 candidates
Saved to /Volumes/bluecub/aglycone_release_100um_24h/output/kaempferol_7_o_glucoside_b_ovatus_atcc_8483_and_b_ovatus_atcc_8483_d_operon/report/similar_hits.html
42 distinct scaffolds among 221 MCS survivors
69 distinct attached fragments among 205 candidates
Saved to /Volumes/bluecub/aglycone_release_100um_24h/output/kaempferol_7_o_glucoside_b_thetaiotaomicron_vpi_5482/report/similar_hits.html
32 distinct scaffolds among 127 MCS survivors
49 distinct attached fragments among 122 candidates
Saved to /Volumes/bluecub/aglycone_release_100um_24h/output/kaempferol_7_o_glucoside_b_uniformis_atcc_8492_and_bu_gsh_d_ggh_c_gsh_g/report/similar_hits.html
26 distinct scaffolds among 90 MCS survivors
38 distinct attached fragments among 81 candidates
Saved to /Volumes/bluecub/aglycone_release_100um_24h/output/kaempferol_7_o_glucoside_p_copri_i_ak263/report/similar_hits.html
35 distinct scaffolds among 104 MCS survivors
53 distinct attached fragments among 103 candidates
Saved to /Volumes/bluecub/aglycone_release_100um_24h/output/ligustroflavone_b_ovatus_atcc_8483_and_b_ovatus_atcc_8483_d_operon/report/similar_hits.html
17 distinct scaffolds among 52 MCS survivors
27 distinct attached fragments among 45 candidates
Saved to /Volumes/bluecub/aglycone_release_100um_24h/output/ligustroflavone_b_thetaiotaomicron_vpi_5482/report/similar_hits.html
23 distinct scaffolds among 72 MCS survivors
36 distinct attached fragments among 71 candidates
Saved to /Volumes/bluecub/aglycone_release_100um_24h/output/ligustroflavone_b_uniformis_atcc_8492_and_bu_gsh_d_ggh_c_gsh_g/report/similar_hits.html
24 distinct scaffolds among 106 MCS survivors
44 distinct attached fragments among 96 candidates
Saved to /Volumes/bluecub/aglycone_release_100um_24h/output/ligustroflavone_p_copri_i_ak263/report/similar_hits.html
13 distinct scaffolds among 51 MCS survivors
23 distinct attached fragments among 51 candidates
Saved to /Volumes/bluecub/aglycone_release_100um_24h/output/luteolin_7_o_glucuronide_b_ovatus_atcc_8483_and_b_ovatus_atcc_8483_d_operon/report/similar_hits.html
16 distinct scaffolds among 91 MCS survivors
35 distinct attached fragments among 83 candidates
Saved to /Volumes/bluecub/aglycone_release_100um_24h/output/luteolin_7_o_glucuronide_b_thetaiotaomicron_vpi_5482/report/similar_hits.html
4 distinct scaffolds among 16 MCS survivors
8 distinct attached fragments among 16 candidates
Saved to /Volumes/bluecub/aglycone_release_100um_24h/output/luteolin_7_o_glucuronide_b_uniformis_atcc_8492_and_bu_gsh_d_ggh_c_gsh_g/report/similar_hits.html
1 distinct scaffolds among 3 MCS survivors
3 distinct attached fragments among 3 candidates
Saved to /Volumes/bluecub/aglycone_release_100um_24h/output/luteolin_7_o_glucuronide_p_copri_i_ak263/report/similar_hits.html
9 distinct scaffolds among 10 MCS survivors
9 distinct attached fragments among 10 candidates
Saved to /Volumes/bluecub/aglycone_release_100um_24h/output/luteolin_7_o_rutinoside_b_ovatus_atcc_8483_and_b_ovatus_atcc_8483_d_operon/report/similar_hits.html
8 distinct scaffolds among 13 MCS survivors
10 distinct attached fragments among 13 candidates
Saved to /Volumes/bluecub/aglycone_release_100um_24h/output/luteolin_7_o_rutinoside_b_thetaiotaomicron_vpi_5482/report/similar_hits.html
3 distinct scaffolds among 8 MCS survivors
5 distinct attached fragments among 8 candidates
Saved to /Volumes/bluecub/aglycone_release_100um_24h/output/luteolin_7_o_rutinoside_b_uniformis_atcc_8492_and_bu_gsh_d_ggh_c_gsh_g/report/similar_hits.html
10 distinct scaffolds among 16 MCS survivors
14 distinct attached fragments among 16 candidates
Saved to /Volumes/bluecub/aglycone_release_100um_24h/output/luteolin_7_o_rutinoside_p_copri_i_ak263/report/similar_hits.html
22 distinct scaffolds among 42 MCS survivors
32 distinct attached fragments among 42 candidates
Saved to /Volumes/bluecub/aglycone_release_100um_24h/output/narcissoside_b_ovatus_atcc_8483_and_b_ovatus_atcc_8483_d_operon/report/similar_hits.html
21 distinct scaffolds among 55 MCS survivors
42 distinct attached fragments among 50 candidates
Saved to /Volumes/bluecub/aglycone_release_100um_24h/output/narcissoside_b_thetaiotaomicron_vpi_5482/report/similar_hits.html
16 distinct scaffolds among 51 MCS survivors
27 distinct attached fragments among 43 candidates
Saved to /Volumes/bluecub/aglycone_release_100um_24h/output/narcissoside_b_uniformis_atcc_8492_and_bu_gsh_d_ggh_c_gsh_g/report/similar_hits.html
36 distinct scaffolds among 124 MCS survivors
35 distinct attached fragments among 123 candidates
Saved to /Volumes/bluecub/aglycone_release_100um_24h/output/narcissoside_p_copri_i_ak263/report/similar_hits.html
5 distinct scaffolds among 7 MCS survivors
6 distinct attached fragments among 7 candidates
Saved to /Volumes/bluecub/aglycone_release_100um_24h/output/naringenin_7_o_b_d_glucuronide_b_ovatus_atcc_8483_and_b_ovatus_atcc_8483_d_operon/report/similar_hits.html
9 distinct scaffolds among 23 MCS survivors
10 distinct attached fragments among 23 candidates
Saved to /Volumes/bluecub/aglycone_release_100um_24h/output/naringenin_7_o_b_d_glucuronide_b_thetaiotaomicron_vpi_5482/report/similar_hits.html
4 distinct scaffolds among 32 MCS survivors
18 distinct attached fragments among 32 candidates
Saved to /Volumes/bluecub/aglycone_release_100um_24h/output/naringenin_7_o_b_d_glucuronide_b_uniformis_atcc_8492_and_bu_gsh_d_ggh_c_gsh_g/report/similar_hits.html
13 distinct scaffolds among 38 MCS survivors
22 distinct attached fragments among 38 candidates
Saved to /Volumes/bluecub/aglycone_release_100um_24h/output/naringenin_7_o_b_d_glucuronide_p_copri_i_ak263/report/similar_hits.html
19 distinct scaffolds among 69 MCS survivors
30 distinct attached fragments among 68 candidates
Saved to /Volumes/bluecub/aglycone_release_100um_24h/output/prunin_b_ovatus_atcc_8483_and_b_ovatus_atcc_8483_d_operon/report/similar_hits.html
24 distinct scaffolds among 123 MCS survivors
53 distinct attached fragments among 122 candidates
Saved to /Volumes/bluecub/aglycone_release_100um_24h/output/prunin_b_thetaiotaomicron_vpi_5482/report/similar_hits.html
22 distinct scaffolds among 71 MCS survivors
40 distinct attached fragments among 71 candidates
Saved to /Volumes/bluecub/aglycone_release_100um_24h/output/prunin_b_uniformis_atcc_8492_and_bu_gsh_d_ggh_c_gsh_g/report/similar_hits.html
18 distinct scaffolds among 150 MCS survivors
48 distinct attached fragments among 139 candidates
Saved to /Volumes/bluecub/aglycone_release_100um_24h/output/prunin_p_copri_i_ak263/report/similar_hits.html
23 distinct scaffolds among 76 MCS survivors
36 distinct attached fragments among 73 candidates
Saved to /Volumes/bluecub/aglycone_release_100um_24h/output/quercetin_3_d_galactoside_b_ovatus_atcc_8483_and_b_ovatus_atcc_8483_d_operon/report/similar_hits.html
26 distinct scaffolds among 131 MCS survivors
40 distinct attached fragments among 123 candidates
Saved to /Volumes/bluecub/aglycone_release_100um_24h/output/quercetin_3_d_galactoside_b_thetaiotaomicron_vpi_5482/report/similar_hits.html
21 distinct scaffolds among 139 MCS survivors
37 distinct attached fragments among 135 candidates
Saved to /Volumes/bluecub/aglycone_release_100um_24h/output/quercetin_3_d_galactoside_b_uniformis_atcc_8492_and_bu_gsh_d_ggh_c_gsh_g/report/similar_hits.html
33 distinct scaffolds among 78 MCS survivors
33 distinct attached fragments among 74 candidates
Saved to /Volumes/bluecub/aglycone_release_100um_24h/output/quercetin_3_d_galactoside_p_copri_i_ak263/report/similar_hits.html
9 distinct scaffolds among 23 MCS survivors
11 distinct attached fragments among 21 candidates
Saved to /Volumes/bluecub/aglycone_release_100um_24h/output/quercetin_3_o_b_d_glucose_7_o_b_d_gentiobioside_b_ovatus_atcc_8483_and_b_ovatus_atcc_8483_d_operon/report/similar_hits.html
22 distinct scaffolds among 61 MCS survivors
23 distinct attached fragments among 56 candidates
Saved to /Volumes/bluecub/aglycone_release_100um_24h/output/quercetin_3_o_b_d_glucose_7_o_b_d_gentiobioside_b_thetaiotaomicron_vpi_5482/report/similar_hits.html
14 distinct scaffolds among 51 MCS survivors
25 distinct attached fragments among 49 candidates
Saved to /Volumes/bluecub/aglycone_release_100um_24h/output/quercetin_3_o_b_d_glucose_7_o_b_d_gentiobioside_b_uniformis_atcc_8492_and_bu_gsh_d_ggh_c_gsh_g/report/similar_hits.html
26 distinct scaffolds among 63 MCS survivors
29 distinct attached fragments among 57 candidates
Saved to /Volumes/bluecub/aglycone_release_100um_24h/output/quercetin_3_o_b_d_glucose_7_o_b_d_gentiobioside_p_copri_i_ak263/report/similar_hits.html
22 distinct scaffolds among 63 MCS survivors
29 distinct attached fragments among 61 candidates
Saved to /Volumes/bluecub/aglycone_release_100um_24h/output/quercetin_3_o_b_d_xylopyranoside_b_ovatus_atcc_8483_and_b_ovatus_atcc_8483_d_operon/report/similar_hits.html
31 distinct scaffolds among 167 MCS survivors
45 distinct attached fragments among 142 candidates
Saved to /Volumes/bluecub/aglycone_release_100um_24h/output/quercetin_3_o_b_d_xylopyranoside_b_thetaiotaomicron_vpi_5482/report/similar_hits.html
22 distinct scaffolds among 122 MCS survivors
32 distinct attached fragments among 120 candidates
Saved to /Volumes/bluecub/aglycone_release_100um_24h/output/quercetin_3_o_b_d_xylopyranoside_b_uniformis_atcc_8492_and_bu_gsh_d_ggh_c_gsh_g/report/similar_hits.html
32 distinct scaffolds among 124 MCS survivors
52 distinct attached fragments among 122 candidates
Saved to /Volumes/bluecub/aglycone_release_100um_24h/output/quercetin_3_o_b_d_xylopyranoside_p_copri_i_ak263/report/similar_hits.html
20 distinct scaffolds among 76 MCS survivors
29 distinct attached fragments among 66 candidates
Saved to /Volumes/bluecub/aglycone_release_100um_24h/output/quercetin_3_o_glucuronide_b_ovatus_atcc_8483_and_b_ovatus_atcc_8483_d_operon/report/similar_hits.html
14 distinct scaffolds among 92 MCS survivors
27 distinct attached fragments among 88 candidates
Saved to /Volumes/bluecub/aglycone_release_100um_24h/output/quercetin_3_o_glucuronide_b_thetaiotaomicron_vpi_5482/report/similar_hits.html
23 distinct scaffolds among 109 MCS survivors
36 distinct attached fragments among 104 candidates
Saved to /Volumes/bluecub/aglycone_release_100um_24h/output/quercetin_3_o_glucuronide_b_uniformis_atcc_8492_and_bu_gsh_d_ggh_c_gsh_g/report/similar_hits.html
32 distinct scaffolds among 105 MCS survivors
41 distinct attached fragments among 101 candidates
Saved to /Volumes/bluecub/aglycone_release_100um_24h/output/quercetin_3_o_glucuronide_p_copri_i_ak263/report/similar_hits.html
16 distinct scaffolds among 64 MCS survivors
31 distinct attached fragments among 58 candidates
Saved to /Volumes/bluecub/aglycone_release_100um_24h/output/quercetin_3_o_sophoroside_b_ovatus_atcc_8483_and_b_ovatus_atcc_8483_d_operon/report/similar_hits.html
9 distinct scaffolds among 81 MCS survivors
23 distinct attached fragments among 68 candidates
Saved to /Volumes/bluecub/aglycone_release_100um_24h/output/quercetin_3_o_sophoroside_b_thetaiotaomicron_vpi_5482/report/similar_hits.html
11 distinct scaffolds among 102 MCS survivors
30 distinct attached fragments among 88 candidates
Saved to /Volumes/bluecub/aglycone_release_100um_24h/output/quercetin_3_o_sophoroside_b_uniformis_atcc_8492_and_bu_gsh_d_ggh_c_gsh_g/report/similar_hits.html
3 distinct scaffolds among 13 MCS survivors
8 distinct attached fragments among 9 candidates
Saved to /Volumes/bluecub/aglycone_release_100um_24h/output/quercetin_3_o_sophoroside_p_copri_i_ak263/report/similar_hits.html
11 distinct scaffolds among 46 MCS survivors
15 distinct attached fragments among 41 candidates
Saved to /Volumes/bluecub/aglycone_release_100um_24h/output/quercetin_7_o_b_d_glucopyranoside_b_ovatus_atcc_8483_and_b_ovatus_atcc_8483_d_operon/report/similar_hits.html
33 distinct scaffolds among 183 MCS survivors
41 distinct attached fragments among 168 candidates
Saved to /Volumes/bluecub/aglycone_release_100um_24h/output/quercetin_7_o_b_d_glucopyranoside_b_thetaiotaomicron_vpi_5482/report/similar_hits.html
23 distinct scaffolds among 190 MCS survivors
43 distinct attached fragments among 167 candidates
Saved to /Volumes/bluecub/aglycone_release_100um_24h/output/quercetin_7_o_b_d_glucopyranoside_b_uniformis_atcc_8492_and_bu_gsh_d_ggh_c_gsh_g/report/similar_hits.html
29 distinct scaffolds among 84 MCS survivors
40 distinct attached fragments among 72 candidates
Saved to /Volumes/bluecub/aglycone_release_100um_24h/output/quercetin_7_o_b_d_glucopyranoside_p_copri_i_ak263/report/similar_hits.html
26 distinct scaffolds among 146 MCS survivors
37 distinct attached fragments among 140 candidates
Saved to /Volumes/bluecub/aglycone_release_100um_24h/output/quercitrin_b_ovatus_atcc_8483_and_b_ovatus_atcc_8483_d_operon/report/similar_hits.html
8 distinct scaffolds among 39 MCS survivors
8 distinct attached fragments among 39 candidates
Saved to /Volumes/bluecub/aglycone_release_100um_24h/output/quercitrin_b_thetaiotaomicron_vpi_5482/report/similar_hits.html
15 distinct scaffolds among 77 MCS survivors
23 distinct attached fragments among 72 candidates
Saved to /Volumes/bluecub/aglycone_release_100um_24h/output/quercitrin_b_uniformis_atcc_8492_and_bu_gsh_d_ggh_c_gsh_g/report/similar_hits.html
3 distinct scaffolds among 4 MCS survivors
3 distinct attached fragments among 3 candidates
Saved to /Volumes/bluecub/aglycone_release_100um_24h/output/quercitrin_p_copri_i_ak263/report/similar_hits.html
13 distinct scaffolds among 44 MCS survivors
21 distinct attached fragments among 44 candidates
Saved to /Volumes/bluecub/aglycone_release_100um_24h/output/rutin_b_ovatus_atcc_8483_and_b_ovatus_atcc_8483_d_operon/report/similar_hits.html
8 distinct scaffolds among 14 MCS survivors
12 distinct attached fragments among 14 candidates
Saved to /Volumes/bluecub/aglycone_release_100um_24h/output/rutin_b_thetaiotaomicron_vpi_5482/report/similar_hits.html
13 distinct scaffolds among 28 MCS survivors
21 distinct attached fragments among 28 candidates
Saved to /Volumes/bluecub/aglycone_release_100um_24h/output/rutin_b_uniformis_atcc_8492_and_bu_gsh_d_ggh_c_gsh_g/report/similar_hits.html
4 distinct scaffolds among 4 MCS survivors
4 distinct attached fragments among 4 candidates
Saved to /Volumes/bluecub/aglycone_release_100um_24h/output/rutin_p_copri_i_ak263/report/similar_hits.html
25 distinct scaffolds among 71 MCS survivors
36 distinct attached fragments among 63 candidates
Saved to /Volumes/bluecub/aglycone_release_100um_24h/output/saponarin_b_ovatus_atcc_8483_and_b_ovatus_atcc_8483_d_operon/report/similar_hits.html
30 distinct scaffolds among 93 MCS survivors
45 distinct attached fragments among 84 candidates
Saved to /Volumes/bluecub/aglycone_release_100um_24h/output/saponarin_b_thetaiotaomicron_vpi_5482/report/similar_hits.html
27 distinct scaffolds among 95 MCS survivors
47 distinct attached fragments among 91 candidates
Saved to /Volumes/bluecub/aglycone_release_100um_24h/output/saponarin_b_uniformis_atcc_8492_and_bu_gsh_d_ggh_c_gsh_g/report/similar_hits.html
21 distinct scaffolds among 104 MCS survivors
47 distinct attached fragments among 100 candidates
Saved to /Volumes/bluecub/aglycone_release_100um_24h/output/saponarin_p_copri_i_ak263/report/similar_hits.html
6 distinct scaffolds among 14 MCS survivors
10 distinct attached fragments among 14 candidates
Saved to /Volumes/bluecub/aglycone_release_100um_24h/output/schaftoside_b_ovatus_atcc_8483_and_b_ovatus_atcc_8483_d_operon/report/similar_hits.html
37 distinct scaffolds among 129 MCS survivors
58 distinct attached fragments among 120 candidates
Saved to /Volumes/bluecub/aglycone_release_100um_24h/output/schaftoside_b_thetaiotaomicron_vpi_5482/report/similar_hits.html
17 distinct scaffolds among 25 MCS survivors
21 distinct attached fragments among 25 candidates
Saved to /Volumes/bluecub/aglycone_release_100um_24h/output/schaftoside_b_uniformis_atcc_8492_and_bu_gsh_d_ggh_c_gsh_g/report/similar_hits.html
9 distinct scaffolds among 21 MCS survivors
11 distinct attached fragments among 21 candidates
Saved to /Volumes/bluecub/aglycone_release_100um_24h/output/schaftoside_p_copri_i_ak263/report/similar_hits.html
6 distinct scaffolds among 11 MCS survivors
8 distinct attached fragments among 11 candidates
Saved to /Volumes/bluecub/aglycone_release_100um_24h/output/sophoricoside_b_ovatus_atcc_8483_and_b_ovatus_atcc_8483_d_operon/report/similar_hits.html
15 distinct scaffolds among 38 MCS survivors
26 distinct attached fragments among 38 candidates
Saved to /Volumes/bluecub/aglycone_release_100um_24h/output/sophoricoside_b_thetaiotaomicron_vpi_5482/report/similar_hits.html
14 distinct scaffolds among 39 MCS survivors
18 distinct attached fragments among 39 candidates
Saved to /Volumes/bluecub/aglycone_release_100um_24h/output/sophoricoside_b_uniformis_atcc_8492_and_bu_gsh_d_ggh_c_gsh_g/report/similar_hits.html
12 distinct scaffolds among 18 MCS survivors
12 distinct attached fragments among 17 candidates
Saved to /Volumes/bluecub/aglycone_release_100um_24h/output/sophoricoside_p_copri_i_ak263/report/similar_hits.html
34 distinct scaffolds among 124 MCS survivors
60 distinct attached fragments among 118 candidates
Saved to /Volumes/bluecub/aglycone_release_100um_24h/output/typhaneoside_b_ovatus_atcc_8483_and_b_ovatus_atcc_8483_d_operon/report/similar_hits.html
26 distinct scaffolds among 104 MCS survivors
44 distinct attached fragments among 99 candidates
Saved to /Volumes/bluecub/aglycone_release_100um_24h/output/typhaneoside_b_thetaiotaomicron_vpi_5482/report/similar_hits.html
32 distinct scaffolds among 139 MCS survivors
65 distinct attached fragments among 134 candidates
Saved to /Volumes/bluecub/aglycone_release_100um_24h/output/typhaneoside_b_uniformis_atcc_8492_and_bu_gsh_d_ggh_c_gsh_g/report/similar_hits.html
13 distinct scaffolds among 83 MCS survivors
37 distinct attached fragments among 81 candidates
Saved to /Volumes/bluecub/aglycone_release_100um_24h/output/typhaneoside_p_copri_i_ak263/report/similar_hits.html
10 distinct scaffolds among 26 MCS survivors
14 distinct attached fragments among 26 candidates
Saved to /Volumes/bluecub/aglycone_release_100um_24h/output/vitexin_2_o_rhamnoside_b_ovatus_atcc_8483_and_b_ovatus_atcc_8483_d_operon/report/similar_hits.html
No retained features for /Volumes/bluecub/aglycone_release_100um_24h/output/vitexin_2_o_rhamnoside_b_thetaiotaomicron_vpi_5482 - nothing to report, skipping.
11 distinct scaffolds among 31 MCS survivors
18 distinct attached fragments among 31 candidates
Saved to /Volumes/bluecub/aglycone_release_100um_24h/output/vitexin_2_o_rhamnoside_b_uniformis_atcc_8492_and_bu_gsh_d_ggh_c_gsh_g/report/similar_hits.html
4 distinct scaffolds among 32 MCS survivors
14 distinct attached fragments among 32 candidates
Saved to /Volumes/bluecub/aglycone_release_100um_24h/output/vitexin_2_o_rhamnoside_p_copri_i_ak263/report/similar_hits.html
31 distinct scaffolds among 91 MCS survivors
52 distinct attached fragments among 90 candidates
Saved to /Volumes/bluecub/aglycone_release_100um_24h/output/vitexin_4_o_glucoside_b_ovatus_atcc_8483_and_b_ovatus_atcc_8483_d_operon/report/similar_hits.html
33 distinct scaffolds among 185 MCS survivors
56 distinct attached fragments among 176 candidates
Saved to /Volumes/bluecub/aglycone_release_100um_24h/output/vitexin_4_o_glucoside_b_thetaiotaomicron_vpi_5482/report/similar_hits.html
32 distinct scaffolds among 147 MCS survivors
57 distinct attached fragments among 138 candidates
Saved to /Volumes/bluecub/aglycone_release_100um_24h/output/vitexin_4_o_glucoside_b_uniformis_atcc_8492_and_bu_gsh_d_ggh_c_gsh_g/report/similar_hits.html
30 distinct scaffolds among 111 MCS survivors
49 distinct attached fragments among 105 candidates
Saved to /Volumes/bluecub/aglycone_release_100um_24h/output/vitexin_4_o_glucoside_p_copri_i_ak263/report/similar_hits.html
18 distinct scaffolds among 47 MCS survivors
23 distinct attached fragments among 46 candidates
Saved to /Volumes/bluecub/aglycone_release_100um_24h/output/x2_o_b_l_galactopyranosylorientin_b_ovatus_atcc_8483_and_b_ovatus_atcc_8483_d_operon/report/similar_hits.html
22 distinct scaffolds among 59 MCS survivors
37 distinct attached fragments among 59 candidates
Saved to /Volumes/bluecub/aglycone_release_100um_24h/output/x2_o_b_l_galactopyranosylorientin_b_thetaiotaomicron_vpi_5482/report/similar_hits.html
19 distinct scaffolds among 52 MCS survivors
22 distinct attached fragments among 52 candidates
Saved to /Volumes/bluecub/aglycone_release_100um_24h/output/x2_o_b_l_galactopyranosylorientin_b_uniformis_atcc_8492_and_bu_gsh_d_ggh_c_gsh_g/report/similar_hits.html
6 distinct scaffolds among 38 MCS survivors
24 distinct attached fragments among 38 candidates
Saved to /Volumes/bluecub/aglycone_release_100um_24h/output/x2_o_b_l_galactopyranosylorientin_p_copri_i_ak263/report/similar_hits.html
ℹ Filtering hits in 'afzelin_b_ovatus_atcc_8483_and_b_ovatus_atcc_8483_d_operon…
Warning message:
One or more parsing issues, call `problems()` on your data frame for details,
e.g.:
  dat <- vroom(...)
  problems(dat) 
✔ Saved hits filtered by Tanimoto similarity: 0.2, fold_change: 5 to: 'report/r…

ℹ Producing chromatogram plots for: 'afzelin_b_ovatus_atcc_8483_and_b_ovatus_at…
Processing chromatographic peaks for features
→ Saving feature: FT04674
ℹ Producing chromatogram plots for: 'afzelin_b_ovatus_atcc_8483_and_b_ovatus_at…
→ Saving feature: FT06401
ℹ Producing chromatogram plots for: 'afzelin_b_ovatus_atcc_8483_and_b_ovatus_at…
→ Saving feature: FT06476
ℹ Producing chromatogram plots for: 'afzelin_b_ovatus_atcc_8483_and_b_ovatus_at…
→ Saving feature: FT06741
ℹ Producing chromatogram plots for: 'afzelin_b_ovatus_atcc_8483_and_b_ovatus_at…
→ Saving feature: FT06866
ℹ Producing chromatogram plots for: 'afzelin_b_ovatus_atcc_8483_and_b_ovatus_at…
→ Saving feature: FT07042
ℹ Producing chromatogram plots for: 'afzelin_b_ovatus_atcc_8483_and_b_ovatus_at…
→ Saving feature: FT07166
ℹ Producing chromatogram plots for: 'afzelin_b_ovatus_atcc_8483_and_b_ovatus_at…
→ Saving feature: FT08783
ℹ Producing chromatogram plots for: 'afzelin_b_ovatus_atcc_8483_and_b_ovatus_at…
→ Saving feature: FT09567
ℹ Producing chromatogram plots for: 'afzelin_b_ovatus_atcc_8483_and_b_ovatus_at…
→ Saving feature: FT10504
ℹ Producing chromatogram plots for: 'afzelin_b_ovatus_atcc_8483_and_b_ovatus_at…
→ Saving feature: FT11617
ℹ Producing chromatogram plots for: 'afzelin_b_ovatus_atcc_8483_and_b_ovatus_at…
→ Saving feature: FT12779
ℹ Producing chromatogram plots for: 'afzelin_b_ovatus_atcc_8483_and_b_ovatus_at…
→ Saving feature: FT13913
ℹ Producing chromatogram plots for: 'afzelin_b_ovatus_atcc_8483_and_b_ovatus_at…
→ Saving feature: FT14540
ℹ Producing chromatogram plots for: 'afzelin_b_ovatus_atcc_8483_and_b_ovatus_at…
→ Saving feature: FT15284
ℹ Producing chromatogram plots for: 'afzelin_b_ovatus_atcc_8483_and_b_ovatus_at…
→ Saving feature: FT15427
ℹ Producing chromatogram plots for: 'afzelin_b_ovatus_atcc_8483_and_b_ovatus_at…
→ Saving feature: FT16079
ℹ Producing chromatogram plots for: 'afzelin_b_ovatus_atcc_8483_and_b_ovatus_at…
→ Saving feature: FT18043
ℹ Producing chromatogram plots for: 'afzelin_b_ovatus_atcc_8483_and_b_ovatus_at…
→ Saving feature: FT19921
ℹ Producing chromatogram plots for: 'afzelin_b_ovatus_atcc_8483_and_b_ovatus_at…
→ Saving feature: FT22012
ℹ Producing chromatogram plots for: 'afzelin_b_ovatus_atcc_8483_and_b_ovatus_at…
→ Saving feature: FT22289
ℹ Producing chromatogram plots for: 'afzelin_b_ovatus_atcc_8483_and_b_ovatus_at…
→ Saving feature: FT27356
ℹ Producing chromatogram plots for: 'afzelin_b_ovatus_atcc_8483_and_b_ovatus_at…
✔ Saved plots to: '/Volumes/bluecub/aglycone_release_100um_24h/output/afzelin_b…

[10:53:11] non-ring atom 1 marked aromatic
[10:53:11] non-ring atom 1 marked aromatic
[10:53:11] non-ring atom 1 marked aromatic
[10:53:11] non-ring atom 1 marked aromatic
[10:53:11] non-ring atom 1 marked aromatic
ℹ Filtering hits in 'afzelin_b_thetaiotaomicron_vpi_5482' by Tanimoto similarit…
✔ Saved hits filtered by Tanimoto similarity: 0.2, fold_change: 5 to: 'report/r…

ℹ Producing chromatogram plots for: 'afzelin_b_thetaiotaomicron_vpi_5482'
Processing chromatographic peaks for features
→ Saving feature: FT01423
ℹ Producing chromatogram plots for: 'afzelin_b_thetaiotaomicron_vpi_5482'
→ Saving feature: FT01492
ℹ Producing chromatogram plots for: 'afzelin_b_thetaiotaomicron_vpi_5482'
→ Saving feature: FT01580
ℹ Producing chromatogram plots for: 'afzelin_b_thetaiotaomicron_vpi_5482'
→ Saving feature: FT03584
ℹ Producing chromatogram plots for: 'afzelin_b_thetaiotaomicron_vpi_5482'
→ Saving feature: FT04569
ℹ Producing chromatogram plots for: 'afzelin_b_thetaiotaomicron_vpi_5482'
→ Saving feature: FT05162
ℹ Producing chromatogram plots for: 'afzelin_b_thetaiotaomicron_vpi_5482'
→ Saving feature: FT05935
ℹ Producing chromatogram plots for: 'afzelin_b_thetaiotaomicron_vpi_5482'
→ Saving feature: FT06469
ℹ Producing chromatogram plots for: 'afzelin_b_thetaiotaomicron_vpi_5482'
→ Saving feature: FT06534
ℹ Producing chromatogram plots for: 'afzelin_b_thetaiotaomicron_vpi_5482'
→ Saving feature: FT06667
ℹ Producing chromatogram plots for: 'afzelin_b_thetaiotaomicron_vpi_5482'
→ Saving feature: FT06762
ℹ Producing chromatogram plots for: 'afzelin_b_thetaiotaomicron_vpi_5482'
→ Saving feature: FT07067
ℹ Producing chromatogram plots for: 'afzelin_b_thetaiotaomicron_vpi_5482'
→ Saving feature: FT07238
ℹ Producing chromatogram plots for: 'afzelin_b_thetaiotaomicron_vpi_5482'
→ Saving feature: FT07478
ℹ Producing chromatogram plots for: 'afzelin_b_thetaiotaomicron_vpi_5482'
→ Saving feature: FT07638
ℹ Producing chromatogram plots for: 'afzelin_b_thetaiotaomicron_vpi_5482'
→ Saving feature: FT08379
ℹ Producing chromatogram plots for: 'afzelin_b_thetaiotaomicron_vpi_5482'
→ Saving feature: FT08670
ℹ Producing chromatogram plots for: 'afzelin_b_thetaiotaomicron_vpi_5482'
→ Saving feature: FT09070
ℹ Producing chromatogram plots for: 'afzelin_b_thetaiotaomicron_vpi_5482'
→ Saving feature: FT09384
ℹ Producing chromatogram plots for: 'afzelin_b_thetaiotaomicron_vpi_5482'
→ Saving feature: FT09491
ℹ Producing chromatogram plots for: 'afzelin_b_thetaiotaomicron_vpi_5482'
→ Saving feature: FT09685
ℹ Producing chromatogram plots for: 'afzelin_b_thetaiotaomicron_vpi_5482'
→ Saving feature: FT10033
ℹ Producing chromatogram plots for: 'afzelin_b_thetaiotaomicron_vpi_5482'
→ Saving feature: FT10339
ℹ Producing chromatogram plots for: 'afzelin_b_thetaiotaomicron_vpi_5482'
→ Saving feature: FT10635
ℹ Producing chromatogram plots for: 'afzelin_b_thetaiotaomicron_vpi_5482'
→ Saving feature: FT11099
ℹ Producing chromatogram plots for: 'afzelin_b_thetaiotaomicron_vpi_5482'
→ Saving feature: FT11129
ℹ Producing chromatogram plots for: 'afzelin_b_thetaiotaomicron_vpi_5482'
→ Saving feature: FT11448
ℹ Producing chromatogram plots for: 'afzelin_b_thetaiotaomicron_vpi_5482'
→ Saving feature: FT11496
ℹ Producing chromatogram plots for: 'afzelin_b_thetaiotaomicron_vpi_5482'
→ Saving feature: FT11612
ℹ Producing chromatogram plots for: 'afzelin_b_thetaiotaomicron_vpi_5482'
→ Saving feature: FT12098
ℹ Producing chromatogram plots for: 'afzelin_b_thetaiotaomicron_vpi_5482'
→ Saving feature: FT12139
ℹ Producing chromatogram plots for: 'afzelin_b_thetaiotaomicron_vpi_5482'
→ Saving feature: FT12308
ℹ Producing chromatogram plots for: 'afzelin_b_thetaiotaomicron_vpi_5482'
→ Saving feature: FT13402
ℹ Producing chromatogram plots for: 'afzelin_b_thetaiotaomicron_vpi_5482'
→ Saving feature: FT13487
ℹ Producing chromatogram plots for: 'afzelin_b_thetaiotaomicron_vpi_5482'
✔ Saved plots to: '/Volumes/bluecub/aglycone_release_100um_24h/output/afzelin_b…

/Users/wilhelm/Library/CloudStorage/ProtonDrive-wilhelm.sjoland@proton.me-folder/01_juniper/01_arbete/01_projekt/03_psm/script_tools/create_report.py:100: DtypeWarning: Columns (0: <html><head>) have mixed types. Specify dtype option on import or set low_memory=False.
  anno_similarities = pd.read_csv(
[10:53:35] non-ring atom 1 marked aromatic
[10:53:35] non-ring atom 1 marked aromatic
[10:53:35] non-ring atom 1 marked aromatic
[10:53:35] non-ring atom 1 marked aromatic
[10:53:35] non-ring atom 1 marked aromatic
[10:53:35] non-ring atom 1 marked aromatic
ℹ Filtering hits in 'afzelin_b_uniformis_atcc_8492_and_bu_gsh_d_ggh_c_gsh_g' by…
✔ Saved hits filtered by Tanimoto similarity: 0.2, fold_change: 5 to: 'report/r…

ℹ Producing chromatogram plots for: 'afzelin_b_uniformis_atcc_8492_and_bu_gsh_d…
Processing chromatographic peaks for features
→ Saving feature: FT05475
ℹ Producing chromatogram plots for: 'afzelin_b_uniformis_atcc_8492_and_bu_gsh_d…
→ Saving feature: FT05632
ℹ Producing chromatogram plots for: 'afzelin_b_uniformis_atcc_8492_and_bu_gsh_d…
→ Saving feature: FT06030
ℹ Producing chromatogram plots for: 'afzelin_b_uniformis_atcc_8492_and_bu_gsh_d…
→ Saving feature: FT06506
ℹ Producing chromatogram plots for: 'afzelin_b_uniformis_atcc_8492_and_bu_gsh_d…
→ Saving feature: FT06761
ℹ Producing chromatogram plots for: 'afzelin_b_uniformis_atcc_8492_and_bu_gsh_d…
→ Saving feature: FT07680
ℹ Producing chromatogram plots for: 'afzelin_b_uniformis_atcc_8492_and_bu_gsh_d…
→ Saving feature: FT07805
ℹ Producing chromatogram plots for: 'afzelin_b_uniformis_atcc_8492_and_bu_gsh_d…
→ Saving feature: FT08256
ℹ Producing chromatogram plots for: 'afzelin_b_uniformis_atcc_8492_and_bu_gsh_d…
→ Saving feature: FT09049
ℹ Producing chromatogram plots for: 'afzelin_b_uniformis_atcc_8492_and_bu_gsh_d…
→ Saving feature: FT09846
ℹ Producing chromatogram plots for: 'afzelin_b_uniformis_atcc_8492_and_bu_gsh_d…
→ Saving feature: FT09895
ℹ Producing chromatogram plots for: 'afzelin_b_uniformis_atcc_8492_and_bu_gsh_d…
→ Saving feature: FT10679
ℹ Producing chromatogram plots for: 'afzelin_b_uniformis_atcc_8492_and_bu_gsh_d…
→ Saving feature: FT10879
ℹ Producing chromatogram plots for: 'afzelin_b_uniformis_atcc_8492_and_bu_gsh_d…
→ Saving feature: FT11028
ℹ Producing chromatogram plots for: 'afzelin_b_uniformis_atcc_8492_and_bu_gsh_d…
→ Saving feature: FT11162
ℹ Producing chromatogram plots for: 'afzelin_b_uniformis_atcc_8492_and_bu_gsh_d…
→ Saving feature: FT11646
ℹ Producing chromatogram plots for: 'afzelin_b_uniformis_atcc_8492_and_bu_gsh_d…
→ Saving feature: FT12243
ℹ Producing chromatogram plots for: 'afzelin_b_uniformis_atcc_8492_and_bu_gsh_d…
→ Saving feature: FT12768
ℹ Producing chromatogram plots for: 'afzelin_b_uniformis_atcc_8492_and_bu_gsh_d…
→ Saving feature: FT13994
ℹ Producing chromatogram plots for: 'afzelin_b_uniformis_atcc_8492_and_bu_gsh_d…
→ Saving feature: FT14425
ℹ Producing chromatogram plots for: 'afzelin_b_uniformis_atcc_8492_and_bu_gsh_d…
→ Saving feature: FT18468
ℹ Producing chromatogram plots for: 'afzelin_b_uniformis_atcc_8492_and_bu_gsh_d…
✔ Saved plots to: '/Volumes/bluecub/aglycone_release_100um_24h/output/afzelin_b…

[10:54:03] non-ring atom 1 marked aromatic
ℹ Filtering hits in 'afzelin_p_copri_i_ak263' by Tanimoto similarity: 0.2, fold…
✔ Saved hits filtered by Tanimoto similarity: 0.2, fold_change: 5 to: 'report/r…

ℹ Producing chromatogram plots for: 'afzelin_p_copri_i_ak263'
Processing chromatographic peaks for features
→ Saving feature: FT02674
ℹ Producing chromatogram plots for: 'afzelin_p_copri_i_ak263'
→ Saving feature: FT03129
ℹ Producing chromatogram plots for: 'afzelin_p_copri_i_ak263'
→ Saving feature: FT03443
ℹ Producing chromatogram plots for: 'afzelin_p_copri_i_ak263'
→ Saving feature: FT03721
ℹ Producing chromatogram plots for: 'afzelin_p_copri_i_ak263'
→ Saving feature: FT05154
ℹ Producing chromatogram plots for: 'afzelin_p_copri_i_ak263'
→ Saving feature: FT05405
ℹ Producing chromatogram plots for: 'afzelin_p_copri_i_ak263'
→ Saving feature: FT05427
ℹ Producing chromatogram plots for: 'afzelin_p_copri_i_ak263'
→ Saving feature: FT05590
ℹ Producing chromatogram plots for: 'afzelin_p_copri_i_ak263'
→ Saving feature: FT05707
ℹ Producing chromatogram plots for: 'afzelin_p_copri_i_ak263'
→ Saving feature: FT05714
ℹ Producing chromatogram plots for: 'afzelin_p_copri_i_ak263'
→ Saving feature: FT06035
ℹ Producing chromatogram plots for: 'afzelin_p_copri_i_ak263'
→ Saving feature: FT06257
ℹ Producing chromatogram plots for: 'afzelin_p_copri_i_ak263'
→ Saving feature: FT06509
ℹ Producing chromatogram plots for: 'afzelin_p_copri_i_ak263'
→ Saving feature: FT07878
ℹ Producing chromatogram plots for: 'afzelin_p_copri_i_ak263'
→ Saving feature: FT08103
ℹ Producing chromatogram plots for: 'afzelin_p_copri_i_ak263'
→ Saving feature: FT08695
ℹ Producing chromatogram plots for: 'afzelin_p_copri_i_ak263'
→ Saving feature: FT09050
ℹ Producing chromatogram plots for: 'afzelin_p_copri_i_ak263'
→ Saving feature: FT09800
ℹ Producing chromatogram plots for: 'afzelin_p_copri_i_ak263'
→ Saving feature: FT09973
ℹ Producing chromatogram plots for: 'afzelin_p_copri_i_ak263'
→ Saving feature: FT10323
ℹ Producing chromatogram plots for: 'afzelin_p_copri_i_ak263'
→ Saving feature: FT10531
ℹ Producing chromatogram plots for: 'afzelin_p_copri_i_ak263'
→ Saving feature: FT11482
ℹ Producing chromatogram plots for: 'afzelin_p_copri_i_ak263'
→ Saving feature: FT11545
ℹ Producing chromatogram plots for: 'afzelin_p_copri_i_ak263'
→ Saving feature: FT12217
ℹ Producing chromatogram plots for: 'afzelin_p_copri_i_ak263'
→ Saving feature: FT14653
ℹ Producing chromatogram plots for: 'afzelin_p_copri_i_ak263'
✔ Saved plots to: '/Volumes/bluecub/aglycone_release_100um_24h/output/afzelin_p…

[10:54:24] non-ring atom 1 marked aromatic
[10:54:24] non-ring atom 1 marked aromatic
[10:54:24] non-ring atom 1 marked aromatic
[10:54:24] non-ring atom 1 marked aromatic
ℹ Filtering hits in 'apigenin_7_o_2g_rhamnosyl_gentiobioside_b_ovatus_atcc_8483…
✔ Saved hits filtered by Tanimoto similarity: 0.2, fold_change: 5 to: 'report/r…

ℹ Producing chromatogram plots for: 'apigenin_7_o_2g_rhamnosyl_gentiobioside_b_…
Processing chromatographic peaks for features
→ Saving feature: FT02726
ℹ Producing chromatogram plots for: 'apigenin_7_o_2g_rhamnosyl_gentiobioside_b_…
→ Saving feature: FT03488
ℹ Producing chromatogram plots for: 'apigenin_7_o_2g_rhamnosyl_gentiobioside_b_…
→ Saving feature: FT05178
ℹ Producing chromatogram plots for: 'apigenin_7_o_2g_rhamnosyl_gentiobioside_b_…
→ Saving feature: FT06686
ℹ Producing chromatogram plots for: 'apigenin_7_o_2g_rhamnosyl_gentiobioside_b_…
→ Saving feature: FT09868
ℹ Producing chromatogram plots for: 'apigenin_7_o_2g_rhamnosyl_gentiobioside_b_…
→ Saving feature: FT10813
ℹ Producing chromatogram plots for: 'apigenin_7_o_2g_rhamnosyl_gentiobioside_b_…
→ Saving feature: FT10992
ℹ Producing chromatogram plots for: 'apigenin_7_o_2g_rhamnosyl_gentiobioside_b_…
→ Saving feature: FT12078
ℹ Producing chromatogram plots for: 'apigenin_7_o_2g_rhamnosyl_gentiobioside_b_…
→ Saving feature: FT12209
ℹ Producing chromatogram plots for: 'apigenin_7_o_2g_rhamnosyl_gentiobioside_b_…
→ Saving feature: FT12253
ℹ Producing chromatogram plots for: 'apigenin_7_o_2g_rhamnosyl_gentiobioside_b_…
→ Saving feature: FT12643
ℹ Producing chromatogram plots for: 'apigenin_7_o_2g_rhamnosyl_gentiobioside_b_…
→ Saving feature: FT13140
ℹ Producing chromatogram plots for: 'apigenin_7_o_2g_rhamnosyl_gentiobioside_b_…
→ Saving feature: FT15022
ℹ Producing chromatogram plots for: 'apigenin_7_o_2g_rhamnosyl_gentiobioside_b_…
→ Saving feature: FT15591
ℹ Producing chromatogram plots for: 'apigenin_7_o_2g_rhamnosyl_gentiobioside_b_…
→ Saving feature: FT16814
ℹ Producing chromatogram plots for: 'apigenin_7_o_2g_rhamnosyl_gentiobioside_b_…
→ Saving feature: FT21663
ℹ Producing chromatogram plots for: 'apigenin_7_o_2g_rhamnosyl_gentiobioside_b_…
✔ Saved plots to: '/Volumes/bluecub/aglycone_release_100um_24h/output/apigenin_…

[10:54:55] non-ring atom 1 marked aromatic
[10:54:55] non-ring atom 1 marked aromatic
ℹ Filtering hits in 'apigenin_7_o_2g_rhamnosyl_gentiobioside_b_thetaiotaomicron…
✔ Saved hits filtered by Tanimoto similarity: 0.2, fold_change: 5 to: 'report/r…

ℹ Producing chromatogram plots for: 'apigenin_7_o_2g_rhamnosyl_gentiobioside_b_…
Processing chromatographic peaks for features
→ Saving feature: FT00801
ℹ Producing chromatogram plots for: 'apigenin_7_o_2g_rhamnosyl_gentiobioside_b_…
→ Saving feature: FT02546
ℹ Producing chromatogram plots for: 'apigenin_7_o_2g_rhamnosyl_gentiobioside_b_…
→ Saving feature: FT02637
ℹ Producing chromatogram plots for: 'apigenin_7_o_2g_rhamnosyl_gentiobioside_b_…
→ Saving feature: FT03328
ℹ Producing chromatogram plots for: 'apigenin_7_o_2g_rhamnosyl_gentiobioside_b_…
→ Saving feature: FT03783
ℹ Producing chromatogram plots for: 'apigenin_7_o_2g_rhamnosyl_gentiobioside_b_…
→ Saving feature: FT04160
ℹ Producing chromatogram plots for: 'apigenin_7_o_2g_rhamnosyl_gentiobioside_b_…
→ Saving feature: FT04852
ℹ Producing chromatogram plots for: 'apigenin_7_o_2g_rhamnosyl_gentiobioside_b_…
→ Saving feature: FT05434
ℹ Producing chromatogram plots for: 'apigenin_7_o_2g_rhamnosyl_gentiobioside_b_…
→ Saving feature: FT06368
ℹ Producing chromatogram plots for: 'apigenin_7_o_2g_rhamnosyl_gentiobioside_b_…
→ Saving feature: FT07793
ℹ Producing chromatogram plots for: 'apigenin_7_o_2g_rhamnosyl_gentiobioside_b_…
→ Saving feature: FT08020
ℹ Producing chromatogram plots for: 'apigenin_7_o_2g_rhamnosyl_gentiobioside_b_…
→ Saving feature: FT08720
ℹ Producing chromatogram plots for: 'apigenin_7_o_2g_rhamnosyl_gentiobioside_b_…
→ Saving feature: FT09032
ℹ Producing chromatogram plots for: 'apigenin_7_o_2g_rhamnosyl_gentiobioside_b_…
→ Saving feature: FT09799
ℹ Producing chromatogram plots for: 'apigenin_7_o_2g_rhamnosyl_gentiobioside_b_…
→ Saving feature: FT10103
ℹ Producing chromatogram plots for: 'apigenin_7_o_2g_rhamnosyl_gentiobioside_b_…
→ Saving feature: FT10311
ℹ Producing chromatogram plots for: 'apigenin_7_o_2g_rhamnosyl_gentiobioside_b_…
→ Saving feature: FT10554
ℹ Producing chromatogram plots for: 'apigenin_7_o_2g_rhamnosyl_gentiobioside_b_…
→ Saving feature: FT10779
ℹ Producing chromatogram plots for: 'apigenin_7_o_2g_rhamnosyl_gentiobioside_b_…
→ Saving feature: FT12130
ℹ Producing chromatogram plots for: 'apigenin_7_o_2g_rhamnosyl_gentiobioside_b_…
→ Saving feature: FT12601
ℹ Producing chromatogram plots for: 'apigenin_7_o_2g_rhamnosyl_gentiobioside_b_…
→ Saving feature: FT12723
ℹ Producing chromatogram plots for: 'apigenin_7_o_2g_rhamnosyl_gentiobioside_b_…
→ Saving feature: FT15010
ℹ Producing chromatogram plots for: 'apigenin_7_o_2g_rhamnosyl_gentiobioside_b_…
✔ Saved plots to: '/Volumes/bluecub/aglycone_release_100um_24h/output/apigenin_…

[10:55:17] non-ring atom 1 marked aromatic
[10:55:17] non-ring atom 1 marked aromatic
[10:55:17] non-ring atom 1 marked aromatic
[10:55:17] non-ring atom 1 marked aromatic
[10:55:17] non-ring atom 1 marked aromatic
[10:55:17] non-ring atom 1 marked aromatic
[10:55:17] non-ring atom 1 marked aromatic
[10:55:17] non-ring atom 1 marked aromatic
ℹ Filtering hits in 'apigenin_7_o_2g_rhamnosyl_gentiobioside_b_uniformis_atcc_8…
✔ Saved hits filtered by Tanimoto similarity: 0.2, fold_change: 5 to: 'report/r…

ℹ Producing chromatogram plots for: 'apigenin_7_o_2g_rhamnosyl_gentiobioside_b_…
Processing chromatographic peaks for features
→ Saving feature: FT03194
ℹ Producing chromatogram plots for: 'apigenin_7_o_2g_rhamnosyl_gentiobioside_b_…
→ Saving feature: FT03582
ℹ Producing chromatogram plots for: 'apigenin_7_o_2g_rhamnosyl_gentiobioside_b_…
→ Saving feature: FT05602
ℹ Producing chromatogram plots for: 'apigenin_7_o_2g_rhamnosyl_gentiobioside_b_…
→ Saving feature: FT05947
ℹ Producing chromatogram plots for: 'apigenin_7_o_2g_rhamnosyl_gentiobioside_b_…
→ Saving feature: FT06535
ℹ Producing chromatogram plots for: 'apigenin_7_o_2g_rhamnosyl_gentiobioside_b_…
→ Saving feature: FT07823
ℹ Producing chromatogram plots for: 'apigenin_7_o_2g_rhamnosyl_gentiobioside_b_…
→ Saving feature: FT10619
ℹ Producing chromatogram plots for: 'apigenin_7_o_2g_rhamnosyl_gentiobioside_b_…
→ Saving feature: FT10968
ℹ Producing chromatogram plots for: 'apigenin_7_o_2g_rhamnosyl_gentiobioside_b_…
→ Saving feature: FT11050
ℹ Producing chromatogram plots for: 'apigenin_7_o_2g_rhamnosyl_gentiobioside_b_…
→ Saving feature: FT11781
ℹ Producing chromatogram plots for: 'apigenin_7_o_2g_rhamnosyl_gentiobioside_b_…
→ Saving feature: FT11890
ℹ Producing chromatogram plots for: 'apigenin_7_o_2g_rhamnosyl_gentiobioside_b_…
→ Saving feature: FT12918
ℹ Producing chromatogram plots for: 'apigenin_7_o_2g_rhamnosyl_gentiobioside_b_…
→ Saving feature: FT12975
ℹ Producing chromatogram plots for: 'apigenin_7_o_2g_rhamnosyl_gentiobioside_b_…
→ Saving feature: FT15795
ℹ Producing chromatogram plots for: 'apigenin_7_o_2g_rhamnosyl_gentiobioside_b_…
→ Saving feature: FT18414
ℹ Producing chromatogram plots for: 'apigenin_7_o_2g_rhamnosyl_gentiobioside_b_…
✔ Saved plots to: '/Volumes/bluecub/aglycone_release_100um_24h/output/apigenin_…

[10:55:45] non-ring atom 1 marked aromatic
[10:55:45] non-ring atom 1 marked aromatic
ℹ Filtering hits in 'apigenin_7_o_2g_rhamnosyl_gentiobioside_p_copri_i_ak263' b…
✔ Saved hits filtered by Tanimoto similarity: 0.2, fold_change: 5 to: 'report/r…

ℹ Producing chromatogram plots for: 'apigenin_7_o_2g_rhamnosyl_gentiobioside_p_…
Processing chromatographic peaks for features
→ Saving feature: FT02554
ℹ Producing chromatogram plots for: 'apigenin_7_o_2g_rhamnosyl_gentiobioside_p_…
→ Saving feature: FT03712
ℹ Producing chromatogram plots for: 'apigenin_7_o_2g_rhamnosyl_gentiobioside_p_…
→ Saving feature: FT04674
ℹ Producing chromatogram plots for: 'apigenin_7_o_2g_rhamnosyl_gentiobioside_p_…
→ Saving feature: FT05545
ℹ Producing chromatogram plots for: 'apigenin_7_o_2g_rhamnosyl_gentiobioside_p_…
→ Saving feature: FT07083
ℹ Producing chromatogram plots for: 'apigenin_7_o_2g_rhamnosyl_gentiobioside_p_…
→ Saving feature: FT07316
ℹ Producing chromatogram plots for: 'apigenin_7_o_2g_rhamnosyl_gentiobioside_p_…
→ Saving feature: FT07370
ℹ Producing chromatogram plots for: 'apigenin_7_o_2g_rhamnosyl_gentiobioside_p_…
→ Saving feature: FT07718
ℹ Producing chromatogram plots for: 'apigenin_7_o_2g_rhamnosyl_gentiobioside_p_…
→ Saving feature: FT07966
ℹ Producing chromatogram plots for: 'apigenin_7_o_2g_rhamnosyl_gentiobioside_p_…
→ Saving feature: FT10349
ℹ Producing chromatogram plots for: 'apigenin_7_o_2g_rhamnosyl_gentiobioside_p_…
→ Saving feature: FT12529
ℹ Producing chromatogram plots for: 'apigenin_7_o_2g_rhamnosyl_gentiobioside_p_…
→ Saving feature: FT12621
ℹ Producing chromatogram plots for: 'apigenin_7_o_2g_rhamnosyl_gentiobioside_p_…
→ Saving feature: FT12794
ℹ Producing chromatogram plots for: 'apigenin_7_o_2g_rhamnosyl_gentiobioside_p_…
→ Saving feature: FT16410
ℹ Producing chromatogram plots for: 'apigenin_7_o_2g_rhamnosyl_gentiobioside_p_…
✔ Saved plots to: '/Volumes/bluecub/aglycone_release_100um_24h/output/apigenin_…

[10:56:03] non-ring atom 1 marked aromatic
[10:56:03] non-ring atom 1 marked aromatic
[10:56:03] non-ring atom 4 marked aromatic
[10:56:03] non-ring atom 5 marked aromatic
ℹ Filtering hits in 'apiin_b_ovatus_atcc_8483_and_b_ovatus_atcc_8483_d_operon' …
✔ Saved hits filtered by Tanimoto similarity: 0.2, fold_change: 5 to: 'report/r…

ℹ Producing chromatogram plots for: 'apiin_b_ovatus_atcc_8483_and_b_ovatus_atcc…
Processing chromatographic peaks for features
→ Saving feature: FT09882
ℹ Producing chromatogram plots for: 'apiin_b_ovatus_atcc_8483_and_b_ovatus_atcc…
→ Saving feature: FT10405
ℹ Producing chromatogram plots for: 'apiin_b_ovatus_atcc_8483_and_b_ovatus_atcc…
→ Saving feature: FT10545
ℹ Producing chromatogram plots for: 'apiin_b_ovatus_atcc_8483_and_b_ovatus_atcc…
→ Saving feature: FT11072
ℹ Producing chromatogram plots for: 'apiin_b_ovatus_atcc_8483_and_b_ovatus_atcc…
→ Saving feature: FT11106
ℹ Producing chromatogram plots for: 'apiin_b_ovatus_atcc_8483_and_b_ovatus_atcc…
→ Saving feature: FT11364
ℹ Producing chromatogram plots for: 'apiin_b_ovatus_atcc_8483_and_b_ovatus_atcc…
→ Saving feature: FT12011
ℹ Producing chromatogram plots for: 'apiin_b_ovatus_atcc_8483_and_b_ovatus_atcc…
→ Saving feature: FT12824
ℹ Producing chromatogram plots for: 'apiin_b_ovatus_atcc_8483_and_b_ovatus_atcc…
→ Saving feature: FT13073
ℹ Producing chromatogram plots for: 'apiin_b_ovatus_atcc_8483_and_b_ovatus_atcc…
→ Saving feature: FT14260
ℹ Producing chromatogram plots for: 'apiin_b_ovatus_atcc_8483_and_b_ovatus_atcc…
→ Saving feature: FT14502
ℹ Producing chromatogram plots for: 'apiin_b_ovatus_atcc_8483_and_b_ovatus_atcc…
→ Saving feature: FT14562
ℹ Producing chromatogram plots for: 'apiin_b_ovatus_atcc_8483_and_b_ovatus_atcc…
→ Saving feature: FT14823
ℹ Producing chromatogram plots for: 'apiin_b_ovatus_atcc_8483_and_b_ovatus_atcc…
→ Saving feature: FT15983
ℹ Producing chromatogram plots for: 'apiin_b_ovatus_atcc_8483_and_b_ovatus_atcc…
→ Saving feature: FT16205
ℹ Producing chromatogram plots for: 'apiin_b_ovatus_atcc_8483_and_b_ovatus_atcc…
→ Saving feature: FT17419
ℹ Producing chromatogram plots for: 'apiin_b_ovatus_atcc_8483_and_b_ovatus_atcc…
✔ Saved plots to: '/Volumes/bluecub/aglycone_release_100um_24h/output/apiin_b_o…

[10:56:24] non-ring atom 1 marked aromatic
[10:56:24] non-ring atom 1 marked aromatic
[10:56:24] non-ring atom 1 marked aromatic
[10:56:24] non-ring atom 1 marked aromatic
ℹ Filtering hits in 'apiin_b_thetaiotaomicron_vpi_5482' by Tanimoto similarity:…
✔ Saved hits filtered by Tanimoto similarity: 0.2, fold_change: 5 to: 'report/r…

ℹ Producing chromatogram plots for: 'apiin_b_thetaiotaomicron_vpi_5482'
Processing chromatographic peaks for features
→ Saving feature: FT07261
ℹ Producing chromatogram plots for: 'apiin_b_thetaiotaomicron_vpi_5482'
→ Saving feature: FT07730
ℹ Producing chromatogram plots for: 'apiin_b_thetaiotaomicron_vpi_5482'
→ Saving feature: FT07729
ℹ Producing chromatogram plots for: 'apiin_b_thetaiotaomicron_vpi_5482'
→ Saving feature: FT07931
ℹ Producing chromatogram plots for: 'apiin_b_thetaiotaomicron_vpi_5482'
→ Saving feature: FT07954
ℹ Producing chromatogram plots for: 'apiin_b_thetaiotaomicron_vpi_5482'
→ Saving feature: FT08703
ℹ Producing chromatogram plots for: 'apiin_b_thetaiotaomicron_vpi_5482'
→ Saving feature: FT09386
ℹ Producing chromatogram plots for: 'apiin_b_thetaiotaomicron_vpi_5482'
→ Saving feature: FT10210
ℹ Producing chromatogram plots for: 'apiin_b_thetaiotaomicron_vpi_5482'
→ Saving feature: FT10232
ℹ Producing chromatogram plots for: 'apiin_b_thetaiotaomicron_vpi_5482'
→ Saving feature: FT10381
ℹ Producing chromatogram plots for: 'apiin_b_thetaiotaomicron_vpi_5482'
→ Saving feature: FT11624
ℹ Producing chromatogram plots for: 'apiin_b_thetaiotaomicron_vpi_5482'
→ Saving feature: FT11766
ℹ Producing chromatogram plots for: 'apiin_b_thetaiotaomicron_vpi_5482'
✔ Saved plots to: '/Volumes/bluecub/aglycone_release_100um_24h/output/apiin_b_t…

[10:56:41] non-ring atom 1 marked aromatic
[10:56:41] non-ring atom 1 marked aromatic
[10:56:41] non-ring atom 1 marked aromatic
[10:56:41] non-ring atom 1 marked aromatic
ℹ Filtering hits in 'apiin_b_uniformis_atcc_8492_and_bu_gsh_d_ggh_c_gsh_g' by T…
✔ Saved hits filtered by Tanimoto similarity: 0.2, fold_change: 5 to: 'report/r…

ℹ Producing chromatogram plots for: 'apiin_b_uniformis_atcc_8492_and_bu_gsh_d_g…
Processing chromatographic peaks for features
→ Saving feature: FT04615
ℹ Producing chromatogram plots for: 'apiin_b_uniformis_atcc_8492_and_bu_gsh_d_g…
→ Saving feature: FT05324
ℹ Producing chromatogram plots for: 'apiin_b_uniformis_atcc_8492_and_bu_gsh_d_g…
✔ Saved plots to: '/Volumes/bluecub/aglycone_release_100um_24h/output/apiin_b_u…

ℹ Filtering hits in 'apiin_p_copri_i_ak263' by Tanimoto similarity: 0.2, fold_c…
✔ Saved hits filtered by Tanimoto similarity: 0.2, fold_change: 5 to: 'report/r…

ℹ Producing chromatogram plots for: 'apiin_p_copri_i_ak263'
Processing chromatographic peaks for features
→ Saving feature: FT06465
ℹ Producing chromatogram plots for: 'apiin_p_copri_i_ak263'
→ Saving feature: FT06854
ℹ Producing chromatogram plots for: 'apiin_p_copri_i_ak263'
→ Saving feature: FT06918
ℹ Producing chromatogram plots for: 'apiin_p_copri_i_ak263'
→ Saving feature: FT07624
ℹ Producing chromatogram plots for: 'apiin_p_copri_i_ak263'
✔ Saved plots to: '/Volumes/bluecub/aglycone_release_100um_24h/output/apiin_p_c…

[10:57:11] non-ring atom 1 marked aromatic
[10:57:11] non-ring atom 1 marked aromatic
[10:57:11] non-ring atom 1 marked aromatic
ℹ Filtering hits in 'avicularin_b_ovatus_atcc_8483_and_b_ovatus_atcc_8483_d_ope…
✔ Saved hits filtered by Tanimoto similarity: 0.2, fold_change: 5 to: 'report/r…

ℹ Producing chromatogram plots for: 'avicularin_b_ovatus_atcc_8483_and_b_ovatus…
Processing chromatographic peaks for features
→ Saving feature: FT05243
ℹ Producing chromatogram plots for: 'avicularin_b_ovatus_atcc_8483_and_b_ovatus…
→ Saving feature: FT05407
ℹ Producing chromatogram plots for: 'avicularin_b_ovatus_atcc_8483_and_b_ovatus…
→ Saving feature: FT05605
ℹ Producing chromatogram plots for: 'avicularin_b_ovatus_atcc_8483_and_b_ovatus…
→ Saving feature: FT06432
ℹ Producing chromatogram plots for: 'avicularin_b_ovatus_atcc_8483_and_b_ovatus…
→ Saving feature: FT06602
ℹ Producing chromatogram plots for: 'avicularin_b_ovatus_atcc_8483_and_b_ovatus…
→ Saving feature: FT06803
ℹ Producing chromatogram plots for: 'avicularin_b_ovatus_atcc_8483_and_b_ovatus…
→ Saving feature: FT07630
ℹ Producing chromatogram plots for: 'avicularin_b_ovatus_atcc_8483_and_b_ovatus…
→ Saving feature: FT08731
ℹ Producing chromatogram plots for: 'avicularin_b_ovatus_atcc_8483_and_b_ovatus…
→ Saving feature: FT08782
ℹ Producing chromatogram plots for: 'avicularin_b_ovatus_atcc_8483_and_b_ovatus…
→ Saving feature: FT09021
ℹ Producing chromatogram plots for: 'avicularin_b_ovatus_atcc_8483_and_b_ovatus…
→ Saving feature: FT09483
ℹ Producing chromatogram plots for: 'avicularin_b_ovatus_atcc_8483_and_b_ovatus…
→ Saving feature: FT10837
ℹ Producing chromatogram plots for: 'avicularin_b_ovatus_atcc_8483_and_b_ovatus…
→ Saving feature: FT12631
ℹ Producing chromatogram plots for: 'avicularin_b_ovatus_atcc_8483_and_b_ovatus…
→ Saving feature: FT12859
ℹ Producing chromatogram plots for: 'avicularin_b_ovatus_atcc_8483_and_b_ovatus…
→ Saving feature: FT12942
ℹ Producing chromatogram plots for: 'avicularin_b_ovatus_atcc_8483_and_b_ovatus…
→ Saving feature: FT14091
ℹ Producing chromatogram plots for: 'avicularin_b_ovatus_atcc_8483_and_b_ovatus…
→ Saving feature: FT15658
ℹ Producing chromatogram plots for: 'avicularin_b_ovatus_atcc_8483_and_b_ovatus…
✔ Saved plots to: '/Volumes/bluecub/aglycone_release_100um_24h/output/aviculari…

[10:57:42] non-ring atom 1 marked aromatic
[10:57:42] non-ring atom 1 marked aromatic
[10:57:42] non-ring atom 3 marked aromatic
ℹ Filtering hits in 'avicularin_b_thetaiotaomicron_vpi_5482' by Tanimoto simila…
✔ Saved hits filtered by Tanimoto similarity: 0.2, fold_change: 5 to: 'report/r…

ℹ Producing chromatogram plots for: 'avicularin_b_thetaiotaomicron_vpi_5482'
Processing chromatographic peaks for features
→ Saving feature: FT01762
ℹ Producing chromatogram plots for: 'avicularin_b_thetaiotaomicron_vpi_5482'
→ Saving feature: FT04099
ℹ Producing chromatogram plots for: 'avicularin_b_thetaiotaomicron_vpi_5482'
→ Saving feature: FT04732
ℹ Producing chromatogram plots for: 'avicularin_b_thetaiotaomicron_vpi_5482'
→ Saving feature: FT05089
ℹ Producing chromatogram plots for: 'avicularin_b_thetaiotaomicron_vpi_5482'
→ Saving feature: FT05221
ℹ Producing chromatogram plots for: 'avicularin_b_thetaiotaomicron_vpi_5482'
→ Saving feature: FT05270
ℹ Producing chromatogram plots for: 'avicularin_b_thetaiotaomicron_vpi_5482'
→ Saving feature: FT05782
ℹ Producing chromatogram plots for: 'avicularin_b_thetaiotaomicron_vpi_5482'
→ Saving feature: FT06286
ℹ Producing chromatogram plots for: 'avicularin_b_thetaiotaomicron_vpi_5482'
→ Saving feature: FT06516
ℹ Producing chromatogram plots for: 'avicularin_b_thetaiotaomicron_vpi_5482'
→ Saving feature: FT06553
ℹ Producing chromatogram plots for: 'avicularin_b_thetaiotaomicron_vpi_5482'
→ Saving feature: FT06697
ℹ Producing chromatogram plots for: 'avicularin_b_thetaiotaomicron_vpi_5482'
→ Saving feature: FT06742
ℹ Producing chromatogram plots for: 'avicularin_b_thetaiotaomicron_vpi_5482'
→ Saving feature: FT06813
ℹ Producing chromatogram plots for: 'avicularin_b_thetaiotaomicron_vpi_5482'
→ Saving feature: FT07487
ℹ Producing chromatogram plots for: 'avicularin_b_thetaiotaomicron_vpi_5482'
→ Saving feature: FT07656
ℹ Producing chromatogram plots for: 'avicularin_b_thetaiotaomicron_vpi_5482'
→ Saving feature: FT08053
ℹ Producing chromatogram plots for: 'avicularin_b_thetaiotaomicron_vpi_5482'
→ Saving feature: FT08127
ℹ Producing chromatogram plots for: 'avicularin_b_thetaiotaomicron_vpi_5482'
→ Saving feature: FT09023
ℹ Producing chromatogram plots for: 'avicularin_b_thetaiotaomicron_vpi_5482'
→ Saving feature: FT09024
ℹ Producing chromatogram plots for: 'avicularin_b_thetaiotaomicron_vpi_5482'
→ Saving feature: FT09094
ℹ Producing chromatogram plots for: 'avicularin_b_thetaiotaomicron_vpi_5482'
→ Saving feature: FT09179
ℹ Producing chromatogram plots for: 'avicularin_b_thetaiotaomicron_vpi_5482'
→ Saving feature: FT09391
ℹ Producing chromatogram plots for: 'avicularin_b_thetaiotaomicron_vpi_5482'
→ Saving feature: FT09589
ℹ Producing chromatogram plots for: 'avicularin_b_thetaiotaomicron_vpi_5482'
→ Saving feature: FT09705
ℹ Producing chromatogram plots for: 'avicularin_b_thetaiotaomicron_vpi_5482'
→ Saving feature: FT09775
ℹ Producing chromatogram plots for: 'avicularin_b_thetaiotaomicron_vpi_5482'
→ Saving feature: FT10923
ℹ Producing chromatogram plots for: 'avicularin_b_thetaiotaomicron_vpi_5482'
→ Saving feature: FT12939
ℹ Producing chromatogram plots for: 'avicularin_b_thetaiotaomicron_vpi_5482'
→ Saving feature: FT14326
ℹ Producing chromatogram plots for: 'avicularin_b_thetaiotaomicron_vpi_5482'
✔ Saved plots to: '/Volumes/bluecub/aglycone_release_100um_24h/output/aviculari…

[10:58:07] non-ring atom 1 marked aromatic
[10:58:07] non-ring atom 1 marked aromatic
[10:58:07] non-ring atom 1 marked aromatic
[10:58:07] non-ring atom 3 marked aromatic
ℹ Filtering hits in 'avicularin_b_uniformis_atcc_8492_and_bu_gsh_d_ggh_c_gsh_g'…
✔ Saved hits filtered by Tanimoto similarity: 0.2, fold_change: 5 to: 'report/r…

ℹ Producing chromatogram plots for: 'avicularin_b_uniformis_atcc_8492_and_bu_gs…
Processing chromatographic peaks for features
→ Saving feature: FT0414
ℹ Producing chromatogram plots for: 'avicularin_b_uniformis_atcc_8492_and_bu_gs…
→ Saving feature: FT2184
ℹ Producing chromatogram plots for: 'avicularin_b_uniformis_atcc_8492_and_bu_gs…
→ Saving feature: FT3047
ℹ Producing chromatogram plots for: 'avicularin_b_uniformis_atcc_8492_and_bu_gs…
→ Saving feature: FT3090
ℹ Producing chromatogram plots for: 'avicularin_b_uniformis_atcc_8492_and_bu_gs…
→ Saving feature: FT3851
ℹ Producing chromatogram plots for: 'avicularin_b_uniformis_atcc_8492_and_bu_gs…
→ Saving feature: FT3873
ℹ Producing chromatogram plots for: 'avicularin_b_uniformis_atcc_8492_and_bu_gs…
→ Saving feature: FT3940
ℹ Producing chromatogram plots for: 'avicularin_b_uniformis_atcc_8492_and_bu_gs…
→ Saving feature: FT4364
ℹ Producing chromatogram plots for: 'avicularin_b_uniformis_atcc_8492_and_bu_gs…
→ Saving feature: FT4509
ℹ Producing chromatogram plots for: 'avicularin_b_uniformis_atcc_8492_and_bu_gs…
→ Saving feature: FT5764
ℹ Producing chromatogram plots for: 'avicularin_b_uniformis_atcc_8492_and_bu_gs…
→ Saving feature: FT5835
ℹ Producing chromatogram plots for: 'avicularin_b_uniformis_atcc_8492_and_bu_gs…
✔ Saved plots to: '/Volumes/bluecub/aglycone_release_100um_24h/output/aviculari…

[10:58:28] non-ring atom 1 marked aromatic
[10:58:28] non-ring atom 3 marked aromatic
ℹ Filtering hits in 'avicularin_p_copri_i_ak263' by Tanimoto similarity: 0.2, f…
✔ Saved hits filtered by Tanimoto similarity: 0.2, fold_change: 5 to: 'report/r…

ℹ Producing chromatogram plots for: 'avicularin_p_copri_i_ak263'
Processing chromatographic peaks for features
→ Saving feature: FT00568
ℹ Producing chromatogram plots for: 'avicularin_p_copri_i_ak263'
→ Saving feature: FT01318
ℹ Producing chromatogram plots for: 'avicularin_p_copri_i_ak263'
→ Saving feature: FT01510
ℹ Producing chromatogram plots for: 'avicularin_p_copri_i_ak263'
→ Saving feature: FT03292
ℹ Producing chromatogram plots for: 'avicularin_p_copri_i_ak263'
→ Saving feature: FT03659
ℹ Producing chromatogram plots for: 'avicularin_p_copri_i_ak263'
→ Saving feature: FT03790
ℹ Producing chromatogram plots for: 'avicularin_p_copri_i_ak263'
→ Saving feature: FT03807
ℹ Producing chromatogram plots for: 'avicularin_p_copri_i_ak263'
→ Saving feature: FT05026
ℹ Producing chromatogram plots for: 'avicularin_p_copri_i_ak263'
→ Saving feature: FT05767
ℹ Producing chromatogram plots for: 'avicularin_p_copri_i_ak263'
→ Saving feature: FT05805
ℹ Producing chromatogram plots for: 'avicularin_p_copri_i_ak263'
→ Saving feature: FT06017
ℹ Producing chromatogram plots for: 'avicularin_p_copri_i_ak263'
→ Saving feature: FT06200
ℹ Producing chromatogram plots for: 'avicularin_p_copri_i_ak263'
→ Saving feature: FT06797
ℹ Producing chromatogram plots for: 'avicularin_p_copri_i_ak263'
→ Saving feature: FT07842
ℹ Producing chromatogram plots for: 'avicularin_p_copri_i_ak263'
→ Saving feature: FT09059
ℹ Producing chromatogram plots for: 'avicularin_p_copri_i_ak263'
→ Saving feature: FT09886
ℹ Producing chromatogram plots for: 'avicularin_p_copri_i_ak263'
→ Saving feature: FT10044
ℹ Producing chromatogram plots for: 'avicularin_p_copri_i_ak263'
→ Saving feature: FT10412
ℹ Producing chromatogram plots for: 'avicularin_p_copri_i_ak263'
→ Saving feature: FT10422
ℹ Producing chromatogram plots for: 'avicularin_p_copri_i_ak263'
→ Saving feature: FT11113
ℹ Producing chromatogram plots for: 'avicularin_p_copri_i_ak263'
✔ Saved plots to: '/Volumes/bluecub/aglycone_release_100um_24h/output/aviculari…

[10:58:49] non-ring atom 1 marked aromatic
[10:58:49] non-ring atom 1 marked aromatic
[10:58:49] non-ring atom 1 marked aromatic
[10:58:49] non-ring atom 1 marked aromatic
[10:58:49] non-ring atom 3 marked aromatic
ℹ Filtering hits in 'calycosin_7_o_b_d_glucoside_b_ovatus_atcc_8483_and_b_ovatu…
✔ Saved hits filtered by Tanimoto similarity: 0.2, fold_change: 5 to: 'report/r…

ℹ Producing chromatogram plots for: 'calycosin_7_o_b_d_glucoside_b_ovatus_atcc_…
Processing chromatographic peaks for features
→ Saving feature: FT01186
ℹ Producing chromatogram plots for: 'calycosin_7_o_b_d_glucoside_b_ovatus_atcc_…
→ Saving feature: FT08430
ℹ Producing chromatogram plots for: 'calycosin_7_o_b_d_glucoside_b_ovatus_atcc_…
→ Saving feature: FT08817
ℹ Producing chromatogram plots for: 'calycosin_7_o_b_d_glucoside_b_ovatus_atcc_…
→ Saving feature: FT08902
ℹ Producing chromatogram plots for: 'calycosin_7_o_b_d_glucoside_b_ovatus_atcc_…
→ Saving feature: FT11083
ℹ Producing chromatogram plots for: 'calycosin_7_o_b_d_glucoside_b_ovatus_atcc_…
→ Saving feature: FT11195
ℹ Producing chromatogram plots for: 'calycosin_7_o_b_d_glucoside_b_ovatus_atcc_…
→ Saving feature: FT11798
ℹ Producing chromatogram plots for: 'calycosin_7_o_b_d_glucoside_b_ovatus_atcc_…
→ Saving feature: FT12779
ℹ Producing chromatogram plots for: 'calycosin_7_o_b_d_glucoside_b_ovatus_atcc_…
→ Saving feature: FT15005
ℹ Producing chromatogram plots for: 'calycosin_7_o_b_d_glucoside_b_ovatus_atcc_…
→ Saving feature: FT20772
ℹ Producing chromatogram plots for: 'calycosin_7_o_b_d_glucoside_b_ovatus_atcc_…
✔ Saved plots to: '/Volumes/bluecub/aglycone_release_100um_24h/output/calycosin…

[10:59:16] non-ring atom 1 marked aromatic
[10:59:16] non-ring atom 1 marked aromatic
[10:59:16] non-ring atom 1 marked aromatic
[10:59:16] non-ring atom 1 marked aromatic
ℹ Filtering hits in 'calycosin_7_o_b_d_glucoside_b_thetaiotaomicron_vpi_5482' b…
✔ Saved hits filtered by Tanimoto similarity: 0.2, fold_change: 5 to: 'report/r…

ℹ Producing chromatogram plots for: 'calycosin_7_o_b_d_glucoside_b_thetaiotaomi…
Processing chromatographic peaks for features
→ Saving feature: FT00939
ℹ Producing chromatogram plots for: 'calycosin_7_o_b_d_glucoside_b_thetaiotaomi…
→ Saving feature: FT01444
ℹ Producing chromatogram plots for: 'calycosin_7_o_b_d_glucoside_b_thetaiotaomi…
→ Saving feature: FT01618
ℹ Producing chromatogram plots for: 'calycosin_7_o_b_d_glucoside_b_thetaiotaomi…
→ Saving feature: FT01619
ℹ Producing chromatogram plots for: 'calycosin_7_o_b_d_glucoside_b_thetaiotaomi…
→ Saving feature: FT03218
ℹ Producing chromatogram plots for: 'calycosin_7_o_b_d_glucoside_b_thetaiotaomi…
→ Saving feature: FT03348
ℹ Producing chromatogram plots for: 'calycosin_7_o_b_d_glucoside_b_thetaiotaomi…
→ Saving feature: FT04051
ℹ Producing chromatogram plots for: 'calycosin_7_o_b_d_glucoside_b_thetaiotaomi…
→ Saving feature: FT04859
ℹ Producing chromatogram plots for: 'calycosin_7_o_b_d_glucoside_b_thetaiotaomi…
→ Saving feature: FT05034
ℹ Producing chromatogram plots for: 'calycosin_7_o_b_d_glucoside_b_thetaiotaomi…
→ Saving feature: FT05577
ℹ Producing chromatogram plots for: 'calycosin_7_o_b_d_glucoside_b_thetaiotaomi…
→ Saving feature: FT06140
ℹ Producing chromatogram plots for: 'calycosin_7_o_b_d_glucoside_b_thetaiotaomi…
→ Saving feature: FT06167
ℹ Producing chromatogram plots for: 'calycosin_7_o_b_d_glucoside_b_thetaiotaomi…
→ Saving feature: FT07633
ℹ Producing chromatogram plots for: 'calycosin_7_o_b_d_glucoside_b_thetaiotaomi…
→ Saving feature: FT07828
ℹ Producing chromatogram plots for: 'calycosin_7_o_b_d_glucoside_b_thetaiotaomi…
→ Saving feature: FT08647
ℹ Producing chromatogram plots for: 'calycosin_7_o_b_d_glucoside_b_thetaiotaomi…
→ Saving feature: FT08702
ℹ Producing chromatogram plots for: 'calycosin_7_o_b_d_glucoside_b_thetaiotaomi…
→ Saving feature: FT09419
ℹ Producing chromatogram plots for: 'calycosin_7_o_b_d_glucoside_b_thetaiotaomi…
→ Saving feature: FT10593
ℹ Producing chromatogram plots for: 'calycosin_7_o_b_d_glucoside_b_thetaiotaomi…
→ Saving feature: FT12669
ℹ Producing chromatogram plots for: 'calycosin_7_o_b_d_glucoside_b_thetaiotaomi…
→ Saving feature: FT13890
ℹ Producing chromatogram plots for: 'calycosin_7_o_b_d_glucoside_b_thetaiotaomi…
✔ Saved plots to: '/Volumes/bluecub/aglycone_release_100um_24h/output/calycosin…

[10:59:36] non-ring atom 1 marked aromatic
[10:59:36] non-ring atom 1 marked aromatic
[10:59:36] non-ring atom 1 marked aromatic
[10:59:36] non-ring atom 1 marked aromatic
[10:59:36] non-ring atom 1 marked aromatic
[10:59:36] non-ring atom 1 marked aromatic
[10:59:36] non-ring atom 1 marked aromatic
[10:59:36] non-ring atom 1 marked aromatic
[10:59:36] non-ring atom 1 marked aromatic
[10:59:36] non-ring atom 1 marked aromatic
[10:59:36] non-ring atom 1 marked aromatic
[10:59:36] non-ring atom 1 marked aromatic
[10:59:36] non-ring atom 1 marked aromatic
[10:59:36] non-ring atom 1 marked aromatic
ℹ Filtering hits in 'calycosin_7_o_b_d_glucoside_b_uniformis_atcc_8492_and_bu_g…
✔ Saved hits filtered by Tanimoto similarity: 0.2, fold_change: 5 to: 'report/r…

ℹ Producing chromatogram plots for: 'calycosin_7_o_b_d_glucoside_b_uniformis_at…
Processing chromatographic peaks for features
→ Saving feature: FT00532
ℹ Producing chromatogram plots for: 'calycosin_7_o_b_d_glucoside_b_uniformis_at…
→ Saving feature: FT00795
ℹ Producing chromatogram plots for: 'calycosin_7_o_b_d_glucoside_b_uniformis_at…
→ Saving feature: FT03433
ℹ Producing chromatogram plots for: 'calycosin_7_o_b_d_glucoside_b_uniformis_at…
→ Saving feature: FT03502
ℹ Producing chromatogram plots for: 'calycosin_7_o_b_d_glucoside_b_uniformis_at…
→ Saving feature: FT03772
ℹ Producing chromatogram plots for: 'calycosin_7_o_b_d_glucoside_b_uniformis_at…
→ Saving feature: FT03965
ℹ Producing chromatogram plots for: 'calycosin_7_o_b_d_glucoside_b_uniformis_at…
→ Saving feature: FT05305
ℹ Producing chromatogram plots for: 'calycosin_7_o_b_d_glucoside_b_uniformis_at…
→ Saving feature: FT08048
ℹ Producing chromatogram plots for: 'calycosin_7_o_b_d_glucoside_b_uniformis_at…
→ Saving feature: FT08194
ℹ Producing chromatogram plots for: 'calycosin_7_o_b_d_glucoside_b_uniformis_at…
→ Saving feature: FT08954
ℹ Producing chromatogram plots for: 'calycosin_7_o_b_d_glucoside_b_uniformis_at…
→ Saving feature: FT09966
ℹ Producing chromatogram plots for: 'calycosin_7_o_b_d_glucoside_b_uniformis_at…
→ Saving feature: FT10514
ℹ Producing chromatogram plots for: 'calycosin_7_o_b_d_glucoside_b_uniformis_at…
→ Saving feature: FT10896
ℹ Producing chromatogram plots for: 'calycosin_7_o_b_d_glucoside_b_uniformis_at…
→ Saving feature: FT10993
ℹ Producing chromatogram plots for: 'calycosin_7_o_b_d_glucoside_b_uniformis_at…
→ Saving feature: FT13010
ℹ Producing chromatogram plots for: 'calycosin_7_o_b_d_glucoside_b_uniformis_at…
→ Saving feature: FT13180
ℹ Producing chromatogram plots for: 'calycosin_7_o_b_d_glucoside_b_uniformis_at…
→ Saving feature: FT14153
ℹ Producing chromatogram plots for: 'calycosin_7_o_b_d_glucoside_b_uniformis_at…
→ Saving feature: FT14610
ℹ Producing chromatogram plots for: 'calycosin_7_o_b_d_glucoside_b_uniformis_at…
✔ Saved plots to: '/Volumes/bluecub/aglycone_release_100um_24h/output/calycosin…

[11:00:02] non-ring atom 1 marked aromatic
[11:00:02] non-ring atom 1 marked aromatic
[11:00:02] non-ring atom 1 marked aromatic
[11:00:02] non-ring atom 1 marked aromatic
[11:00:02] non-ring atom 1 marked aromatic
[11:00:02] non-ring atom 1 marked aromatic
[11:00:02] non-ring atom 1 marked aromatic
ℹ Filtering hits in 'calycosin_7_o_b_d_glucoside_p_copri_i_ak263' by Tanimoto s…
✔ Saved hits filtered by Tanimoto similarity: 0.2, fold_change: 5 to: 'report/r…

ℹ Producing chromatogram plots for: 'calycosin_7_o_b_d_glucoside_p_copri_i_ak26…
Processing chromatographic peaks for features
→ Saving feature: FT00800
ℹ Producing chromatogram plots for: 'calycosin_7_o_b_d_glucoside_p_copri_i_ak26…
→ Saving feature: FT03621
ℹ Producing chromatogram plots for: 'calycosin_7_o_b_d_glucoside_p_copri_i_ak26…
→ Saving feature: FT03979
ℹ Producing chromatogram plots for: 'calycosin_7_o_b_d_glucoside_p_copri_i_ak26…
→ Saving feature: FT04233
ℹ Producing chromatogram plots for: 'calycosin_7_o_b_d_glucoside_p_copri_i_ak26…
→ Saving feature: FT04626
ℹ Producing chromatogram plots for: 'calycosin_7_o_b_d_glucoside_p_copri_i_ak26…
→ Saving feature: FT07821
ℹ Producing chromatogram plots for: 'calycosin_7_o_b_d_glucoside_p_copri_i_ak26…
→ Saving feature: FT09935
ℹ Producing chromatogram plots for: 'calycosin_7_o_b_d_glucoside_p_copri_i_ak26…
→ Saving feature: FT13905
ℹ Producing chromatogram plots for: 'calycosin_7_o_b_d_glucoside_p_copri_i_ak26…
✔ Saved plots to: '/Volumes/bluecub/aglycone_release_100um_24h/output/calycosin…

[11:00:19] non-ring atom 1 marked aromatic
[11:00:19] non-ring atom 1 marked aromatic
[11:00:19] non-ring atom 1 marked aromatic
[11:00:19] non-ring atom 1 marked aromatic
[11:00:19] non-ring atom 1 marked aromatic
[11:00:19] non-ring atom 1 marked aromatic
ℹ Filtering hits in 'clitorin_b_ovatus_atcc_8483_and_b_ovatus_atcc_8483_d_opero…
✔ Saved hits filtered by Tanimoto similarity: 0.2, fold_change: 5 to: 'report/r…

ℹ Producing chromatogram plots for: 'clitorin_b_ovatus_atcc_8483_and_b_ovatus_a…
Processing chromatographic peaks for features
→ Saving feature: FT01070
ℹ Producing chromatogram plots for: 'clitorin_b_ovatus_atcc_8483_and_b_ovatus_a…
→ Saving feature: FT01755
ℹ Producing chromatogram plots for: 'clitorin_b_ovatus_atcc_8483_and_b_ovatus_a…
→ Saving feature: FT02807
ℹ Producing chromatogram plots for: 'clitorin_b_ovatus_atcc_8483_and_b_ovatus_a…
→ Saving feature: FT05316
ℹ Producing chromatogram plots for: 'clitorin_b_ovatus_atcc_8483_and_b_ovatus_a…
→ Saving feature: FT05649
ℹ Producing chromatogram plots for: 'clitorin_b_ovatus_atcc_8483_and_b_ovatus_a…
→ Saving feature: FT06204
ℹ Producing chromatogram plots for: 'clitorin_b_ovatus_atcc_8483_and_b_ovatus_a…
→ Saving feature: FT06456
ℹ Producing chromatogram plots for: 'clitorin_b_ovatus_atcc_8483_and_b_ovatus_a…
→ Saving feature: FT06626
ℹ Producing chromatogram plots for: 'clitorin_b_ovatus_atcc_8483_and_b_ovatus_a…
→ Saving feature: FT06835
ℹ Producing chromatogram plots for: 'clitorin_b_ovatus_atcc_8483_and_b_ovatus_a…
→ Saving feature: FT07153
ℹ Producing chromatogram plots for: 'clitorin_b_ovatus_atcc_8483_and_b_ovatus_a…
→ Saving feature: FT08268
ℹ Producing chromatogram plots for: 'clitorin_b_ovatus_atcc_8483_and_b_ovatus_a…
→ Saving feature: FT08400
ℹ Producing chromatogram plots for: 'clitorin_b_ovatus_atcc_8483_and_b_ovatus_a…
→ Saving feature: FT08537
ℹ Producing chromatogram plots for: 'clitorin_b_ovatus_atcc_8483_and_b_ovatus_a…
→ Saving feature: FT09001
ℹ Producing chromatogram plots for: 'clitorin_b_ovatus_atcc_8483_and_b_ovatus_a…
→ Saving feature: FT09017
ℹ Producing chromatogram plots for: 'clitorin_b_ovatus_atcc_8483_and_b_ovatus_a…
→ Saving feature: FT09190
ℹ Producing chromatogram plots for: 'clitorin_b_ovatus_atcc_8483_and_b_ovatus_a…
→ Saving feature: FT09836
ℹ Producing chromatogram plots for: 'clitorin_b_ovatus_atcc_8483_and_b_ovatus_a…
→ Saving feature: FT10062
ℹ Producing chromatogram plots for: 'clitorin_b_ovatus_atcc_8483_and_b_ovatus_a…
→ Saving feature: FT11417
ℹ Producing chromatogram plots for: 'clitorin_b_ovatus_atcc_8483_and_b_ovatus_a…
→ Saving feature: FT12908
ℹ Producing chromatogram plots for: 'clitorin_b_ovatus_atcc_8483_and_b_ovatus_a…
→ Saving feature: FT14599
ℹ Producing chromatogram plots for: 'clitorin_b_ovatus_atcc_8483_and_b_ovatus_a…
→ Saving feature: FT15042
ℹ Producing chromatogram plots for: 'clitorin_b_ovatus_atcc_8483_and_b_ovatus_a…
→ Saving feature: FT15337
ℹ Producing chromatogram plots for: 'clitorin_b_ovatus_atcc_8483_and_b_ovatus_a…
→ Saving feature: FT15548
ℹ Producing chromatogram plots for: 'clitorin_b_ovatus_atcc_8483_and_b_ovatus_a…
→ Saving feature: FT15843
ℹ Producing chromatogram plots for: 'clitorin_b_ovatus_atcc_8483_and_b_ovatus_a…
→ Saving feature: FT15916
ℹ Producing chromatogram plots for: 'clitorin_b_ovatus_atcc_8483_and_b_ovatus_a…
→ Saving feature: FT15963
ℹ Producing chromatogram plots for: 'clitorin_b_ovatus_atcc_8483_and_b_ovatus_a…
→ Saving feature: FT18775
ℹ Producing chromatogram plots for: 'clitorin_b_ovatus_atcc_8483_and_b_ovatus_a…
✔ Saved plots to: '/Volumes/bluecub/aglycone_release_100um_24h/output/clitorin_…

[11:00:51] non-ring atom 1 marked aromatic
[11:00:51] non-ring atom 1 marked aromatic
[11:00:51] non-ring atom 1 marked aromatic
[11:00:51] non-ring atom 1 marked aromatic
[11:00:51] non-ring atom 1 marked aromatic
[11:00:51] non-ring atom 1 marked aromatic
[11:00:51] non-ring atom 1 marked aromatic
ℹ Filtering hits in 'clitorin_b_thetaiotaomicron_vpi_5482' by Tanimoto similari…
✔ Saved hits filtered by Tanimoto similarity: 0.2, fold_change: 5 to: 'report/r…

ℹ Producing chromatogram plots for: 'clitorin_b_thetaiotaomicron_vpi_5482'
Processing chromatographic peaks for features
→ Saving feature: FT01073
ℹ Producing chromatogram plots for: 'clitorin_b_thetaiotaomicron_vpi_5482'
→ Saving feature: FT01528
ℹ Producing chromatogram plots for: 'clitorin_b_thetaiotaomicron_vpi_5482'
→ Saving feature: FT04597
ℹ Producing chromatogram plots for: 'clitorin_b_thetaiotaomicron_vpi_5482'
→ Saving feature: FT05262
ℹ Producing chromatogram plots for: 'clitorin_b_thetaiotaomicron_vpi_5482'
→ Saving feature: FT05838
ℹ Producing chromatogram plots for: 'clitorin_b_thetaiotaomicron_vpi_5482'
→ Saving feature: FT06065
ℹ Producing chromatogram plots for: 'clitorin_b_thetaiotaomicron_vpi_5482'
→ Saving feature: FT06205
ℹ Producing chromatogram plots for: 'clitorin_b_thetaiotaomicron_vpi_5482'
→ Saving feature: FT06300
ℹ Producing chromatogram plots for: 'clitorin_b_thetaiotaomicron_vpi_5482'
→ Saving feature: FT06387
ℹ Producing chromatogram plots for: 'clitorin_b_thetaiotaomicron_vpi_5482'
→ Saving feature: FT06732
ℹ Producing chromatogram plots for: 'clitorin_b_thetaiotaomicron_vpi_5482'
→ Saving feature: FT06743
ℹ Producing chromatogram plots for: 'clitorin_b_thetaiotaomicron_vpi_5482'
→ Saving feature: FT06876
ℹ Producing chromatogram plots for: 'clitorin_b_thetaiotaomicron_vpi_5482'
→ Saving feature: FT06937
ℹ Producing chromatogram plots for: 'clitorin_b_thetaiotaomicron_vpi_5482'
→ Saving feature: FT07549
ℹ Producing chromatogram plots for: 'clitorin_b_thetaiotaomicron_vpi_5482'
→ Saving feature: FT07882
ℹ Producing chromatogram plots for: 'clitorin_b_thetaiotaomicron_vpi_5482'
→ Saving feature: FT07939
ℹ Producing chromatogram plots for: 'clitorin_b_thetaiotaomicron_vpi_5482'
→ Saving feature: FT07969
ℹ Producing chromatogram plots for: 'clitorin_b_thetaiotaomicron_vpi_5482'
→ Saving feature: FT08605
ℹ Producing chromatogram plots for: 'clitorin_b_thetaiotaomicron_vpi_5482'
→ Saving feature: FT09232
ℹ Producing chromatogram plots for: 'clitorin_b_thetaiotaomicron_vpi_5482'
→ Saving feature: FT09997
ℹ Producing chromatogram plots for: 'clitorin_b_thetaiotaomicron_vpi_5482'
→ Saving feature: FT10454
ℹ Producing chromatogram plots for: 'clitorin_b_thetaiotaomicron_vpi_5482'
→ Saving feature: FT10804
ℹ Producing chromatogram plots for: 'clitorin_b_thetaiotaomicron_vpi_5482'
→ Saving feature: FT11141
ℹ Producing chromatogram plots for: 'clitorin_b_thetaiotaomicron_vpi_5482'
→ Saving feature: FT11820
ℹ Producing chromatogram plots for: 'clitorin_b_thetaiotaomicron_vpi_5482'
→ Saving feature: FT12993
ℹ Producing chromatogram plots for: 'clitorin_b_thetaiotaomicron_vpi_5482'
→ Saving feature: FT13371
ℹ Producing chromatogram plots for: 'clitorin_b_thetaiotaomicron_vpi_5482'
→ Saving feature: FT15250
ℹ Producing chromatogram plots for: 'clitorin_b_thetaiotaomicron_vpi_5482'
✔ Saved plots to: '/Volumes/bluecub/aglycone_release_100um_24h/output/clitorin_…

[11:01:14] non-ring atom 1 marked aromatic
[11:01:14] non-ring atom 1 marked aromatic
[11:01:14] non-ring atom 1 marked aromatic
[11:01:14] non-ring atom 1 marked aromatic
[11:01:14] non-ring atom 1 marked aromatic
ℹ Filtering hits in 'clitorin_b_uniformis_atcc_8492_and_bu_gsh_d_ggh_c_gsh_g' b…
✔ Saved hits filtered by Tanimoto similarity: 0.2, fold_change: 5 to: 'report/r…

ℹ Producing chromatogram plots for: 'clitorin_b_uniformis_atcc_8492_and_bu_gsh_…
Processing chromatographic peaks for features
→ Saving feature: FT01059
ℹ Producing chromatogram plots for: 'clitorin_b_uniformis_atcc_8492_and_bu_gsh_…
→ Saving feature: FT03737
ℹ Producing chromatogram plots for: 'clitorin_b_uniformis_atcc_8492_and_bu_gsh_…
→ Saving feature: FT04342
ℹ Producing chromatogram plots for: 'clitorin_b_uniformis_atcc_8492_and_bu_gsh_…
→ Saving feature: FT04633
ℹ Producing chromatogram plots for: 'clitorin_b_uniformis_atcc_8492_and_bu_gsh_…
→ Saving feature: FT05650
ℹ Producing chromatogram plots for: 'clitorin_b_uniformis_atcc_8492_and_bu_gsh_…
→ Saving feature: FT06356
ℹ Producing chromatogram plots for: 'clitorin_b_uniformis_atcc_8492_and_bu_gsh_…
→ Saving feature: FT06762
ℹ Producing chromatogram plots for: 'clitorin_b_uniformis_atcc_8492_and_bu_gsh_…
→ Saving feature: FT06963
ℹ Producing chromatogram plots for: 'clitorin_b_uniformis_atcc_8492_and_bu_gsh_…
→ Saving feature: FT07272
ℹ Producing chromatogram plots for: 'clitorin_b_uniformis_atcc_8492_and_bu_gsh_…
→ Saving feature: FT07390
ℹ Producing chromatogram plots for: 'clitorin_b_uniformis_atcc_8492_and_bu_gsh_…
→ Saving feature: FT07863
ℹ Producing chromatogram plots for: 'clitorin_b_uniformis_atcc_8492_and_bu_gsh_…
→ Saving feature: FT07875
ℹ Producing chromatogram plots for: 'clitorin_b_uniformis_atcc_8492_and_bu_gsh_…
→ Saving feature: FT08028
ℹ Producing chromatogram plots for: 'clitorin_b_uniformis_atcc_8492_and_bu_gsh_…
→ Saving feature: FT08894
ℹ Producing chromatogram plots for: 'clitorin_b_uniformis_atcc_8492_and_bu_gsh_…
→ Saving feature: FT08942
ℹ Producing chromatogram plots for: 'clitorin_b_uniformis_atcc_8492_and_bu_gsh_…
→ Saving feature: FT09952
ℹ Producing chromatogram plots for: 'clitorin_b_uniformis_atcc_8492_and_bu_gsh_…
→ Saving feature: FT10686
ℹ Producing chromatogram plots for: 'clitorin_b_uniformis_atcc_8492_and_bu_gsh_…
→ Saving feature: FT10728
ℹ Producing chromatogram plots for: 'clitorin_b_uniformis_atcc_8492_and_bu_gsh_…
→ Saving feature: FT10918
ℹ Producing chromatogram plots for: 'clitorin_b_uniformis_atcc_8492_and_bu_gsh_…
→ Saving feature: FT13634
ℹ Producing chromatogram plots for: 'clitorin_b_uniformis_atcc_8492_and_bu_gsh_…
→ Saving feature: FT13637
ℹ Producing chromatogram plots for: 'clitorin_b_uniformis_atcc_8492_and_bu_gsh_…
✔ Saved plots to: '/Volumes/bluecub/aglycone_release_100um_24h/output/clitorin_…

[11:01:41] non-ring atom 1 marked aromatic
[11:01:41] non-ring atom 1 marked aromatic
[11:01:41] non-ring atom 1 marked aromatic
ℹ Filtering hits in 'clitorin_p_copri_i_ak263' by Tanimoto similarity: 0.2, fol…
✔ Saved hits filtered by Tanimoto similarity: 0.2, fold_change: 5 to: 'report/r…

ℹ Producing chromatogram plots for: 'clitorin_p_copri_i_ak263'
Processing chromatographic peaks for features
→ Saving feature: FT01166
ℹ Producing chromatogram plots for: 'clitorin_p_copri_i_ak263'
→ Saving feature: FT01325
ℹ Producing chromatogram plots for: 'clitorin_p_copri_i_ak263'
→ Saving feature: FT01326
ℹ Producing chromatogram plots for: 'clitorin_p_copri_i_ak263'
→ Saving feature: FT01491
ℹ Producing chromatogram plots for: 'clitorin_p_copri_i_ak263'
→ Saving feature: FT03147
ℹ Producing chromatogram plots for: 'clitorin_p_copri_i_ak263'
→ Saving feature: FT03302
ℹ Producing chromatogram plots for: 'clitorin_p_copri_i_ak263'
→ Saving feature: FT03469
ℹ Producing chromatogram plots for: 'clitorin_p_copri_i_ak263'
→ Saving feature: FT03866
ℹ Producing chromatogram plots for: 'clitorin_p_copri_i_ak263'
→ Saving feature: FT05077
ℹ Producing chromatogram plots for: 'clitorin_p_copri_i_ak263'
→ Saving feature: FT05272
ℹ Producing chromatogram plots for: 'clitorin_p_copri_i_ak263'
→ Saving feature: FT05422
ℹ Producing chromatogram plots for: 'clitorin_p_copri_i_ak263'
→ Saving feature: FT05440
ℹ Producing chromatogram plots for: 'clitorin_p_copri_i_ak263'
→ Saving feature: FT05601
ℹ Producing chromatogram plots for: 'clitorin_p_copri_i_ak263'
→ Saving feature: FT05708
ℹ Producing chromatogram plots for: 'clitorin_p_copri_i_ak263'
→ Saving feature: FT05828
ℹ Producing chromatogram plots for: 'clitorin_p_copri_i_ak263'
→ Saving feature: FT06460
ℹ Producing chromatogram plots for: 'clitorin_p_copri_i_ak263'
→ Saving feature: FT07417
ℹ Producing chromatogram plots for: 'clitorin_p_copri_i_ak263'
→ Saving feature: FT07792
ℹ Producing chromatogram plots for: 'clitorin_p_copri_i_ak263'
→ Saving feature: FT08014
ℹ Producing chromatogram plots for: 'clitorin_p_copri_i_ak263'
→ Saving feature: FT08546
ℹ Producing chromatogram plots for: 'clitorin_p_copri_i_ak263'
→ Saving feature: FT09481
ℹ Producing chromatogram plots for: 'clitorin_p_copri_i_ak263'
→ Saving feature: FT09665
ℹ Producing chromatogram plots for: 'clitorin_p_copri_i_ak263'
→ Saving feature: FT09724
ℹ Producing chromatogram plots for: 'clitorin_p_copri_i_ak263'
→ Saving feature: FT09826
ℹ Producing chromatogram plots for: 'clitorin_p_copri_i_ak263'
→ Saving feature: FT09854
ℹ Producing chromatogram plots for: 'clitorin_p_copri_i_ak263'
→ Saving feature: FT10193
ℹ Producing chromatogram plots for: 'clitorin_p_copri_i_ak263'
→ Saving feature: FT10733
ℹ Producing chromatogram plots for: 'clitorin_p_copri_i_ak263'
✔ Saved plots to: '/Volumes/bluecub/aglycone_release_100um_24h/output/clitorin_…

[11:02:01] non-ring atom 1 marked aromatic
[11:02:01] non-ring atom 1 marked aromatic
[11:02:01] non-ring atom 5 marked aromatic
ℹ Filtering hits in 'grosvenorine_b_ovatus_atcc_8483_and_b_ovatus_atcc_8483_d_o…
✔ Saved hits filtered by Tanimoto similarity: 0.2, fold_change: 5 to: 'report/r…

ℹ Producing chromatogram plots for: 'grosvenorine_b_ovatus_atcc_8483_and_b_ovat…
Processing chromatographic peaks for features
→ Saving feature: FT06293
ℹ Producing chromatogram plots for: 'grosvenorine_b_ovatus_atcc_8483_and_b_ovat…
→ Saving feature: FT07518
ℹ Producing chromatogram plots for: 'grosvenorine_b_ovatus_atcc_8483_and_b_ovat…
→ Saving feature: FT07962
ℹ Producing chromatogram plots for: 'grosvenorine_b_ovatus_atcc_8483_and_b_ovat…
→ Saving feature: FT08617
ℹ Producing chromatogram plots for: 'grosvenorine_b_ovatus_atcc_8483_and_b_ovat…
→ Saving feature: FT09316
ℹ Producing chromatogram plots for: 'grosvenorine_b_ovatus_atcc_8483_and_b_ovat…
→ Saving feature: FT13136
ℹ Producing chromatogram plots for: 'grosvenorine_b_ovatus_atcc_8483_and_b_ovat…
→ Saving feature: FT13549
ℹ Producing chromatogram plots for: 'grosvenorine_b_ovatus_atcc_8483_and_b_ovat…
→ Saving feature: FT13593
ℹ Producing chromatogram plots for: 'grosvenorine_b_ovatus_atcc_8483_and_b_ovat…
→ Saving feature: FT13686
ℹ Producing chromatogram plots for: 'grosvenorine_b_ovatus_atcc_8483_and_b_ovat…
→ Saving feature: FT15077
ℹ Producing chromatogram plots for: 'grosvenorine_b_ovatus_atcc_8483_and_b_ovat…
→ Saving feature: FT17427
ℹ Producing chromatogram plots for: 'grosvenorine_b_ovatus_atcc_8483_and_b_ovat…
→ Saving feature: FT22376
ℹ Producing chromatogram plots for: 'grosvenorine_b_ovatus_atcc_8483_and_b_ovat…
✔ Saved plots to: '/Volumes/bluecub/aglycone_release_100um_24h/output/grosvenor…

[11:02:28] non-ring atom 1 marked aromatic
[11:02:28] non-ring atom 1 marked aromatic
[11:02:28] non-ring atom 1 marked aromatic
ℹ Filtering hits in 'grosvenorine_b_thetaiotaomicron_vpi_5482' by Tanimoto simi…
✔ Saved hits filtered by Tanimoto similarity: 0.2, fold_change: 5 to: 'report/r…

ℹ Producing chromatogram plots for: 'grosvenorine_b_thetaiotaomicron_vpi_5482'
Processing chromatographic peaks for features
→ Saving feature: FT01372
ℹ Producing chromatogram plots for: 'grosvenorine_b_thetaiotaomicron_vpi_5482'
→ Saving feature: FT01526
ℹ Producing chromatogram plots for: 'grosvenorine_b_thetaiotaomicron_vpi_5482'
→ Saving feature: FT02200
ℹ Producing chromatogram plots for: 'grosvenorine_b_thetaiotaomicron_vpi_5482'
→ Saving feature: FT03102
ℹ Producing chromatogram plots for: 'grosvenorine_b_thetaiotaomicron_vpi_5482'
→ Saving feature: FT03563
ℹ Producing chromatogram plots for: 'grosvenorine_b_thetaiotaomicron_vpi_5482'
→ Saving feature: FT05056
ℹ Producing chromatogram plots for: 'grosvenorine_b_thetaiotaomicron_vpi_5482'
→ Saving feature: FT05994
ℹ Producing chromatogram plots for: 'grosvenorine_b_thetaiotaomicron_vpi_5482'
→ Saving feature: FT06351
ℹ Producing chromatogram plots for: 'grosvenorine_b_thetaiotaomicron_vpi_5482'
→ Saving feature: FT06413
ℹ Producing chromatogram plots for: 'grosvenorine_b_thetaiotaomicron_vpi_5482'
→ Saving feature: FT06470
ℹ Producing chromatogram plots for: 'grosvenorine_b_thetaiotaomicron_vpi_5482'
→ Saving feature: FT06873
ℹ Producing chromatogram plots for: 'grosvenorine_b_thetaiotaomicron_vpi_5482'
→ Saving feature: FT07269
ℹ Producing chromatogram plots for: 'grosvenorine_b_thetaiotaomicron_vpi_5482'
→ Saving feature: FT08893
ℹ Producing chromatogram plots for: 'grosvenorine_b_thetaiotaomicron_vpi_5482'
→ Saving feature: FT09184
ℹ Producing chromatogram plots for: 'grosvenorine_b_thetaiotaomicron_vpi_5482'
→ Saving feature: FT09788
ℹ Producing chromatogram plots for: 'grosvenorine_b_thetaiotaomicron_vpi_5482'
→ Saving feature: FT10013
ℹ Producing chromatogram plots for: 'grosvenorine_b_thetaiotaomicron_vpi_5482'
→ Saving feature: FT10227
ℹ Producing chromatogram plots for: 'grosvenorine_b_thetaiotaomicron_vpi_5482'
→ Saving feature: FT11216
ℹ Producing chromatogram plots for: 'grosvenorine_b_thetaiotaomicron_vpi_5482'
→ Saving feature: FT15224
ℹ Producing chromatogram plots for: 'grosvenorine_b_thetaiotaomicron_vpi_5482'
✔ Saved plots to: '/Volumes/bluecub/aglycone_release_100um_24h/output/grosvenor…

[11:02:48] non-ring atom 1 marked aromatic
[11:02:48] non-ring atom 1 marked aromatic
[11:02:48] non-ring atom 1 marked aromatic
[11:02:48] non-ring atom 1 marked aromatic
ℹ Filtering hits in 'grosvenorine_b_uniformis_atcc_8492_and_bu_gsh_d_ggh_c_gsh_…
✔ Saved hits filtered by Tanimoto similarity: 0.2, fold_change: 5 to: 'report/r…

ℹ Producing chromatogram plots for: 'grosvenorine_b_uniformis_atcc_8492_and_bu_…
Processing chromatographic peaks for features
→ Saving feature: FT04113
ℹ Producing chromatogram plots for: 'grosvenorine_b_uniformis_atcc_8492_and_bu_…
→ Saving feature: FT06682
ℹ Producing chromatogram plots for: 'grosvenorine_b_uniformis_atcc_8492_and_bu_…
→ Saving feature: FT07563
ℹ Producing chromatogram plots for: 'grosvenorine_b_uniformis_atcc_8492_and_bu_…
→ Saving feature: FT07624
ℹ Producing chromatogram plots for: 'grosvenorine_b_uniformis_atcc_8492_and_bu_…
→ Saving feature: FT07905
ℹ Producing chromatogram plots for: 'grosvenorine_b_uniformis_atcc_8492_and_bu_…
→ Saving feature: FT08255
ℹ Producing chromatogram plots for: 'grosvenorine_b_uniformis_atcc_8492_and_bu_…
→ Saving feature: FT11662
ℹ Producing chromatogram plots for: 'grosvenorine_b_uniformis_atcc_8492_and_bu_…
→ Saving feature: FT12151
ℹ Producing chromatogram plots for: 'grosvenorine_b_uniformis_atcc_8492_and_bu_…
→ Saving feature: FT13092
ℹ Producing chromatogram plots for: 'grosvenorine_b_uniformis_atcc_8492_and_bu_…
→ Saving feature: FT13921
ℹ Producing chromatogram plots for: 'grosvenorine_b_uniformis_atcc_8492_and_bu_…
→ Saving feature: FT17197
ℹ Producing chromatogram plots for: 'grosvenorine_b_uniformis_atcc_8492_and_bu_…
✔ Saved plots to: '/Volumes/bluecub/aglycone_release_100um_24h/output/grosvenor…

[11:03:11] non-ring atom 1 marked aromatic
[11:03:11] non-ring atom 1 marked aromatic
ℹ Filtering hits in 'grosvenorine_p_copri_i_ak263' by Tanimoto similarity: 0.2,…
✔ Saved hits filtered by Tanimoto similarity: 0.2, fold_change: 5 to: 'report/r…

ℹ Producing chromatogram plots for: 'grosvenorine_p_copri_i_ak263'
Processing chromatographic peaks for features
→ Saving feature: FT01248
ℹ Producing chromatogram plots for: 'grosvenorine_p_copri_i_ak263'
→ Saving feature: FT01353
ℹ Producing chromatogram plots for: 'grosvenorine_p_copri_i_ak263'
→ Saving feature: FT03657
ℹ Producing chromatogram plots for: 'grosvenorine_p_copri_i_ak263'
→ Saving feature: FT03874
ℹ Producing chromatogram plots for: 'grosvenorine_p_copri_i_ak263'
→ Saving feature: FT05179
ℹ Producing chromatogram plots for: 'grosvenorine_p_copri_i_ak263'
→ Saving feature: FT05469
ℹ Producing chromatogram plots for: 'grosvenorine_p_copri_i_ak263'
→ Saving feature: FT06204
ℹ Producing chromatogram plots for: 'grosvenorine_p_copri_i_ak263'
→ Saving feature: FT07275
ℹ Producing chromatogram plots for: 'grosvenorine_p_copri_i_ak263'
→ Saving feature: FT07651
ℹ Producing chromatogram plots for: 'grosvenorine_p_copri_i_ak263'
→ Saving feature: FT09781
ℹ Producing chromatogram plots for: 'grosvenorine_p_copri_i_ak263'
→ Saving feature: FT12232
ℹ Producing chromatogram plots for: 'grosvenorine_p_copri_i_ak263'
✔ Saved plots to: '/Volumes/bluecub/aglycone_release_100um_24h/output/grosvenor…

[11:03:27] non-ring atom 1 marked aromatic
[11:03:27] non-ring atom 5 marked aromatic
ℹ Filtering hits in 'hesperetin_7_o_glucoside_b_ovatus_atcc_8483_and_b_ovatus_a…
✔ Saved hits filtered by Tanimoto similarity: 0.2, fold_change: 5 to: 'report/r…

ℹ Producing chromatogram plots for: 'hesperetin_7_o_glucoside_b_ovatus_atcc_848…
Processing chromatographic peaks for features
→ Saving feature: FT00293
ℹ Producing chromatogram plots for: 'hesperetin_7_o_glucoside_b_ovatus_atcc_848…
→ Saving feature: FT02122
ℹ Producing chromatogram plots for: 'hesperetin_7_o_glucoside_b_ovatus_atcc_848…
→ Saving feature: FT07346
ℹ Producing chromatogram plots for: 'hesperetin_7_o_glucoside_b_ovatus_atcc_848…
→ Saving feature: FT08614
ℹ Producing chromatogram plots for: 'hesperetin_7_o_glucoside_b_ovatus_atcc_848…
→ Saving feature: FT08654
ℹ Producing chromatogram plots for: 'hesperetin_7_o_glucoside_b_ovatus_atcc_848…
→ Saving feature: FT09321
ℹ Producing chromatogram plots for: 'hesperetin_7_o_glucoside_b_ovatus_atcc_848…
✔ Saved plots to: '/Volumes/bluecub/aglycone_release_100um_24h/output/hespereti…

ℹ Filtering hits in 'hesperetin_7_o_glucoside_b_thetaiotaomicron_vpi_5482' by T…
✔ Saved hits filtered by Tanimoto similarity: 0.2, fold_change: 5 to: 'report/r…

ℹ Producing chromatogram plots for: 'hesperetin_7_o_glucoside_b_thetaiotaomicro…
Processing chromatographic peaks for features
→ Saving feature: FT00251
ℹ Producing chromatogram plots for: 'hesperetin_7_o_glucoside_b_thetaiotaomicro…
→ Saving feature: FT04123
ℹ Producing chromatogram plots for: 'hesperetin_7_o_glucoside_b_thetaiotaomicro…
→ Saving feature: FT04401
ℹ Producing chromatogram plots for: 'hesperetin_7_o_glucoside_b_thetaiotaomicro…
→ Saving feature: FT04450
ℹ Producing chromatogram plots for: 'hesperetin_7_o_glucoside_b_thetaiotaomicro…
→ Saving feature: FT05599
ℹ Producing chromatogram plots for: 'hesperetin_7_o_glucoside_b_thetaiotaomicro…
→ Saving feature: FT05782
ℹ Producing chromatogram plots for: 'hesperetin_7_o_glucoside_b_thetaiotaomicro…
→ Saving feature: FT06020
ℹ Producing chromatogram plots for: 'hesperetin_7_o_glucoside_b_thetaiotaomicro…
→ Saving feature: FT06254
ℹ Producing chromatogram plots for: 'hesperetin_7_o_glucoside_b_thetaiotaomicro…
→ Saving feature: FT06295
ℹ Producing chromatogram plots for: 'hesperetin_7_o_glucoside_b_thetaiotaomicro…
→ Saving feature: FT08011
ℹ Producing chromatogram plots for: 'hesperetin_7_o_glucoside_b_thetaiotaomicro…
→ Saving feature: FT08100
ℹ Producing chromatogram plots for: 'hesperetin_7_o_glucoside_b_thetaiotaomicro…
→ Saving feature: FT08114
ℹ Producing chromatogram plots for: 'hesperetin_7_o_glucoside_b_thetaiotaomicro…
→ Saving feature: FT08283
ℹ Producing chromatogram plots for: 'hesperetin_7_o_glucoside_b_thetaiotaomicro…
✔ Saved plots to: '/Volumes/bluecub/aglycone_release_100um_24h/output/hespereti…

[11:04:05] non-ring atom 1 marked aromatic
ℹ Filtering hits in 'hesperetin_7_o_glucoside_b_uniformis_atcc_8492_and_bu_gsh_…
✔ Saved hits filtered by Tanimoto similarity: 0.2, fold_change: 5 to: 'report/r…

ℹ Producing chromatogram plots for: 'hesperetin_7_o_glucoside_b_uniformis_atcc_…
Processing chromatographic peaks for features
→ Saving feature: FT00294
ℹ Producing chromatogram plots for: 'hesperetin_7_o_glucoside_b_uniformis_atcc_…
→ Saving feature: FT02287
ℹ Producing chromatogram plots for: 'hesperetin_7_o_glucoside_b_uniformis_atcc_…
→ Saving feature: FT03881
ℹ Producing chromatogram plots for: 'hesperetin_7_o_glucoside_b_uniformis_atcc_…
→ Saving feature: FT06060
ℹ Producing chromatogram plots for: 'hesperetin_7_o_glucoside_b_uniformis_atcc_…
→ Saving feature: FT07494
ℹ Producing chromatogram plots for: 'hesperetin_7_o_glucoside_b_uniformis_atcc_…
→ Saving feature: FT07532
ℹ Producing chromatogram plots for: 'hesperetin_7_o_glucoside_b_uniformis_atcc_…
→ Saving feature: FT07851
ℹ Producing chromatogram plots for: 'hesperetin_7_o_glucoside_b_uniformis_atcc_…
→ Saving feature: FT07995
ℹ Producing chromatogram plots for: 'hesperetin_7_o_glucoside_b_uniformis_atcc_…
→ Saving feature: FT08432
ℹ Producing chromatogram plots for: 'hesperetin_7_o_glucoside_b_uniformis_atcc_…
→ Saving feature: FT09675
ℹ Producing chromatogram plots for: 'hesperetin_7_o_glucoside_b_uniformis_atcc_…
✔ Saved plots to: '/Volumes/bluecub/aglycone_release_100um_24h/output/hespereti…

[11:04:24] non-ring atom 1 marked aromatic
[11:04:24] non-ring atom 1 marked aromatic
[11:04:24] non-ring atom 1 marked aromatic
ℹ Filtering hits in 'hesperetin_7_o_glucoside_p_copri_i_ak263' by Tanimoto simi…
✔ Saved hits filtered by Tanimoto similarity: 0.2, fold_change: 5 to: 'report/r…

ℹ Producing chromatogram plots for: 'hesperetin_7_o_glucoside_p_copri_i_ak263'
Processing chromatographic peaks for features
→ Saving feature: FT00218
ℹ Producing chromatogram plots for: 'hesperetin_7_o_glucoside_p_copri_i_ak263'
→ Saving feature: FT01514
ℹ Producing chromatogram plots for: 'hesperetin_7_o_glucoside_p_copri_i_ak263'
→ Saving feature: FT03440
ℹ Producing chromatogram plots for: 'hesperetin_7_o_glucoside_p_copri_i_ak263'
→ Saving feature: FT04297
ℹ Producing chromatogram plots for: 'hesperetin_7_o_glucoside_p_copri_i_ak263'
→ Saving feature: FT04557
ℹ Producing chromatogram plots for: 'hesperetin_7_o_glucoside_p_copri_i_ak263'
→ Saving feature: FT04744
ℹ Producing chromatogram plots for: 'hesperetin_7_o_glucoside_p_copri_i_ak263'
→ Saving feature: FT08170
ℹ Producing chromatogram plots for: 'hesperetin_7_o_glucoside_p_copri_i_ak263'
✔ Saved plots to: '/Volumes/bluecub/aglycone_release_100um_24h/output/hespereti…

ℹ Filtering hits in 'isoquercitroside_b_ovatus_atcc_8483_and_b_ovatus_atcc_8483…
✔ Saved hits filtered by Tanimoto similarity: 0.2, fold_change: 5 to: 'report/r…

ℹ Producing chromatogram plots for: 'isoquercitroside_b_ovatus_atcc_8483_and_b_…
Processing chromatographic peaks for features
→ Saving feature: FT05375
ℹ Producing chromatogram plots for: 'isoquercitroside_b_ovatus_atcc_8483_and_b_…
→ Saving feature: FT05558
ℹ Producing chromatogram plots for: 'isoquercitroside_b_ovatus_atcc_8483_and_b_…
→ Saving feature: FT07062
ℹ Producing chromatogram plots for: 'isoquercitroside_b_ovatus_atcc_8483_and_b_…
→ Saving feature: FT07115
ℹ Producing chromatogram plots for: 'isoquercitroside_b_ovatus_atcc_8483_and_b_…
→ Saving feature: FT07736
ℹ Producing chromatogram plots for: 'isoquercitroside_b_ovatus_atcc_8483_and_b_…
→ Saving feature: FT07954
ℹ Producing chromatogram plots for: 'isoquercitroside_b_ovatus_atcc_8483_and_b_…
→ Saving feature: FT08116
ℹ Producing chromatogram plots for: 'isoquercitroside_b_ovatus_atcc_8483_and_b_…
→ Saving feature: FT09410
ℹ Producing chromatogram plots for: 'isoquercitroside_b_ovatus_atcc_8483_and_b_…
→ Saving feature: FT09621
ℹ Producing chromatogram plots for: 'isoquercitroside_b_ovatus_atcc_8483_and_b_…
→ Saving feature: FT10225
ℹ Producing chromatogram plots for: 'isoquercitroside_b_ovatus_atcc_8483_and_b_…
→ Saving feature: FT14130
ℹ Producing chromatogram plots for: 'isoquercitroside_b_ovatus_atcc_8483_and_b_…
→ Saving feature: FT14910
ℹ Producing chromatogram plots for: 'isoquercitroside_b_ovatus_atcc_8483_and_b_…
→ Saving feature: FT16092
ℹ Producing chromatogram plots for: 'isoquercitroside_b_ovatus_atcc_8483_and_b_…
→ Saving feature: FT16397
ℹ Producing chromatogram plots for: 'isoquercitroside_b_ovatus_atcc_8483_and_b_…
→ Saving feature: FT25392
ℹ Producing chromatogram plots for: 'isoquercitroside_b_ovatus_atcc_8483_and_b_…
✔ Saved plots to: '/Volumes/bluecub/aglycone_release_100um_24h/output/isoquerci…

[11:05:10] non-ring atom 1 marked aromatic
[11:05:10] non-ring atom 1 marked aromatic
[11:05:10] non-ring atom 3 marked aromatic
ℹ Filtering hits in 'isoquercitroside_b_thetaiotaomicron_vpi_5482' by Tanimoto …
✔ Saved hits filtered by Tanimoto similarity: 0.2, fold_change: 5 to: 'report/r…

ℹ Producing chromatogram plots for: 'isoquercitroside_b_thetaiotaomicron_vpi_54…
Processing chromatographic peaks for features
→ Saving feature: FT00493
ℹ Producing chromatogram plots for: 'isoquercitroside_b_thetaiotaomicron_vpi_54…
→ Saving feature: FT01018
ℹ Producing chromatogram plots for: 'isoquercitroside_b_thetaiotaomicron_vpi_54…
→ Saving feature: FT04082
ℹ Producing chromatogram plots for: 'isoquercitroside_b_thetaiotaomicron_vpi_54…
→ Saving feature: FT04303
ℹ Producing chromatogram plots for: 'isoquercitroside_b_thetaiotaomicron_vpi_54…
→ Saving feature: FT04959
ℹ Producing chromatogram plots for: 'isoquercitroside_b_thetaiotaomicron_vpi_54…
→ Saving feature: FT05914
ℹ Producing chromatogram plots for: 'isoquercitroside_b_thetaiotaomicron_vpi_54…
→ Saving feature: FT05945
ℹ Producing chromatogram plots for: 'isoquercitroside_b_thetaiotaomicron_vpi_54…
→ Saving feature: FT06078
ℹ Producing chromatogram plots for: 'isoquercitroside_b_thetaiotaomicron_vpi_54…
→ Saving feature: FT06087
ℹ Producing chromatogram plots for: 'isoquercitroside_b_thetaiotaomicron_vpi_54…
→ Saving feature: FT06921
ℹ Producing chromatogram plots for: 'isoquercitroside_b_thetaiotaomicron_vpi_54…
→ Saving feature: FT07059
ℹ Producing chromatogram plots for: 'isoquercitroside_b_thetaiotaomicron_vpi_54…
→ Saving feature: FT07221
ℹ Producing chromatogram plots for: 'isoquercitroside_b_thetaiotaomicron_vpi_54…
→ Saving feature: FT08403
ℹ Producing chromatogram plots for: 'isoquercitroside_b_thetaiotaomicron_vpi_54…
→ Saving feature: FT09709
ℹ Producing chromatogram plots for: 'isoquercitroside_b_thetaiotaomicron_vpi_54…
→ Saving feature: FT09920
ℹ Producing chromatogram plots for: 'isoquercitroside_b_thetaiotaomicron_vpi_54…
→ Saving feature: FT10539
ℹ Producing chromatogram plots for: 'isoquercitroside_b_thetaiotaomicron_vpi_54…
→ Saving feature: FT10705
ℹ Producing chromatogram plots for: 'isoquercitroside_b_thetaiotaomicron_vpi_54…
→ Saving feature: FT10780
ℹ Producing chromatogram plots for: 'isoquercitroside_b_thetaiotaomicron_vpi_54…
→ Saving feature: FT10815
ℹ Producing chromatogram plots for: 'isoquercitroside_b_thetaiotaomicron_vpi_54…
→ Saving feature: FT10842
ℹ Producing chromatogram plots for: 'isoquercitroside_b_thetaiotaomicron_vpi_54…
→ Saving feature: FT11009
ℹ Producing chromatogram plots for: 'isoquercitroside_b_thetaiotaomicron_vpi_54…
→ Saving feature: FT11678
ℹ Producing chromatogram plots for: 'isoquercitroside_b_thetaiotaomicron_vpi_54…
→ Saving feature: FT11721
ℹ Producing chromatogram plots for: 'isoquercitroside_b_thetaiotaomicron_vpi_54…
→ Saving feature: FT12185
ℹ Producing chromatogram plots for: 'isoquercitroside_b_thetaiotaomicron_vpi_54…
→ Saving feature: FT12384
ℹ Producing chromatogram plots for: 'isoquercitroside_b_thetaiotaomicron_vpi_54…
→ Saving feature: FT12423
ℹ Producing chromatogram plots for: 'isoquercitroside_b_thetaiotaomicron_vpi_54…
→ Saving feature: FT12485
ℹ Producing chromatogram plots for: 'isoquercitroside_b_thetaiotaomicron_vpi_54…
→ Saving feature: FT12525
ℹ Producing chromatogram plots for: 'isoquercitroside_b_thetaiotaomicron_vpi_54…
→ Saving feature: FT13097
ℹ Producing chromatogram plots for: 'isoquercitroside_b_thetaiotaomicron_vpi_54…
→ Saving feature: FT13340
ℹ Producing chromatogram plots for: 'isoquercitroside_b_thetaiotaomicron_vpi_54…
→ Saving feature: FT13561
ℹ Producing chromatogram plots for: 'isoquercitroside_b_thetaiotaomicron_vpi_54…
→ Saving feature: FT13945
ℹ Producing chromatogram plots for: 'isoquercitroside_b_thetaiotaomicron_vpi_54…
→ Saving feature: FT14322
ℹ Producing chromatogram plots for: 'isoquercitroside_b_thetaiotaomicron_vpi_54…
→ Saving feature: FT14839
ℹ Producing chromatogram plots for: 'isoquercitroside_b_thetaiotaomicron_vpi_54…
→ Saving feature: FT15579
ℹ Producing chromatogram plots for: 'isoquercitroside_b_thetaiotaomicron_vpi_54…
✔ Saved plots to: '/Volumes/bluecub/aglycone_release_100um_24h/output/isoquerci…

/Users/wilhelm/Library/CloudStorage/ProtonDrive-wilhelm.sjoland@proton.me-folder/01_juniper/01_arbete/01_projekt/03_psm/script_tools/create_report.py:100: DtypeWarning: Columns (0: <html><head>) have mixed types. Specify dtype option on import or set low_memory=False.
  anno_similarities = pd.read_csv(
[11:05:36] non-ring atom 1 marked aromatic
[11:05:36] non-ring atom 1 marked aromatic
[11:05:36] non-ring atom 1 marked aromatic
[11:05:36] non-ring atom 1 marked aromatic
[11:05:36] non-ring atom 1 marked aromatic
[11:05:36] non-ring atom 3 marked aromatic
ℹ Filtering hits in 'isoquercitroside_b_uniformis_atcc_8492_and_bu_gsh_d_ggh_c_…
✔ Saved hits filtered by Tanimoto similarity: 0.2, fold_change: 5 to: 'report/r…

ℹ Producing chromatogram plots for: 'isoquercitroside_b_uniformis_atcc_8492_and…
Processing chromatographic peaks for features
→ Saving feature: FT01850
ℹ Producing chromatogram plots for: 'isoquercitroside_b_uniformis_atcc_8492_and…
→ Saving feature: FT03786
ℹ Producing chromatogram plots for: 'isoquercitroside_b_uniformis_atcc_8492_and…
→ Saving feature: FT04309
ℹ Producing chromatogram plots for: 'isoquercitroside_b_uniformis_atcc_8492_and…
→ Saving feature: FT04816
ℹ Producing chromatogram plots for: 'isoquercitroside_b_uniformis_atcc_8492_and…
→ Saving feature: FT04994
ℹ Producing chromatogram plots for: 'isoquercitroside_b_uniformis_atcc_8492_and…
→ Saving feature: FT04997
ℹ Producing chromatogram plots for: 'isoquercitroside_b_uniformis_atcc_8492_and…
→ Saving feature: FT04999
ℹ Producing chromatogram plots for: 'isoquercitroside_b_uniformis_atcc_8492_and…
→ Saving feature: FT06031
ℹ Producing chromatogram plots for: 'isoquercitroside_b_uniformis_atcc_8492_and…
→ Saving feature: FT06061
ℹ Producing chromatogram plots for: 'isoquercitroside_b_uniformis_atcc_8492_and…
→ Saving feature: FT06935
ℹ Producing chromatogram plots for: 'isoquercitroside_b_uniformis_atcc_8492_and…
→ Saving feature: FT07048
ℹ Producing chromatogram plots for: 'isoquercitroside_b_uniformis_atcc_8492_and…
→ Saving feature: FT07079
ℹ Producing chromatogram plots for: 'isoquercitroside_b_uniformis_atcc_8492_and…
→ Saving feature: FT08337
ℹ Producing chromatogram plots for: 'isoquercitroside_b_uniformis_atcc_8492_and…
→ Saving feature: FT08467
ℹ Producing chromatogram plots for: 'isoquercitroside_b_uniformis_atcc_8492_and…
→ Saving feature: FT09561
ℹ Producing chromatogram plots for: 'isoquercitroside_b_uniformis_atcc_8492_and…
→ Saving feature: FT09619
ℹ Producing chromatogram plots for: 'isoquercitroside_b_uniformis_atcc_8492_and…
→ Saving feature: FT11273
ℹ Producing chromatogram plots for: 'isoquercitroside_b_uniformis_atcc_8492_and…
→ Saving feature: FT11314
ℹ Producing chromatogram plots for: 'isoquercitroside_b_uniformis_atcc_8492_and…
→ Saving feature: FT12700
ℹ Producing chromatogram plots for: 'isoquercitroside_b_uniformis_atcc_8492_and…
→ Saving feature: FT13971
ℹ Producing chromatogram plots for: 'isoquercitroside_b_uniformis_atcc_8492_and…
→ Saving feature: FT15359
ℹ Producing chromatogram plots for: 'isoquercitroside_b_uniformis_atcc_8492_and…
→ Saving feature: FT15994
ℹ Producing chromatogram plots for: 'isoquercitroside_b_uniformis_atcc_8492_and…
→ Saving feature: FT19476
ℹ Producing chromatogram plots for: 'isoquercitroside_b_uniformis_atcc_8492_and…
✔ Saved plots to: '/Volumes/bluecub/aglycone_release_100um_24h/output/isoquerci…

[11:06:07] non-ring atom 1 marked aromatic
[11:06:07] non-ring atom 1 marked aromatic
ℹ Filtering hits in 'isoquercitroside_p_copri_i_ak263' by Tanimoto similarity: …
✔ Saved hits filtered by Tanimoto similarity: 0.2, fold_change: 5 to: 'report/r…

ℹ Producing chromatogram plots for: 'isoquercitroside_p_copri_i_ak263'
Processing chromatographic peaks for features
→ Saving feature: FT00623
ℹ Producing chromatogram plots for: 'isoquercitroside_p_copri_i_ak263'
→ Saving feature: FT01376
ℹ Producing chromatogram plots for: 'isoquercitroside_p_copri_i_ak263'
→ Saving feature: FT01589
ℹ Producing chromatogram plots for: 'isoquercitroside_p_copri_i_ak263'
→ Saving feature: FT02855
ℹ Producing chromatogram plots for: 'isoquercitroside_p_copri_i_ak263'
→ Saving feature: FT03248
ℹ Producing chromatogram plots for: 'isoquercitroside_p_copri_i_ak263'
→ Saving feature: FT03295
ℹ Producing chromatogram plots for: 'isoquercitroside_p_copri_i_ak263'
→ Saving feature: FT03608
ℹ Producing chromatogram plots for: 'isoquercitroside_p_copri_i_ak263'
→ Saving feature: FT03854
ℹ Producing chromatogram plots for: 'isoquercitroside_p_copri_i_ak263'
→ Saving feature: FT04081
ℹ Producing chromatogram plots for: 'isoquercitroside_p_copri_i_ak263'
→ Saving feature: FT04865
ℹ Producing chromatogram plots for: 'isoquercitroside_p_copri_i_ak263'
→ Saving feature: FT05173
ℹ Producing chromatogram plots for: 'isoquercitroside_p_copri_i_ak263'
→ Saving feature: FT05435
ℹ Producing chromatogram plots for: 'isoquercitroside_p_copri_i_ak263'
→ Saving feature: FT06088
ℹ Producing chromatogram plots for: 'isoquercitroside_p_copri_i_ak263'
→ Saving feature: FT06307
ℹ Producing chromatogram plots for: 'isoquercitroside_p_copri_i_ak263'
→ Saving feature: FT06500
ℹ Producing chromatogram plots for: 'isoquercitroside_p_copri_i_ak263'
→ Saving feature: FT07592
ℹ Producing chromatogram plots for: 'isoquercitroside_p_copri_i_ak263'
→ Saving feature: FT07913
ℹ Producing chromatogram plots for: 'isoquercitroside_p_copri_i_ak263'
→ Saving feature: FT08370
ℹ Producing chromatogram plots for: 'isoquercitroside_p_copri_i_ak263'
→ Saving feature: FT08635
ℹ Producing chromatogram plots for: 'isoquercitroside_p_copri_i_ak263'
→ Saving feature: FT09871
ℹ Producing chromatogram plots for: 'isoquercitroside_p_copri_i_ak263'
→ Saving feature: FT10699
ℹ Producing chromatogram plots for: 'isoquercitroside_p_copri_i_ak263'
→ Saving feature: FT10760
ℹ Producing chromatogram plots for: 'isoquercitroside_p_copri_i_ak263'
→ Saving feature: FT10791
ℹ Producing chromatogram plots for: 'isoquercitroside_p_copri_i_ak263'
→ Saving feature: FT10872
ℹ Producing chromatogram plots for: 'isoquercitroside_p_copri_i_ak263'
→ Saving feature: FT11004
ℹ Producing chromatogram plots for: 'isoquercitroside_p_copri_i_ak263'
→ Saving feature: FT11030
ℹ Producing chromatogram plots for: 'isoquercitroside_p_copri_i_ak263'
→ Saving feature: FT11167
ℹ Producing chromatogram plots for: 'isoquercitroside_p_copri_i_ak263'
→ Saving feature: FT11950
ℹ Producing chromatogram plots for: 'isoquercitroside_p_copri_i_ak263'
→ Saving feature: FT12204
ℹ Producing chromatogram plots for: 'isoquercitroside_p_copri_i_ak263'
→ Saving feature: FT12347
ℹ Producing chromatogram plots for: 'isoquercitroside_p_copri_i_ak263'
→ Saving feature: FT12828
ℹ Producing chromatogram plots for: 'isoquercitroside_p_copri_i_ak263'
✔ Saved plots to: '/Volumes/bluecub/aglycone_release_100um_24h/output/isoquerci…

[11:06:30] non-ring atom 1 marked aromatic
[11:06:30] non-ring atom 3 marked aromatic
ℹ Filtering hits in 'isorhamnetin_3_o_b_d_glucoside_b_ovatus_atcc_8483_and_b_ov…
✔ Saved hits filtered by Tanimoto similarity: 0.2, fold_change: 5 to: 'report/r…

ℹ Producing chromatogram plots for: 'isorhamnetin_3_o_b_d_glucoside_b_ovatus_at…
Processing chromatographic peaks for features
→ Saving feature: FT01267
ℹ Producing chromatogram plots for: 'isorhamnetin_3_o_b_d_glucoside_b_ovatus_at…
→ Saving feature: FT03399
ℹ Producing chromatogram plots for: 'isorhamnetin_3_o_b_d_glucoside_b_ovatus_at…
→ Saving feature: FT04410
ℹ Producing chromatogram plots for: 'isorhamnetin_3_o_b_d_glucoside_b_ovatus_at…
→ Saving feature: FT05830
ℹ Producing chromatogram plots for: 'isorhamnetin_3_o_b_d_glucoside_b_ovatus_at…
→ Saving feature: FT06090
ℹ Producing chromatogram plots for: 'isorhamnetin_3_o_b_d_glucoside_b_ovatus_at…
→ Saving feature: FT06752
ℹ Producing chromatogram plots for: 'isorhamnetin_3_o_b_d_glucoside_b_ovatus_at…
→ Saving feature: FT06759
ℹ Producing chromatogram plots for: 'isorhamnetin_3_o_b_d_glucoside_b_ovatus_at…
→ Saving feature: FT07326
ℹ Producing chromatogram plots for: 'isorhamnetin_3_o_b_d_glucoside_b_ovatus_at…
→ Saving feature: FT07385
ℹ Producing chromatogram plots for: 'isorhamnetin_3_o_b_d_glucoside_b_ovatus_at…
→ Saving feature: FT07461
ℹ Producing chromatogram plots for: 'isorhamnetin_3_o_b_d_glucoside_b_ovatus_at…
→ Saving feature: FT07489
ℹ Producing chromatogram plots for: 'isorhamnetin_3_o_b_d_glucoside_b_ovatus_at…
→ Saving feature: FT08639
ℹ Producing chromatogram plots for: 'isorhamnetin_3_o_b_d_glucoside_b_ovatus_at…
→ Saving feature: FT09135
ℹ Producing chromatogram plots for: 'isorhamnetin_3_o_b_d_glucoside_b_ovatus_at…
→ Saving feature: FT09432
ℹ Producing chromatogram plots for: 'isorhamnetin_3_o_b_d_glucoside_b_ovatus_at…
→ Saving feature: FT10053
ℹ Producing chromatogram plots for: 'isorhamnetin_3_o_b_d_glucoside_b_ovatus_at…
→ Saving feature: FT10162
ℹ Producing chromatogram plots for: 'isorhamnetin_3_o_b_d_glucoside_b_ovatus_at…
→ Saving feature: FT10648
ℹ Producing chromatogram plots for: 'isorhamnetin_3_o_b_d_glucoside_b_ovatus_at…
→ Saving feature: FT10703
ℹ Producing chromatogram plots for: 'isorhamnetin_3_o_b_d_glucoside_b_ovatus_at…
→ Saving feature: FT11792
ℹ Producing chromatogram plots for: 'isorhamnetin_3_o_b_d_glucoside_b_ovatus_at…
→ Saving feature: FT12466
ℹ Producing chromatogram plots for: 'isorhamnetin_3_o_b_d_glucoside_b_ovatus_at…
→ Saving feature: FT12545
ℹ Producing chromatogram plots for: 'isorhamnetin_3_o_b_d_glucoside_b_ovatus_at…
→ Saving feature: FT13624
ℹ Producing chromatogram plots for: 'isorhamnetin_3_o_b_d_glucoside_b_ovatus_at…
→ Saving feature: FT13924
ℹ Producing chromatogram plots for: 'isorhamnetin_3_o_b_d_glucoside_b_ovatus_at…
→ Saving feature: FT14032
ℹ Producing chromatogram plots for: 'isorhamnetin_3_o_b_d_glucoside_b_ovatus_at…
→ Saving feature: FT14389
ℹ Producing chromatogram plots for: 'isorhamnetin_3_o_b_d_glucoside_b_ovatus_at…
→ Saving feature: FT14459
ℹ Producing chromatogram plots for: 'isorhamnetin_3_o_b_d_glucoside_b_ovatus_at…
→ Saving feature: FT14567
ℹ Producing chromatogram plots for: 'isorhamnetin_3_o_b_d_glucoside_b_ovatus_at…
→ Saving feature: FT14682
ℹ Producing chromatogram plots for: 'isorhamnetin_3_o_b_d_glucoside_b_ovatus_at…
→ Saving feature: FT14761
ℹ Producing chromatogram plots for: 'isorhamnetin_3_o_b_d_glucoside_b_ovatus_at…
→ Saving feature: FT14946
ℹ Producing chromatogram plots for: 'isorhamnetin_3_o_b_d_glucoside_b_ovatus_at…
→ Saving feature: FT15304
ℹ Producing chromatogram plots for: 'isorhamnetin_3_o_b_d_glucoside_b_ovatus_at…
→ Saving feature: FT18001
ℹ Producing chromatogram plots for: 'isorhamnetin_3_o_b_d_glucoside_b_ovatus_at…
→ Saving feature: FT18804
ℹ Producing chromatogram plots for: 'isorhamnetin_3_o_b_d_glucoside_b_ovatus_at…
✔ Saved plots to: '/Volumes/bluecub/aglycone_release_100um_24h/output/isorhamne…

[11:07:08] non-ring atom 3 marked aromatic
[11:07:08] non-ring atom 1 marked aromatic
ℹ Filtering hits in 'isorhamnetin_3_o_b_d_glucoside_b_thetaiotaomicron_vpi_5482…
✔ Saved hits filtered by Tanimoto similarity: 0.2, fold_change: 5 to: 'report/r…

ℹ Producing chromatogram plots for: 'isorhamnetin_3_o_b_d_glucoside_b_thetaiota…
Processing chromatographic peaks for features
→ Saving feature: FT00071
ℹ Producing chromatogram plots for: 'isorhamnetin_3_o_b_d_glucoside_b_thetaiota…
→ Saving feature: FT01663
ℹ Producing chromatogram plots for: 'isorhamnetin_3_o_b_d_glucoside_b_thetaiota…
→ Saving feature: FT01705
ℹ Producing chromatogram plots for: 'isorhamnetin_3_o_b_d_glucoside_b_thetaiota…
→ Saving feature: FT02941
ℹ Producing chromatogram plots for: 'isorhamnetin_3_o_b_d_glucoside_b_thetaiota…
→ Saving feature: FT03246
ℹ Producing chromatogram plots for: 'isorhamnetin_3_o_b_d_glucoside_b_thetaiota…
→ Saving feature: FT03317
ℹ Producing chromatogram plots for: 'isorhamnetin_3_o_b_d_glucoside_b_thetaiota…
→ Saving feature: FT03360
ℹ Producing chromatogram plots for: 'isorhamnetin_3_o_b_d_glucoside_b_thetaiota…
→ Saving feature: FT03696
ℹ Producing chromatogram plots for: 'isorhamnetin_3_o_b_d_glucoside_b_thetaiota…
→ Saving feature: FT03713
ℹ Producing chromatogram plots for: 'isorhamnetin_3_o_b_d_glucoside_b_thetaiota…
→ Saving feature: FT03753
ℹ Producing chromatogram plots for: 'isorhamnetin_3_o_b_d_glucoside_b_thetaiota…
→ Saving feature: FT04088
ℹ Producing chromatogram plots for: 'isorhamnetin_3_o_b_d_glucoside_b_thetaiota…
→ Saving feature: FT04329
ℹ Producing chromatogram plots for: 'isorhamnetin_3_o_b_d_glucoside_b_thetaiota…
→ Saving feature: FT04484
ℹ Producing chromatogram plots for: 'isorhamnetin_3_o_b_d_glucoside_b_thetaiota…
→ Saving feature: FT04555
ℹ Producing chromatogram plots for: 'isorhamnetin_3_o_b_d_glucoside_b_thetaiota…
→ Saving feature: FT04738
ℹ Producing chromatogram plots for: 'isorhamnetin_3_o_b_d_glucoside_b_thetaiota…
→ Saving feature: FT04859
ℹ Producing chromatogram plots for: 'isorhamnetin_3_o_b_d_glucoside_b_thetaiota…
→ Saving feature: FT04883
ℹ Producing chromatogram plots for: 'isorhamnetin_3_o_b_d_glucoside_b_thetaiota…
→ Saving feature: FT04909
ℹ Producing chromatogram plots for: 'isorhamnetin_3_o_b_d_glucoside_b_thetaiota…
→ Saving feature: FT05127
ℹ Producing chromatogram plots for: 'isorhamnetin_3_o_b_d_glucoside_b_thetaiota…
→ Saving feature: FT05365
ℹ Producing chromatogram plots for: 'isorhamnetin_3_o_b_d_glucoside_b_thetaiota…
→ Saving feature: FT05438
ℹ Producing chromatogram plots for: 'isorhamnetin_3_o_b_d_glucoside_b_thetaiota…
→ Saving feature: FT06135
ℹ Producing chromatogram plots for: 'isorhamnetin_3_o_b_d_glucoside_b_thetaiota…
→ Saving feature: FT06203
ℹ Producing chromatogram plots for: 'isorhamnetin_3_o_b_d_glucoside_b_thetaiota…
→ Saving feature: FT06425
ℹ Producing chromatogram plots for: 'isorhamnetin_3_o_b_d_glucoside_b_thetaiota…
→ Saving feature: FT07018
ℹ Producing chromatogram plots for: 'isorhamnetin_3_o_b_d_glucoside_b_thetaiota…
→ Saving feature: FT07151
ℹ Producing chromatogram plots for: 'isorhamnetin_3_o_b_d_glucoside_b_thetaiota…
→ Saving feature: FT07177
ℹ Producing chromatogram plots for: 'isorhamnetin_3_o_b_d_glucoside_b_thetaiota…
→ Saving feature: FT07260
ℹ Producing chromatogram plots for: 'isorhamnetin_3_o_b_d_glucoside_b_thetaiota…
→ Saving feature: FT07598
ℹ Producing chromatogram plots for: 'isorhamnetin_3_o_b_d_glucoside_b_thetaiota…
→ Saving feature: FT07843
ℹ Producing chromatogram plots for: 'isorhamnetin_3_o_b_d_glucoside_b_thetaiota…
→ Saving feature: FT08368
ℹ Producing chromatogram plots for: 'isorhamnetin_3_o_b_d_glucoside_b_thetaiota…
→ Saving feature: FT08375
ℹ Producing chromatogram plots for: 'isorhamnetin_3_o_b_d_glucoside_b_thetaiota…
→ Saving feature: FT08436
ℹ Producing chromatogram plots for: 'isorhamnetin_3_o_b_d_glucoside_b_thetaiota…
→ Saving feature: FT08981
ℹ Producing chromatogram plots for: 'isorhamnetin_3_o_b_d_glucoside_b_thetaiota…
→ Saving feature: FT09047
ℹ Producing chromatogram plots for: 'isorhamnetin_3_o_b_d_glucoside_b_thetaiota…
→ Saving feature: FT09698
ℹ Producing chromatogram plots for: 'isorhamnetin_3_o_b_d_glucoside_b_thetaiota…
→ Saving feature: FT10059
ℹ Producing chromatogram plots for: 'isorhamnetin_3_o_b_d_glucoside_b_thetaiota…
→ Saving feature: FT10249
ℹ Producing chromatogram plots for: 'isorhamnetin_3_o_b_d_glucoside_b_thetaiota…
→ Saving feature: FT11014
ℹ Producing chromatogram plots for: 'isorhamnetin_3_o_b_d_glucoside_b_thetaiota…
→ Saving feature: FT11173
ℹ Producing chromatogram plots for: 'isorhamnetin_3_o_b_d_glucoside_b_thetaiota…
→ Saving feature: FT11719
ℹ Producing chromatogram plots for: 'isorhamnetin_3_o_b_d_glucoside_b_thetaiota…
→ Saving feature: FT12567
ℹ Producing chromatogram plots for: 'isorhamnetin_3_o_b_d_glucoside_b_thetaiota…
✔ Saved plots to: '/Volumes/bluecub/aglycone_release_100um_24h/output/isorhamne…

[11:07:37] non-ring atom 1 marked aromatic
[11:07:37] non-ring atom 1 marked aromatic
[11:07:37] non-ring atom 1 marked aromatic
[11:07:37] non-ring atom 3 marked aromatic
[11:07:37] non-ring atom 1 marked aromatic
[11:07:37] non-ring atom 1 marked aromatic
[11:07:37] non-ring atom 1 marked aromatic
[11:07:37] non-ring atom 1 marked aromatic
[11:07:37] non-ring atom 1 marked aromatic
[11:07:37] non-ring atom 1 marked aromatic
[11:07:37] non-ring atom 1 marked aromatic
ℹ Filtering hits in 'isorhamnetin_3_o_b_d_glucoside_b_uniformis_atcc_8492_and_b…
✔ Saved hits filtered by Tanimoto similarity: 0.2, fold_change: 5 to: 'report/r…

ℹ Producing chromatogram plots for: 'isorhamnetin_3_o_b_d_glucoside_b_uniformis…
Processing chromatographic peaks for features
→ Saving feature: FT03535
ℹ Producing chromatogram plots for: 'isorhamnetin_3_o_b_d_glucoside_b_uniformis…
→ Saving feature: FT03881
ℹ Producing chromatogram plots for: 'isorhamnetin_3_o_b_d_glucoside_b_uniformis…
→ Saving feature: FT04800
ℹ Producing chromatogram plots for: 'isorhamnetin_3_o_b_d_glucoside_b_uniformis…
→ Saving feature: FT05204
ℹ Producing chromatogram plots for: 'isorhamnetin_3_o_b_d_glucoside_b_uniformis…
→ Saving feature: FT05433
ℹ Producing chromatogram plots for: 'isorhamnetin_3_o_b_d_glucoside_b_uniformis…
→ Saving feature: FT05562
ℹ Producing chromatogram plots for: 'isorhamnetin_3_o_b_d_glucoside_b_uniformis…
→ Saving feature: FT06200
ℹ Producing chromatogram plots for: 'isorhamnetin_3_o_b_d_glucoside_b_uniformis…
→ Saving feature: FT06468
ℹ Producing chromatogram plots for: 'isorhamnetin_3_o_b_d_glucoside_b_uniformis…
→ Saving feature: FT06664
ℹ Producing chromatogram plots for: 'isorhamnetin_3_o_b_d_glucoside_b_uniformis…
→ Saving feature: FT07238
ℹ Producing chromatogram plots for: 'isorhamnetin_3_o_b_d_glucoside_b_uniformis…
→ Saving feature: FT07413
ℹ Producing chromatogram plots for: 'isorhamnetin_3_o_b_d_glucoside_b_uniformis…
→ Saving feature: FT07460
ℹ Producing chromatogram plots for: 'isorhamnetin_3_o_b_d_glucoside_b_uniformis…
→ Saving feature: FT07709
ℹ Producing chromatogram plots for: 'isorhamnetin_3_o_b_d_glucoside_b_uniformis…
→ Saving feature: FT07724
ℹ Producing chromatogram plots for: 'isorhamnetin_3_o_b_d_glucoside_b_uniformis…
→ Saving feature: FT07955
ℹ Producing chromatogram plots for: 'isorhamnetin_3_o_b_d_glucoside_b_uniformis…
→ Saving feature: FT08742
ℹ Producing chromatogram plots for: 'isorhamnetin_3_o_b_d_glucoside_b_uniformis…
→ Saving feature: FT10708
ℹ Producing chromatogram plots for: 'isorhamnetin_3_o_b_d_glucoside_b_uniformis…
→ Saving feature: FT11848
ℹ Producing chromatogram plots for: 'isorhamnetin_3_o_b_d_glucoside_b_uniformis…
→ Saving feature: FT11901
ℹ Producing chromatogram plots for: 'isorhamnetin_3_o_b_d_glucoside_b_uniformis…
→ Saving feature: FT11985
ℹ Producing chromatogram plots for: 'isorhamnetin_3_o_b_d_glucoside_b_uniformis…
→ Saving feature: FT12448
ℹ Producing chromatogram plots for: 'isorhamnetin_3_o_b_d_glucoside_b_uniformis…
→ Saving feature: FT14030
ℹ Producing chromatogram plots for: 'isorhamnetin_3_o_b_d_glucoside_b_uniformis…
→ Saving feature: FT14273
ℹ Producing chromatogram plots for: 'isorhamnetin_3_o_b_d_glucoside_b_uniformis…
→ Saving feature: FT15012
ℹ Producing chromatogram plots for: 'isorhamnetin_3_o_b_d_glucoside_b_uniformis…
→ Saving feature: FT15031
ℹ Producing chromatogram plots for: 'isorhamnetin_3_o_b_d_glucoside_b_uniformis…
→ Saving feature: FT17539
ℹ Producing chromatogram plots for: 'isorhamnetin_3_o_b_d_glucoside_b_uniformis…
✔ Saved plots to: '/Volumes/bluecub/aglycone_release_100um_24h/output/isorhamne…

[11:08:06] non-ring atom 3 marked aromatic
[11:08:06] non-ring atom 1 marked aromatic
[11:08:06] non-ring atom 1 marked aromatic
ℹ Filtering hits in 'isorhamnetin_3_o_b_d_glucoside_p_copri_i_ak263' by Tanimot…
✔ Saved hits filtered by Tanimoto similarity: 0.2, fold_change: 5 to: 'report/r…

ℹ Producing chromatogram plots for: 'isorhamnetin_3_o_b_d_glucoside_p_copri_i_a…
Processing chromatographic peaks for features
→ Saving feature: FT00045
ℹ Producing chromatogram plots for: 'isorhamnetin_3_o_b_d_glucoside_p_copri_i_a…
→ Saving feature: FT00571
ℹ Producing chromatogram plots for: 'isorhamnetin_3_o_b_d_glucoside_p_copri_i_a…
→ Saving feature: FT01472
ℹ Producing chromatogram plots for: 'isorhamnetin_3_o_b_d_glucoside_p_copri_i_a…
→ Saving feature: FT01726
ℹ Producing chromatogram plots for: 'isorhamnetin_3_o_b_d_glucoside_p_copri_i_a…
→ Saving feature: FT03020
ℹ Producing chromatogram plots for: 'isorhamnetin_3_o_b_d_glucoside_p_copri_i_a…
→ Saving feature: FT03070
ℹ Producing chromatogram plots for: 'isorhamnetin_3_o_b_d_glucoside_p_copri_i_a…
→ Saving feature: FT03171
ℹ Producing chromatogram plots for: 'isorhamnetin_3_o_b_d_glucoside_p_copri_i_a…
→ Saving feature: FT03263
ℹ Producing chromatogram plots for: 'isorhamnetin_3_o_b_d_glucoside_p_copri_i_a…
→ Saving feature: FT03407
ℹ Producing chromatogram plots for: 'isorhamnetin_3_o_b_d_glucoside_p_copri_i_a…
→ Saving feature: FT03665
ℹ Producing chromatogram plots for: 'isorhamnetin_3_o_b_d_glucoside_p_copri_i_a…
→ Saving feature: FT03846
ℹ Producing chromatogram plots for: 'isorhamnetin_3_o_b_d_glucoside_p_copri_i_a…
→ Saving feature: FT03999
ℹ Producing chromatogram plots for: 'isorhamnetin_3_o_b_d_glucoside_p_copri_i_a…
→ Saving feature: FT04013
ℹ Producing chromatogram plots for: 'isorhamnetin_3_o_b_d_glucoside_p_copri_i_a…
→ Saving feature: FT04711
ℹ Producing chromatogram plots for: 'isorhamnetin_3_o_b_d_glucoside_p_copri_i_a…
→ Saving feature: FT04785
ℹ Producing chromatogram plots for: 'isorhamnetin_3_o_b_d_glucoside_p_copri_i_a…
→ Saving feature: FT05317
ℹ Producing chromatogram plots for: 'isorhamnetin_3_o_b_d_glucoside_p_copri_i_a…
→ Saving feature: FT05337
ℹ Producing chromatogram plots for: 'isorhamnetin_3_o_b_d_glucoside_p_copri_i_a…
→ Saving feature: FT05416
ℹ Producing chromatogram plots for: 'isorhamnetin_3_o_b_d_glucoside_p_copri_i_a…
→ Saving feature: FT05592
ℹ Producing chromatogram plots for: 'isorhamnetin_3_o_b_d_glucoside_p_copri_i_a…
→ Saving feature: FT07044
ℹ Producing chromatogram plots for: 'isorhamnetin_3_o_b_d_glucoside_p_copri_i_a…
→ Saving feature: FT07266
ℹ Producing chromatogram plots for: 'isorhamnetin_3_o_b_d_glucoside_p_copri_i_a…
→ Saving feature: FT07647
ℹ Producing chromatogram plots for: 'isorhamnetin_3_o_b_d_glucoside_p_copri_i_a…
→ Saving feature: FT07796
ℹ Producing chromatogram plots for: 'isorhamnetin_3_o_b_d_glucoside_p_copri_i_a…
→ Saving feature: FT07871
ℹ Producing chromatogram plots for: 'isorhamnetin_3_o_b_d_glucoside_p_copri_i_a…
→ Saving feature: FT08400
ℹ Producing chromatogram plots for: 'isorhamnetin_3_o_b_d_glucoside_p_copri_i_a…
→ Saving feature: FT08593
ℹ Producing chromatogram plots for: 'isorhamnetin_3_o_b_d_glucoside_p_copri_i_a…
→ Saving feature: FT09215
ℹ Producing chromatogram plots for: 'isorhamnetin_3_o_b_d_glucoside_p_copri_i_a…
→ Saving feature: FT09641
ℹ Producing chromatogram plots for: 'isorhamnetin_3_o_b_d_glucoside_p_copri_i_a…
→ Saving feature: FT09653
ℹ Producing chromatogram plots for: 'isorhamnetin_3_o_b_d_glucoside_p_copri_i_a…
→ Saving feature: FT09690
ℹ Producing chromatogram plots for: 'isorhamnetin_3_o_b_d_glucoside_p_copri_i_a…
→ Saving feature: FT09930
ℹ Producing chromatogram plots for: 'isorhamnetin_3_o_b_d_glucoside_p_copri_i_a…
→ Saving feature: FT10041
ℹ Producing chromatogram plots for: 'isorhamnetin_3_o_b_d_glucoside_p_copri_i_a…
→ Saving feature: FT10335
ℹ Producing chromatogram plots for: 'isorhamnetin_3_o_b_d_glucoside_p_copri_i_a…
→ Saving feature: FT10402
ℹ Producing chromatogram plots for: 'isorhamnetin_3_o_b_d_glucoside_p_copri_i_a…
→ Saving feature: FT10428
ℹ Producing chromatogram plots for: 'isorhamnetin_3_o_b_d_glucoside_p_copri_i_a…
→ Saving feature: FT10561
ℹ Producing chromatogram plots for: 'isorhamnetin_3_o_b_d_glucoside_p_copri_i_a…
→ Saving feature: FT10870
ℹ Producing chromatogram plots for: 'isorhamnetin_3_o_b_d_glucoside_p_copri_i_a…
→ Saving feature: FT11952
ℹ Producing chromatogram plots for: 'isorhamnetin_3_o_b_d_glucoside_p_copri_i_a…
✔ Saved plots to: '/Volumes/bluecub/aglycone_release_100um_24h/output/isorhamne…

[11:08:29] non-ring atom 3 marked aromatic
[11:08:29] non-ring atom 1 marked aromatic
[11:08:29] non-ring atom 1 marked aromatic
[11:08:29] non-ring atom 1 marked aromatic
[11:08:29] non-ring atom 1 marked aromatic
[11:08:29] non-ring atom 1 marked aromatic
[11:08:29] non-ring atom 1 marked aromatic
ℹ Filtering hits in 'isorhamnetin_3_o_neohesperidoside_b_ovatus_atcc_8483_and_b…
✔ Saved hits filtered by Tanimoto similarity: 0.2, fold_change: 5 to: 'report/r…

ℹ Producing chromatogram plots for: 'isorhamnetin_3_o_neohesperidoside_b_ovatus…
Processing chromatographic peaks for features
→ Saving feature: FT05743
ℹ Producing chromatogram plots for: 'isorhamnetin_3_o_neohesperidoside_b_ovatus…
→ Saving feature: FT06171
ℹ Producing chromatogram plots for: 'isorhamnetin_3_o_neohesperidoside_b_ovatus…
→ Saving feature: FT06370
ℹ Producing chromatogram plots for: 'isorhamnetin_3_o_neohesperidoside_b_ovatus…
→ Saving feature: FT06538
ℹ Producing chromatogram plots for: 'isorhamnetin_3_o_neohesperidoside_b_ovatus…
→ Saving feature: FT06565
ℹ Producing chromatogram plots for: 'isorhamnetin_3_o_neohesperidoside_b_ovatus…
→ Saving feature: FT07088
ℹ Producing chromatogram plots for: 'isorhamnetin_3_o_neohesperidoside_b_ovatus…
→ Saving feature: FT07253
ℹ Producing chromatogram plots for: 'isorhamnetin_3_o_neohesperidoside_b_ovatus…
→ Saving feature: FT07380
ℹ Producing chromatogram plots for: 'isorhamnetin_3_o_neohesperidoside_b_ovatus…
→ Saving feature: FT08801
ℹ Producing chromatogram plots for: 'isorhamnetin_3_o_neohesperidoside_b_ovatus…
→ Saving feature: FT09779
ℹ Producing chromatogram plots for: 'isorhamnetin_3_o_neohesperidoside_b_ovatus…
→ Saving feature: FT09877
ℹ Producing chromatogram plots for: 'isorhamnetin_3_o_neohesperidoside_b_ovatus…
→ Saving feature: FT11408
ℹ Producing chromatogram plots for: 'isorhamnetin_3_o_neohesperidoside_b_ovatus…
→ Saving feature: FT12313
ℹ Producing chromatogram plots for: 'isorhamnetin_3_o_neohesperidoside_b_ovatus…
→ Saving feature: FT12314
ℹ Producing chromatogram plots for: 'isorhamnetin_3_o_neohesperidoside_b_ovatus…
→ Saving feature: FT14901
ℹ Producing chromatogram plots for: 'isorhamnetin_3_o_neohesperidoside_b_ovatus…
→ Saving feature: FT20117
ℹ Producing chromatogram plots for: 'isorhamnetin_3_o_neohesperidoside_b_ovatus…
✔ Saved plots to: '/Volumes/bluecub/aglycone_release_100um_24h/output/isorhamne…

[11:08:58] non-ring atom 1 marked aromatic
ℹ Filtering hits in 'isorhamnetin_3_o_neohesperidoside_b_thetaiotaomicron_vpi_5…
✔ Saved hits filtered by Tanimoto similarity: 0.2, fold_change: 5 to: 'report/r…

ℹ Producing chromatogram plots for: 'isorhamnetin_3_o_neohesperidoside_b_thetai…
Processing chromatographic peaks for features
→ Saving feature: FT01013
ℹ Producing chromatogram plots for: 'isorhamnetin_3_o_neohesperidoside_b_thetai…
→ Saving feature: FT01707
ℹ Producing chromatogram plots for: 'isorhamnetin_3_o_neohesperidoside_b_thetai…
→ Saving feature: FT01914
ℹ Producing chromatogram plots for: 'isorhamnetin_3_o_neohesperidoside_b_thetai…
→ Saving feature: FT03036
ℹ Producing chromatogram plots for: 'isorhamnetin_3_o_neohesperidoside_b_thetai…
→ Saving feature: FT03346
ℹ Producing chromatogram plots for: 'isorhamnetin_3_o_neohesperidoside_b_thetai…
→ Saving feature: FT03410
ℹ Producing chromatogram plots for: 'isorhamnetin_3_o_neohesperidoside_b_thetai…
→ Saving feature: FT03435
ℹ Producing chromatogram plots for: 'isorhamnetin_3_o_neohesperidoside_b_thetai…
→ Saving feature: FT03453
ℹ Producing chromatogram plots for: 'isorhamnetin_3_o_neohesperidoside_b_thetai…
→ Saving feature: FT03814
ℹ Producing chromatogram plots for: 'isorhamnetin_3_o_neohesperidoside_b_thetai…
→ Saving feature: FT03882
ℹ Producing chromatogram plots for: 'isorhamnetin_3_o_neohesperidoside_b_thetai…
→ Saving feature: FT04450
ℹ Producing chromatogram plots for: 'isorhamnetin_3_o_neohesperidoside_b_thetai…
→ Saving feature: FT04530
ℹ Producing chromatogram plots for: 'isorhamnetin_3_o_neohesperidoside_b_thetai…
→ Saving feature: FT04626
ℹ Producing chromatogram plots for: 'isorhamnetin_3_o_neohesperidoside_b_thetai…
→ Saving feature: FT05023
ℹ Producing chromatogram plots for: 'isorhamnetin_3_o_neohesperidoside_b_thetai…
→ Saving feature: FT05488
ℹ Producing chromatogram plots for: 'isorhamnetin_3_o_neohesperidoside_b_thetai…
→ Saving feature: FT05570
ℹ Producing chromatogram plots for: 'isorhamnetin_3_o_neohesperidoside_b_thetai…
→ Saving feature: FT06268
ℹ Producing chromatogram plots for: 'isorhamnetin_3_o_neohesperidoside_b_thetai…
→ Saving feature: FT07289
ℹ Producing chromatogram plots for: 'isorhamnetin_3_o_neohesperidoside_b_thetai…
→ Saving feature: FT07326
ℹ Producing chromatogram plots for: 'isorhamnetin_3_o_neohesperidoside_b_thetai…
→ Saving feature: FT08538
ℹ Producing chromatogram plots for: 'isorhamnetin_3_o_neohesperidoside_b_thetai…
→ Saving feature: FT09742
ℹ Producing chromatogram plots for: 'isorhamnetin_3_o_neohesperidoside_b_thetai…
→ Saving feature: FT09977
ℹ Producing chromatogram plots for: 'isorhamnetin_3_o_neohesperidoside_b_thetai…
→ Saving feature: FT10189
ℹ Producing chromatogram plots for: 'isorhamnetin_3_o_neohesperidoside_b_thetai…
→ Saving feature: FT11225
ℹ Producing chromatogram plots for: 'isorhamnetin_3_o_neohesperidoside_b_thetai…
→ Saving feature: FT11573
ℹ Producing chromatogram plots for: 'isorhamnetin_3_o_neohesperidoside_b_thetai…
✔ Saved plots to: '/Volumes/bluecub/aglycone_release_100um_24h/output/isorhamne…

[11:09:20] non-ring atom 3 marked aromatic
[11:09:20] non-ring atom 1 marked aromatic
[11:09:20] non-ring atom 1 marked aromatic
[11:09:20] non-ring atom 1 marked aromatic
ℹ Filtering hits in 'isorhamnetin_3_o_neohesperidoside_b_uniformis_atcc_8492_an…
✔ Saved hits filtered by Tanimoto similarity: 0.2, fold_change: 5 to: 'report/r…

ℹ Producing chromatogram plots for: 'isorhamnetin_3_o_neohesperidoside_b_unifor…
Processing chromatographic peaks for features
→ Saving feature: FT04324
ℹ Producing chromatogram plots for: 'isorhamnetin_3_o_neohesperidoside_b_unifor…
→ Saving feature: FT05468
ℹ Producing chromatogram plots for: 'isorhamnetin_3_o_neohesperidoside_b_unifor…
→ Saving feature: FT05614
ℹ Producing chromatogram plots for: 'isorhamnetin_3_o_neohesperidoside_b_unifor…
→ Saving feature: FT06178
ℹ Producing chromatogram plots for: 'isorhamnetin_3_o_neohesperidoside_b_unifor…
→ Saving feature: FT07086
ℹ Producing chromatogram plots for: 'isorhamnetin_3_o_neohesperidoside_b_unifor…
→ Saving feature: FT07461
ℹ Producing chromatogram plots for: 'isorhamnetin_3_o_neohesperidoside_b_unifor…
→ Saving feature: FT07758
ℹ Producing chromatogram plots for: 'isorhamnetin_3_o_neohesperidoside_b_unifor…
→ Saving feature: FT07964
ℹ Producing chromatogram plots for: 'isorhamnetin_3_o_neohesperidoside_b_unifor…
→ Saving feature: FT08853
ℹ Producing chromatogram plots for: 'isorhamnetin_3_o_neohesperidoside_b_unifor…
→ Saving feature: FT13103
ℹ Producing chromatogram plots for: 'isorhamnetin_3_o_neohesperidoside_b_unifor…
→ Saving feature: FT13978
ℹ Producing chromatogram plots for: 'isorhamnetin_3_o_neohesperidoside_b_unifor…
→ Saving feature: FT14635
ℹ Producing chromatogram plots for: 'isorhamnetin_3_o_neohesperidoside_b_unifor…
→ Saving feature: FT16271
ℹ Producing chromatogram plots for: 'isorhamnetin_3_o_neohesperidoside_b_unifor…
→ Saving feature: FT16542
ℹ Producing chromatogram plots for: 'isorhamnetin_3_o_neohesperidoside_b_unifor…
→ Saving feature: FT16556
ℹ Producing chromatogram plots for: 'isorhamnetin_3_o_neohesperidoside_b_unifor…
✔ Saved plots to: '/Volumes/bluecub/aglycone_release_100um_24h/output/isorhamne…

[11:09:45] non-ring atom 3 marked aromatic
ℹ Filtering hits in 'isorhamnetin_3_o_neohesperidoside_p_copri_i_ak263' by Tani…
✔ Saved hits filtered by Tanimoto similarity: 0.2, fold_change: 5 to: 'report/r…

ℹ Producing chromatogram plots for: 'isorhamnetin_3_o_neohesperidoside_p_copri_…
Processing chromatographic peaks for features
→ Saving feature: FT00564
ℹ Producing chromatogram plots for: 'isorhamnetin_3_o_neohesperidoside_p_copri_…
→ Saving feature: FT01126
ℹ Producing chromatogram plots for: 'isorhamnetin_3_o_neohesperidoside_p_copri_…
→ Saving feature: FT01705
ℹ Producing chromatogram plots for: 'isorhamnetin_3_o_neohesperidoside_p_copri_…
→ Saving feature: FT02896
ℹ Producing chromatogram plots for: 'isorhamnetin_3_o_neohesperidoside_p_copri_…
→ Saving feature: FT02945
ℹ Producing chromatogram plots for: 'isorhamnetin_3_o_neohesperidoside_p_copri_…
→ Saving feature: FT03146
ℹ Producing chromatogram plots for: 'isorhamnetin_3_o_neohesperidoside_p_copri_…
→ Saving feature: FT03243
ℹ Producing chromatogram plots for: 'isorhamnetin_3_o_neohesperidoside_p_copri_…
→ Saving feature: FT03283
ℹ Producing chromatogram plots for: 'isorhamnetin_3_o_neohesperidoside_p_copri_…
→ Saving feature: FT03749
ℹ Producing chromatogram plots for: 'isorhamnetin_3_o_neohesperidoside_p_copri_…
→ Saving feature: FT03923
ℹ Producing chromatogram plots for: 'isorhamnetin_3_o_neohesperidoside_p_copri_…
→ Saving feature: FT03938
ℹ Producing chromatogram plots for: 'isorhamnetin_3_o_neohesperidoside_p_copri_…
→ Saving feature: FT03944
ℹ Producing chromatogram plots for: 'isorhamnetin_3_o_neohesperidoside_p_copri_…
→ Saving feature: FT04539
ℹ Producing chromatogram plots for: 'isorhamnetin_3_o_neohesperidoside_p_copri_…
→ Saving feature: FT05272
ℹ Producing chromatogram plots for: 'isorhamnetin_3_o_neohesperidoside_p_copri_…
→ Saving feature: FT05368
ℹ Producing chromatogram plots for: 'isorhamnetin_3_o_neohesperidoside_p_copri_…
→ Saving feature: FT05510
ℹ Producing chromatogram plots for: 'isorhamnetin_3_o_neohesperidoside_p_copri_…
→ Saving feature: FT05550
ℹ Producing chromatogram plots for: 'isorhamnetin_3_o_neohesperidoside_p_copri_…
→ Saving feature: FT06341
ℹ Producing chromatogram plots for: 'isorhamnetin_3_o_neohesperidoside_p_copri_…
→ Saving feature: FT06530
ℹ Producing chromatogram plots for: 'isorhamnetin_3_o_neohesperidoside_p_copri_…
→ Saving feature: FT06726
ℹ Producing chromatogram plots for: 'isorhamnetin_3_o_neohesperidoside_p_copri_…
→ Saving feature: FT07514
ℹ Producing chromatogram plots for: 'isorhamnetin_3_o_neohesperidoside_p_copri_…
→ Saving feature: FT07742
ℹ Producing chromatogram plots for: 'isorhamnetin_3_o_neohesperidoside_p_copri_…
→ Saving feature: FT08613
ℹ Producing chromatogram plots for: 'isorhamnetin_3_o_neohesperidoside_p_copri_…
→ Saving feature: FT08891
ℹ Producing chromatogram plots for: 'isorhamnetin_3_o_neohesperidoside_p_copri_…
→ Saving feature: FT08915
ℹ Producing chromatogram plots for: 'isorhamnetin_3_o_neohesperidoside_p_copri_…
→ Saving feature: FT09520
ℹ Producing chromatogram plots for: 'isorhamnetin_3_o_neohesperidoside_p_copri_…
→ Saving feature: FT09549
ℹ Producing chromatogram plots for: 'isorhamnetin_3_o_neohesperidoside_p_copri_…
→ Saving feature: FT09618
ℹ Producing chromatogram plots for: 'isorhamnetin_3_o_neohesperidoside_p_copri_…
→ Saving feature: FT09727
ℹ Producing chromatogram plots for: 'isorhamnetin_3_o_neohesperidoside_p_copri_…
→ Saving feature: FT09962
ℹ Producing chromatogram plots for: 'isorhamnetin_3_o_neohesperidoside_p_copri_…
→ Saving feature: FT10238
ℹ Producing chromatogram plots for: 'isorhamnetin_3_o_neohesperidoside_p_copri_…
→ Saving feature: FT13338
ℹ Producing chromatogram plots for: 'isorhamnetin_3_o_neohesperidoside_p_copri_…
✔ Saved plots to: '/Volumes/bluecub/aglycone_release_100um_24h/output/isorhamne…

[11:10:06] non-ring atom 3 marked aromatic
[11:10:06] non-ring atom 1 marked aromatic
[11:10:06] non-ring atom 1 marked aromatic
[11:10:06] non-ring atom 1 marked aromatic
[11:10:06] non-ring atom 1 marked aromatic
[11:10:06] non-ring atom 1 marked aromatic
ℹ Filtering hits in 'isorhoifolin_b_ovatus_atcc_8483_and_b_ovatus_atcc_8483_d_o…
✔ Saved hits filtered by Tanimoto similarity: 0.2, fold_change: 5 to: 'report/r…

ℹ Producing chromatogram plots for: 'isorhoifolin_b_ovatus_atcc_8483_and_b_ovat…
Processing chromatographic peaks for features
→ Saving feature: FT02273
ℹ Producing chromatogram plots for: 'isorhoifolin_b_ovatus_atcc_8483_and_b_ovat…
→ Saving feature: FT03563
ℹ Producing chromatogram plots for: 'isorhoifolin_b_ovatus_atcc_8483_and_b_ovat…
→ Saving feature: FT04695
ℹ Producing chromatogram plots for: 'isorhoifolin_b_ovatus_atcc_8483_and_b_ovat…
→ Saving feature: FT04884
ℹ Producing chromatogram plots for: 'isorhoifolin_b_ovatus_atcc_8483_and_b_ovat…
→ Saving feature: FT05849
ℹ Producing chromatogram plots for: 'isorhoifolin_b_ovatus_atcc_8483_and_b_ovat…
→ Saving feature: FT06153
ℹ Producing chromatogram plots for: 'isorhoifolin_b_ovatus_atcc_8483_and_b_ovat…
→ Saving feature: FT06827
ℹ Producing chromatogram plots for: 'isorhoifolin_b_ovatus_atcc_8483_and_b_ovat…
→ Saving feature: FT06933
ℹ Producing chromatogram plots for: 'isorhoifolin_b_ovatus_atcc_8483_and_b_ovat…
→ Saving feature: FT07680
ℹ Producing chromatogram plots for: 'isorhoifolin_b_ovatus_atcc_8483_and_b_ovat…
→ Saving feature: FT07712
ℹ Producing chromatogram plots for: 'isorhoifolin_b_ovatus_atcc_8483_and_b_ovat…
→ Saving feature: FT10348
ℹ Producing chromatogram plots for: 'isorhoifolin_b_ovatus_atcc_8483_and_b_ovat…
→ Saving feature: FT11384
ℹ Producing chromatogram plots for: 'isorhoifolin_b_ovatus_atcc_8483_and_b_ovat…
→ Saving feature: FT11435
ℹ Producing chromatogram plots for: 'isorhoifolin_b_ovatus_atcc_8483_and_b_ovat…
→ Saving feature: FT12972
ℹ Producing chromatogram plots for: 'isorhoifolin_b_ovatus_atcc_8483_and_b_ovat…
→ Saving feature: FT14070
ℹ Producing chromatogram plots for: 'isorhoifolin_b_ovatus_atcc_8483_and_b_ovat…
→ Saving feature: FT14529
ℹ Producing chromatogram plots for: 'isorhoifolin_b_ovatus_atcc_8483_and_b_ovat…
→ Saving feature: FT14664
ℹ Producing chromatogram plots for: 'isorhoifolin_b_ovatus_atcc_8483_and_b_ovat…
→ Saving feature: FT14721
ℹ Producing chromatogram plots for: 'isorhoifolin_b_ovatus_atcc_8483_and_b_ovat…
→ Saving feature: FT15698
ℹ Producing chromatogram plots for: 'isorhoifolin_b_ovatus_atcc_8483_and_b_ovat…
→ Saving feature: FT15697
ℹ Producing chromatogram plots for: 'isorhoifolin_b_ovatus_atcc_8483_and_b_ovat…
→ Saving feature: FT18335
ℹ Producing chromatogram plots for: 'isorhoifolin_b_ovatus_atcc_8483_and_b_ovat…
→ Saving feature: FT19314
ℹ Producing chromatogram plots for: 'isorhoifolin_b_ovatus_atcc_8483_and_b_ovat…
→ Saving feature: FT22722
ℹ Producing chromatogram plots for: 'isorhoifolin_b_ovatus_atcc_8483_and_b_ovat…
✔ Saved plots to: '/Volumes/bluecub/aglycone_release_100um_24h/output/isorhoifo…

ℹ Filtering hits in 'isorhoifolin_b_thetaiotaomicron_vpi_5482' by Tanimoto simi…
✔ Saved hits filtered by Tanimoto similarity: 0.2, fold_change: 5 to: 'report/r…

ℹ Producing chromatogram plots for: 'isorhoifolin_b_thetaiotaomicron_vpi_5482'
Processing chromatographic peaks for features
→ Saving feature: FT00857
ℹ Producing chromatogram plots for: 'isorhoifolin_b_thetaiotaomicron_vpi_5482'
→ Saving feature: FT00888
ℹ Producing chromatogram plots for: 'isorhoifolin_b_thetaiotaomicron_vpi_5482'
→ Saving feature: FT02321
ℹ Producing chromatogram plots for: 'isorhoifolin_b_thetaiotaomicron_vpi_5482'
→ Saving feature: FT03382
ℹ Producing chromatogram plots for: 'isorhoifolin_b_thetaiotaomicron_vpi_5482'
→ Saving feature: FT03430
ℹ Producing chromatogram plots for: 'isorhoifolin_b_thetaiotaomicron_vpi_5482'
→ Saving feature: FT04250
ℹ Producing chromatogram plots for: 'isorhoifolin_b_thetaiotaomicron_vpi_5482'
→ Saving feature: FT04814
ℹ Producing chromatogram plots for: 'isorhoifolin_b_thetaiotaomicron_vpi_5482'
→ Saving feature: FT05509
ℹ Producing chromatogram plots for: 'isorhoifolin_b_thetaiotaomicron_vpi_5482'
→ Saving feature: FT07480
ℹ Producing chromatogram plots for: 'isorhoifolin_b_thetaiotaomicron_vpi_5482'
→ Saving feature: FT07534
ℹ Producing chromatogram plots for: 'isorhoifolin_b_thetaiotaomicron_vpi_5482'
→ Saving feature: FT08208
ℹ Producing chromatogram plots for: 'isorhoifolin_b_thetaiotaomicron_vpi_5482'
→ Saving feature: FT08212
ℹ Producing chromatogram plots for: 'isorhoifolin_b_thetaiotaomicron_vpi_5482'
→ Saving feature: FT08321
ℹ Producing chromatogram plots for: 'isorhoifolin_b_thetaiotaomicron_vpi_5482'
→ Saving feature: FT08834
ℹ Producing chromatogram plots for: 'isorhoifolin_b_thetaiotaomicron_vpi_5482'
→ Saving feature: FT09135
ℹ Producing chromatogram plots for: 'isorhoifolin_b_thetaiotaomicron_vpi_5482'
→ Saving feature: FT09925
ℹ Producing chromatogram plots for: 'isorhoifolin_b_thetaiotaomicron_vpi_5482'
→ Saving feature: FT10404
ℹ Producing chromatogram plots for: 'isorhoifolin_b_thetaiotaomicron_vpi_5482'
→ Saving feature: FT10633
ℹ Producing chromatogram plots for: 'isorhoifolin_b_thetaiotaomicron_vpi_5482'
→ Saving feature: FT12402
ℹ Producing chromatogram plots for: 'isorhoifolin_b_thetaiotaomicron_vpi_5482'
→ Saving feature: FT12507
ℹ Producing chromatogram plots for: 'isorhoifolin_b_thetaiotaomicron_vpi_5482'
→ Saving feature: FT12691
ℹ Producing chromatogram plots for: 'isorhoifolin_b_thetaiotaomicron_vpi_5482'
→ Saving feature: FT15519
ℹ Producing chromatogram plots for: 'isorhoifolin_b_thetaiotaomicron_vpi_5482'
✔ Saved plots to: '/Volumes/bluecub/aglycone_release_100um_24h/output/isorhoifo…

[11:11:00] non-ring atom 1 marked aromatic
[11:11:00] non-ring atom 1 marked aromatic
[11:11:00] non-ring atom 1 marked aromatic
ℹ Filtering hits in 'isorhoifolin_b_uniformis_atcc_8492_and_bu_gsh_d_ggh_c_gsh_…
✔ Saved hits filtered by Tanimoto similarity: 0.2, fold_change: 5 to: 'report/r…

ℹ Producing chromatogram plots for: 'isorhoifolin_b_uniformis_atcc_8492_and_bu_…
Processing chromatographic peaks for features
→ Saving feature: FT02606
ℹ Producing chromatogram plots for: 'isorhoifolin_b_uniformis_atcc_8492_and_bu_…
→ Saving feature: FT03637
ℹ Producing chromatogram plots for: 'isorhoifolin_b_uniformis_atcc_8492_and_bu_…
→ Saving feature: FT04039
ℹ Producing chromatogram plots for: 'isorhoifolin_b_uniformis_atcc_8492_and_bu_…
→ Saving feature: FT04046
ℹ Producing chromatogram plots for: 'isorhoifolin_b_uniformis_atcc_8492_and_bu_…
→ Saving feature: FT04105
ℹ Producing chromatogram plots for: 'isorhoifolin_b_uniformis_atcc_8492_and_bu_…
→ Saving feature: FT04686
ℹ Producing chromatogram plots for: 'isorhoifolin_b_uniformis_atcc_8492_and_bu_…
→ Saving feature: FT05823
ℹ Producing chromatogram plots for: 'isorhoifolin_b_uniformis_atcc_8492_and_bu_…
→ Saving feature: FT06698
ℹ Producing chromatogram plots for: 'isorhoifolin_b_uniformis_atcc_8492_and_bu_…
→ Saving feature: FT06765
ℹ Producing chromatogram plots for: 'isorhoifolin_b_uniformis_atcc_8492_and_bu_…
→ Saving feature: FT06856
ℹ Producing chromatogram plots for: 'isorhoifolin_b_uniformis_atcc_8492_and_bu_…
→ Saving feature: FT07328
ℹ Producing chromatogram plots for: 'isorhoifolin_b_uniformis_atcc_8492_and_bu_…
→ Saving feature: FT07358
ℹ Producing chromatogram plots for: 'isorhoifolin_b_uniformis_atcc_8492_and_bu_…
→ Saving feature: FT08044
ℹ Producing chromatogram plots for: 'isorhoifolin_b_uniformis_atcc_8492_and_bu_…
→ Saving feature: FT08112
ℹ Producing chromatogram plots for: 'isorhoifolin_b_uniformis_atcc_8492_and_bu_…
→ Saving feature: FT09164
ℹ Producing chromatogram plots for: 'isorhoifolin_b_uniformis_atcc_8492_and_bu_…
→ Saving feature: FT09797
ℹ Producing chromatogram plots for: 'isorhoifolin_b_uniformis_atcc_8492_and_bu_…
→ Saving feature: FT10119
ℹ Producing chromatogram plots for: 'isorhoifolin_b_uniformis_atcc_8492_and_bu_…
→ Saving feature: FT10123
ℹ Producing chromatogram plots for: 'isorhoifolin_b_uniformis_atcc_8492_and_bu_…
→ Saving feature: FT11564
ℹ Producing chromatogram plots for: 'isorhoifolin_b_uniformis_atcc_8492_and_bu_…
→ Saving feature: FT12202
ℹ Producing chromatogram plots for: 'isorhoifolin_b_uniformis_atcc_8492_and_bu_…
✔ Saved plots to: '/Volumes/bluecub/aglycone_release_100um_24h/output/isorhoifo…

[11:11:27] non-ring atom 1 marked aromatic
[11:11:27] non-ring atom 1 marked aromatic
[11:11:27] non-ring atom 1 marked aromatic
[11:11:27] non-ring atom 1 marked aromatic
[11:11:27] non-ring atom 1 marked aromatic
[11:11:27] non-ring atom 1 marked aromatic
ℹ Filtering hits in 'isorhoifolin_p_copri_i_ak263' by Tanimoto similarity: 0.2,…
✔ Saved hits filtered by Tanimoto similarity: 0.2, fold_change: 5 to: 'report/r…

ℹ Producing chromatogram plots for: 'isorhoifolin_p_copri_i_ak263'
Processing chromatographic peaks for features
→ Saving feature: FT01331
ℹ Producing chromatogram plots for: 'isorhoifolin_p_copri_i_ak263'
→ Saving feature: FT02120
ℹ Producing chromatogram plots for: 'isorhoifolin_p_copri_i_ak263'
→ Saving feature: FT02453
ℹ Producing chromatogram plots for: 'isorhoifolin_p_copri_i_ak263'
→ Saving feature: FT03859
ℹ Producing chromatogram plots for: 'isorhoifolin_p_copri_i_ak263'
→ Saving feature: FT05165
ℹ Producing chromatogram plots for: 'isorhoifolin_p_copri_i_ak263'
→ Saving feature: FT05266
ℹ Producing chromatogram plots for: 'isorhoifolin_p_copri_i_ak263'
→ Saving feature: FT05674
ℹ Producing chromatogram plots for: 'isorhoifolin_p_copri_i_ak263'
→ Saving feature: FT05700
ℹ Producing chromatogram plots for: 'isorhoifolin_p_copri_i_ak263'
→ Saving feature: FT05842
ℹ Producing chromatogram plots for: 'isorhoifolin_p_copri_i_ak263'
→ Saving feature: FT07445
ℹ Producing chromatogram plots for: 'isorhoifolin_p_copri_i_ak263'
→ Saving feature: FT07446
ℹ Producing chromatogram plots for: 'isorhoifolin_p_copri_i_ak263'
→ Saving feature: FT07837
ℹ Producing chromatogram plots for: 'isorhoifolin_p_copri_i_ak263'
→ Saving feature: FT07839
ℹ Producing chromatogram plots for: 'isorhoifolin_p_copri_i_ak263'
→ Saving feature: FT08449
ℹ Producing chromatogram plots for: 'isorhoifolin_p_copri_i_ak263'
→ Saving feature: FT08631
ℹ Producing chromatogram plots for: 'isorhoifolin_p_copri_i_ak263'
→ Saving feature: FT08912
ℹ Producing chromatogram plots for: 'isorhoifolin_p_copri_i_ak263'
→ Saving feature: FT09292
ℹ Producing chromatogram plots for: 'isorhoifolin_p_copri_i_ak263'
→ Saving feature: FT09438
ℹ Producing chromatogram plots for: 'isorhoifolin_p_copri_i_ak263'
→ Saving feature: FT09638
ℹ Producing chromatogram plots for: 'isorhoifolin_p_copri_i_ak263'
→ Saving feature: FT09778
ℹ Producing chromatogram plots for: 'isorhoifolin_p_copri_i_ak263'
→ Saving feature: FT09935
ℹ Producing chromatogram plots for: 'isorhoifolin_p_copri_i_ak263'
→ Saving feature: FT10266
ℹ Producing chromatogram plots for: 'isorhoifolin_p_copri_i_ak263'
→ Saving feature: FT10332
ℹ Producing chromatogram plots for: 'isorhoifolin_p_copri_i_ak263'
→ Saving feature: FT10492
ℹ Producing chromatogram plots for: 'isorhoifolin_p_copri_i_ak263'
→ Saving feature: FT11181
ℹ Producing chromatogram plots for: 'isorhoifolin_p_copri_i_ak263'
→ Saving feature: FT11476
ℹ Producing chromatogram plots for: 'isorhoifolin_p_copri_i_ak263'
→ Saving feature: FT13744
ℹ Producing chromatogram plots for: 'isorhoifolin_p_copri_i_ak263'
✔ Saved plots to: '/Volumes/bluecub/aglycone_release_100um_24h/output/isorhoifo…

[11:11:47] non-ring atom 1 marked aromatic
[11:11:47] non-ring atom 1 marked aromatic
[11:11:47] non-ring atom 1 marked aromatic
[11:11:47] non-ring atom 4 marked aromatic
[11:11:47] non-ring atom 5 marked aromatic
ℹ Filtering hits in 'isovitexin_b_ovatus_atcc_8483_and_b_ovatus_atcc_8483_d_ope…
✔ Saved hits filtered by Tanimoto similarity: 0.2, fold_change: 5 to: 'report/r…

ℹ Producing chromatogram plots for: 'isovitexin_b_ovatus_atcc_8483_and_b_ovatus…
Processing chromatographic peaks for features
→ Saving feature: FT03735
ℹ Producing chromatogram plots for: 'isovitexin_b_ovatus_atcc_8483_and_b_ovatus…
→ Saving feature: FT08056
ℹ Producing chromatogram plots for: 'isovitexin_b_ovatus_atcc_8483_and_b_ovatus…
→ Saving feature: FT11657
ℹ Producing chromatogram plots for: 'isovitexin_b_ovatus_atcc_8483_and_b_ovatus…
→ Saving feature: FT14904
ℹ Producing chromatogram plots for: 'isovitexin_b_ovatus_atcc_8483_and_b_ovatus…
✔ Saved plots to: '/Volumes/bluecub/aglycone_release_100um_24h/output/isovitexi…

[11:12:09] non-ring atom 1 marked aromatic
ℹ Filtering hits in 'isovitexin_b_thetaiotaomicron_vpi_5482' by Tanimoto simila…
✔ Saved hits filtered by Tanimoto similarity: 0.2, fold_change: 5 to: 'report/r…

ℹ Producing chromatogram plots for: 'isovitexin_b_thetaiotaomicron_vpi_5482'
Processing chromatographic peaks for features
→ Saving feature: FT02781
ℹ Producing chromatogram plots for: 'isovitexin_b_thetaiotaomicron_vpi_5482'
→ Saving feature: FT05703
ℹ Producing chromatogram plots for: 'isovitexin_b_thetaiotaomicron_vpi_5482'
→ Saving feature: FT05779
ℹ Producing chromatogram plots for: 'isovitexin_b_thetaiotaomicron_vpi_5482'
→ Saving feature: FT06098
ℹ Producing chromatogram plots for: 'isovitexin_b_thetaiotaomicron_vpi_5482'
→ Saving feature: FT07238
ℹ Producing chromatogram plots for: 'isovitexin_b_thetaiotaomicron_vpi_5482'
→ Saving feature: FT07351
ℹ Producing chromatogram plots for: 'isovitexin_b_thetaiotaomicron_vpi_5482'
→ Saving feature: FT08314
ℹ Producing chromatogram plots for: 'isovitexin_b_thetaiotaomicron_vpi_5482'
→ Saving feature: FT09132
ℹ Producing chromatogram plots for: 'isovitexin_b_thetaiotaomicron_vpi_5482'
→ Saving feature: FT09300
ℹ Producing chromatogram plots for: 'isovitexin_b_thetaiotaomicron_vpi_5482'
→ Saving feature: FT12531
ℹ Producing chromatogram plots for: 'isovitexin_b_thetaiotaomicron_vpi_5482'
✔ Saved plots to: '/Volumes/bluecub/aglycone_release_100um_24h/output/isovitexi…

[11:12:25] non-ring atom 1 marked aromatic
ℹ Filtering hits in 'isovitexin_b_uniformis_atcc_8492_and_bu_gsh_d_ggh_c_gsh_g'…
✔ Saved hits filtered by Tanimoto similarity: 0.2, fold_change: 5 to: 'report/r…

ℹ Producing chromatogram plots for: 'isovitexin_b_uniformis_atcc_8492_and_bu_gs…
Processing chromatographic peaks for features
→ Saving feature: FT03389
ℹ Producing chromatogram plots for: 'isovitexin_b_uniformis_atcc_8492_and_bu_gs…
→ Saving feature: FT08146
ℹ Producing chromatogram plots for: 'isovitexin_b_uniformis_atcc_8492_and_bu_gs…
→ Saving feature: FT08974
ℹ Producing chromatogram plots for: 'isovitexin_b_uniformis_atcc_8492_and_bu_gs…
→ Saving feature: FT09100
ℹ Producing chromatogram plots for: 'isovitexin_b_uniformis_atcc_8492_and_bu_gs…
→ Saving feature: FT09396
ℹ Producing chromatogram plots for: 'isovitexin_b_uniformis_atcc_8492_and_bu_gs…
→ Saving feature: FT10341
ℹ Producing chromatogram plots for: 'isovitexin_b_uniformis_atcc_8492_and_bu_gs…
→ Saving feature: FT10433
ℹ Producing chromatogram plots for: 'isovitexin_b_uniformis_atcc_8492_and_bu_gs…
→ Saving feature: FT14487
ℹ Producing chromatogram plots for: 'isovitexin_b_uniformis_atcc_8492_and_bu_gs…
→ Saving feature: FT16040
ℹ Producing chromatogram plots for: 'isovitexin_b_uniformis_atcc_8492_and_bu_gs…
✔ Saved plots to: '/Volumes/bluecub/aglycone_release_100um_24h/output/isovitexi…

[11:12:47] non-ring atom 1 marked aromatic
ℹ Filtering hits in 'isovitexin_p_copri_i_ak263' by Tanimoto similarity: 0.2, f…
✔ Saved hits filtered by Tanimoto similarity: 0.2, fold_change: 5 to: 'report/r…

ℹ Producing chromatogram plots for: 'isovitexin_p_copri_i_ak263'
Processing chromatographic peaks for features
→ Saving feature: FT06037
ℹ Producing chromatogram plots for: 'isovitexin_p_copri_i_ak263'
✔ Saved plots to: '/Volumes/bluecub/aglycone_release_100um_24h/output/isovitexi…

[11:12:59] non-ring atom 1 marked aromatic
ℹ Filtering hits in 'kaempferitrin_b_ovatus_atcc_8483_and_b_ovatus_atcc_8483_d_…
✔ Saved hits filtered by Tanimoto similarity: 0.2, fold_change: 5 to: 'report/r…

ℹ Producing chromatogram plots for: 'kaempferitrin_b_ovatus_atcc_8483_and_b_ova…
Processing chromatographic peaks for features
→ Saving feature: FT04663
ℹ Producing chromatogram plots for: 'kaempferitrin_b_ovatus_atcc_8483_and_b_ova…
→ Saving feature: FT05514
ℹ Producing chromatogram plots for: 'kaempferitrin_b_ovatus_atcc_8483_and_b_ova…
→ Saving feature: FT06689
ℹ Producing chromatogram plots for: 'kaempferitrin_b_ovatus_atcc_8483_and_b_ova…
→ Saving feature: FT06889
ℹ Producing chromatogram plots for: 'kaempferitrin_b_ovatus_atcc_8483_and_b_ova…
→ Saving feature: FT07018
ℹ Producing chromatogram plots for: 'kaempferitrin_b_ovatus_atcc_8483_and_b_ova…
→ Saving feature: FT07712
ℹ Producing chromatogram plots for: 'kaempferitrin_b_ovatus_atcc_8483_and_b_ova…
→ Saving feature: FT09637
ℹ Producing chromatogram plots for: 'kaempferitrin_b_ovatus_atcc_8483_and_b_ova…
→ Saving feature: FT09673
ℹ Producing chromatogram plots for: 'kaempferitrin_b_ovatus_atcc_8483_and_b_ova…
→ Saving feature: FT09704
ℹ Producing chromatogram plots for: 'kaempferitrin_b_ovatus_atcc_8483_and_b_ova…
→ Saving feature: FT09722
ℹ Producing chromatogram plots for: 'kaempferitrin_b_ovatus_atcc_8483_and_b_ova…
→ Saving feature: FT11053
ℹ Producing chromatogram plots for: 'kaempferitrin_b_ovatus_atcc_8483_and_b_ova…
→ Saving feature: FT11499
ℹ Producing chromatogram plots for: 'kaempferitrin_b_ovatus_atcc_8483_and_b_ova…
→ Saving feature: FT11857
ℹ Producing chromatogram plots for: 'kaempferitrin_b_ovatus_atcc_8483_and_b_ova…
→ Saving feature: FT12001
ℹ Producing chromatogram plots for: 'kaempferitrin_b_ovatus_atcc_8483_and_b_ova…
→ Saving feature: FT12103
ℹ Producing chromatogram plots for: 'kaempferitrin_b_ovatus_atcc_8483_and_b_ova…
→ Saving feature: FT12449
ℹ Producing chromatogram plots for: 'kaempferitrin_b_ovatus_atcc_8483_and_b_ova…
→ Saving feature: FT12658
ℹ Producing chromatogram plots for: 'kaempferitrin_b_ovatus_atcc_8483_and_b_ova…
→ Saving feature: FT12717
ℹ Producing chromatogram plots for: 'kaempferitrin_b_ovatus_atcc_8483_and_b_ova…
→ Saving feature: FT12821
ℹ Producing chromatogram plots for: 'kaempferitrin_b_ovatus_atcc_8483_and_b_ova…
→ Saving feature: FT13386
ℹ Producing chromatogram plots for: 'kaempferitrin_b_ovatus_atcc_8483_and_b_ova…
→ Saving feature: FT15262
ℹ Producing chromatogram plots for: 'kaempferitrin_b_ovatus_atcc_8483_and_b_ova…
→ Saving feature: FT15420
ℹ Producing chromatogram plots for: 'kaempferitrin_b_ovatus_atcc_8483_and_b_ova…
→ Saving feature: FT17489
ℹ Producing chromatogram plots for: 'kaempferitrin_b_ovatus_atcc_8483_and_b_ova…
→ Saving feature: FT18146
ℹ Producing chromatogram plots for: 'kaempferitrin_b_ovatus_atcc_8483_and_b_ova…
✔ Saved plots to: '/Volumes/bluecub/aglycone_release_100um_24h/output/kaempferi…

[11:13:25] non-ring atom 1 marked aromatic
[11:13:25] non-ring atom 1 marked aromatic
[11:13:25] non-ring atom 1 marked aromatic
[11:13:25] non-ring atom 1 marked aromatic
ℹ Filtering hits in 'kaempferitrin_b_thetaiotaomicron_vpi_5482' by Tanimoto sim…
✔ Saved hits filtered by Tanimoto similarity: 0.2, fold_change: 5 to: 'report/r…

ℹ Producing chromatogram plots for: 'kaempferitrin_b_thetaiotaomicron_vpi_5482'
Processing chromatographic peaks for features
→ Saving feature: FT05083
ℹ Producing chromatogram plots for: 'kaempferitrin_b_thetaiotaomicron_vpi_5482'
→ Saving feature: FT05133
ℹ Producing chromatogram plots for: 'kaempferitrin_b_thetaiotaomicron_vpi_5482'
→ Saving feature: FT06337
ℹ Producing chromatogram plots for: 'kaempferitrin_b_thetaiotaomicron_vpi_5482'
→ Saving feature: FT07121
ℹ Producing chromatogram plots for: 'kaempferitrin_b_thetaiotaomicron_vpi_5482'
→ Saving feature: FT07798
ℹ Producing chromatogram plots for: 'kaempferitrin_b_thetaiotaomicron_vpi_5482'
→ Saving feature: FT07960
ℹ Producing chromatogram plots for: 'kaempferitrin_b_thetaiotaomicron_vpi_5482'
→ Saving feature: FT08082
ℹ Producing chromatogram plots for: 'kaempferitrin_b_thetaiotaomicron_vpi_5482'
→ Saving feature: FT08915
ℹ Producing chromatogram plots for: 'kaempferitrin_b_thetaiotaomicron_vpi_5482'
✔ Saved plots to: '/Volumes/bluecub/aglycone_release_100um_24h/output/kaempferi…

[11:13:41] non-ring atom 1 marked aromatic
[11:13:41] non-ring atom 1 marked aromatic
ℹ Filtering hits in 'kaempferitrin_b_uniformis_atcc_8492_and_bu_gsh_d_ggh_c_gsh…
✔ Saved hits filtered by Tanimoto similarity: 0.2, fold_change: 5 to: 'report/r…

ℹ Producing chromatogram plots for: 'kaempferitrin_b_uniformis_atcc_8492_and_bu…
Processing chromatographic peaks for features
→ Saving feature: FT00130
ℹ Producing chromatogram plots for: 'kaempferitrin_b_uniformis_atcc_8492_and_bu…
→ Saving feature: FT00841
ℹ Producing chromatogram plots for: 'kaempferitrin_b_uniformis_atcc_8492_and_bu…
→ Saving feature: FT01815
ℹ Producing chromatogram plots for: 'kaempferitrin_b_uniformis_atcc_8492_and_bu…
→ Saving feature: FT03384
ℹ Producing chromatogram plots for: 'kaempferitrin_b_uniformis_atcc_8492_and_bu…
→ Saving feature: FT04123
ℹ Producing chromatogram plots for: 'kaempferitrin_b_uniformis_atcc_8492_and_bu…
→ Saving feature: FT04669
ℹ Producing chromatogram plots for: 'kaempferitrin_b_uniformis_atcc_8492_and_bu…
→ Saving feature: FT04871
ℹ Producing chromatogram plots for: 'kaempferitrin_b_uniformis_atcc_8492_and_bu…
→ Saving feature: FT05219
ℹ Producing chromatogram plots for: 'kaempferitrin_b_uniformis_atcc_8492_and_bu…
→ Saving feature: FT05419
ℹ Producing chromatogram plots for: 'kaempferitrin_b_uniformis_atcc_8492_and_bu…
→ Saving feature: FT05574
ℹ Producing chromatogram plots for: 'kaempferitrin_b_uniformis_atcc_8492_and_bu…
→ Saving feature: FT06167
ℹ Producing chromatogram plots for: 'kaempferitrin_b_uniformis_atcc_8492_and_bu…
→ Saving feature: FT06953
ℹ Producing chromatogram plots for: 'kaempferitrin_b_uniformis_atcc_8492_and_bu…
→ Saving feature: FT07084
ℹ Producing chromatogram plots for: 'kaempferitrin_b_uniformis_atcc_8492_and_bu…
→ Saving feature: FT07653
ℹ Producing chromatogram plots for: 'kaempferitrin_b_uniformis_atcc_8492_and_bu…
→ Saving feature: FT07656
ℹ Producing chromatogram plots for: 'kaempferitrin_b_uniformis_atcc_8492_and_bu…
→ Saving feature: FT07672
ℹ Producing chromatogram plots for: 'kaempferitrin_b_uniformis_atcc_8492_and_bu…
→ Saving feature: FT07855
ℹ Producing chromatogram plots for: 'kaempferitrin_b_uniformis_atcc_8492_and_bu…
→ Saving feature: FT07968
ℹ Producing chromatogram plots for: 'kaempferitrin_b_uniformis_atcc_8492_and_bu…
→ Saving feature: FT08192
ℹ Producing chromatogram plots for: 'kaempferitrin_b_uniformis_atcc_8492_and_bu…
→ Saving feature: FT08376
ℹ Producing chromatogram plots for: 'kaempferitrin_b_uniformis_atcc_8492_and_bu…
→ Saving feature: FT08911
ℹ Producing chromatogram plots for: 'kaempferitrin_b_uniformis_atcc_8492_and_bu…
→ Saving feature: FT09202
ℹ Producing chromatogram plots for: 'kaempferitrin_b_uniformis_atcc_8492_and_bu…
→ Saving feature: FT09464
ℹ Producing chromatogram plots for: 'kaempferitrin_b_uniformis_atcc_8492_and_bu…
→ Saving feature: FT10101
ℹ Producing chromatogram plots for: 'kaempferitrin_b_uniformis_atcc_8492_and_bu…
→ Saving feature: FT10499
ℹ Producing chromatogram plots for: 'kaempferitrin_b_uniformis_atcc_8492_and_bu…
→ Saving feature: FT10601
ℹ Producing chromatogram plots for: 'kaempferitrin_b_uniformis_atcc_8492_and_bu…
→ Saving feature: FT10849
ℹ Producing chromatogram plots for: 'kaempferitrin_b_uniformis_atcc_8492_and_bu…
→ Saving feature: FT11438
ℹ Producing chromatogram plots for: 'kaempferitrin_b_uniformis_atcc_8492_and_bu…
→ Saving feature: FT11458
ℹ Producing chromatogram plots for: 'kaempferitrin_b_uniformis_atcc_8492_and_bu…
→ Saving feature: FT11619
ℹ Producing chromatogram plots for: 'kaempferitrin_b_uniformis_atcc_8492_and_bu…
→ Saving feature: FT13052
ℹ Producing chromatogram plots for: 'kaempferitrin_b_uniformis_atcc_8492_and_bu…
→ Saving feature: FT13521
ℹ Producing chromatogram plots for: 'kaempferitrin_b_uniformis_atcc_8492_and_bu…
→ Saving feature: FT13820
ℹ Producing chromatogram plots for: 'kaempferitrin_b_uniformis_atcc_8492_and_bu…
→ Saving feature: FT14333
ℹ Producing chromatogram plots for: 'kaempferitrin_b_uniformis_atcc_8492_and_bu…
→ Saving feature: FT14963
ℹ Producing chromatogram plots for: 'kaempferitrin_b_uniformis_atcc_8492_and_bu…
→ Saving feature: FT15066
ℹ Producing chromatogram plots for: 'kaempferitrin_b_uniformis_atcc_8492_and_bu…
→ Saving feature: FT15247
ℹ Producing chromatogram plots for: 'kaempferitrin_b_uniformis_atcc_8492_and_bu…
→ Saving feature: FT15503
ℹ Producing chromatogram plots for: 'kaempferitrin_b_uniformis_atcc_8492_and_bu…
→ Saving feature: FT15505
ℹ Producing chromatogram plots for: 'kaempferitrin_b_uniformis_atcc_8492_and_bu…
✔ Saved plots to: '/Volumes/bluecub/aglycone_release_100um_24h/output/kaempferi…

[11:14:13] non-ring atom 1 marked aromatic
[11:14:13] non-ring atom 1 marked aromatic
[11:14:13] non-ring atom 1 marked aromatic
[11:14:13] non-ring atom 1 marked aromatic
[11:14:13] non-ring atom 1 marked aromatic
ℹ Filtering hits in 'kaempferitrin_p_copri_i_ak263' by Tanimoto similarity: 0.2…
✔ Saved hits filtered by Tanimoto similarity: 0.2, fold_change: 5 to: 'report/r…

ℹ Producing chromatogram plots for: 'kaempferitrin_p_copri_i_ak263'
Processing chromatographic peaks for features
→ Saving feature: FT02569
ℹ Producing chromatogram plots for: 'kaempferitrin_p_copri_i_ak263'
→ Saving feature: FT03825
ℹ Producing chromatogram plots for: 'kaempferitrin_p_copri_i_ak263'
→ Saving feature: FT04201
ℹ Producing chromatogram plots for: 'kaempferitrin_p_copri_i_ak263'
→ Saving feature: FT04258
ℹ Producing chromatogram plots for: 'kaempferitrin_p_copri_i_ak263'
→ Saving feature: FT04302
ℹ Producing chromatogram plots for: 'kaempferitrin_p_copri_i_ak263'
→ Saving feature: FT04922
ℹ Producing chromatogram plots for: 'kaempferitrin_p_copri_i_ak263'
→ Saving feature: FT05426
ℹ Producing chromatogram plots for: 'kaempferitrin_p_copri_i_ak263'
→ Saving feature: FT06456
ℹ Producing chromatogram plots for: 'kaempferitrin_p_copri_i_ak263'
→ Saving feature: FT07895
ℹ Producing chromatogram plots for: 'kaempferitrin_p_copri_i_ak263'
→ Saving feature: FT08038
ℹ Producing chromatogram plots for: 'kaempferitrin_p_copri_i_ak263'
→ Saving feature: FT10028
ℹ Producing chromatogram plots for: 'kaempferitrin_p_copri_i_ak263'
✔ Saved plots to: '/Volumes/bluecub/aglycone_release_100um_24h/output/kaempferi…

[11:14:30] non-ring atom 1 marked aromatic
ℹ Filtering hits in 'kaempferol_3_glucuronide_b_ovatus_atcc_8483_and_b_ovatus_a…
✔ Saved hits filtered by Tanimoto similarity: 0.2, fold_change: 5 to: 'report/r…

ℹ Producing chromatogram plots for: 'kaempferol_3_glucuronide_b_ovatus_atcc_848…
Processing chromatographic peaks for features
→ Saving feature: FT01658
ℹ Producing chromatogram plots for: 'kaempferol_3_glucuronide_b_ovatus_atcc_848…
→ Saving feature: FT02502
ℹ Producing chromatogram plots for: 'kaempferol_3_glucuronide_b_ovatus_atcc_848…
→ Saving feature: FT06179
ℹ Producing chromatogram plots for: 'kaempferol_3_glucuronide_b_ovatus_atcc_848…
→ Saving feature: FT07328
ℹ Producing chromatogram plots for: 'kaempferol_3_glucuronide_b_ovatus_atcc_848…
→ Saving feature: FT13832
ℹ Producing chromatogram plots for: 'kaempferol_3_glucuronide_b_ovatus_atcc_848…
→ Saving feature: FT13909
ℹ Producing chromatogram plots for: 'kaempferol_3_glucuronide_b_ovatus_atcc_848…
→ Saving feature: FT16381
ℹ Producing chromatogram plots for: 'kaempferol_3_glucuronide_b_ovatus_atcc_848…
→ Saving feature: FT19442
ℹ Producing chromatogram plots for: 'kaempferol_3_glucuronide_b_ovatus_atcc_848…
✔ Saved plots to: '/Volumes/bluecub/aglycone_release_100um_24h/output/kaempfero…

ℹ Filtering hits in 'kaempferol_3_glucuronide_b_thetaiotaomicron_vpi_5482' by T…
✔ Saved hits filtered by Tanimoto similarity: 0.2, fold_change: 5 to: 'report/r…

ℹ Producing chromatogram plots for: 'kaempferol_3_glucuronide_b_thetaiotaomicro…
Processing chromatographic peaks for features
→ Saving feature: FT0818
ℹ Producing chromatogram plots for: 'kaempferol_3_glucuronide_b_thetaiotaomicro…
→ Saving feature: FT0903
ℹ Producing chromatogram plots for: 'kaempferol_3_glucuronide_b_thetaiotaomicro…
→ Saving feature: FT4171
ℹ Producing chromatogram plots for: 'kaempferol_3_glucuronide_b_thetaiotaomicro…
✔ Saved plots to: '/Volumes/bluecub/aglycone_release_100um_24h/output/kaempfero…

ℹ Filtering hits in 'kaempferol_3_glucuronide_b_uniformis_atcc_8492_and_bu_gsh_…
✔ Saved hits filtered by Tanimoto similarity: 0.2, fold_change: 5 to: 'report/r…

ℹ Producing chromatogram plots for: 'kaempferol_3_glucuronide_b_uniformis_atcc_…
Processing chromatographic peaks for features
→ Saving feature: FT05672
ℹ Producing chromatogram plots for: 'kaempferol_3_glucuronide_b_uniformis_atcc_…
→ Saving feature: FT06571
ℹ Producing chromatogram plots for: 'kaempferol_3_glucuronide_b_uniformis_atcc_…
→ Saving feature: FT08815
ℹ Producing chromatogram plots for: 'kaempferol_3_glucuronide_b_uniformis_atcc_…
→ Saving feature: FT12365
ℹ Producing chromatogram plots for: 'kaempferol_3_glucuronide_b_uniformis_atcc_…
→ Saving feature: FT14227
ℹ Producing chromatogram plots for: 'kaempferol_3_glucuronide_b_uniformis_atcc_…
✔ Saved plots to: '/Volumes/bluecub/aglycone_release_100um_24h/output/kaempfero…

ℹ Filtering hits in 'kaempferol_3_glucuronide_p_copri_i_ak263' by Tanimoto simi…
✔ Saved hits filtered by Tanimoto similarity: 0.2, fold_change: 5 to: 'report/r…

ℹ Producing chromatogram plots for: 'kaempferol_3_glucuronide_p_copri_i_ak263'
Processing chromatographic peaks for features
→ Saving feature: FT03981
ℹ Producing chromatogram plots for: 'kaempferol_3_glucuronide_p_copri_i_ak263'
→ Saving feature: FT08256
ℹ Producing chromatogram plots for: 'kaempferol_3_glucuronide_p_copri_i_ak263'
→ Saving feature: FT12580
ℹ Producing chromatogram plots for: 'kaempferol_3_glucuronide_p_copri_i_ak263'
✔ Saved plots to: '/Volumes/bluecub/aglycone_release_100um_24h/output/kaempfero…

ℹ Filtering hits in 'kaempferol_7_neohesperidoside_b_ovatus_atcc_8483_and_b_ova…
✔ Saved hits filtered by Tanimoto similarity: 0.2, fold_change: 5 to: 'report/r…

ℹ Producing chromatogram plots for: 'kaempferol_7_neohesperidoside_b_ovatus_atc…
Processing chromatographic peaks for features
→ Saving feature: FT00153
ℹ Producing chromatogram plots for: 'kaempferol_7_neohesperidoside_b_ovatus_atc…
→ Saving feature: FT00446
ℹ Producing chromatogram plots for: 'kaempferol_7_neohesperidoside_b_ovatus_atc…
→ Saving feature: FT01653
ℹ Producing chromatogram plots for: 'kaempferol_7_neohesperidoside_b_ovatus_atc…
→ Saving feature: FT01960
ℹ Producing chromatogram plots for: 'kaempferol_7_neohesperidoside_b_ovatus_atc…
→ Saving feature: FT06431
ℹ Producing chromatogram plots for: 'kaempferol_7_neohesperidoside_b_ovatus_atc…
→ Saving feature: FT11488
ℹ Producing chromatogram plots for: 'kaempferol_7_neohesperidoside_b_ovatus_atc…
→ Saving feature: FT12270
ℹ Producing chromatogram plots for: 'kaempferol_7_neohesperidoside_b_ovatus_atc…
→ Saving feature: FT12315
ℹ Producing chromatogram plots for: 'kaempferol_7_neohesperidoside_b_ovatus_atc…
→ Saving feature: FT13205
ℹ Producing chromatogram plots for: 'kaempferol_7_neohesperidoside_b_ovatus_atc…
→ Saving feature: FT13555
ℹ Producing chromatogram plots for: 'kaempferol_7_neohesperidoside_b_ovatus_atc…
→ Saving feature: FT15572
ℹ Producing chromatogram plots for: 'kaempferol_7_neohesperidoside_b_ovatus_atc…
→ Saving feature: FT16126
ℹ Producing chromatogram plots for: 'kaempferol_7_neohesperidoside_b_ovatus_atc…
→ Saving feature: FT16637
ℹ Producing chromatogram plots for: 'kaempferol_7_neohesperidoside_b_ovatus_atc…
→ Saving feature: FT18923
ℹ Producing chromatogram plots for: 'kaempferol_7_neohesperidoside_b_ovatus_atc…
✔ Saved plots to: '/Volumes/bluecub/aglycone_release_100um_24h/output/kaempfero…

[11:16:06] non-ring atom 1 marked aromatic
ℹ Filtering hits in 'kaempferol_7_neohesperidoside_b_thetaiotaomicron_vpi_5482'…
✔ Saved hits filtered by Tanimoto similarity: 0.2, fold_change: 5 to: 'report/r…

ℹ Producing chromatogram plots for: 'kaempferol_7_neohesperidoside_b_thetaiotao…
Processing chromatographic peaks for features
→ Saving feature: FT3519
ℹ Producing chromatogram plots for: 'kaempferol_7_neohesperidoside_b_thetaiotao…
→ Saving feature: FT4015
ℹ Producing chromatogram plots for: 'kaempferol_7_neohesperidoside_b_thetaiotao…
→ Saving feature: FT4195
ℹ Producing chromatogram plots for: 'kaempferol_7_neohesperidoside_b_thetaiotao…
→ Saving feature: FT4869
ℹ Producing chromatogram plots for: 'kaempferol_7_neohesperidoside_b_thetaiotao…
→ Saving feature: FT5611
ℹ Producing chromatogram plots for: 'kaempferol_7_neohesperidoside_b_thetaiotao…
✔ Saved plots to: '/Volumes/bluecub/aglycone_release_100um_24h/output/kaempfero…

[11:16:21] non-ring atom 1 marked aromatic
ℹ Filtering hits in 'kaempferol_7_neohesperidoside_b_uniformis_atcc_8492_and_bu…
✔ Saved hits filtered by Tanimoto similarity: 0.2, fold_change: 5 to: 'report/r…

ℹ Producing chromatogram plots for: 'kaempferol_7_neohesperidoside_b_uniformis_…
Processing chromatographic peaks for features
→ Saving feature: FT06131
ℹ Producing chromatogram plots for: 'kaempferol_7_neohesperidoside_b_uniformis_…
→ Saving feature: FT06435
ℹ Producing chromatogram plots for: 'kaempferol_7_neohesperidoside_b_uniformis_…
→ Saving feature: FT07497
ℹ Producing chromatogram plots for: 'kaempferol_7_neohesperidoside_b_uniformis_…
→ Saving feature: FT08167
ℹ Producing chromatogram plots for: 'kaempferol_7_neohesperidoside_b_uniformis_…
→ Saving feature: FT08715
ℹ Producing chromatogram plots for: 'kaempferol_7_neohesperidoside_b_uniformis_…
→ Saving feature: FT09876
ℹ Producing chromatogram plots for: 'kaempferol_7_neohesperidoside_b_uniformis_…
→ Saving feature: FT10887
ℹ Producing chromatogram plots for: 'kaempferol_7_neohesperidoside_b_uniformis_…
→ Saving feature: FT10923
ℹ Producing chromatogram plots for: 'kaempferol_7_neohesperidoside_b_uniformis_…
→ Saving feature: FT11413
ℹ Producing chromatogram plots for: 'kaempferol_7_neohesperidoside_b_uniformis_…
→ Saving feature: FT11458
ℹ Producing chromatogram plots for: 'kaempferol_7_neohesperidoside_b_uniformis_…
→ Saving feature: FT11916
ℹ Producing chromatogram plots for: 'kaempferol_7_neohesperidoside_b_uniformis_…
→ Saving feature: FT14016
ℹ Producing chromatogram plots for: 'kaempferol_7_neohesperidoside_b_uniformis_…
→ Saving feature: FT14094
ℹ Producing chromatogram plots for: 'kaempferol_7_neohesperidoside_b_uniformis_…
→ Saving feature: FT14232
ℹ Producing chromatogram plots for: 'kaempferol_7_neohesperidoside_b_uniformis_…
→ Saving feature: FT15377
ℹ Producing chromatogram plots for: 'kaempferol_7_neohesperidoside_b_uniformis_…
→ Saving feature: FT16375
ℹ Producing chromatogram plots for: 'kaempferol_7_neohesperidoside_b_uniformis_…
✔ Saved plots to: '/Volumes/bluecub/aglycone_release_100um_24h/output/kaempfero…

/Users/wilhelm/Library/CloudStorage/ProtonDrive-wilhelm.sjoland@proton.me-folder/01_juniper/01_arbete/01_projekt/03_psm/script_tools/create_report.py:100: DtypeWarning: Columns (0: <html><head>) have mixed types. Specify dtype option on import or set low_memory=False.
  anno_similarities = pd.read_csv(
[11:16:46] non-ring atom 1 marked aromatic
ℹ Filtering hits in 'kaempferol_7_neohesperidoside_p_copri_i_ak263' by Tanimoto…
✔ Saved hits filtered by Tanimoto similarity: 0.2, fold_change: 5 to: 'report/r…

ℹ Producing chromatogram plots for: 'kaempferol_7_neohesperidoside_p_copri_i_ak…
Processing chromatographic peaks for features
→ Saving feature: FT02441
ℹ Producing chromatogram plots for: 'kaempferol_7_neohesperidoside_p_copri_i_ak…
→ Saving feature: FT03636
ℹ Producing chromatogram plots for: 'kaempferol_7_neohesperidoside_p_copri_i_ak…
→ Saving feature: FT04629
ℹ Producing chromatogram plots for: 'kaempferol_7_neohesperidoside_p_copri_i_ak…
→ Saving feature: FT05348
ℹ Producing chromatogram plots for: 'kaempferol_7_neohesperidoside_p_copri_i_ak…
→ Saving feature: FT07264
ℹ Producing chromatogram plots for: 'kaempferol_7_neohesperidoside_p_copri_i_ak…
→ Saving feature: FT08325
ℹ Producing chromatogram plots for: 'kaempferol_7_neohesperidoside_p_copri_i_ak…
→ Saving feature: FT08363
ℹ Producing chromatogram plots for: 'kaempferol_7_neohesperidoside_p_copri_i_ak…
→ Saving feature: FT09677
ℹ Producing chromatogram plots for: 'kaempferol_7_neohesperidoside_p_copri_i_ak…
→ Saving feature: FT10364
ℹ Producing chromatogram plots for: 'kaempferol_7_neohesperidoside_p_copri_i_ak…
✔ Saved plots to: '/Volumes/bluecub/aglycone_release_100um_24h/output/kaempfero…

[11:17:03] non-ring atom 1 marked aromatic
ℹ Filtering hits in 'kaempferol_7_o_glucoside_b_ovatus_atcc_8483_and_b_ovatus_a…
✔ Saved hits filtered by Tanimoto similarity: 0.2, fold_change: 5 to: 'report/r…

ℹ Producing chromatogram plots for: 'kaempferol_7_o_glucoside_b_ovatus_atcc_848…
Processing chromatographic peaks for features
→ Saving feature: FT01055
ℹ Producing chromatogram plots for: 'kaempferol_7_o_glucoside_b_ovatus_atcc_848…
→ Saving feature: FT02792
ℹ Producing chromatogram plots for: 'kaempferol_7_o_glucoside_b_ovatus_atcc_848…
→ Saving feature: FT04052
ℹ Producing chromatogram plots for: 'kaempferol_7_o_glucoside_b_ovatus_atcc_848…
→ Saving feature: FT04145
ℹ Producing chromatogram plots for: 'kaempferol_7_o_glucoside_b_ovatus_atcc_848…
→ Saving feature: FT05177
ℹ Producing chromatogram plots for: 'kaempferol_7_o_glucoside_b_ovatus_atcc_848…
→ Saving feature: FT05305
ℹ Producing chromatogram plots for: 'kaempferol_7_o_glucoside_b_ovatus_atcc_848…
→ Saving feature: FT06261
ℹ Producing chromatogram plots for: 'kaempferol_7_o_glucoside_b_ovatus_atcc_848…
→ Saving feature: FT06513
ℹ Producing chromatogram plots for: 'kaempferol_7_o_glucoside_b_ovatus_atcc_848…
→ Saving feature: FT06864
ℹ Producing chromatogram plots for: 'kaempferol_7_o_glucoside_b_ovatus_atcc_848…
→ Saving feature: FT07059
ℹ Producing chromatogram plots for: 'kaempferol_7_o_glucoside_b_ovatus_atcc_848…
→ Saving feature: FT07129
ℹ Producing chromatogram plots for: 'kaempferol_7_o_glucoside_b_ovatus_atcc_848…
→ Saving feature: FT07345
ℹ Producing chromatogram plots for: 'kaempferol_7_o_glucoside_b_ovatus_atcc_848…
→ Saving feature: FT07386
ℹ Producing chromatogram plots for: 'kaempferol_7_o_glucoside_b_ovatus_atcc_848…
→ Saving feature: FT07720
ℹ Producing chromatogram plots for: 'kaempferol_7_o_glucoside_b_ovatus_atcc_848…
→ Saving feature: FT08421
ℹ Producing chromatogram plots for: 'kaempferol_7_o_glucoside_b_ovatus_atcc_848…
→ Saving feature: FT08892
ℹ Producing chromatogram plots for: 'kaempferol_7_o_glucoside_b_ovatus_atcc_848…
→ Saving feature: FT09070
ℹ Producing chromatogram plots for: 'kaempferol_7_o_glucoside_b_ovatus_atcc_848…
→ Saving feature: FT10493
ℹ Producing chromatogram plots for: 'kaempferol_7_o_glucoside_b_ovatus_atcc_848…
→ Saving feature: FT11275
ℹ Producing chromatogram plots for: 'kaempferol_7_o_glucoside_b_ovatus_atcc_848…
→ Saving feature: FT11447
ℹ Producing chromatogram plots for: 'kaempferol_7_o_glucoside_b_ovatus_atcc_848…
→ Saving feature: FT13028
ℹ Producing chromatogram plots for: 'kaempferol_7_o_glucoside_b_ovatus_atcc_848…
→ Saving feature: FT15033
ℹ Producing chromatogram plots for: 'kaempferol_7_o_glucoside_b_ovatus_atcc_848…
→ Saving feature: FT15089
ℹ Producing chromatogram plots for: 'kaempferol_7_o_glucoside_b_ovatus_atcc_848…
→ Saving feature: FT15869
ℹ Producing chromatogram plots for: 'kaempferol_7_o_glucoside_b_ovatus_atcc_848…
✔ Saved plots to: '/Volumes/bluecub/aglycone_release_100um_24h/output/kaempfero…

[11:17:37] non-ring atom 1 marked aromatic
[11:17:37] non-ring atom 1 marked aromatic
[11:17:37] non-ring atom 1 marked aromatic
[11:17:37] non-ring atom 1 marked aromatic
ℹ Filtering hits in 'kaempferol_7_o_glucoside_b_thetaiotaomicron_vpi_5482' by T…
✔ Saved hits filtered by Tanimoto similarity: 0.2, fold_change: 5 to: 'report/r…

ℹ Producing chromatogram plots for: 'kaempferol_7_o_glucoside_b_thetaiotaomicro…
Processing chromatographic peaks for features
→ Saving feature: FT00504
ℹ Producing chromatogram plots for: 'kaempferol_7_o_glucoside_b_thetaiotaomicro…
→ Saving feature: FT01404
ℹ Producing chromatogram plots for: 'kaempferol_7_o_glucoside_b_thetaiotaomicro…
→ Saving feature: FT01478
ℹ Producing chromatogram plots for: 'kaempferol_7_o_glucoside_b_thetaiotaomicro…
→ Saving feature: FT01567
ℹ Producing chromatogram plots for: 'kaempferol_7_o_glucoside_b_thetaiotaomicro…
→ Saving feature: FT03177
ℹ Producing chromatogram plots for: 'kaempferol_7_o_glucoside_b_thetaiotaomicro…
→ Saving feature: FT04052
ℹ Producing chromatogram plots for: 'kaempferol_7_o_glucoside_b_thetaiotaomicro…
→ Saving feature: FT04165
ℹ Producing chromatogram plots for: 'kaempferol_7_o_glucoside_b_thetaiotaomicro…
→ Saving feature: FT04518
ℹ Producing chromatogram plots for: 'kaempferol_7_o_glucoside_b_thetaiotaomicro…
→ Saving feature: FT04659
ℹ Producing chromatogram plots for: 'kaempferol_7_o_glucoside_b_thetaiotaomicro…
→ Saving feature: FT05807
ℹ Producing chromatogram plots for: 'kaempferol_7_o_glucoside_b_thetaiotaomicro…
→ Saving feature: FT05881
ℹ Producing chromatogram plots for: 'kaempferol_7_o_glucoside_b_thetaiotaomicro…
→ Saving feature: FT06209
ℹ Producing chromatogram plots for: 'kaempferol_7_o_glucoside_b_thetaiotaomicro…
→ Saving feature: FT06217
ℹ Producing chromatogram plots for: 'kaempferol_7_o_glucoside_b_thetaiotaomicro…
→ Saving feature: FT06517
ℹ Producing chromatogram plots for: 'kaempferol_7_o_glucoside_b_thetaiotaomicro…
→ Saving feature: FT07136
ℹ Producing chromatogram plots for: 'kaempferol_7_o_glucoside_b_thetaiotaomicro…
→ Saving feature: FT07290
ℹ Producing chromatogram plots for: 'kaempferol_7_o_glucoside_b_thetaiotaomicro…
→ Saving feature: FT08055
ℹ Producing chromatogram plots for: 'kaempferol_7_o_glucoside_b_thetaiotaomicro…
→ Saving feature: FT08087
ℹ Producing chromatogram plots for: 'kaempferol_7_o_glucoside_b_thetaiotaomicro…
→ Saving feature: FT08143
ℹ Producing chromatogram plots for: 'kaempferol_7_o_glucoside_b_thetaiotaomicro…
→ Saving feature: FT08353
ℹ Producing chromatogram plots for: 'kaempferol_7_o_glucoside_b_thetaiotaomicro…
→ Saving feature: FT08417
ℹ Producing chromatogram plots for: 'kaempferol_7_o_glucoside_b_thetaiotaomicro…
→ Saving feature: FT08499
ℹ Producing chromatogram plots for: 'kaempferol_7_o_glucoside_b_thetaiotaomicro…
→ Saving feature: FT09100
ℹ Producing chromatogram plots for: 'kaempferol_7_o_glucoside_b_thetaiotaomicro…
→ Saving feature: FT09120
ℹ Producing chromatogram plots for: 'kaempferol_7_o_glucoside_b_thetaiotaomicro…
→ Saving feature: FT09544
ℹ Producing chromatogram plots for: 'kaempferol_7_o_glucoside_b_thetaiotaomicro…
→ Saving feature: FT09803
ℹ Producing chromatogram plots for: 'kaempferol_7_o_glucoside_b_thetaiotaomicro…
→ Saving feature: FT09885
ℹ Producing chromatogram plots for: 'kaempferol_7_o_glucoside_b_thetaiotaomicro…
→ Saving feature: FT10251
ℹ Producing chromatogram plots for: 'kaempferol_7_o_glucoside_b_thetaiotaomicro…
→ Saving feature: FT10460
ℹ Producing chromatogram plots for: 'kaempferol_7_o_glucoside_b_thetaiotaomicro…
→ Saving feature: FT10805
ℹ Producing chromatogram plots for: 'kaempferol_7_o_glucoside_b_thetaiotaomicro…
→ Saving feature: FT10874
ℹ Producing chromatogram plots for: 'kaempferol_7_o_glucoside_b_thetaiotaomicro…
→ Saving feature: FT11612
ℹ Producing chromatogram plots for: 'kaempferol_7_o_glucoside_b_thetaiotaomicro…
→ Saving feature: FT11641
ℹ Producing chromatogram plots for: 'kaempferol_7_o_glucoside_b_thetaiotaomicro…
→ Saving feature: FT12001
ℹ Producing chromatogram plots for: 'kaempferol_7_o_glucoside_b_thetaiotaomicro…
→ Saving feature: FT12143
ℹ Producing chromatogram plots for: 'kaempferol_7_o_glucoside_b_thetaiotaomicro…
→ Saving feature: FT12617
ℹ Producing chromatogram plots for: 'kaempferol_7_o_glucoside_b_thetaiotaomicro…
→ Saving feature: FT12775
ℹ Producing chromatogram plots for: 'kaempferol_7_o_glucoside_b_thetaiotaomicro…
→ Saving feature: FT13150
ℹ Producing chromatogram plots for: 'kaempferol_7_o_glucoside_b_thetaiotaomicro…
→ Saving feature: FT15311
ℹ Producing chromatogram plots for: 'kaempferol_7_o_glucoside_b_thetaiotaomicro…
→ Saving feature: FT16704
ℹ Producing chromatogram plots for: 'kaempferol_7_o_glucoside_b_thetaiotaomicro…
✔ Saved plots to: '/Volumes/bluecub/aglycone_release_100um_24h/output/kaempfero…

[11:18:04] non-ring atom 1 marked aromatic
[11:18:04] non-ring atom 1 marked aromatic
[11:18:04] non-ring atom 1 marked aromatic
[11:18:04] non-ring atom 1 marked aromatic
[11:18:04] non-ring atom 1 marked aromatic
[11:18:04] non-ring atom 1 marked aromatic
[11:18:04] non-ring atom 1 marked aromatic
ℹ Filtering hits in 'kaempferol_7_o_glucoside_b_uniformis_atcc_8492_and_bu_gsh_…
✔ Saved hits filtered by Tanimoto similarity: 0.2, fold_change: 5 to: 'report/r…

ℹ Producing chromatogram plots for: 'kaempferol_7_o_glucoside_b_uniformis_atcc_…
Processing chromatographic peaks for features
→ Saving feature: FT00584
ℹ Producing chromatogram plots for: 'kaempferol_7_o_glucoside_b_uniformis_atcc_…
→ Saving feature: FT01767
ℹ Producing chromatogram plots for: 'kaempferol_7_o_glucoside_b_uniformis_atcc_…
→ Saving feature: FT02041
ℹ Producing chromatogram plots for: 'kaempferol_7_o_glucoside_b_uniformis_atcc_…
→ Saving feature: FT04814
ℹ Producing chromatogram plots for: 'kaempferol_7_o_glucoside_b_uniformis_atcc_…
→ Saving feature: FT04980
ℹ Producing chromatogram plots for: 'kaempferol_7_o_glucoside_b_uniformis_atcc_…
→ Saving feature: FT05582
ℹ Producing chromatogram plots for: 'kaempferol_7_o_glucoside_b_uniformis_atcc_…
→ Saving feature: FT05787
ℹ Producing chromatogram plots for: 'kaempferol_7_o_glucoside_b_uniformis_atcc_…
→ Saving feature: FT06188
ℹ Producing chromatogram plots for: 'kaempferol_7_o_glucoside_b_uniformis_atcc_…
→ Saving feature: FT06208
ℹ Producing chromatogram plots for: 'kaempferol_7_o_glucoside_b_uniformis_atcc_…
→ Saving feature: FT06596
ℹ Producing chromatogram plots for: 'kaempferol_7_o_glucoside_b_uniformis_atcc_…
→ Saving feature: FT07097
ℹ Producing chromatogram plots for: 'kaempferol_7_o_glucoside_b_uniformis_atcc_…
→ Saving feature: FT07558
ℹ Producing chromatogram plots for: 'kaempferol_7_o_glucoside_b_uniformis_atcc_…
→ Saving feature: FT08011
ℹ Producing chromatogram plots for: 'kaempferol_7_o_glucoside_b_uniformis_atcc_…
→ Saving feature: FT08286
ℹ Producing chromatogram plots for: 'kaempferol_7_o_glucoside_b_uniformis_atcc_…
→ Saving feature: FT08378
ℹ Producing chromatogram plots for: 'kaempferol_7_o_glucoside_b_uniformis_atcc_…
→ Saving feature: FT09318
ℹ Producing chromatogram plots for: 'kaempferol_7_o_glucoside_b_uniformis_atcc_…
→ Saving feature: FT09368
ℹ Producing chromatogram plots for: 'kaempferol_7_o_glucoside_b_uniformis_atcc_…
→ Saving feature: FT09601
ℹ Producing chromatogram plots for: 'kaempferol_7_o_glucoside_b_uniformis_atcc_…
→ Saving feature: FT09797
ℹ Producing chromatogram plots for: 'kaempferol_7_o_glucoside_b_uniformis_atcc_…
→ Saving feature: FT10567
ℹ Producing chromatogram plots for: 'kaempferol_7_o_glucoside_b_uniformis_atcc_…
→ Saving feature: FT11021
ℹ Producing chromatogram plots for: 'kaempferol_7_o_glucoside_b_uniformis_atcc_…
→ Saving feature: FT11420
ℹ Producing chromatogram plots for: 'kaempferol_7_o_glucoside_b_uniformis_atcc_…
→ Saving feature: FT11639
ℹ Producing chromatogram plots for: 'kaempferol_7_o_glucoside_b_uniformis_atcc_…
→ Saving feature: FT13092
ℹ Producing chromatogram plots for: 'kaempferol_7_o_glucoside_b_uniformis_atcc_…
→ Saving feature: FT13431
ℹ Producing chromatogram plots for: 'kaempferol_7_o_glucoside_b_uniformis_atcc_…
→ Saving feature: FT13467
ℹ Producing chromatogram plots for: 'kaempferol_7_o_glucoside_b_uniformis_atcc_…
→ Saving feature: FT14015
ℹ Producing chromatogram plots for: 'kaempferol_7_o_glucoside_b_uniformis_atcc_…
→ Saving feature: FT14640
ℹ Producing chromatogram plots for: 'kaempferol_7_o_glucoside_b_uniformis_atcc_…
→ Saving feature: FT19559
ℹ Producing chromatogram plots for: 'kaempferol_7_o_glucoside_b_uniformis_atcc_…
✔ Saved plots to: '/Volumes/bluecub/aglycone_release_100um_24h/output/kaempfero…

ℹ Filtering hits in 'kaempferol_7_o_glucoside_p_copri_i_ak263' by Tanimoto simi…
✔ Saved hits filtered by Tanimoto similarity: 0.2, fold_change: 5 to: 'report/r…

ℹ Producing chromatogram plots for: 'kaempferol_7_o_glucoside_p_copri_i_ak263'
Processing chromatographic peaks for features
→ Saving feature: FT01305
ℹ Producing chromatogram plots for: 'kaempferol_7_o_glucoside_p_copri_i_ak263'
→ Saving feature: FT01309
ℹ Producing chromatogram plots for: 'kaempferol_7_o_glucoside_p_copri_i_ak263'
→ Saving feature: FT02997
ℹ Producing chromatogram plots for: 'kaempferol_7_o_glucoside_p_copri_i_ak263'
→ Saving feature: FT03443
ℹ Producing chromatogram plots for: 'kaempferol_7_o_glucoside_p_copri_i_ak263'
→ Saving feature: FT03706
ℹ Producing chromatogram plots for: 'kaempferol_7_o_glucoside_p_copri_i_ak263'
→ Saving feature: FT05230
ℹ Producing chromatogram plots for: 'kaempferol_7_o_glucoside_p_copri_i_ak263'
→ Saving feature: FT05597
ℹ Producing chromatogram plots for: 'kaempferol_7_o_glucoside_p_copri_i_ak263'
→ Saving feature: FT05719
ℹ Producing chromatogram plots for: 'kaempferol_7_o_glucoside_p_copri_i_ak263'
→ Saving feature: FT05848
ℹ Producing chromatogram plots for: 'kaempferol_7_o_glucoside_p_copri_i_ak263'
→ Saving feature: FT05850
ℹ Producing chromatogram plots for: 'kaempferol_7_o_glucoside_p_copri_i_ak263'
→ Saving feature: FT06500
ℹ Producing chromatogram plots for: 'kaempferol_7_o_glucoside_p_copri_i_ak263'
→ Saving feature: FT07427
ℹ Producing chromatogram plots for: 'kaempferol_7_o_glucoside_p_copri_i_ak263'
→ Saving feature: FT07827
ℹ Producing chromatogram plots for: 'kaempferol_7_o_glucoside_p_copri_i_ak263'
→ Saving feature: FT08041
ℹ Producing chromatogram plots for: 'kaempferol_7_o_glucoside_p_copri_i_ak263'
→ Saving feature: FT08078
ℹ Producing chromatogram plots for: 'kaempferol_7_o_glucoside_p_copri_i_ak263'
→ Saving feature: FT08942
ℹ Producing chromatogram plots for: 'kaempferol_7_o_glucoside_p_copri_i_ak263'
→ Saving feature: FT09474
ℹ Producing chromatogram plots for: 'kaempferol_7_o_glucoside_p_copri_i_ak263'
→ Saving feature: FT09920
ℹ Producing chromatogram plots for: 'kaempferol_7_o_glucoside_p_copri_i_ak263'
→ Saving feature: FT10034
ℹ Producing chromatogram plots for: 'kaempferol_7_o_glucoside_p_copri_i_ak263'
→ Saving feature: FT10194
ℹ Producing chromatogram plots for: 'kaempferol_7_o_glucoside_p_copri_i_ak263'
→ Saving feature: FT10403
ℹ Producing chromatogram plots for: 'kaempferol_7_o_glucoside_p_copri_i_ak263'
→ Saving feature: FT11187
ℹ Producing chromatogram plots for: 'kaempferol_7_o_glucoside_p_copri_i_ak263'
→ Saving feature: FT11518
ℹ Producing chromatogram plots for: 'kaempferol_7_o_glucoside_p_copri_i_ak263'
✔ Saved plots to: '/Volumes/bluecub/aglycone_release_100um_24h/output/kaempfero…

[11:18:57] non-ring atom 1 marked aromatic
[11:18:57] non-ring atom 1 marked aromatic
[11:18:57] non-ring atom 5 marked aromatic
ℹ Filtering hits in 'ligustroflavone_b_ovatus_atcc_8483_and_b_ovatus_atcc_8483_…
✔ Saved hits filtered by Tanimoto similarity: 0.2, fold_change: 5 to: 'report/r…

ℹ Producing chromatogram plots for: 'ligustroflavone_b_ovatus_atcc_8483_and_b_o…
Processing chromatographic peaks for features
→ Saving feature: FT00407
ℹ Producing chromatogram plots for: 'ligustroflavone_b_ovatus_atcc_8483_and_b_o…
→ Saving feature: FT00625
ℹ Producing chromatogram plots for: 'ligustroflavone_b_ovatus_atcc_8483_and_b_o…
→ Saving feature: FT01892
ℹ Producing chromatogram plots for: 'ligustroflavone_b_ovatus_atcc_8483_and_b_o…
→ Saving feature: FT03632
ℹ Producing chromatogram plots for: 'ligustroflavone_b_ovatus_atcc_8483_and_b_o…
→ Saving feature: FT03984
ℹ Producing chromatogram plots for: 'ligustroflavone_b_ovatus_atcc_8483_and_b_o…
→ Saving feature: FT05617
ℹ Producing chromatogram plots for: 'ligustroflavone_b_ovatus_atcc_8483_and_b_o…
→ Saving feature: FT05638
ℹ Producing chromatogram plots for: 'ligustroflavone_b_ovatus_atcc_8483_and_b_o…
→ Saving feature: FT06838
ℹ Producing chromatogram plots for: 'ligustroflavone_b_ovatus_atcc_8483_and_b_o…
→ Saving feature: FT07746
ℹ Producing chromatogram plots for: 'ligustroflavone_b_ovatus_atcc_8483_and_b_o…
→ Saving feature: FT08207
ℹ Producing chromatogram plots for: 'ligustroflavone_b_ovatus_atcc_8483_and_b_o…
→ Saving feature: FT08901
ℹ Producing chromatogram plots for: 'ligustroflavone_b_ovatus_atcc_8483_and_b_o…
→ Saving feature: FT09082
ℹ Producing chromatogram plots for: 'ligustroflavone_b_ovatus_atcc_8483_and_b_o…
→ Saving feature: FT09218
ℹ Producing chromatogram plots for: 'ligustroflavone_b_ovatus_atcc_8483_and_b_o…
→ Saving feature: FT11384
ℹ Producing chromatogram plots for: 'ligustroflavone_b_ovatus_atcc_8483_and_b_o…
→ Saving feature: FT11424
ℹ Producing chromatogram plots for: 'ligustroflavone_b_ovatus_atcc_8483_and_b_o…
→ Saving feature: FT11957
ℹ Producing chromatogram plots for: 'ligustroflavone_b_ovatus_atcc_8483_and_b_o…
→ Saving feature: FT12770
ℹ Producing chromatogram plots for: 'ligustroflavone_b_ovatus_atcc_8483_and_b_o…
→ Saving feature: FT12815
ℹ Producing chromatogram plots for: 'ligustroflavone_b_ovatus_atcc_8483_and_b_o…
→ Saving feature: FT12817
ℹ Producing chromatogram plots for: 'ligustroflavone_b_ovatus_atcc_8483_and_b_o…
→ Saving feature: FT13586
ℹ Producing chromatogram plots for: 'ligustroflavone_b_ovatus_atcc_8483_and_b_o…
→ Saving feature: FT13590
ℹ Producing chromatogram plots for: 'ligustroflavone_b_ovatus_atcc_8483_and_b_o…
→ Saving feature: FT13718
ℹ Producing chromatogram plots for: 'ligustroflavone_b_ovatus_atcc_8483_and_b_o…
→ Saving feature: FT13767
ℹ Producing chromatogram plots for: 'ligustroflavone_b_ovatus_atcc_8483_and_b_o…
→ Saving feature: FT14511
ℹ Producing chromatogram plots for: 'ligustroflavone_b_ovatus_atcc_8483_and_b_o…
→ Saving feature: FT15072
ℹ Producing chromatogram plots for: 'ligustroflavone_b_ovatus_atcc_8483_and_b_o…
→ Saving feature: FT15115
ℹ Producing chromatogram plots for: 'ligustroflavone_b_ovatus_atcc_8483_and_b_o…
→ Saving feature: FT15657
ℹ Producing chromatogram plots for: 'ligustroflavone_b_ovatus_atcc_8483_and_b_o…
→ Saving feature: FT17489
ℹ Producing chromatogram plots for: 'ligustroflavone_b_ovatus_atcc_8483_and_b_o…
→ Saving feature: FT18444
ℹ Producing chromatogram plots for: 'ligustroflavone_b_ovatus_atcc_8483_and_b_o…
→ Saving feature: FT21812
ℹ Producing chromatogram plots for: 'ligustroflavone_b_ovatus_atcc_8483_and_b_o…
✔ Saved plots to: '/Volumes/bluecub/aglycone_release_100um_24h/output/ligustrof…

[11:19:31] non-ring atom 1 marked aromatic
[11:19:31] non-ring atom 1 marked aromatic
[11:19:31] non-ring atom 1 marked aromatic
[11:19:31] non-ring atom 1 marked aromatic
ℹ Filtering hits in 'ligustroflavone_b_thetaiotaomicron_vpi_5482' by Tanimoto s…
✔ Saved hits filtered by Tanimoto similarity: 0.2, fold_change: 5 to: 'report/r…

ℹ Producing chromatogram plots for: 'ligustroflavone_b_thetaiotaomicron_vpi_548…
Processing chromatographic peaks for features
→ Saving feature: FT1779
ℹ Producing chromatogram plots for: 'ligustroflavone_b_thetaiotaomicron_vpi_548…
→ Saving feature: FT2884
ℹ Producing chromatogram plots for: 'ligustroflavone_b_thetaiotaomicron_vpi_548…
→ Saving feature: FT3190
ℹ Producing chromatogram plots for: 'ligustroflavone_b_thetaiotaomicron_vpi_548…
→ Saving feature: FT3601
ℹ Producing chromatogram plots for: 'ligustroflavone_b_thetaiotaomicron_vpi_548…
→ Saving feature: FT4515
ℹ Producing chromatogram plots for: 'ligustroflavone_b_thetaiotaomicron_vpi_548…
→ Saving feature: FT5260
ℹ Producing chromatogram plots for: 'ligustroflavone_b_thetaiotaomicron_vpi_548…
→ Saving feature: FT5261
ℹ Producing chromatogram plots for: 'ligustroflavone_b_thetaiotaomicron_vpi_548…
✔ Saved plots to: '/Volumes/bluecub/aglycone_release_100um_24h/output/ligustrof…

[11:19:46] non-ring atom 1 marked aromatic
ℹ Filtering hits in 'ligustroflavone_b_uniformis_atcc_8492_and_bu_gsh_d_ggh_c_g…
✔ Saved hits filtered by Tanimoto similarity: 0.2, fold_change: 5 to: 'report/r…

ℹ Producing chromatogram plots for: 'ligustroflavone_b_uniformis_atcc_8492_and_…
Processing chromatographic peaks for features
→ Saving feature: FT00552
ℹ Producing chromatogram plots for: 'ligustroflavone_b_uniformis_atcc_8492_and_…
→ Saving feature: FT04116
ℹ Producing chromatogram plots for: 'ligustroflavone_b_uniformis_atcc_8492_and_…
→ Saving feature: FT05812
ℹ Producing chromatogram plots for: 'ligustroflavone_b_uniformis_atcc_8492_and_…
→ Saving feature: FT06158
ℹ Producing chromatogram plots for: 'ligustroflavone_b_uniformis_atcc_8492_and_…
→ Saving feature: FT06233
ℹ Producing chromatogram plots for: 'ligustroflavone_b_uniformis_atcc_8492_and_…
→ Saving feature: FT06777
ℹ Producing chromatogram plots for: 'ligustroflavone_b_uniformis_atcc_8492_and_…
→ Saving feature: FT07178
ℹ Producing chromatogram plots for: 'ligustroflavone_b_uniformis_atcc_8492_and_…
→ Saving feature: FT08079
ℹ Producing chromatogram plots for: 'ligustroflavone_b_uniformis_atcc_8492_and_…
→ Saving feature: FT11158
ℹ Producing chromatogram plots for: 'ligustroflavone_b_uniformis_atcc_8492_and_…
→ Saving feature: FT11221
ℹ Producing chromatogram plots for: 'ligustroflavone_b_uniformis_atcc_8492_and_…
→ Saving feature: FT12550
ℹ Producing chromatogram plots for: 'ligustroflavone_b_uniformis_atcc_8492_and_…
→ Saving feature: FT12866
ℹ Producing chromatogram plots for: 'ligustroflavone_b_uniformis_atcc_8492_and_…
→ Saving feature: FT13087
ℹ Producing chromatogram plots for: 'ligustroflavone_b_uniformis_atcc_8492_and_…
→ Saving feature: FT14812
ℹ Producing chromatogram plots for: 'ligustroflavone_b_uniformis_atcc_8492_and_…
→ Saving feature: FT16482
ℹ Producing chromatogram plots for: 'ligustroflavone_b_uniformis_atcc_8492_and_…
→ Saving feature: FT16791
ℹ Producing chromatogram plots for: 'ligustroflavone_b_uniformis_atcc_8492_and_…
→ Saving feature: FT16921
ℹ Producing chromatogram plots for: 'ligustroflavone_b_uniformis_atcc_8492_and_…
→ Saving feature: FT18476
ℹ Producing chromatogram plots for: 'ligustroflavone_b_uniformis_atcc_8492_and_…
✔ Saved plots to: '/Volumes/bluecub/aglycone_release_100um_24h/output/ligustrof…

[11:20:13] non-ring atom 1 marked aromatic
[11:20:13] non-ring atom 1 marked aromatic
[11:20:13] non-ring atom 1 marked aromatic
ℹ Filtering hits in 'ligustroflavone_p_copri_i_ak263' by Tanimoto similarity: 0…
✔ Saved hits filtered by Tanimoto similarity: 0.2, fold_change: 5 to: 'report/r…

ℹ Producing chromatogram plots for: 'ligustroflavone_p_copri_i_ak263'
Processing chromatographic peaks for features
→ Saving feature: FT01144
ℹ Producing chromatogram plots for: 'ligustroflavone_p_copri_i_ak263'
→ Saving feature: FT02736
ℹ Producing chromatogram plots for: 'ligustroflavone_p_copri_i_ak263'
→ Saving feature: FT03016
ℹ Producing chromatogram plots for: 'ligustroflavone_p_copri_i_ak263'
→ Saving feature: FT03233
ℹ Producing chromatogram plots for: 'ligustroflavone_p_copri_i_ak263'
→ Saving feature: FT03758
ℹ Producing chromatogram plots for: 'ligustroflavone_p_copri_i_ak263'
→ Saving feature: FT04043
ℹ Producing chromatogram plots for: 'ligustroflavone_p_copri_i_ak263'
→ Saving feature: FT04403
ℹ Producing chromatogram plots for: 'ligustroflavone_p_copri_i_ak263'
→ Saving feature: FT04888
ℹ Producing chromatogram plots for: 'ligustroflavone_p_copri_i_ak263'
→ Saving feature: FT05108
ℹ Producing chromatogram plots for: 'ligustroflavone_p_copri_i_ak263'
→ Saving feature: FT05353
ℹ Producing chromatogram plots for: 'ligustroflavone_p_copri_i_ak263'
→ Saving feature: FT05533
ℹ Producing chromatogram plots for: 'ligustroflavone_p_copri_i_ak263'
→ Saving feature: FT05559
ℹ Producing chromatogram plots for: 'ligustroflavone_p_copri_i_ak263'
→ Saving feature: FT05631
ℹ Producing chromatogram plots for: 'ligustroflavone_p_copri_i_ak263'
→ Saving feature: FT05777
ℹ Producing chromatogram plots for: 'ligustroflavone_p_copri_i_ak263'
→ Saving feature: FT07285
ℹ Producing chromatogram plots for: 'ligustroflavone_p_copri_i_ak263'
→ Saving feature: FT07663
ℹ Producing chromatogram plots for: 'ligustroflavone_p_copri_i_ak263'
→ Saving feature: FT08080
ℹ Producing chromatogram plots for: 'ligustroflavone_p_copri_i_ak263'
→ Saving feature: FT08398
ℹ Producing chromatogram plots for: 'ligustroflavone_p_copri_i_ak263'
→ Saving feature: FT09126
ℹ Producing chromatogram plots for: 'ligustroflavone_p_copri_i_ak263'
→ Saving feature: FT09562
ℹ Producing chromatogram plots for: 'ligustroflavone_p_copri_i_ak263'
→ Saving feature: FT10513
ℹ Producing chromatogram plots for: 'ligustroflavone_p_copri_i_ak263'
→ Saving feature: FT10717
ℹ Producing chromatogram plots for: 'ligustroflavone_p_copri_i_ak263'
→ Saving feature: FT10957
ℹ Producing chromatogram plots for: 'ligustroflavone_p_copri_i_ak263'
→ Saving feature: FT11389
ℹ Producing chromatogram plots for: 'ligustroflavone_p_copri_i_ak263'
→ Saving feature: FT12647
ℹ Producing chromatogram plots for: 'ligustroflavone_p_copri_i_ak263'
→ Saving feature: FT14097
ℹ Producing chromatogram plots for: 'ligustroflavone_p_copri_i_ak263'
✔ Saved plots to: '/Volumes/bluecub/aglycone_release_100um_24h/output/ligustrof…

[11:20:33] non-ring atom 1 marked aromatic
[11:20:33] non-ring atom 1 marked aromatic
[11:20:33] non-ring atom 1 marked aromatic
[11:20:33] non-ring atom 1 marked aromatic
[11:20:33] non-ring atom 1 marked aromatic
[11:20:33] non-ring atom 1 marked aromatic
ℹ Filtering hits in 'luteolin_7_o_glucuronide_b_ovatus_atcc_8483_and_b_ovatus_a…
✔ Saved hits filtered by Tanimoto similarity: 0.2, fold_change: 5 to: 'report/r…

ℹ Producing chromatogram plots for: 'luteolin_7_o_glucuronide_b_ovatus_atcc_848…
Processing chromatographic peaks for features
→ Saving feature: FT02113
ℹ Producing chromatogram plots for: 'luteolin_7_o_glucuronide_b_ovatus_atcc_848…
→ Saving feature: FT07554
ℹ Producing chromatogram plots for: 'luteolin_7_o_glucuronide_b_ovatus_atcc_848…
→ Saving feature: FT07986
ℹ Producing chromatogram plots for: 'luteolin_7_o_glucuronide_b_ovatus_atcc_848…
→ Saving feature: FT09526
ℹ Producing chromatogram plots for: 'luteolin_7_o_glucuronide_b_ovatus_atcc_848…
→ Saving feature: FT15196
ℹ Producing chromatogram plots for: 'luteolin_7_o_glucuronide_b_ovatus_atcc_848…
→ Saving feature: FT15899
ℹ Producing chromatogram plots for: 'luteolin_7_o_glucuronide_b_ovatus_atcc_848…
→ Saving feature: FT17031
ℹ Producing chromatogram plots for: 'luteolin_7_o_glucuronide_b_ovatus_atcc_848…
✔ Saved plots to: '/Volumes/bluecub/aglycone_release_100um_24h/output/luteolin_…

ℹ Filtering hits in 'luteolin_7_o_glucuronide_b_thetaiotaomicron_vpi_5482' by T…
✔ Saved hits filtered by Tanimoto similarity: 0.2, fold_change: 5 to: 'report/r…

ℹ Producing chromatogram plots for: 'luteolin_7_o_glucuronide_b_thetaiotaomicro…
Processing chromatographic peaks for features
→ Saving feature: FT01361
ℹ Producing chromatogram plots for: 'luteolin_7_o_glucuronide_b_thetaiotaomicro…
→ Saving feature: FT03657
ℹ Producing chromatogram plots for: 'luteolin_7_o_glucuronide_b_thetaiotaomicro…
→ Saving feature: FT03969
ℹ Producing chromatogram plots for: 'luteolin_7_o_glucuronide_b_thetaiotaomicro…
→ Saving feature: FT04524
ℹ Producing chromatogram plots for: 'luteolin_7_o_glucuronide_b_thetaiotaomicro…
→ Saving feature: FT04746
ℹ Producing chromatogram plots for: 'luteolin_7_o_glucuronide_b_thetaiotaomicro…
→ Saving feature: FT07097
ℹ Producing chromatogram plots for: 'luteolin_7_o_glucuronide_b_thetaiotaomicro…
→ Saving feature: FT08194
ℹ Producing chromatogram plots for: 'luteolin_7_o_glucuronide_b_thetaiotaomicro…
→ Saving feature: FT09606
ℹ Producing chromatogram plots for: 'luteolin_7_o_glucuronide_b_thetaiotaomicro…
→ Saving feature: FT10690
ℹ Producing chromatogram plots for: 'luteolin_7_o_glucuronide_b_thetaiotaomicro…
→ Saving feature: FT11549
ℹ Producing chromatogram plots for: 'luteolin_7_o_glucuronide_b_thetaiotaomicro…
→ Saving feature: FT11697
ℹ Producing chromatogram plots for: 'luteolin_7_o_glucuronide_b_thetaiotaomicro…
→ Saving feature: FT12037
ℹ Producing chromatogram plots for: 'luteolin_7_o_glucuronide_b_thetaiotaomicro…
→ Saving feature: FT13705
ℹ Producing chromatogram plots for: 'luteolin_7_o_glucuronide_b_thetaiotaomicro…
✔ Saved plots to: '/Volumes/bluecub/aglycone_release_100um_24h/output/luteolin_…

[11:21:18] non-ring atom 1 marked aromatic
[11:21:18] non-ring atom 1 marked aromatic
[11:21:18] non-ring atom 1 marked aromatic
[11:21:18] non-ring atom 1 marked aromatic
ℹ Filtering hits in 'luteolin_7_o_glucuronide_b_uniformis_atcc_8492_and_bu_gsh_…
✔ Saved hits filtered by Tanimoto similarity: 0.2, fold_change: 5 to: 'report/r…

ℹ Producing chromatogram plots for: 'luteolin_7_o_glucuronide_b_uniformis_atcc_…
Processing chromatographic peaks for features
→ Saving feature: FT04281
ℹ Producing chromatogram plots for: 'luteolin_7_o_glucuronide_b_uniformis_atcc_…
→ Saving feature: FT06954
ℹ Producing chromatogram plots for: 'luteolin_7_o_glucuronide_b_uniformis_atcc_…
→ Saving feature: FT07993
ℹ Producing chromatogram plots for: 'luteolin_7_o_glucuronide_b_uniformis_atcc_…
→ Saving feature: FT09331
ℹ Producing chromatogram plots for: 'luteolin_7_o_glucuronide_b_uniformis_atcc_…
✔ Saved plots to: '/Volumes/bluecub/aglycone_release_100um_24h/output/luteolin_…

[11:21:39] non-ring atom 1 marked aromatic
[11:21:39] non-ring atom 1 marked aromatic
ℹ Filtering hits in 'luteolin_7_o_glucuronide_p_copri_i_ak263' by Tanimoto simi…
✔ Saved hits filtered by Tanimoto similarity: 0.2, fold_change: 5 to: 'report/r…

ℹ Producing chromatogram plots for: 'luteolin_7_o_glucuronide_p_copri_i_ak263'
Processing chromatographic peaks for features
→ Saving feature: FT01747
ℹ Producing chromatogram plots for: 'luteolin_7_o_glucuronide_p_copri_i_ak263'
→ Saving feature: FT04606
ℹ Producing chromatogram plots for: 'luteolin_7_o_glucuronide_p_copri_i_ak263'
✔ Saved plots to: '/Volumes/bluecub/aglycone_release_100um_24h/output/luteolin_…

ℹ Filtering hits in 'luteolin_7_o_rutinoside_b_ovatus_atcc_8483_and_b_ovatus_at…
! No significant features found in '/Volumes/bluecub/aglycone_release_100um_24h/output/luteolin_7_o_rutinoside_b_ovatus_atcc_8483_and_b_ovatus_atcc_8483_d_operon/tables/biotransformer_similarities.csv'
ℹ Filtering hits in 'luteolin_7_o_rutinoside_b_ovatus_atcc_8483_and_b_ovatus_at…
! No significant features found in '/Volumes/bluecub/aglycone_release_100um_24h/output/luteolin_7_o_rutinoside_b_ovatus_atcc_8483_and_b_ovatus_atcc_8483_d_operon/tables/norm_fill_imp_untransformed.csv'
ℹ Filtering hits in 'luteolin_7_o_rutinoside_b_ovatus_atcc_8483_and_b_ovatus_at…
✔ Saved hits filtered by Tanimoto similarity: 0.2, fold_change: 5 to: 'report/r…

ℹ Producing chromatogram plots for: 'luteolin_7_o_rutinoside_b_ovatus_atcc_8483…
Processing chromatographic peaks for features
→ Saving feature: FT03812
ℹ Producing chromatogram plots for: 'luteolin_7_o_rutinoside_b_ovatus_atcc_8483…
→ Saving feature: FT11633
ℹ Producing chromatogram plots for: 'luteolin_7_o_rutinoside_b_ovatus_atcc_8483…
→ Saving feature: FT16126
ℹ Producing chromatogram plots for: 'luteolin_7_o_rutinoside_b_ovatus_atcc_8483…
✔ Saved plots to: '/Volumes/bluecub/aglycone_release_100um_24h/output/luteolin_…

[11:22:15] non-ring atom 1 marked aromatic
ℹ Filtering hits in 'luteolin_7_o_rutinoside_b_thetaiotaomicron_vpi_5482' by Ta…
✔ Saved hits filtered by Tanimoto similarity: 0.2, fold_change: 5 to: 'report/r…

ℹ Producing chromatogram plots for: 'luteolin_7_o_rutinoside_b_thetaiotaomicron…
Processing chromatographic peaks for features
→ Saving feature: FT04675
ℹ Producing chromatogram plots for: 'luteolin_7_o_rutinoside_b_thetaiotaomicron…
→ Saving feature: FT07383
ℹ Producing chromatogram plots for: 'luteolin_7_o_rutinoside_b_thetaiotaomicron…
→ Saving feature: FT09321
ℹ Producing chromatogram plots for: 'luteolin_7_o_rutinoside_b_thetaiotaomicron…
→ Saving feature: FT10831
ℹ Producing chromatogram plots for: 'luteolin_7_o_rutinoside_b_thetaiotaomicron…
→ Saving feature: FT12120
ℹ Producing chromatogram plots for: 'luteolin_7_o_rutinoside_b_thetaiotaomicron…
✔ Saved plots to: '/Volumes/bluecub/aglycone_release_100um_24h/output/luteolin_…

ℹ Filtering hits in 'luteolin_7_o_rutinoside_b_uniformis_atcc_8492_and_bu_gsh_d…
✔ Saved hits filtered by Tanimoto similarity: 0.2, fold_change: 5 to: 'report/r…

ℹ Producing chromatogram plots for: 'luteolin_7_o_rutinoside_b_uniformis_atcc_8…
Processing chromatographic peaks for features
→ Saving feature: FT06829
ℹ Producing chromatogram plots for: 'luteolin_7_o_rutinoside_b_uniformis_atcc_8…
→ Saving feature: FT06882
ℹ Producing chromatogram plots for: 'luteolin_7_o_rutinoside_b_uniformis_atcc_8…
→ Saving feature: FT12901
ℹ Producing chromatogram plots for: 'luteolin_7_o_rutinoside_b_uniformis_atcc_8…
✔ Saved plots to: '/Volumes/bluecub/aglycone_release_100um_24h/output/luteolin_…

ℹ Filtering hits in 'luteolin_7_o_rutinoside_p_copri_i_ak263' by Tanimoto simil…
✔ Saved hits filtered by Tanimoto similarity: 0.2, fold_change: 5 to: 'report/r…

ℹ Producing chromatogram plots for: 'luteolin_7_o_rutinoside_p_copri_i_ak263'
Processing chromatographic peaks for features
→ Saving feature: FT01710
ℹ Producing chromatogram plots for: 'luteolin_7_o_rutinoside_p_copri_i_ak263'
→ Saving feature: FT02426
ℹ Producing chromatogram plots for: 'luteolin_7_o_rutinoside_p_copri_i_ak263'
→ Saving feature: FT07193
ℹ Producing chromatogram plots for: 'luteolin_7_o_rutinoside_p_copri_i_ak263'
→ Saving feature: FT09858
ℹ Producing chromatogram plots for: 'luteolin_7_o_rutinoside_p_copri_i_ak263'
✔ Saved plots to: '/Volumes/bluecub/aglycone_release_100um_24h/output/luteolin_…

[11:23:05] non-ring atom 1 marked aromatic
ℹ Filtering hits in 'narcissoside_b_ovatus_atcc_8483_and_b_ovatus_atcc_8483_d_o…
✔ Saved hits filtered by Tanimoto similarity: 0.2, fold_change: 5 to: 'report/r…

ℹ Producing chromatogram plots for: 'narcissoside_b_ovatus_atcc_8483_and_b_ovat…
Processing chromatographic peaks for features
→ Saving feature: FT00481
ℹ Producing chromatogram plots for: 'narcissoside_b_ovatus_atcc_8483_and_b_ovat…
→ Saving feature: FT01736
ℹ Producing chromatogram plots for: 'narcissoside_b_ovatus_atcc_8483_and_b_ovat…
→ Saving feature: FT02155
ℹ Producing chromatogram plots for: 'narcissoside_b_ovatus_atcc_8483_and_b_ovat…
→ Saving feature: FT06683
ℹ Producing chromatogram plots for: 'narcissoside_b_ovatus_atcc_8483_and_b_ovat…
→ Saving feature: FT06920
ℹ Producing chromatogram plots for: 'narcissoside_b_ovatus_atcc_8483_and_b_ovat…
→ Saving feature: FT07272
ℹ Producing chromatogram plots for: 'narcissoside_b_ovatus_atcc_8483_and_b_ovat…
→ Saving feature: FT08599
ℹ Producing chromatogram plots for: 'narcissoside_b_ovatus_atcc_8483_and_b_ovat…
→ Saving feature: FT11004
ℹ Producing chromatogram plots for: 'narcissoside_b_ovatus_atcc_8483_and_b_ovat…
→ Saving feature: FT13426
ℹ Producing chromatogram plots for: 'narcissoside_b_ovatus_atcc_8483_and_b_ovat…
→ Saving feature: FT13654
ℹ Producing chromatogram plots for: 'narcissoside_b_ovatus_atcc_8483_and_b_ovat…
→ Saving feature: FT16878
ℹ Producing chromatogram plots for: 'narcissoside_b_ovatus_atcc_8483_and_b_ovat…
→ Saving feature: FT20574
ℹ Producing chromatogram plots for: 'narcissoside_b_ovatus_atcc_8483_and_b_ovat…
→ Saving feature: FT20826
ℹ Producing chromatogram plots for: 'narcissoside_b_ovatus_atcc_8483_and_b_ovat…
→ Saving feature: FT20831
ℹ Producing chromatogram plots for: 'narcissoside_b_ovatus_atcc_8483_and_b_ovat…
✔ Saved plots to: '/Volumes/bluecub/aglycone_release_100um_24h/output/narcissos…

[11:23:32] non-ring atom 1 marked aromatic
[11:23:32] non-ring atom 1 marked aromatic
ℹ Filtering hits in 'narcissoside_b_thetaiotaomicron_vpi_5482' by Tanimoto simi…
✔ Saved hits filtered by Tanimoto similarity: 0.2, fold_change: 5 to: 'report/r…

ℹ Producing chromatogram plots for: 'narcissoside_b_thetaiotaomicron_vpi_5482'
Processing chromatographic peaks for features
→ Saving feature: FT00963
ℹ Producing chromatogram plots for: 'narcissoside_b_thetaiotaomicron_vpi_5482'
→ Saving feature: FT01033
ℹ Producing chromatogram plots for: 'narcissoside_b_thetaiotaomicron_vpi_5482'
→ Saving feature: FT01680
ℹ Producing chromatogram plots for: 'narcissoside_b_thetaiotaomicron_vpi_5482'
→ Saving feature: FT01907
ℹ Producing chromatogram plots for: 'narcissoside_b_thetaiotaomicron_vpi_5482'
→ Saving feature: FT02907
ℹ Producing chromatogram plots for: 'narcissoside_b_thetaiotaomicron_vpi_5482'
→ Saving feature: FT02936
ℹ Producing chromatogram plots for: 'narcissoside_b_thetaiotaomicron_vpi_5482'
→ Saving feature: FT03250
ℹ Producing chromatogram plots for: 'narcissoside_b_thetaiotaomicron_vpi_5482'
→ Saving feature: FT03361
ℹ Producing chromatogram plots for: 'narcissoside_b_thetaiotaomicron_vpi_5482'
→ Saving feature: FT03363
ℹ Producing chromatogram plots for: 'narcissoside_b_thetaiotaomicron_vpi_5482'
→ Saving feature: FT03709
ℹ Producing chromatogram plots for: 'narcissoside_b_thetaiotaomicron_vpi_5482'
→ Saving feature: FT04120
ℹ Producing chromatogram plots for: 'narcissoside_b_thetaiotaomicron_vpi_5482'
→ Saving feature: FT04392
ℹ Producing chromatogram plots for: 'narcissoside_b_thetaiotaomicron_vpi_5482'
→ Saving feature: FT04480
ℹ Producing chromatogram plots for: 'narcissoside_b_thetaiotaomicron_vpi_5482'
→ Saving feature: FT04575
ℹ Producing chromatogram plots for: 'narcissoside_b_thetaiotaomicron_vpi_5482'
→ Saving feature: FT04885
ℹ Producing chromatogram plots for: 'narcissoside_b_thetaiotaomicron_vpi_5482'
→ Saving feature: FT05004
ℹ Producing chromatogram plots for: 'narcissoside_b_thetaiotaomicron_vpi_5482'
→ Saving feature: FT06128
ℹ Producing chromatogram plots for: 'narcissoside_b_thetaiotaomicron_vpi_5482'
→ Saving feature: FT06662
ℹ Producing chromatogram plots for: 'narcissoside_b_thetaiotaomicron_vpi_5482'
→ Saving feature: FT07249
ℹ Producing chromatogram plots for: 'narcissoside_b_thetaiotaomicron_vpi_5482'
→ Saving feature: FT08897
ℹ Producing chromatogram plots for: 'narcissoside_b_thetaiotaomicron_vpi_5482'
→ Saving feature: FT09007
ℹ Producing chromatogram plots for: 'narcissoside_b_thetaiotaomicron_vpi_5482'
→ Saving feature: FT09859
ℹ Producing chromatogram plots for: 'narcissoside_b_thetaiotaomicron_vpi_5482'
→ Saving feature: FT10729
ℹ Producing chromatogram plots for: 'narcissoside_b_thetaiotaomicron_vpi_5482'
→ Saving feature: FT10858
ℹ Producing chromatogram plots for: 'narcissoside_b_thetaiotaomicron_vpi_5482'
→ Saving feature: FT11088
ℹ Producing chromatogram plots for: 'narcissoside_b_thetaiotaomicron_vpi_5482'
→ Saving feature: FT11489
ℹ Producing chromatogram plots for: 'narcissoside_b_thetaiotaomicron_vpi_5482'
→ Saving feature: FT11506
ℹ Producing chromatogram plots for: 'narcissoside_b_thetaiotaomicron_vpi_5482'
✔ Saved plots to: '/Volumes/bluecub/aglycone_release_100um_24h/output/narcissos…

[11:23:54] non-ring atom 3 marked aromatic
[11:23:54] non-ring atom 1 marked aromatic
[11:23:54] non-ring atom 1 marked aromatic
[11:23:54] non-ring atom 1 marked aromatic
[11:23:54] non-ring atom 1 marked aromatic
ℹ Filtering hits in 'narcissoside_b_uniformis_atcc_8492_and_bu_gsh_d_ggh_c_gsh_…
✔ Saved hits filtered by Tanimoto similarity: 0.2, fold_change: 5 to: 'report/r…

ℹ Producing chromatogram plots for: 'narcissoside_b_uniformis_atcc_8492_and_bu_…
Processing chromatographic peaks for features
→ Saving feature: FT01571
ℹ Producing chromatogram plots for: 'narcissoside_b_uniformis_atcc_8492_and_bu_…
→ Saving feature: FT02608
ℹ Producing chromatogram plots for: 'narcissoside_b_uniformis_atcc_8492_and_bu_…
→ Saving feature: FT03902
ℹ Producing chromatogram plots for: 'narcissoside_b_uniformis_atcc_8492_and_bu_…
→ Saving feature: FT05320
ℹ Producing chromatogram plots for: 'narcissoside_b_uniformis_atcc_8492_and_bu_…
→ Saving feature: FT05346
ℹ Producing chromatogram plots for: 'narcissoside_b_uniformis_atcc_8492_and_bu_…
→ Saving feature: FT07237
ℹ Producing chromatogram plots for: 'narcissoside_b_uniformis_atcc_8492_and_bu_…
→ Saving feature: FT08732
ℹ Producing chromatogram plots for: 'narcissoside_b_uniformis_atcc_8492_and_bu_…
→ Saving feature: FT10648
ℹ Producing chromatogram plots for: 'narcissoside_b_uniformis_atcc_8492_and_bu_…
→ Saving feature: FT12961
ℹ Producing chromatogram plots for: 'narcissoside_b_uniformis_atcc_8492_and_bu_…
→ Saving feature: FT13773
ℹ Producing chromatogram plots for: 'narcissoside_b_uniformis_atcc_8492_and_bu_…
→ Saving feature: FT14683
ℹ Producing chromatogram plots for: 'narcissoside_b_uniformis_atcc_8492_and_bu_…
→ Saving feature: FT16289
ℹ Producing chromatogram plots for: 'narcissoside_b_uniformis_atcc_8492_and_bu_…
✔ Saved plots to: '/Volumes/bluecub/aglycone_release_100um_24h/output/narcissos…

[11:24:17] non-ring atom 1 marked aromatic
[11:24:17] non-ring atom 1 marked aromatic
[11:24:17] non-ring atom 1 marked aromatic
[11:24:17] non-ring atom 1 marked aromatic
ℹ Filtering hits in 'narcissoside_p_copri_i_ak263' by Tanimoto similarity: 0.2,…
✔ Saved hits filtered by Tanimoto similarity: 0.2, fold_change: 5 to: 'report/r…

ℹ Producing chromatogram plots for: 'narcissoside_p_copri_i_ak263'
Processing chromatographic peaks for features
→ Saving feature: FT00864
ℹ Producing chromatogram plots for: 'narcissoside_p_copri_i_ak263'
→ Saving feature: FT01094
ℹ Producing chromatogram plots for: 'narcissoside_p_copri_i_ak263'
→ Saving feature: FT02980
ℹ Producing chromatogram plots for: 'narcissoside_p_copri_i_ak263'
→ Saving feature: FT03161
ℹ Producing chromatogram plots for: 'narcissoside_p_copri_i_ak263'
→ Saving feature: FT03280
ℹ Producing chromatogram plots for: 'narcissoside_p_copri_i_ak263'
→ Saving feature: FT03341
ℹ Producing chromatogram plots for: 'narcissoside_p_copri_i_ak263'
→ Saving feature: FT03931
ℹ Producing chromatogram plots for: 'narcissoside_p_copri_i_ak263'
→ Saving feature: FT04508
ℹ Producing chromatogram plots for: 'narcissoside_p_copri_i_ak263'
→ Saving feature: FT04628
ℹ Producing chromatogram plots for: 'narcissoside_p_copri_i_ak263'
→ Saving feature: FT04717
ℹ Producing chromatogram plots for: 'narcissoside_p_copri_i_ak263'
→ Saving feature: FT04785
ℹ Producing chromatogram plots for: 'narcissoside_p_copri_i_ak263'
→ Saving feature: FT04952
ℹ Producing chromatogram plots for: 'narcissoside_p_copri_i_ak263'
→ Saving feature: FT05048
ℹ Producing chromatogram plots for: 'narcissoside_p_copri_i_ak263'
→ Saving feature: FT05214
ℹ Producing chromatogram plots for: 'narcissoside_p_copri_i_ak263'
→ Saving feature: FT07459
ℹ Producing chromatogram plots for: 'narcissoside_p_copri_i_ak263'
→ Saving feature: FT07660
ℹ Producing chromatogram plots for: 'narcissoside_p_copri_i_ak263'
→ Saving feature: FT07679
ℹ Producing chromatogram plots for: 'narcissoside_p_copri_i_ak263'
→ Saving feature: FT09960
ℹ Producing chromatogram plots for: 'narcissoside_p_copri_i_ak263'
→ Saving feature: FT10305
ℹ Producing chromatogram plots for: 'narcissoside_p_copri_i_ak263'
→ Saving feature: FT10444
ℹ Producing chromatogram plots for: 'narcissoside_p_copri_i_ak263'
→ Saving feature: FT11027
ℹ Producing chromatogram plots for: 'narcissoside_p_copri_i_ak263'
→ Saving feature: FT13250
ℹ Producing chromatogram plots for: 'narcissoside_p_copri_i_ak263'
→ Saving feature: FT13908
ℹ Producing chromatogram plots for: 'narcissoside_p_copri_i_ak263'
→ Saving feature: FT13997
ℹ Producing chromatogram plots for: 'narcissoside_p_copri_i_ak263'
✔ Saved plots to: '/Volumes/bluecub/aglycone_release_100um_24h/output/narcissos…

[11:24:37] non-ring atom 1 marked aromatic
[11:24:37] non-ring atom 1 marked aromatic
[11:24:37] non-ring atom 1 marked aromatic
ℹ Filtering hits in 'naringenin_7_o_b_d_glucuronide_b_ovatus_atcc_8483_and_b_ov…
✔ Saved hits filtered by Tanimoto similarity: 0.2, fold_change: 5 to: 'report/r…

ℹ Producing chromatogram plots for: 'naringenin_7_o_b_d_glucuronide_b_ovatus_at…
Processing chromatographic peaks for features
→ Saving feature: FT03091
ℹ Producing chromatogram plots for: 'naringenin_7_o_b_d_glucuronide_b_ovatus_at…
→ Saving feature: FT03490
ℹ Producing chromatogram plots for: 'naringenin_7_o_b_d_glucuronide_b_ovatus_at…
→ Saving feature: FT05714
ℹ Producing chromatogram plots for: 'naringenin_7_o_b_d_glucuronide_b_ovatus_at…
→ Saving feature: FT07335
ℹ Producing chromatogram plots for: 'naringenin_7_o_b_d_glucuronide_b_ovatus_at…
✔ Saved plots to: '/Volumes/bluecub/aglycone_release_100um_24h/output/naringeni…

ℹ Filtering hits in 'naringenin_7_o_b_d_glucuronide_b_thetaiotaomicron_vpi_5482…
✔ Saved hits filtered by Tanimoto similarity: 0.2, fold_change: 5 to: 'report/r…

ℹ Producing chromatogram plots for: 'naringenin_7_o_b_d_glucuronide_b_thetaiota…
Processing chromatographic peaks for features
→ Saving feature: FT0793
ℹ Producing chromatogram plots for: 'naringenin_7_o_b_d_glucuronide_b_thetaiota…
→ Saving feature: FT3641
ℹ Producing chromatogram plots for: 'naringenin_7_o_b_d_glucuronide_b_thetaiota…
→ Saving feature: FT4034
ℹ Producing chromatogram plots for: 'naringenin_7_o_b_d_glucuronide_b_thetaiota…
→ Saving feature: FT5601
ℹ Producing chromatogram plots for: 'naringenin_7_o_b_d_glucuronide_b_thetaiota…
→ Saving feature: FT6219
ℹ Producing chromatogram plots for: 'naringenin_7_o_b_d_glucuronide_b_thetaiota…
✔ Saved plots to: '/Volumes/bluecub/aglycone_release_100um_24h/output/naringeni…

ℹ Filtering hits in 'naringenin_7_o_b_d_glucuronide_b_uniformis_atcc_8492_and_b…
✔ Saved hits filtered by Tanimoto similarity: 0.2, fold_change: 5 to: 'report/r…

ℹ Producing chromatogram plots for: 'naringenin_7_o_b_d_glucuronide_b_uniformis…
Processing chromatographic peaks for features
→ Saving feature: FT05120
ℹ Producing chromatogram plots for: 'naringenin_7_o_b_d_glucuronide_b_uniformis…
→ Saving feature: FT06336
ℹ Producing chromatogram plots for: 'naringenin_7_o_b_d_glucuronide_b_uniformis…
→ Saving feature: FT06488
ℹ Producing chromatogram plots for: 'naringenin_7_o_b_d_glucuronide_b_uniformis…
→ Saving feature: FT06923
ℹ Producing chromatogram plots for: 'naringenin_7_o_b_d_glucuronide_b_uniformis…
→ Saving feature: FT12060
ℹ Producing chromatogram plots for: 'naringenin_7_o_b_d_glucuronide_b_uniformis…
→ Saving feature: FT13921
ℹ Producing chromatogram plots for: 'naringenin_7_o_b_d_glucuronide_b_uniformis…
✔ Saved plots to: '/Volumes/bluecub/aglycone_release_100um_24h/output/naringeni…

ℹ Filtering hits in 'naringenin_7_o_b_d_glucuronide_p_copri_i_ak263' by Tanimot…
✔ Saved hits filtered by Tanimoto similarity: 0.2, fold_change: 5 to: 'report/r…

ℹ Producing chromatogram plots for: 'naringenin_7_o_b_d_glucuronide_p_copri_i_a…
Processing chromatographic peaks for features
→ Saving feature: FT01164
ℹ Producing chromatogram plots for: 'naringenin_7_o_b_d_glucuronide_p_copri_i_a…
→ Saving feature: FT01877
ℹ Producing chromatogram plots for: 'naringenin_7_o_b_d_glucuronide_p_copri_i_a…
→ Saving feature: FT04326
ℹ Producing chromatogram plots for: 'naringenin_7_o_b_d_glucuronide_p_copri_i_a…
→ Saving feature: FT05905
ℹ Producing chromatogram plots for: 'naringenin_7_o_b_d_glucuronide_p_copri_i_a…
→ Saving feature: FT06449
ℹ Producing chromatogram plots for: 'naringenin_7_o_b_d_glucuronide_p_copri_i_a…
→ Saving feature: FT08055
ℹ Producing chromatogram plots for: 'naringenin_7_o_b_d_glucuronide_p_copri_i_a…
→ Saving feature: FT08882
ℹ Producing chromatogram plots for: 'naringenin_7_o_b_d_glucuronide_p_copri_i_a…
→ Saving feature: FT09760
ℹ Producing chromatogram plots for: 'naringenin_7_o_b_d_glucuronide_p_copri_i_a…
✔ Saved plots to: '/Volumes/bluecub/aglycone_release_100um_24h/output/naringeni…

ℹ Filtering hits in 'prunin_b_ovatus_atcc_8483_and_b_ovatus_atcc_8483_d_operon'…
✔ Saved hits filtered by Tanimoto similarity: 0.2, fold_change: 5 to: 'report/r…

ℹ Producing chromatogram plots for: 'prunin_b_ovatus_atcc_8483_and_b_ovatus_atc…
Processing chromatographic peaks for features
→ Saving feature: FT01080
ℹ Producing chromatogram plots for: 'prunin_b_ovatus_atcc_8483_and_b_ovatus_atc…
→ Saving feature: FT02261
ℹ Producing chromatogram plots for: 'prunin_b_ovatus_atcc_8483_and_b_ovatus_atc…
→ Saving feature: FT03614
ℹ Producing chromatogram plots for: 'prunin_b_ovatus_atcc_8483_and_b_ovatus_atc…
→ Saving feature: FT04038
ℹ Producing chromatogram plots for: 'prunin_b_ovatus_atcc_8483_and_b_ovatus_atc…
→ Saving feature: FT04581
ℹ Producing chromatogram plots for: 'prunin_b_ovatus_atcc_8483_and_b_ovatus_atc…
→ Saving feature: FT04954
ℹ Producing chromatogram plots for: 'prunin_b_ovatus_atcc_8483_and_b_ovatus_atc…
→ Saving feature: FT06505
ℹ Producing chromatogram plots for: 'prunin_b_ovatus_atcc_8483_and_b_ovatus_atc…
→ Saving feature: FT07399
ℹ Producing chromatogram plots for: 'prunin_b_ovatus_atcc_8483_and_b_ovatus_atc…
→ Saving feature: FT07554
ℹ Producing chromatogram plots for: 'prunin_b_ovatus_atcc_8483_and_b_ovatus_atc…
→ Saving feature: FT08486
ℹ Producing chromatogram plots for: 'prunin_b_ovatus_atcc_8483_and_b_ovatus_atc…
→ Saving feature: FT08641
ℹ Producing chromatogram plots for: 'prunin_b_ovatus_atcc_8483_and_b_ovatus_atc…
→ Saving feature: FT08686
ℹ Producing chromatogram plots for: 'prunin_b_ovatus_atcc_8483_and_b_ovatus_atc…
→ Saving feature: FT10122
ℹ Producing chromatogram plots for: 'prunin_b_ovatus_atcc_8483_and_b_ovatus_atc…
→ Saving feature: FT11009
ℹ Producing chromatogram plots for: 'prunin_b_ovatus_atcc_8483_and_b_ovatus_atc…
→ Saving feature: FT11057
ℹ Producing chromatogram plots for: 'prunin_b_ovatus_atcc_8483_and_b_ovatus_atc…
→ Saving feature: FT12503
ℹ Producing chromatogram plots for: 'prunin_b_ovatus_atcc_8483_and_b_ovatus_atc…
→ Saving feature: FT14097
ℹ Producing chromatogram plots for: 'prunin_b_ovatus_atcc_8483_and_b_ovatus_atc…
→ Saving feature: FT15090
ℹ Producing chromatogram plots for: 'prunin_b_ovatus_atcc_8483_and_b_ovatus_atc…
→ Saving feature: FT17892
ℹ Producing chromatogram plots for: 'prunin_b_ovatus_atcc_8483_and_b_ovatus_atc…
✔ Saved plots to: '/Volumes/bluecub/aglycone_release_100um_24h/output/prunin_b_…

ℹ Filtering hits in 'prunin_b_thetaiotaomicron_vpi_5482' by Tanimoto similarity…
Warning message:
One or more parsing issues, call `problems()` on your data frame for details,
e.g.:
  dat <- vroom(...)
  problems(dat) 
✔ Saved hits filtered by Tanimoto similarity: 0.2, fold_change: 5 to: 'report/r…

ℹ Producing chromatogram plots for: 'prunin_b_thetaiotaomicron_vpi_5482'
Processing chromatographic peaks for features
→ Saving feature: FT00845
ℹ Producing chromatogram plots for: 'prunin_b_thetaiotaomicron_vpi_5482'
→ Saving feature: FT03617
ℹ Producing chromatogram plots for: 'prunin_b_thetaiotaomicron_vpi_5482'
→ Saving feature: FT04016
ℹ Producing chromatogram plots for: 'prunin_b_thetaiotaomicron_vpi_5482'
→ Saving feature: FT04238
ℹ Producing chromatogram plots for: 'prunin_b_thetaiotaomicron_vpi_5482'
→ Saving feature: FT04263
ℹ Producing chromatogram plots for: 'prunin_b_thetaiotaomicron_vpi_5482'
→ Saving feature: FT04487
ℹ Producing chromatogram plots for: 'prunin_b_thetaiotaomicron_vpi_5482'
→ Saving feature: FT04530
ℹ Producing chromatogram plots for: 'prunin_b_thetaiotaomicron_vpi_5482'
→ Saving feature: FT04901
ℹ Producing chromatogram plots for: 'prunin_b_thetaiotaomicron_vpi_5482'
→ Saving feature: FT04902
ℹ Producing chromatogram plots for: 'prunin_b_thetaiotaomicron_vpi_5482'
→ Saving feature: FT05092
ℹ Producing chromatogram plots for: 'prunin_b_thetaiotaomicron_vpi_5482'
→ Saving feature: FT05501
ℹ Producing chromatogram plots for: 'prunin_b_thetaiotaomicron_vpi_5482'
→ Saving feature: FT05611
ℹ Producing chromatogram plots for: 'prunin_b_thetaiotaomicron_vpi_5482'
→ Saving feature: FT06480
ℹ Producing chromatogram plots for: 'prunin_b_thetaiotaomicron_vpi_5482'
→ Saving feature: FT07621
ℹ Producing chromatogram plots for: 'prunin_b_thetaiotaomicron_vpi_5482'
→ Saving feature: FT07640
ℹ Producing chromatogram plots for: 'prunin_b_thetaiotaomicron_vpi_5482'
→ Saving feature: FT08004
ℹ Producing chromatogram plots for: 'prunin_b_thetaiotaomicron_vpi_5482'
→ Saving feature: FT08024
ℹ Producing chromatogram plots for: 'prunin_b_thetaiotaomicron_vpi_5482'
→ Saving feature: FT08774
ℹ Producing chromatogram plots for: 'prunin_b_thetaiotaomicron_vpi_5482'
→ Saving feature: FT09173
ℹ Producing chromatogram plots for: 'prunin_b_thetaiotaomicron_vpi_5482'
→ Saving feature: FT09532
ℹ Producing chromatogram plots for: 'prunin_b_thetaiotaomicron_vpi_5482'
→ Saving feature: FT09689
ℹ Producing chromatogram plots for: 'prunin_b_thetaiotaomicron_vpi_5482'
→ Saving feature: FT10090
ℹ Producing chromatogram plots for: 'prunin_b_thetaiotaomicron_vpi_5482'
→ Saving feature: FT10357
ℹ Producing chromatogram plots for: 'prunin_b_thetaiotaomicron_vpi_5482'
→ Saving feature: FT10454
ℹ Producing chromatogram plots for: 'prunin_b_thetaiotaomicron_vpi_5482'
→ Saving feature: FT10649
ℹ Producing chromatogram plots for: 'prunin_b_thetaiotaomicron_vpi_5482'
→ Saving feature: FT10687
ℹ Producing chromatogram plots for: 'prunin_b_thetaiotaomicron_vpi_5482'
→ Saving feature: FT11107
ℹ Producing chromatogram plots for: 'prunin_b_thetaiotaomicron_vpi_5482'
✔ Saved plots to: '/Volumes/bluecub/aglycone_release_100um_24h/output/prunin_b_…

ℹ Filtering hits in 'prunin_b_uniformis_atcc_8492_and_bu_gsh_d_ggh_c_gsh_g' by …
✔ Saved hits filtered by Tanimoto similarity: 0.2, fold_change: 5 to: 'report/r…

ℹ Producing chromatogram plots for: 'prunin_b_uniformis_atcc_8492_and_bu_gsh_d_…
Processing chromatographic peaks for features
→ Saving feature: FT00892
ℹ Producing chromatogram plots for: 'prunin_b_uniformis_atcc_8492_and_bu_gsh_d_…
→ Saving feature: FT02807
ℹ Producing chromatogram plots for: 'prunin_b_uniformis_atcc_8492_and_bu_gsh_d_…
→ Saving feature: FT04093
ℹ Producing chromatogram plots for: 'prunin_b_uniformis_atcc_8492_and_bu_gsh_d_…
→ Saving feature: FT04368
ℹ Producing chromatogram plots for: 'prunin_b_uniformis_atcc_8492_and_bu_gsh_d_…
→ Saving feature: FT04474
ℹ Producing chromatogram plots for: 'prunin_b_uniformis_atcc_8492_and_bu_gsh_d_…
→ Saving feature: FT04706
ℹ Producing chromatogram plots for: 'prunin_b_uniformis_atcc_8492_and_bu_gsh_d_…
→ Saving feature: FT05196
ℹ Producing chromatogram plots for: 'prunin_b_uniformis_atcc_8492_and_bu_gsh_d_…
→ Saving feature: FT05301
ℹ Producing chromatogram plots for: 'prunin_b_uniformis_atcc_8492_and_bu_gsh_d_…
→ Saving feature: FT05539
ℹ Producing chromatogram plots for: 'prunin_b_uniformis_atcc_8492_and_bu_gsh_d_…
→ Saving feature: FT05660
ℹ Producing chromatogram plots for: 'prunin_b_uniformis_atcc_8492_and_bu_gsh_d_…
→ Saving feature: FT05799
ℹ Producing chromatogram plots for: 'prunin_b_uniformis_atcc_8492_and_bu_gsh_d_…
→ Saving feature: FT06557
ℹ Producing chromatogram plots for: 'prunin_b_uniformis_atcc_8492_and_bu_gsh_d_…
→ Saving feature: FT06616
ℹ Producing chromatogram plots for: 'prunin_b_uniformis_atcc_8492_and_bu_gsh_d_…
→ Saving feature: FT06820
ℹ Producing chromatogram plots for: 'prunin_b_uniformis_atcc_8492_and_bu_gsh_d_…
→ Saving feature: FT06894
ℹ Producing chromatogram plots for: 'prunin_b_uniformis_atcc_8492_and_bu_gsh_d_…
→ Saving feature: FT06947
ℹ Producing chromatogram plots for: 'prunin_b_uniformis_atcc_8492_and_bu_gsh_d_…
→ Saving feature: FT07096
ℹ Producing chromatogram plots for: 'prunin_b_uniformis_atcc_8492_and_bu_gsh_d_…
→ Saving feature: FT07307
ℹ Producing chromatogram plots for: 'prunin_b_uniformis_atcc_8492_and_bu_gsh_d_…
→ Saving feature: FT08060
ℹ Producing chromatogram plots for: 'prunin_b_uniformis_atcc_8492_and_bu_gsh_d_…
→ Saving feature: FT09754
ℹ Producing chromatogram plots for: 'prunin_b_uniformis_atcc_8492_and_bu_gsh_d_…
→ Saving feature: FT11302
ℹ Producing chromatogram plots for: 'prunin_b_uniformis_atcc_8492_and_bu_gsh_d_…
→ Saving feature: FT11770
ℹ Producing chromatogram plots for: 'prunin_b_uniformis_atcc_8492_and_bu_gsh_d_…
→ Saving feature: FT12414
ℹ Producing chromatogram plots for: 'prunin_b_uniformis_atcc_8492_and_bu_gsh_d_…
→ Saving feature: FT14037
ℹ Producing chromatogram plots for: 'prunin_b_uniformis_atcc_8492_and_bu_gsh_d_…
✔ Saved plots to: '/Volumes/bluecub/aglycone_release_100um_24h/output/prunin_b_…

[11:27:08] non-ring atom 5 marked aromatic
[11:27:08] non-ring atom 4 marked aromatic
ℹ Filtering hits in 'prunin_p_copri_i_ak263' by Tanimoto similarity: 0.2, fold_…
✔ Saved hits filtered by Tanimoto similarity: 0.2, fold_change: 5 to: 'report/r…

ℹ Producing chromatogram plots for: 'prunin_p_copri_i_ak263'
Processing chromatographic peaks for features
→ Saving feature: FT00726
ℹ Producing chromatogram plots for: 'prunin_p_copri_i_ak263'
→ Saving feature: FT00950
ℹ Producing chromatogram plots for: 'prunin_p_copri_i_ak263'
→ Saving feature: FT03029
ℹ Producing chromatogram plots for: 'prunin_p_copri_i_ak263'
→ Saving feature: FT03194
ℹ Producing chromatogram plots for: 'prunin_p_copri_i_ak263'
→ Saving feature: FT03299
ℹ Producing chromatogram plots for: 'prunin_p_copri_i_ak263'
→ Saving feature: FT03786
ℹ Producing chromatogram plots for: 'prunin_p_copri_i_ak263'
→ Saving feature: FT04215
ℹ Producing chromatogram plots for: 'prunin_p_copri_i_ak263'
→ Saving feature: FT04285
ℹ Producing chromatogram plots for: 'prunin_p_copri_i_ak263'
→ Saving feature: FT04855
ℹ Producing chromatogram plots for: 'prunin_p_copri_i_ak263'
→ Saving feature: FT04895
ℹ Producing chromatogram plots for: 'prunin_p_copri_i_ak263'
→ Saving feature: FT05365
ℹ Producing chromatogram plots for: 'prunin_p_copri_i_ak263'
→ Saving feature: FT05392
ℹ Producing chromatogram plots for: 'prunin_p_copri_i_ak263'
→ Saving feature: FT05591
ℹ Producing chromatogram plots for: 'prunin_p_copri_i_ak263'
→ Saving feature: FT05709
ℹ Producing chromatogram plots for: 'prunin_p_copri_i_ak263'
→ Saving feature: FT05750
ℹ Producing chromatogram plots for: 'prunin_p_copri_i_ak263'
→ Saving feature: FT06807
ℹ Producing chromatogram plots for: 'prunin_p_copri_i_ak263'
→ Saving feature: FT07341
ℹ Producing chromatogram plots for: 'prunin_p_copri_i_ak263'
→ Saving feature: FT07445
ℹ Producing chromatogram plots for: 'prunin_p_copri_i_ak263'
→ Saving feature: FT07569
ℹ Producing chromatogram plots for: 'prunin_p_copri_i_ak263'
→ Saving feature: FT08023
ℹ Producing chromatogram plots for: 'prunin_p_copri_i_ak263'
→ Saving feature: FT08110
ℹ Producing chromatogram plots for: 'prunin_p_copri_i_ak263'
→ Saving feature: FT08307
ℹ Producing chromatogram plots for: 'prunin_p_copri_i_ak263'
→ Saving feature: FT08832
ℹ Producing chromatogram plots for: 'prunin_p_copri_i_ak263'
→ Saving feature: FT09027
ℹ Producing chromatogram plots for: 'prunin_p_copri_i_ak263'
→ Saving feature: FT09720
ℹ Producing chromatogram plots for: 'prunin_p_copri_i_ak263'
→ Saving feature: FT09862
ℹ Producing chromatogram plots for: 'prunin_p_copri_i_ak263'
→ Saving feature: FT10659
ℹ Producing chromatogram plots for: 'prunin_p_copri_i_ak263'
→ Saving feature: FT12396
ℹ Producing chromatogram plots for: 'prunin_p_copri_i_ak263'
✔ Saved plots to: '/Volumes/bluecub/aglycone_release_100um_24h/output/prunin_p_…

[11:27:29] non-ring atom 5 marked aromatic
[11:27:29] non-ring atom 4 marked aromatic
ℹ Filtering hits in 'quercetin_3_d_galactoside_b_ovatus_atcc_8483_and_b_ovatus_…
✔ Saved hits filtered by Tanimoto similarity: 0.2, fold_change: 5 to: 'report/r…

ℹ Producing chromatogram plots for: 'quercetin_3_d_galactoside_b_ovatus_atcc_84…
Processing chromatographic peaks for features
→ Saving feature: FT04015
ℹ Producing chromatogram plots for: 'quercetin_3_d_galactoside_b_ovatus_atcc_84…
→ Saving feature: FT05276
ℹ Producing chromatogram plots for: 'quercetin_3_d_galactoside_b_ovatus_atcc_84…
→ Saving feature: FT06412
ℹ Producing chromatogram plots for: 'quercetin_3_d_galactoside_b_ovatus_atcc_84…
→ Saving feature: FT06802
ℹ Producing chromatogram plots for: 'quercetin_3_d_galactoside_b_ovatus_atcc_84…
→ Saving feature: FT07631
ℹ Producing chromatogram plots for: 'quercetin_3_d_galactoside_b_ovatus_atcc_84…
→ Saving feature: FT08604
ℹ Producing chromatogram plots for: 'quercetin_3_d_galactoside_b_ovatus_atcc_84…
→ Saving feature: FT08776
ℹ Producing chromatogram plots for: 'quercetin_3_d_galactoside_b_ovatus_atcc_84…
→ Saving feature: FT08847
ℹ Producing chromatogram plots for: 'quercetin_3_d_galactoside_b_ovatus_atcc_84…
→ Saving feature: FT09017
ℹ Producing chromatogram plots for: 'quercetin_3_d_galactoside_b_ovatus_atcc_84…
→ Saving feature: FT09404
ℹ Producing chromatogram plots for: 'quercetin_3_d_galactoside_b_ovatus_atcc_84…
→ Saving feature: FT10892
ℹ Producing chromatogram plots for: 'quercetin_3_d_galactoside_b_ovatus_atcc_84…
→ Saving feature: FT11840
ℹ Producing chromatogram plots for: 'quercetin_3_d_galactoside_b_ovatus_atcc_84…
→ Saving feature: FT13237
ℹ Producing chromatogram plots for: 'quercetin_3_d_galactoside_b_ovatus_atcc_84…
→ Saving feature: FT13524
ℹ Producing chromatogram plots for: 'quercetin_3_d_galactoside_b_ovatus_atcc_84…
→ Saving feature: FT14616
ℹ Producing chromatogram plots for: 'quercetin_3_d_galactoside_b_ovatus_atcc_84…
→ Saving feature: FT15105
ℹ Producing chromatogram plots for: 'quercetin_3_d_galactoside_b_ovatus_atcc_84…
→ Saving feature: FT15995
ℹ Producing chromatogram plots for: 'quercetin_3_d_galactoside_b_ovatus_atcc_84…
→ Saving feature: FT17281
ℹ Producing chromatogram plots for: 'quercetin_3_d_galactoside_b_ovatus_atcc_84…
✔ Saved plots to: '/Volumes/bluecub/aglycone_release_100um_24h/output/quercetin…

[11:27:59] non-ring atom 3 marked aromatic
ℹ Filtering hits in 'quercetin_3_d_galactoside_b_thetaiotaomicron_vpi_5482' by …
✔ Saved hits filtered by Tanimoto similarity: 0.2, fold_change: 5 to: 'report/r…

ℹ Producing chromatogram plots for: 'quercetin_3_d_galactoside_b_thetaiotaomicr…
Processing chromatographic peaks for features
→ Saving feature: FT01515
ℹ Producing chromatogram plots for: 'quercetin_3_d_galactoside_b_thetaiotaomicr…
→ Saving feature: FT01741
ℹ Producing chromatogram plots for: 'quercetin_3_d_galactoside_b_thetaiotaomicr…
→ Saving feature: FT03670
ℹ Producing chromatogram plots for: 'quercetin_3_d_galactoside_b_thetaiotaomicr…
→ Saving feature: FT03850
ℹ Producing chromatogram plots for: 'quercetin_3_d_galactoside_b_thetaiotaomicr…
→ Saving feature: FT04274
ℹ Producing chromatogram plots for: 'quercetin_3_d_galactoside_b_thetaiotaomicr…
→ Saving feature: FT04451
ℹ Producing chromatogram plots for: 'quercetin_3_d_galactoside_b_thetaiotaomicr…
→ Saving feature: FT04611
ℹ Producing chromatogram plots for: 'quercetin_3_d_galactoside_b_thetaiotaomicr…
→ Saving feature: FT05061
ℹ Producing chromatogram plots for: 'quercetin_3_d_galactoside_b_thetaiotaomicr…
→ Saving feature: FT05234
ℹ Producing chromatogram plots for: 'quercetin_3_d_galactoside_b_thetaiotaomicr…
→ Saving feature: FT06372
ℹ Producing chromatogram plots for: 'quercetin_3_d_galactoside_b_thetaiotaomicr…
→ Saving feature: FT06410
ℹ Producing chromatogram plots for: 'quercetin_3_d_galactoside_b_thetaiotaomicr…
→ Saving feature: FT06548
ℹ Producing chromatogram plots for: 'quercetin_3_d_galactoside_b_thetaiotaomicr…
→ Saving feature: FT07482
ℹ Producing chromatogram plots for: 'quercetin_3_d_galactoside_b_thetaiotaomicr…
→ Saving feature: FT07541
ℹ Producing chromatogram plots for: 'quercetin_3_d_galactoside_b_thetaiotaomicr…
→ Saving feature: FT07671
ℹ Producing chromatogram plots for: 'quercetin_3_d_galactoside_b_thetaiotaomicr…
→ Saving feature: FT07672
ℹ Producing chromatogram plots for: 'quercetin_3_d_galactoside_b_thetaiotaomicr…
→ Saving feature: FT08811
ℹ Producing chromatogram plots for: 'quercetin_3_d_galactoside_b_thetaiotaomicr…
→ Saving feature: FT08968
ℹ Producing chromatogram plots for: 'quercetin_3_d_galactoside_b_thetaiotaomicr…
→ Saving feature: FT09377
ℹ Producing chromatogram plots for: 'quercetin_3_d_galactoside_b_thetaiotaomicr…
→ Saving feature: FT09448
ℹ Producing chromatogram plots for: 'quercetin_3_d_galactoside_b_thetaiotaomicr…
→ Saving feature: FT09484
ℹ Producing chromatogram plots for: 'quercetin_3_d_galactoside_b_thetaiotaomicr…
→ Saving feature: FT10257
ℹ Producing chromatogram plots for: 'quercetin_3_d_galactoside_b_thetaiotaomicr…
→ Saving feature: FT10332
ℹ Producing chromatogram plots for: 'quercetin_3_d_galactoside_b_thetaiotaomicr…
→ Saving feature: FT10353
ℹ Producing chromatogram plots for: 'quercetin_3_d_galactoside_b_thetaiotaomicr…
→ Saving feature: FT10707
ℹ Producing chromatogram plots for: 'quercetin_3_d_galactoside_b_thetaiotaomicr…
→ Saving feature: FT12801
ℹ Producing chromatogram plots for: 'quercetin_3_d_galactoside_b_thetaiotaomicr…
→ Saving feature: FT12860
ℹ Producing chromatogram plots for: 'quercetin_3_d_galactoside_b_thetaiotaomicr…
✔ Saved plots to: '/Volumes/bluecub/aglycone_release_100um_24h/output/quercetin…

[11:28:22] non-ring atom 1 marked aromatic
[11:28:22] non-ring atom 3 marked aromatic
ℹ Filtering hits in 'quercetin_3_d_galactoside_b_uniformis_atcc_8492_and_bu_gsh…
✔ Saved hits filtered by Tanimoto similarity: 0.2, fold_change: 5 to: 'report/r…

ℹ Producing chromatogram plots for: 'quercetin_3_d_galactoside_b_uniformis_atcc…
Processing chromatographic peaks for features
→ Saving feature: FT00528
ℹ Producing chromatogram plots for: 'quercetin_3_d_galactoside_b_uniformis_atcc…
→ Saving feature: FT03521
ℹ Producing chromatogram plots for: 'quercetin_3_d_galactoside_b_uniformis_atcc…
→ Saving feature: FT04195
ℹ Producing chromatogram plots for: 'quercetin_3_d_galactoside_b_uniformis_atcc…
→ Saving feature: FT04609
ℹ Producing chromatogram plots for: 'quercetin_3_d_galactoside_b_uniformis_atcc…
→ Saving feature: FT05385
ℹ Producing chromatogram plots for: 'quercetin_3_d_galactoside_b_uniformis_atcc…
→ Saving feature: FT06056
ℹ Producing chromatogram plots for: 'quercetin_3_d_galactoside_b_uniformis_atcc…
→ Saving feature: FT06484
ℹ Producing chromatogram plots for: 'quercetin_3_d_galactoside_b_uniformis_atcc…
→ Saving feature: FT06629
ℹ Producing chromatogram plots for: 'quercetin_3_d_galactoside_b_uniformis_atcc…
→ Saving feature: FT07444
ℹ Producing chromatogram plots for: 'quercetin_3_d_galactoside_b_uniformis_atcc…
→ Saving feature: FT07637
ℹ Producing chromatogram plots for: 'quercetin_3_d_galactoside_b_uniformis_atcc…
→ Saving feature: FT07705
ℹ Producing chromatogram plots for: 'quercetin_3_d_galactoside_b_uniformis_atcc…
→ Saving feature: FT07755
ℹ Producing chromatogram plots for: 'quercetin_3_d_galactoside_b_uniformis_atcc…
→ Saving feature: FT09887
ℹ Producing chromatogram plots for: 'quercetin_3_d_galactoside_b_uniformis_atcc…
→ Saving feature: FT10012
ℹ Producing chromatogram plots for: 'quercetin_3_d_galactoside_b_uniformis_atcc…
→ Saving feature: FT10305
ℹ Producing chromatogram plots for: 'quercetin_3_d_galactoside_b_uniformis_atcc…
→ Saving feature: FT10348
ℹ Producing chromatogram plots for: 'quercetin_3_d_galactoside_b_uniformis_atcc…
→ Saving feature: FT10539
ℹ Producing chromatogram plots for: 'quercetin_3_d_galactoside_b_uniformis_atcc…
→ Saving feature: FT10543
ℹ Producing chromatogram plots for: 'quercetin_3_d_galactoside_b_uniformis_atcc…
→ Saving feature: FT11129
ℹ Producing chromatogram plots for: 'quercetin_3_d_galactoside_b_uniformis_atcc…
→ Saving feature: FT12259
ℹ Producing chromatogram plots for: 'quercetin_3_d_galactoside_b_uniformis_atcc…
→ Saving feature: FT12750
ℹ Producing chromatogram plots for: 'quercetin_3_d_galactoside_b_uniformis_atcc…
→ Saving feature: FT13090
ℹ Producing chromatogram plots for: 'quercetin_3_d_galactoside_b_uniformis_atcc…
→ Saving feature: FT13302
ℹ Producing chromatogram plots for: 'quercetin_3_d_galactoside_b_uniformis_atcc…
→ Saving feature: FT13939
ℹ Producing chromatogram plots for: 'quercetin_3_d_galactoside_b_uniformis_atcc…
→ Saving feature: FT15418
ℹ Producing chromatogram plots for: 'quercetin_3_d_galactoside_b_uniformis_atcc…
✔ Saved plots to: '/Volumes/bluecub/aglycone_release_100um_24h/output/quercetin…

ℹ Filtering hits in 'quercetin_3_d_galactoside_p_copri_i_ak263' by Tanimoto sim…
Warning message:
One or more parsing issues, call `problems()` on your data frame for details,
e.g.:
  dat <- vroom(...)
  problems(dat) 
✔ Saved hits filtered by Tanimoto similarity: 0.2, fold_change: 5 to: 'report/r…

ℹ Producing chromatogram plots for: 'quercetin_3_d_galactoside_p_copri_i_ak263'
Processing chromatographic peaks for features
→ Saving feature: FT01301
ℹ Producing chromatogram plots for: 'quercetin_3_d_galactoside_p_copri_i_ak263'
→ Saving feature: FT02646
ℹ Producing chromatogram plots for: 'quercetin_3_d_galactoside_p_copri_i_ak263'
→ Saving feature: FT03097
ℹ Producing chromatogram plots for: 'quercetin_3_d_galactoside_p_copri_i_ak263'
→ Saving feature: FT03391
ℹ Producing chromatogram plots for: 'quercetin_3_d_galactoside_p_copri_i_ak263'
→ Saving feature: FT03611
ℹ Producing chromatogram plots for: 'quercetin_3_d_galactoside_p_copri_i_ak263'
→ Saving feature: FT03731
ℹ Producing chromatogram plots for: 'quercetin_3_d_galactoside_p_copri_i_ak263'
→ Saving feature: FT04949
ℹ Producing chromatogram plots for: 'quercetin_3_d_galactoside_p_copri_i_ak263'
→ Saving feature: FT05700
ℹ Producing chromatogram plots for: 'quercetin_3_d_galactoside_p_copri_i_ak263'
→ Saving feature: FT05820
ℹ Producing chromatogram plots for: 'quercetin_3_d_galactoside_p_copri_i_ak263'
→ Saving feature: FT06731
ℹ Producing chromatogram plots for: 'quercetin_3_d_galactoside_p_copri_i_ak263'
→ Saving feature: FT07058
ℹ Producing chromatogram plots for: 'quercetin_3_d_galactoside_p_copri_i_ak263'
→ Saving feature: FT07740
ℹ Producing chromatogram plots for: 'quercetin_3_d_galactoside_p_copri_i_ak263'
→ Saving feature: FT08870
ℹ Producing chromatogram plots for: 'quercetin_3_d_galactoside_p_copri_i_ak263'
→ Saving feature: FT09796
ℹ Producing chromatogram plots for: 'quercetin_3_d_galactoside_p_copri_i_ak263'
→ Saving feature: FT09885
ℹ Producing chromatogram plots for: 'quercetin_3_d_galactoside_p_copri_i_ak263'
→ Saving feature: FT10176
ℹ Producing chromatogram plots for: 'quercetin_3_d_galactoside_p_copri_i_ak263'
→ Saving feature: FT10340
ℹ Producing chromatogram plots for: 'quercetin_3_d_galactoside_p_copri_i_ak263'
→ Saving feature: FT10714
ℹ Producing chromatogram plots for: 'quercetin_3_d_galactoside_p_copri_i_ak263'
→ Saving feature: FT11025
ℹ Producing chromatogram plots for: 'quercetin_3_d_galactoside_p_copri_i_ak263'
✔ Saved plots to: '/Volumes/bluecub/aglycone_release_100um_24h/output/quercetin…

[11:29:12] non-ring atom 3 marked aromatic
ℹ Filtering hits in 'quercetin_3_o_b_d_glucose_7_o_b_d_gentiobioside_b_ovatus_a…
✔ Saved hits filtered by Tanimoto similarity: 0.2, fold_change: 5 to: 'report/r…

ℹ Producing chromatogram plots for: 'quercetin_3_o_b_d_glucose_7_o_b_d_gentiobi…
Processing chromatographic peaks for features
→ Saving feature: FT04921
ℹ Producing chromatogram plots for: 'quercetin_3_o_b_d_glucose_7_o_b_d_gentiobi…
→ Saving feature: FT05119
ℹ Producing chromatogram plots for: 'quercetin_3_o_b_d_glucose_7_o_b_d_gentiobi…
→ Saving feature: FT06428
ℹ Producing chromatogram plots for: 'quercetin_3_o_b_d_glucose_7_o_b_d_gentiobi…
→ Saving feature: FT07302
ℹ Producing chromatogram plots for: 'quercetin_3_o_b_d_glucose_7_o_b_d_gentiobi…
→ Saving feature: FT07332
ℹ Producing chromatogram plots for: 'quercetin_3_o_b_d_glucose_7_o_b_d_gentiobi…
→ Saving feature: FT07513
ℹ Producing chromatogram plots for: 'quercetin_3_o_b_d_glucose_7_o_b_d_gentiobi…
→ Saving feature: FT08428
ℹ Producing chromatogram plots for: 'quercetin_3_o_b_d_glucose_7_o_b_d_gentiobi…
→ Saving feature: FT12390
ℹ Producing chromatogram plots for: 'quercetin_3_o_b_d_glucose_7_o_b_d_gentiobi…
✔ Saved plots to: '/Volumes/bluecub/aglycone_release_100um_24h/output/quercetin…

[11:29:38] non-ring atom 1 marked aromatic
[11:29:38] non-ring atom 3 marked aromatic
ℹ Filtering hits in 'quercetin_3_o_b_d_glucose_7_o_b_d_gentiobioside_b_thetaiot…
✔ Saved hits filtered by Tanimoto similarity: 0.2, fold_change: 5 to: 'report/r…

ℹ Producing chromatogram plots for: 'quercetin_3_o_b_d_glucose_7_o_b_d_gentiobi…
Processing chromatographic peaks for features
→ Saving feature: FT01649
ℹ Producing chromatogram plots for: 'quercetin_3_o_b_d_glucose_7_o_b_d_gentiobi…
→ Saving feature: FT03057
ℹ Producing chromatogram plots for: 'quercetin_3_o_b_d_glucose_7_o_b_d_gentiobi…
→ Saving feature: FT03514
ℹ Producing chromatogram plots for: 'quercetin_3_o_b_d_glucose_7_o_b_d_gentiobi…
→ Saving feature: FT04631
ℹ Producing chromatogram plots for: 'quercetin_3_o_b_d_glucose_7_o_b_d_gentiobi…
→ Saving feature: FT06352
ℹ Producing chromatogram plots for: 'quercetin_3_o_b_d_glucose_7_o_b_d_gentiobi…
→ Saving feature: FT06400
ℹ Producing chromatogram plots for: 'quercetin_3_o_b_d_glucose_7_o_b_d_gentiobi…
→ Saving feature: FT07433
ℹ Producing chromatogram plots for: 'quercetin_3_o_b_d_glucose_7_o_b_d_gentiobi…
→ Saving feature: FT08752
ℹ Producing chromatogram plots for: 'quercetin_3_o_b_d_glucose_7_o_b_d_gentiobi…
→ Saving feature: FT08751
ℹ Producing chromatogram plots for: 'quercetin_3_o_b_d_glucose_7_o_b_d_gentiobi…
→ Saving feature: FT09018
ℹ Producing chromatogram plots for: 'quercetin_3_o_b_d_glucose_7_o_b_d_gentiobi…
→ Saving feature: FT09286
ℹ Producing chromatogram plots for: 'quercetin_3_o_b_d_glucose_7_o_b_d_gentiobi…
→ Saving feature: FT09352
ℹ Producing chromatogram plots for: 'quercetin_3_o_b_d_glucose_7_o_b_d_gentiobi…
→ Saving feature: FT09396
ℹ Producing chromatogram plots for: 'quercetin_3_o_b_d_glucose_7_o_b_d_gentiobi…
→ Saving feature: FT10019
ℹ Producing chromatogram plots for: 'quercetin_3_o_b_d_glucose_7_o_b_d_gentiobi…
→ Saving feature: FT11649
ℹ Producing chromatogram plots for: 'quercetin_3_o_b_d_glucose_7_o_b_d_gentiobi…
→ Saving feature: FT12215
ℹ Producing chromatogram plots for: 'quercetin_3_o_b_d_glucose_7_o_b_d_gentiobi…
→ Saving feature: FT14861
ℹ Producing chromatogram plots for: 'quercetin_3_o_b_d_glucose_7_o_b_d_gentiobi…
✔ Saved plots to: '/Volumes/bluecub/aglycone_release_100um_24h/output/quercetin…

[11:29:57] non-ring atom 3 marked aromatic
ℹ Filtering hits in 'quercetin_3_o_b_d_glucose_7_o_b_d_gentiobioside_b_uniformi…
✔ Saved hits filtered by Tanimoto similarity: 0.2, fold_change: 5 to: 'report/r…

ℹ Producing chromatogram plots for: 'quercetin_3_o_b_d_glucose_7_o_b_d_gentiobi…
Processing chromatographic peaks for features
→ Saving feature: FT00398
ℹ Producing chromatogram plots for: 'quercetin_3_o_b_d_glucose_7_o_b_d_gentiobi…
→ Saving feature: FT04226
ℹ Producing chromatogram plots for: 'quercetin_3_o_b_d_glucose_7_o_b_d_gentiobi…
→ Saving feature: FT04372
ℹ Producing chromatogram plots for: 'quercetin_3_o_b_d_glucose_7_o_b_d_gentiobi…
→ Saving feature: FT06797
ℹ Producing chromatogram plots for: 'quercetin_3_o_b_d_glucose_7_o_b_d_gentiobi…
→ Saving feature: FT07748
ℹ Producing chromatogram plots for: 'quercetin_3_o_b_d_glucose_7_o_b_d_gentiobi…
→ Saving feature: FT08025
ℹ Producing chromatogram plots for: 'quercetin_3_o_b_d_glucose_7_o_b_d_gentiobi…
→ Saving feature: FT08783
ℹ Producing chromatogram plots for: 'quercetin_3_o_b_d_glucose_7_o_b_d_gentiobi…
→ Saving feature: FT09162
ℹ Producing chromatogram plots for: 'quercetin_3_o_b_d_glucose_7_o_b_d_gentiobi…
→ Saving feature: FT10583
ℹ Producing chromatogram plots for: 'quercetin_3_o_b_d_glucose_7_o_b_d_gentiobi…
✔ Saved plots to: '/Volumes/bluecub/aglycone_release_100um_24h/output/quercetin…

ℹ Filtering hits in 'quercetin_3_o_b_d_glucose_7_o_b_d_gentiobioside_p_copri_i_…
✔ Saved hits filtered by Tanimoto similarity: 0.2, fold_change: 5 to: 'report/r…

ℹ Producing chromatogram plots for: 'quercetin_3_o_b_d_glucose_7_o_b_d_gentiobi…
Processing chromatographic peaks for features
→ Saving feature: FT00548
ℹ Producing chromatogram plots for: 'quercetin_3_o_b_d_glucose_7_o_b_d_gentiobi…
→ Saving feature: FT01277
ℹ Producing chromatogram plots for: 'quercetin_3_o_b_d_glucose_7_o_b_d_gentiobi…
→ Saving feature: FT02610
ℹ Producing chromatogram plots for: 'quercetin_3_o_b_d_glucose_7_o_b_d_gentiobi…
→ Saving feature: FT02662
ℹ Producing chromatogram plots for: 'quercetin_3_o_b_d_glucose_7_o_b_d_gentiobi…
→ Saving feature: FT05514
ℹ Producing chromatogram plots for: 'quercetin_3_o_b_d_glucose_7_o_b_d_gentiobi…
→ Saving feature: FT05548
ℹ Producing chromatogram plots for: 'quercetin_3_o_b_d_glucose_7_o_b_d_gentiobi…
→ Saving feature: FT06933
ℹ Producing chromatogram plots for: 'quercetin_3_o_b_d_glucose_7_o_b_d_gentiobi…
→ Saving feature: FT07791
ℹ Producing chromatogram plots for: 'quercetin_3_o_b_d_glucose_7_o_b_d_gentiobi…
→ Saving feature: FT08874
ℹ Producing chromatogram plots for: 'quercetin_3_o_b_d_glucose_7_o_b_d_gentiobi…
→ Saving feature: FT09340
ℹ Producing chromatogram plots for: 'quercetin_3_o_b_d_glucose_7_o_b_d_gentiobi…
→ Saving feature: FT09443
ℹ Producing chromatogram plots for: 'quercetin_3_o_b_d_glucose_7_o_b_d_gentiobi…
→ Saving feature: FT09596
ℹ Producing chromatogram plots for: 'quercetin_3_o_b_d_glucose_7_o_b_d_gentiobi…
→ Saving feature: FT09770
ℹ Producing chromatogram plots for: 'quercetin_3_o_b_d_glucose_7_o_b_d_gentiobi…
→ Saving feature: FT10464
ℹ Producing chromatogram plots for: 'quercetin_3_o_b_d_glucose_7_o_b_d_gentiobi…
→ Saving feature: FT10714
ℹ Producing chromatogram plots for: 'quercetin_3_o_b_d_glucose_7_o_b_d_gentiobi…
→ Saving feature: FT10739
ℹ Producing chromatogram plots for: 'quercetin_3_o_b_d_glucose_7_o_b_d_gentiobi…
→ Saving feature: FT11008
ℹ Producing chromatogram plots for: 'quercetin_3_o_b_d_glucose_7_o_b_d_gentiobi…
→ Saving feature: FT12021
ℹ Producing chromatogram plots for: 'quercetin_3_o_b_d_glucose_7_o_b_d_gentiobi…
✔ Saved plots to: '/Volumes/bluecub/aglycone_release_100um_24h/output/quercetin…

[11:30:39] non-ring atom 3 marked aromatic
ℹ Filtering hits in 'quercetin_3_o_b_d_xylopyranoside_b_ovatus_atcc_8483_and_b_…
✔ Saved hits filtered by Tanimoto similarity: 0.2, fold_change: 5 to: 'report/r…

ℹ Producing chromatogram plots for: 'quercetin_3_o_b_d_xylopyranoside_b_ovatus_…
Processing chromatographic peaks for features
→ Saving feature: FT04117
ℹ Producing chromatogram plots for: 'quercetin_3_o_b_d_xylopyranoside_b_ovatus_…
→ Saving feature: FT05317
ℹ Producing chromatogram plots for: 'quercetin_3_o_b_d_xylopyranoside_b_ovatus_…
→ Saving feature: FT05683
ℹ Producing chromatogram plots for: 'quercetin_3_o_b_d_xylopyranoside_b_ovatus_…
→ Saving feature: FT06858
ℹ Producing chromatogram plots for: 'quercetin_3_o_b_d_xylopyranoside_b_ovatus_…
→ Saving feature: FT07704
ℹ Producing chromatogram plots for: 'quercetin_3_o_b_d_xylopyranoside_b_ovatus_…
→ Saving feature: FT08662
ℹ Producing chromatogram plots for: 'quercetin_3_o_b_d_xylopyranoside_b_ovatus_…
→ Saving feature: FT08875
ℹ Producing chromatogram plots for: 'quercetin_3_o_b_d_xylopyranoside_b_ovatus_…
→ Saving feature: FT09042
ℹ Producing chromatogram plots for: 'quercetin_3_o_b_d_xylopyranoside_b_ovatus_…
→ Saving feature: FT09394
ℹ Producing chromatogram plots for: 'quercetin_3_o_b_d_xylopyranoside_b_ovatus_…
→ Saving feature: FT10933
ℹ Producing chromatogram plots for: 'quercetin_3_o_b_d_xylopyranoside_b_ovatus_…
→ Saving feature: FT14980
ℹ Producing chromatogram plots for: 'quercetin_3_o_b_d_xylopyranoside_b_ovatus_…
→ Saving feature: FT15583
ℹ Producing chromatogram plots for: 'quercetin_3_o_b_d_xylopyranoside_b_ovatus_…
→ Saving feature: FT15851
ℹ Producing chromatogram plots for: 'quercetin_3_o_b_d_xylopyranoside_b_ovatus_…
→ Saving feature: FT16435
ℹ Producing chromatogram plots for: 'quercetin_3_o_b_d_xylopyranoside_b_ovatus_…
→ Saving feature: FT22007
ℹ Producing chromatogram plots for: 'quercetin_3_o_b_d_xylopyranoside_b_ovatus_…
✔ Saved plots to: '/Volumes/bluecub/aglycone_release_100um_24h/output/quercetin…

[11:31:08] non-ring atom 3 marked aromatic
ℹ Filtering hits in 'quercetin_3_o_b_d_xylopyranoside_b_thetaiotaomicron_vpi_54…
✔ Saved hits filtered by Tanimoto similarity: 0.2, fold_change: 5 to: 'report/r…

ℹ Producing chromatogram plots for: 'quercetin_3_o_b_d_xylopyranoside_b_thetaio…
Processing chromatographic peaks for features
→ Saving feature: FT01486
ℹ Producing chromatogram plots for: 'quercetin_3_o_b_d_xylopyranoside_b_thetaio…
→ Saving feature: FT01698
ℹ Producing chromatogram plots for: 'quercetin_3_o_b_d_xylopyranoside_b_thetaio…
→ Saving feature: FT03121
ℹ Producing chromatogram plots for: 'quercetin_3_o_b_d_xylopyranoside_b_thetaio…
→ Saving feature: FT03206
ℹ Producing chromatogram plots for: 'quercetin_3_o_b_d_xylopyranoside_b_thetaio…
→ Saving feature: FT03808
ℹ Producing chromatogram plots for: 'quercetin_3_o_b_d_xylopyranoside_b_thetaio…
→ Saving feature: FT04204
ℹ Producing chromatogram plots for: 'quercetin_3_o_b_d_xylopyranoside_b_thetaio…
→ Saving feature: FT04372
ℹ Producing chromatogram plots for: 'quercetin_3_o_b_d_xylopyranoside_b_thetaio…
→ Saving feature: FT04846
ℹ Producing chromatogram plots for: 'quercetin_3_o_b_d_xylopyranoside_b_thetaio…
→ Saving feature: FT04970
ℹ Producing chromatogram plots for: 'quercetin_3_o_b_d_xylopyranoside_b_thetaio…
→ Saving feature: FT05021
ℹ Producing chromatogram plots for: 'quercetin_3_o_b_d_xylopyranoside_b_thetaio…
→ Saving feature: FT05506
ℹ Producing chromatogram plots for: 'quercetin_3_o_b_d_xylopyranoside_b_thetaio…
→ Saving feature: FT06308
ℹ Producing chromatogram plots for: 'quercetin_3_o_b_d_xylopyranoside_b_thetaio…
→ Saving feature: FT06450
ℹ Producing chromatogram plots for: 'quercetin_3_o_b_d_xylopyranoside_b_thetaio…
→ Saving feature: FT07227
ℹ Producing chromatogram plots for: 'quercetin_3_o_b_d_xylopyranoside_b_thetaio…
→ Saving feature: FT07371
ℹ Producing chromatogram plots for: 'quercetin_3_o_b_d_xylopyranoside_b_thetaio…
→ Saving feature: FT07396
ℹ Producing chromatogram plots for: 'quercetin_3_o_b_d_xylopyranoside_b_thetaio…
→ Saving feature: FT08729
ℹ Producing chromatogram plots for: 'quercetin_3_o_b_d_xylopyranoside_b_thetaio…
→ Saving feature: FT08767
ℹ Producing chromatogram plots for: 'quercetin_3_o_b_d_xylopyranoside_b_thetaio…
→ Saving feature: FT08890
ℹ Producing chromatogram plots for: 'quercetin_3_o_b_d_xylopyranoside_b_thetaio…
→ Saving feature: FT09112
ℹ Producing chromatogram plots for: 'quercetin_3_o_b_d_xylopyranoside_b_thetaio…
→ Saving feature: FT09322
ℹ Producing chromatogram plots for: 'quercetin_3_o_b_d_xylopyranoside_b_thetaio…
→ Saving feature: FT09677
ℹ Producing chromatogram plots for: 'quercetin_3_o_b_d_xylopyranoside_b_thetaio…
→ Saving feature: FT09786
ℹ Producing chromatogram plots for: 'quercetin_3_o_b_d_xylopyranoside_b_thetaio…
→ Saving feature: FT09926
ℹ Producing chromatogram plots for: 'quercetin_3_o_b_d_xylopyranoside_b_thetaio…
→ Saving feature: FT10643
ℹ Producing chromatogram plots for: 'quercetin_3_o_b_d_xylopyranoside_b_thetaio…
→ Saving feature: FT10779
ℹ Producing chromatogram plots for: 'quercetin_3_o_b_d_xylopyranoside_b_thetaio…
→ Saving feature: FT11191
ℹ Producing chromatogram plots for: 'quercetin_3_o_b_d_xylopyranoside_b_thetaio…
→ Saving feature: FT11228
ℹ Producing chromatogram plots for: 'quercetin_3_o_b_d_xylopyranoside_b_thetaio…
✔ Saved plots to: '/Volumes/bluecub/aglycone_release_100um_24h/output/quercetin…

[11:31:30] non-ring atom 1 marked aromatic
[11:31:30] non-ring atom 1 marked aromatic
[11:31:30] non-ring atom 1 marked aromatic
[11:31:30] non-ring atom 3 marked aromatic
ℹ Filtering hits in 'quercetin_3_o_b_d_xylopyranoside_b_uniformis_atcc_8492_and…
✔ Saved hits filtered by Tanimoto similarity: 0.2, fold_change: 5 to: 'report/r…

ℹ Producing chromatogram plots for: 'quercetin_3_o_b_d_xylopyranoside_b_uniform…
Processing chromatographic peaks for features
→ Saving feature: FT04264
ℹ Producing chromatogram plots for: 'quercetin_3_o_b_d_xylopyranoside_b_uniform…
→ Saving feature: FT04265
ℹ Producing chromatogram plots for: 'quercetin_3_o_b_d_xylopyranoside_b_uniform…
→ Saving feature: FT04438
ℹ Producing chromatogram plots for: 'quercetin_3_o_b_d_xylopyranoside_b_uniform…
→ Saving feature: FT04524
ℹ Producing chromatogram plots for: 'quercetin_3_o_b_d_xylopyranoside_b_uniform…
→ Saving feature: FT04692
ℹ Producing chromatogram plots for: 'quercetin_3_o_b_d_xylopyranoside_b_uniform…
→ Saving feature: FT04902
ℹ Producing chromatogram plots for: 'quercetin_3_o_b_d_xylopyranoside_b_uniform…
→ Saving feature: FT05551
ℹ Producing chromatogram plots for: 'quercetin_3_o_b_d_xylopyranoside_b_uniform…
→ Saving feature: FT06688
ℹ Producing chromatogram plots for: 'quercetin_3_o_b_d_xylopyranoside_b_uniform…
→ Saving feature: FT06836
ℹ Producing chromatogram plots for: 'quercetin_3_o_b_d_xylopyranoside_b_uniform…
→ Saving feature: FT07103
ℹ Producing chromatogram plots for: 'quercetin_3_o_b_d_xylopyranoside_b_uniform…
→ Saving feature: FT07677
ℹ Producing chromatogram plots for: 'quercetin_3_o_b_d_xylopyranoside_b_uniform…
→ Saving feature: FT07724
ℹ Producing chromatogram plots for: 'quercetin_3_o_b_d_xylopyranoside_b_uniform…
→ Saving feature: FT07892
ℹ Producing chromatogram plots for: 'quercetin_3_o_b_d_xylopyranoside_b_uniform…
→ Saving feature: FT07964
ℹ Producing chromatogram plots for: 'quercetin_3_o_b_d_xylopyranoside_b_uniform…
→ Saving feature: FT08020
ℹ Producing chromatogram plots for: 'quercetin_3_o_b_d_xylopyranoside_b_uniform…
→ Saving feature: FT08761
ℹ Producing chromatogram plots for: 'quercetin_3_o_b_d_xylopyranoside_b_uniform…
→ Saving feature: FT10584
ℹ Producing chromatogram plots for: 'quercetin_3_o_b_d_xylopyranoside_b_uniform…
→ Saving feature: FT10627
ℹ Producing chromatogram plots for: 'quercetin_3_o_b_d_xylopyranoside_b_uniform…
→ Saving feature: FT12455
ℹ Producing chromatogram plots for: 'quercetin_3_o_b_d_xylopyranoside_b_uniform…
→ Saving feature: FT13017
ℹ Producing chromatogram plots for: 'quercetin_3_o_b_d_xylopyranoside_b_uniform…
→ Saving feature: FT13566
ℹ Producing chromatogram plots for: 'quercetin_3_o_b_d_xylopyranoside_b_uniform…
→ Saving feature: FT14177
ℹ Producing chromatogram plots for: 'quercetin_3_o_b_d_xylopyranoside_b_uniform…
✔ Saved plots to: '/Volumes/bluecub/aglycone_release_100um_24h/output/quercetin…

[11:31:59] non-ring atom 3 marked aromatic
ℹ Filtering hits in 'quercetin_3_o_b_d_xylopyranoside_p_copri_i_ak263' by Tanim…
✔ Saved hits filtered by Tanimoto similarity: 0.2, fold_change: 5 to: 'report/r…

ℹ Producing chromatogram plots for: 'quercetin_3_o_b_d_xylopyranoside_p_copri_i…
Processing chromatographic peaks for features
→ Saving feature: FT00553
ℹ Producing chromatogram plots for: 'quercetin_3_o_b_d_xylopyranoside_p_copri_i…
→ Saving feature: FT02685
ℹ Producing chromatogram plots for: 'quercetin_3_o_b_d_xylopyranoside_p_copri_i…
→ Saving feature: FT03474
ℹ Producing chromatogram plots for: 'quercetin_3_o_b_d_xylopyranoside_p_copri_i…
→ Saving feature: FT03479
ℹ Producing chromatogram plots for: 'quercetin_3_o_b_d_xylopyranoside_p_copri_i…
→ Saving feature: FT03662
ℹ Producing chromatogram plots for: 'quercetin_3_o_b_d_xylopyranoside_p_copri_i…
→ Saving feature: FT03745
ℹ Producing chromatogram plots for: 'quercetin_3_o_b_d_xylopyranoside_p_copri_i…
→ Saving feature: FT05001
ℹ Producing chromatogram plots for: 'quercetin_3_o_b_d_xylopyranoside_p_copri_i…
→ Saving feature: FT05766
ℹ Producing chromatogram plots for: 'quercetin_3_o_b_d_xylopyranoside_p_copri_i…
→ Saving feature: FT05887
ℹ Producing chromatogram plots for: 'quercetin_3_o_b_d_xylopyranoside_p_copri_i…
→ Saving feature: FT06192
ℹ Producing chromatogram plots for: 'quercetin_3_o_b_d_xylopyranoside_p_copri_i…
→ Saving feature: FT06690
ℹ Producing chromatogram plots for: 'quercetin_3_o_b_d_xylopyranoside_p_copri_i…
→ Saving feature: FT07249
ℹ Producing chromatogram plots for: 'quercetin_3_o_b_d_xylopyranoside_p_copri_i…
→ Saving feature: FT07610
ℹ Producing chromatogram plots for: 'quercetin_3_o_b_d_xylopyranoside_p_copri_i…
→ Saving feature: FT07853
ℹ Producing chromatogram plots for: 'quercetin_3_o_b_d_xylopyranoside_p_copri_i…
→ Saving feature: FT08084
ℹ Producing chromatogram plots for: 'quercetin_3_o_b_d_xylopyranoside_p_copri_i…
→ Saving feature: FT09759
ℹ Producing chromatogram plots for: 'quercetin_3_o_b_d_xylopyranoside_p_copri_i…
→ Saving feature: FT09837
ℹ Producing chromatogram plots for: 'quercetin_3_o_b_d_xylopyranoside_p_copri_i…
→ Saving feature: FT09855
ℹ Producing chromatogram plots for: 'quercetin_3_o_b_d_xylopyranoside_p_copri_i…
→ Saving feature: FT09935
ℹ Producing chromatogram plots for: 'quercetin_3_o_b_d_xylopyranoside_p_copri_i…
→ Saving feature: FT09962
ℹ Producing chromatogram plots for: 'quercetin_3_o_b_d_xylopyranoside_p_copri_i…
→ Saving feature: FT10036
ℹ Producing chromatogram plots for: 'quercetin_3_o_b_d_xylopyranoside_p_copri_i…
→ Saving feature: FT10231
ℹ Producing chromatogram plots for: 'quercetin_3_o_b_d_xylopyranoside_p_copri_i…
→ Saving feature: FT10364
ℹ Producing chromatogram plots for: 'quercetin_3_o_b_d_xylopyranoside_p_copri_i…
→ Saving feature: FT10485
ℹ Producing chromatogram plots for: 'quercetin_3_o_b_d_xylopyranoside_p_copri_i…
→ Saving feature: FT10922
ℹ Producing chromatogram plots for: 'quercetin_3_o_b_d_xylopyranoside_p_copri_i…
→ Saving feature: FT11190
ℹ Producing chromatogram plots for: 'quercetin_3_o_b_d_xylopyranoside_p_copri_i…
→ Saving feature: FT11402
ℹ Producing chromatogram plots for: 'quercetin_3_o_b_d_xylopyranoside_p_copri_i…
→ Saving feature: FT11592
ℹ Producing chromatogram plots for: 'quercetin_3_o_b_d_xylopyranoside_p_copri_i…
→ Saving feature: FT12118
ℹ Producing chromatogram plots for: 'quercetin_3_o_b_d_xylopyranoside_p_copri_i…
→ Saving feature: FT12420
ℹ Producing chromatogram plots for: 'quercetin_3_o_b_d_xylopyranoside_p_copri_i…
✔ Saved plots to: '/Volumes/bluecub/aglycone_release_100um_24h/output/quercetin…

[11:32:20] non-ring atom 1 marked aromatic
[11:32:20] non-ring atom 1 marked aromatic
[11:32:20] non-ring atom 3 marked aromatic
ℹ Filtering hits in 'quercetin_3_o_glucuronide_b_ovatus_atcc_8483_and_b_ovatus_…
✔ Saved hits filtered by Tanimoto similarity: 0.2, fold_change: 5 to: 'report/r…

ℹ Producing chromatogram plots for: 'quercetin_3_o_glucuronide_b_ovatus_atcc_84…
Processing chromatographic peaks for features
→ Saving feature: FT05742
ℹ Producing chromatogram plots for: 'quercetin_3_o_glucuronide_b_ovatus_atcc_84…
→ Saving feature: FT06445
ℹ Producing chromatogram plots for: 'quercetin_3_o_glucuronide_b_ovatus_atcc_84…
→ Saving feature: FT06635
ℹ Producing chromatogram plots for: 'quercetin_3_o_glucuronide_b_ovatus_atcc_84…
→ Saving feature: FT07074
ℹ Producing chromatogram plots for: 'quercetin_3_o_glucuronide_b_ovatus_atcc_84…
→ Saving feature: FT07457
ℹ Producing chromatogram plots for: 'quercetin_3_o_glucuronide_b_ovatus_atcc_84…
→ Saving feature: FT08578
ℹ Producing chromatogram plots for: 'quercetin_3_o_glucuronide_b_ovatus_atcc_84…
→ Saving feature: FT08765
ℹ Producing chromatogram plots for: 'quercetin_3_o_glucuronide_b_ovatus_atcc_84…
→ Saving feature: FT10609
ℹ Producing chromatogram plots for: 'quercetin_3_o_glucuronide_b_ovatus_atcc_84…
→ Saving feature: FT12355
ℹ Producing chromatogram plots for: 'quercetin_3_o_glucuronide_b_ovatus_atcc_84…
→ Saving feature: FT13028
ℹ Producing chromatogram plots for: 'quercetin_3_o_glucuronide_b_ovatus_atcc_84…
→ Saving feature: FT13081
ℹ Producing chromatogram plots for: 'quercetin_3_o_glucuronide_b_ovatus_atcc_84…
→ Saving feature: FT13179
ℹ Producing chromatogram plots for: 'quercetin_3_o_glucuronide_b_ovatus_atcc_84…
→ Saving feature: FT14677
ℹ Producing chromatogram plots for: 'quercetin_3_o_glucuronide_b_ovatus_atcc_84…
→ Saving feature: FT18557
ℹ Producing chromatogram plots for: 'quercetin_3_o_glucuronide_b_ovatus_atcc_84…
✔ Saved plots to: '/Volumes/bluecub/aglycone_release_100um_24h/output/quercetin…

[11:32:49] non-ring atom 1 marked aromatic
[11:32:49] non-ring atom 1 marked aromatic
[11:32:49] non-ring atom 3 marked aromatic
ℹ Filtering hits in 'quercetin_3_o_glucuronide_b_thetaiotaomicron_vpi_5482' by …
Warning message:
One or more parsing issues, call `problems()` on your data frame for details,
e.g.:
  dat <- vroom(...)
  problems(dat) 
✔ Saved hits filtered by Tanimoto similarity: 0.2, fold_change: 5 to: 'report/r…

ℹ Producing chromatogram plots for: 'quercetin_3_o_glucuronide_b_thetaiotaomicr…
Processing chromatographic peaks for features
→ Saving feature: FT01685
ℹ Producing chromatogram plots for: 'quercetin_3_o_glucuronide_b_thetaiotaomicr…
→ Saving feature: FT03402
ℹ Producing chromatogram plots for: 'quercetin_3_o_glucuronide_b_thetaiotaomicr…
→ Saving feature: FT03659
ℹ Producing chromatogram plots for: 'quercetin_3_o_glucuronide_b_thetaiotaomicr…
→ Saving feature: FT04875
ℹ Producing chromatogram plots for: 'quercetin_3_o_glucuronide_b_thetaiotaomicr…
→ Saving feature: FT05000
ℹ Producing chromatogram plots for: 'quercetin_3_o_glucuronide_b_thetaiotaomicr…
→ Saving feature: FT05077
ℹ Producing chromatogram plots for: 'quercetin_3_o_glucuronide_b_thetaiotaomicr…
→ Saving feature: FT06344
ℹ Producing chromatogram plots for: 'quercetin_3_o_glucuronide_b_thetaiotaomicr…
→ Saving feature: FT08150
ℹ Producing chromatogram plots for: 'quercetin_3_o_glucuronide_b_thetaiotaomicr…
→ Saving feature: FT08723
ℹ Producing chromatogram plots for: 'quercetin_3_o_glucuronide_b_thetaiotaomicr…
→ Saving feature: FT09069
ℹ Producing chromatogram plots for: 'quercetin_3_o_glucuronide_b_thetaiotaomicr…
→ Saving feature: FT09165
ℹ Producing chromatogram plots for: 'quercetin_3_o_glucuronide_b_thetaiotaomicr…
→ Saving feature: FT09303
ℹ Producing chromatogram plots for: 'quercetin_3_o_glucuronide_b_thetaiotaomicr…
→ Saving feature: FT10630
ℹ Producing chromatogram plots for: 'quercetin_3_o_glucuronide_b_thetaiotaomicr…
→ Saving feature: FT11528
ℹ Producing chromatogram plots for: 'quercetin_3_o_glucuronide_b_thetaiotaomicr…
→ Saving feature: FT11904
ℹ Producing chromatogram plots for: 'quercetin_3_o_glucuronide_b_thetaiotaomicr…
✔ Saved plots to: '/Volumes/bluecub/aglycone_release_100um_24h/output/quercetin…

[11:33:10] non-ring atom 1 marked aromatic
[11:33:10] non-ring atom 3 marked aromatic
ℹ Filtering hits in 'quercetin_3_o_glucuronide_b_uniformis_atcc_8492_and_bu_gsh…
✔ Saved hits filtered by Tanimoto similarity: 0.2, fold_change: 5 to: 'report/r…

ℹ Producing chromatogram plots for: 'quercetin_3_o_glucuronide_b_uniformis_atcc…
Processing chromatographic peaks for features
→ Saving feature: FT04371
ℹ Producing chromatogram plots for: 'quercetin_3_o_glucuronide_b_uniformis_atcc…
→ Saving feature: FT04695
ℹ Producing chromatogram plots for: 'quercetin_3_o_glucuronide_b_uniformis_atcc…
→ Saving feature: FT04889
ℹ Producing chromatogram plots for: 'quercetin_3_o_glucuronide_b_uniformis_atcc…
→ Saving feature: FT05697
ℹ Producing chromatogram plots for: 'quercetin_3_o_glucuronide_b_uniformis_atcc…
→ Saving feature: FT05875
ℹ Producing chromatogram plots for: 'quercetin_3_o_glucuronide_b_uniformis_atcc…
→ Saving feature: FT06018
ℹ Producing chromatogram plots for: 'quercetin_3_o_glucuronide_b_uniformis_atcc…
→ Saving feature: FT08130
ℹ Producing chromatogram plots for: 'quercetin_3_o_glucuronide_b_uniformis_atcc…
→ Saving feature: FT08248
ℹ Producing chromatogram plots for: 'quercetin_3_o_glucuronide_b_uniformis_atcc…
→ Saving feature: FT09077
ℹ Producing chromatogram plots for: 'quercetin_3_o_glucuronide_b_uniformis_atcc…
→ Saving feature: FT09899
ℹ Producing chromatogram plots for: 'quercetin_3_o_glucuronide_b_uniformis_atcc…
→ Saving feature: FT10298
ℹ Producing chromatogram plots for: 'quercetin_3_o_glucuronide_b_uniformis_atcc…
→ Saving feature: FT11024
ℹ Producing chromatogram plots for: 'quercetin_3_o_glucuronide_b_uniformis_atcc…
→ Saving feature: FT11101
ℹ Producing chromatogram plots for: 'quercetin_3_o_glucuronide_b_uniformis_atcc…
→ Saving feature: FT11703
ℹ Producing chromatogram plots for: 'quercetin_3_o_glucuronide_b_uniformis_atcc…
→ Saving feature: FT13161
ℹ Producing chromatogram plots for: 'quercetin_3_o_glucuronide_b_uniformis_atcc…
→ Saving feature: FT13493
ℹ Producing chromatogram plots for: 'quercetin_3_o_glucuronide_b_uniformis_atcc…
→ Saving feature: FT14019
ℹ Producing chromatogram plots for: 'quercetin_3_o_glucuronide_b_uniformis_atcc…
→ Saving feature: FT14020
ℹ Producing chromatogram plots for: 'quercetin_3_o_glucuronide_b_uniformis_atcc…
✔ Saved plots to: '/Volumes/bluecub/aglycone_release_100um_24h/output/quercetin…

ℹ Filtering hits in 'quercetin_3_o_glucuronide_p_copri_i_ak263' by Tanimoto sim…
✔ Saved hits filtered by Tanimoto similarity: 0.2, fold_change: 5 to: 'report/r…

ℹ Producing chromatogram plots for: 'quercetin_3_o_glucuronide_p_copri_i_ak263'
Processing chromatographic peaks for features
→ Saving feature: FT00602
ℹ Producing chromatogram plots for: 'quercetin_3_o_glucuronide_p_copri_i_ak263'
→ Saving feature: FT03246
ℹ Producing chromatogram plots for: 'quercetin_3_o_glucuronide_p_copri_i_ak263'
→ Saving feature: FT03290
ℹ Producing chromatogram plots for: 'quercetin_3_o_glucuronide_p_copri_i_ak263'
→ Saving feature: FT03433
ℹ Producing chromatogram plots for: 'quercetin_3_o_glucuronide_p_copri_i_ak263'
→ Saving feature: FT05152
ℹ Producing chromatogram plots for: 'quercetin_3_o_glucuronide_p_copri_i_ak263'
→ Saving feature: FT05706
ℹ Producing chromatogram plots for: 'quercetin_3_o_glucuronide_p_copri_i_ak263'
→ Saving feature: FT05817
ℹ Producing chromatogram plots for: 'quercetin_3_o_glucuronide_p_copri_i_ak263'
→ Saving feature: FT06225
ℹ Producing chromatogram plots for: 'quercetin_3_o_glucuronide_p_copri_i_ak263'
→ Saving feature: FT07084
ℹ Producing chromatogram plots for: 'quercetin_3_o_glucuronide_p_copri_i_ak263'
→ Saving feature: FT07745
ℹ Producing chromatogram plots for: 'quercetin_3_o_glucuronide_p_copri_i_ak263'
→ Saving feature: FT08300
ℹ Producing chromatogram plots for: 'quercetin_3_o_glucuronide_p_copri_i_ak263'
→ Saving feature: FT08562
ℹ Producing chromatogram plots for: 'quercetin_3_o_glucuronide_p_copri_i_ak263'
→ Saving feature: FT08894
ℹ Producing chromatogram plots for: 'quercetin_3_o_glucuronide_p_copri_i_ak263'
→ Saving feature: FT09270
ℹ Producing chromatogram plots for: 'quercetin_3_o_glucuronide_p_copri_i_ak263'
→ Saving feature: FT09640
ℹ Producing chromatogram plots for: 'quercetin_3_o_glucuronide_p_copri_i_ak263'
→ Saving feature: FT09819
ℹ Producing chromatogram plots for: 'quercetin_3_o_glucuronide_p_copri_i_ak263'
→ Saving feature: FT09892
ℹ Producing chromatogram plots for: 'quercetin_3_o_glucuronide_p_copri_i_ak263'
→ Saving feature: FT10784
ℹ Producing chromatogram plots for: 'quercetin_3_o_glucuronide_p_copri_i_ak263'
→ Saving feature: FT10964
ℹ Producing chromatogram plots for: 'quercetin_3_o_glucuronide_p_copri_i_ak263'
→ Saving feature: FT11246
ℹ Producing chromatogram plots for: 'quercetin_3_o_glucuronide_p_copri_i_ak263'
→ Saving feature: FT12694
ℹ Producing chromatogram plots for: 'quercetin_3_o_glucuronide_p_copri_i_ak263'
✔ Saved plots to: '/Volumes/bluecub/aglycone_release_100um_24h/output/quercetin…

[11:33:57] non-ring atom 1 marked aromatic
[11:33:57] non-ring atom 1 marked aromatic
[11:33:57] non-ring atom 3 marked aromatic
ℹ Filtering hits in 'quercetin_3_o_sophoroside_b_ovatus_atcc_8483_and_b_ovatus_…
✔ Saved hits filtered by Tanimoto similarity: 0.2, fold_change: 5 to: 'report/r…

ℹ Producing chromatogram plots for: 'quercetin_3_o_sophoroside_b_ovatus_atcc_84…
Processing chromatographic peaks for features
→ Saving feature: FT01397
ℹ Producing chromatogram plots for: 'quercetin_3_o_sophoroside_b_ovatus_atcc_84…
→ Saving feature: FT02932
ℹ Producing chromatogram plots for: 'quercetin_3_o_sophoroside_b_ovatus_atcc_84…
→ Saving feature: FT05060
ℹ Producing chromatogram plots for: 'quercetin_3_o_sophoroside_b_ovatus_atcc_84…
→ Saving feature: FT05111
ℹ Producing chromatogram plots for: 'quercetin_3_o_sophoroside_b_ovatus_atcc_84…
→ Saving feature: FT06148
ℹ Producing chromatogram plots for: 'quercetin_3_o_sophoroside_b_ovatus_atcc_84…
→ Saving feature: FT07144
ℹ Producing chromatogram plots for: 'quercetin_3_o_sophoroside_b_ovatus_atcc_84…
→ Saving feature: FT07548
ℹ Producing chromatogram plots for: 'quercetin_3_o_sophoroside_b_ovatus_atcc_84…
→ Saving feature: FT09078
ℹ Producing chromatogram plots for: 'quercetin_3_o_sophoroside_b_ovatus_atcc_84…
→ Saving feature: FT11163
ℹ Producing chromatogram plots for: 'quercetin_3_o_sophoroside_b_ovatus_atcc_84…
→ Saving feature: FT12244
ℹ Producing chromatogram plots for: 'quercetin_3_o_sophoroside_b_ovatus_atcc_84…
→ Saving feature: FT13667
ℹ Producing chromatogram plots for: 'quercetin_3_o_sophoroside_b_ovatus_atcc_84…
✔ Saved plots to: '/Volumes/bluecub/aglycone_release_100um_24h/output/quercetin…

[11:34:20] non-ring atom 1 marked aromatic
[11:34:20] non-ring atom 1 marked aromatic
[11:34:20] non-ring atom 1 marked aromatic
[11:34:20] non-ring atom 1 marked aromatic
[11:34:20] non-ring atom 1 marked aromatic
ℹ Filtering hits in 'quercetin_3_o_sophoroside_b_thetaiotaomicron_vpi_5482' by …
✔ Saved hits filtered by Tanimoto similarity: 0.2, fold_change: 5 to: 'report/r…

ℹ Producing chromatogram plots for: 'quercetin_3_o_sophoroside_b_thetaiotaomicr…
Processing chromatographic peaks for features
→ Saving feature: FT01152
ℹ Producing chromatogram plots for: 'quercetin_3_o_sophoroside_b_thetaiotaomicr…
→ Saving feature: FT03527
ℹ Producing chromatogram plots for: 'quercetin_3_o_sophoroside_b_thetaiotaomicr…
→ Saving feature: FT03813
ℹ Producing chromatogram plots for: 'quercetin_3_o_sophoroside_b_thetaiotaomicr…
→ Saving feature: FT03989
ℹ Producing chromatogram plots for: 'quercetin_3_o_sophoroside_b_thetaiotaomicr…
→ Saving feature: FT04369
ℹ Producing chromatogram plots for: 'quercetin_3_o_sophoroside_b_thetaiotaomicr…
→ Saving feature: FT04591
ℹ Producing chromatogram plots for: 'quercetin_3_o_sophoroside_b_thetaiotaomicr…
→ Saving feature: FT04642
ℹ Producing chromatogram plots for: 'quercetin_3_o_sophoroside_b_thetaiotaomicr…
→ Saving feature: FT04709
ℹ Producing chromatogram plots for: 'quercetin_3_o_sophoroside_b_thetaiotaomicr…
→ Saving feature: FT05343
ℹ Producing chromatogram plots for: 'quercetin_3_o_sophoroside_b_thetaiotaomicr…
→ Saving feature: FT05616
ℹ Producing chromatogram plots for: 'quercetin_3_o_sophoroside_b_thetaiotaomicr…
→ Saving feature: FT08921
ℹ Producing chromatogram plots for: 'quercetin_3_o_sophoroside_b_thetaiotaomicr…
✔ Saved plots to: '/Volumes/bluecub/aglycone_release_100um_24h/output/quercetin…

[11:34:37] non-ring atom 1 marked aromatic
[11:34:37] non-ring atom 1 marked aromatic
[11:34:37] non-ring atom 1 marked aromatic
[11:34:37] non-ring atom 1 marked aromatic
ℹ Filtering hits in 'quercetin_3_o_sophoroside_b_uniformis_atcc_8492_and_bu_gsh…
✔ Saved hits filtered by Tanimoto similarity: 0.2, fold_change: 5 to: 'report/r…

ℹ Producing chromatogram plots for: 'quercetin_3_o_sophoroside_b_uniformis_atcc…
Processing chromatographic peaks for features
→ Saving feature: FT01269
ℹ Producing chromatogram plots for: 'quercetin_3_o_sophoroside_b_uniformis_atcc…
→ Saving feature: FT03645
ℹ Producing chromatogram plots for: 'quercetin_3_o_sophoroside_b_uniformis_atcc…
→ Saving feature: FT04098
ℹ Producing chromatogram plots for: 'quercetin_3_o_sophoroside_b_uniformis_atcc…
→ Saving feature: FT04224
ℹ Producing chromatogram plots for: 'quercetin_3_o_sophoroside_b_uniformis_atcc…
→ Saving feature: FT04546
ℹ Producing chromatogram plots for: 'quercetin_3_o_sophoroside_b_uniformis_atcc…
→ Saving feature: FT04625
ℹ Producing chromatogram plots for: 'quercetin_3_o_sophoroside_b_uniformis_atcc…
→ Saving feature: FT04721
ℹ Producing chromatogram plots for: 'quercetin_3_o_sophoroside_b_uniformis_atcc…
→ Saving feature: FT05442
ℹ Producing chromatogram plots for: 'quercetin_3_o_sophoroside_b_uniformis_atcc…
→ Saving feature: FT05508
ℹ Producing chromatogram plots for: 'quercetin_3_o_sophoroside_b_uniformis_atcc…
→ Saving feature: FT06380
ℹ Producing chromatogram plots for: 'quercetin_3_o_sophoroside_b_uniformis_atcc…
→ Saving feature: FT06420
ℹ Producing chromatogram plots for: 'quercetin_3_o_sophoroside_b_uniformis_atcc…
→ Saving feature: FT06757
ℹ Producing chromatogram plots for: 'quercetin_3_o_sophoroside_b_uniformis_atcc…
→ Saving feature: FT07447
ℹ Producing chromatogram plots for: 'quercetin_3_o_sophoroside_b_uniformis_atcc…
→ Saving feature: FT07898
ℹ Producing chromatogram plots for: 'quercetin_3_o_sophoroside_b_uniformis_atcc…
→ Saving feature: FT09575
ℹ Producing chromatogram plots for: 'quercetin_3_o_sophoroside_b_uniformis_atcc…
→ Saving feature: FT11024
ℹ Producing chromatogram plots for: 'quercetin_3_o_sophoroside_b_uniformis_atcc…
→ Saving feature: FT11842
ℹ Producing chromatogram plots for: 'quercetin_3_o_sophoroside_b_uniformis_atcc…
✔ Saved plots to: '/Volumes/bluecub/aglycone_release_100um_24h/output/quercetin…

[11:34:59] non-ring atom 1 marked aromatic
[11:34:59] non-ring atom 1 marked aromatic
[11:34:59] non-ring atom 1 marked aromatic
[11:34:59] non-ring atom 1 marked aromatic
[11:34:59] non-ring atom 1 marked aromatic
ℹ Filtering hits in 'quercetin_3_o_sophoroside_p_copri_i_ak263' by Tanimoto sim…
✔ Saved hits filtered by Tanimoto similarity: 0.2, fold_change: 5 to: 'report/r…

ℹ Producing chromatogram plots for: 'quercetin_3_o_sophoroside_p_copri_i_ak263'
Processing chromatographic peaks for features
→ Saving feature: FT00963
ℹ Producing chromatogram plots for: 'quercetin_3_o_sophoroside_p_copri_i_ak263'
→ Saving feature: FT03493
ℹ Producing chromatogram plots for: 'quercetin_3_o_sophoroside_p_copri_i_ak263'
→ Saving feature: FT03722
ℹ Producing chromatogram plots for: 'quercetin_3_o_sophoroside_p_copri_i_ak263'
→ Saving feature: FT04122
ℹ Producing chromatogram plots for: 'quercetin_3_o_sophoroside_p_copri_i_ak263'
✔ Saved plots to: '/Volumes/bluecub/aglycone_release_100um_24h/output/quercetin…

ℹ Filtering hits in 'quercetin_7_o_b_d_glucopyranoside_b_ovatus_atcc_8483_and_b…
✔ Saved hits filtered by Tanimoto similarity: 0.2, fold_change: 5 to: 'report/r…

ℹ Producing chromatogram plots for: 'quercetin_7_o_b_d_glucopyranoside_b_ovatus…
Processing chromatographic peaks for features
→ Saving feature: FT05538
ℹ Producing chromatogram plots for: 'quercetin_7_o_b_d_glucopyranoside_b_ovatus…
→ Saving feature: FT06130
ℹ Producing chromatogram plots for: 'quercetin_7_o_b_d_glucopyranoside_b_ovatus…
→ Saving feature: FT06563
ℹ Producing chromatogram plots for: 'quercetin_7_o_b_d_glucopyranoside_b_ovatus…
→ Saving feature: FT07176
ℹ Producing chromatogram plots for: 'quercetin_7_o_b_d_glucopyranoside_b_ovatus…
→ Saving feature: FT08668
ℹ Producing chromatogram plots for: 'quercetin_7_o_b_d_glucopyranoside_b_ovatus…
→ Saving feature: FT12224
ℹ Producing chromatogram plots for: 'quercetin_7_o_b_d_glucopyranoside_b_ovatus…
→ Saving feature: FT12479
ℹ Producing chromatogram plots for: 'quercetin_7_o_b_d_glucopyranoside_b_ovatus…
→ Saving feature: FT14684
ℹ Producing chromatogram plots for: 'quercetin_7_o_b_d_glucopyranoside_b_ovatus…
→ Saving feature: FT15498
ℹ Producing chromatogram plots for: 'quercetin_7_o_b_d_glucopyranoside_b_ovatus…
✔ Saved plots to: '/Volumes/bluecub/aglycone_release_100um_24h/output/quercetin…

[11:35:39] non-ring atom 1 marked aromatic
[11:35:39] non-ring atom 1 marked aromatic
[11:35:39] non-ring atom 1 marked aromatic
[11:35:39] non-ring atom 3 marked aromatic
ℹ Filtering hits in 'quercetin_7_o_b_d_glucopyranoside_b_thetaiotaomicron_vpi_5…
✔ Saved hits filtered by Tanimoto similarity: 0.2, fold_change: 5 to: 'report/r…

ℹ Producing chromatogram plots for: 'quercetin_7_o_b_d_glucopyranoside_b_thetai…
Processing chromatographic peaks for features
→ Saving feature: FT03170
ℹ Producing chromatogram plots for: 'quercetin_7_o_b_d_glucopyranoside_b_thetai…
→ Saving feature: FT03370
ℹ Producing chromatogram plots for: 'quercetin_7_o_b_d_glucopyranoside_b_thetai…
→ Saving feature: FT03515
ℹ Producing chromatogram plots for: 'quercetin_7_o_b_d_glucopyranoside_b_thetai…
→ Saving feature: FT03907
ℹ Producing chromatogram plots for: 'quercetin_7_o_b_d_glucopyranoside_b_thetai…
→ Saving feature: FT04050
ℹ Producing chromatogram plots for: 'quercetin_7_o_b_d_glucopyranoside_b_thetai…
→ Saving feature: FT04210
ℹ Producing chromatogram plots for: 'quercetin_7_o_b_d_glucopyranoside_b_thetai…
→ Saving feature: FT04889
ℹ Producing chromatogram plots for: 'quercetin_7_o_b_d_glucopyranoside_b_thetai…
→ Saving feature: FT05015
ℹ Producing chromatogram plots for: 'quercetin_7_o_b_d_glucopyranoside_b_thetai…
→ Saving feature: FT05104
ℹ Producing chromatogram plots for: 'quercetin_7_o_b_d_glucopyranoside_b_thetai…
→ Saving feature: FT06394
ℹ Producing chromatogram plots for: 'quercetin_7_o_b_d_glucopyranoside_b_thetai…
→ Saving feature: FT07550
ℹ Producing chromatogram plots for: 'quercetin_7_o_b_d_glucopyranoside_b_thetai…
→ Saving feature: FT07604
ℹ Producing chromatogram plots for: 'quercetin_7_o_b_d_glucopyranoside_b_thetai…
→ Saving feature: FT08670
ℹ Producing chromatogram plots for: 'quercetin_7_o_b_d_glucopyranoside_b_thetai…
→ Saving feature: FT08910
ℹ Producing chromatogram plots for: 'quercetin_7_o_b_d_glucopyranoside_b_thetai…
→ Saving feature: FT09780
ℹ Producing chromatogram plots for: 'quercetin_7_o_b_d_glucopyranoside_b_thetai…
→ Saving feature: FT09848
ℹ Producing chromatogram plots for: 'quercetin_7_o_b_d_glucopyranoside_b_thetai…
→ Saving feature: FT10288
ℹ Producing chromatogram plots for: 'quercetin_7_o_b_d_glucopyranoside_b_thetai…
→ Saving feature: FT10893
ℹ Producing chromatogram plots for: 'quercetin_7_o_b_d_glucopyranoside_b_thetai…
→ Saving feature: FT11638
ℹ Producing chromatogram plots for: 'quercetin_7_o_b_d_glucopyranoside_b_thetai…
✔ Saved plots to: '/Volumes/bluecub/aglycone_release_100um_24h/output/quercetin…

[11:35:59] non-ring atom 1 marked aromatic
[11:35:59] non-ring atom 1 marked aromatic
[11:35:59] non-ring atom 1 marked aromatic
[11:35:59] non-ring atom 1 marked aromatic
[11:35:59] non-ring atom 1 marked aromatic
[11:35:59] non-ring atom 3 marked aromatic
ℹ Filtering hits in 'quercetin_7_o_b_d_glucopyranoside_b_uniformis_atcc_8492_an…
✔ Saved hits filtered by Tanimoto similarity: 0.2, fold_change: 5 to: 'report/r…

ℹ Producing chromatogram plots for: 'quercetin_7_o_b_d_glucopyranoside_b_unifor…
Processing chromatographic peaks for features
→ Saving feature: FT00613
ℹ Producing chromatogram plots for: 'quercetin_7_o_b_d_glucopyranoside_b_unifor…
→ Saving feature: FT04494
ℹ Producing chromatogram plots for: 'quercetin_7_o_b_d_glucopyranoside_b_unifor…
→ Saving feature: FT04672
ℹ Producing chromatogram plots for: 'quercetin_7_o_b_d_glucopyranoside_b_unifor…
→ Saving feature: FT04866
ℹ Producing chromatogram plots for: 'quercetin_7_o_b_d_glucopyranoside_b_unifor…
→ Saving feature: FT05428
ℹ Producing chromatogram plots for: 'quercetin_7_o_b_d_glucopyranoside_b_unifor…
→ Saving feature: FT05610
ℹ Producing chromatogram plots for: 'quercetin_7_o_b_d_glucopyranoside_b_unifor…
→ Saving feature: FT05612
ℹ Producing chromatogram plots for: 'quercetin_7_o_b_d_glucopyranoside_b_unifor…
→ Saving feature: FT05803
ℹ Producing chromatogram plots for: 'quercetin_7_o_b_d_glucopyranoside_b_unifor…
→ Saving feature: FT05877
ℹ Producing chromatogram plots for: 'quercetin_7_o_b_d_glucopyranoside_b_unifor…
→ Saving feature: FT05939
ℹ Producing chromatogram plots for: 'quercetin_7_o_b_d_glucopyranoside_b_unifor…
→ Saving feature: FT06127
ℹ Producing chromatogram plots for: 'quercetin_7_o_b_d_glucopyranoside_b_unifor…
→ Saving feature: FT06371
ℹ Producing chromatogram plots for: 'quercetin_7_o_b_d_glucopyranoside_b_unifor…
→ Saving feature: FT06485
ℹ Producing chromatogram plots for: 'quercetin_7_o_b_d_glucopyranoside_b_unifor…
→ Saving feature: FT06901
ℹ Producing chromatogram plots for: 'quercetin_7_o_b_d_glucopyranoside_b_unifor…
→ Saving feature: FT07725
ℹ Producing chromatogram plots for: 'quercetin_7_o_b_d_glucopyranoside_b_unifor…
→ Saving feature: FT07811
ℹ Producing chromatogram plots for: 'quercetin_7_o_b_d_glucopyranoside_b_unifor…
→ Saving feature: FT07906
ℹ Producing chromatogram plots for: 'quercetin_7_o_b_d_glucopyranoside_b_unifor…
→ Saving feature: FT08127
ℹ Producing chromatogram plots for: 'quercetin_7_o_b_d_glucopyranoside_b_unifor…
→ Saving feature: FT08558
ℹ Producing chromatogram plots for: 'quercetin_7_o_b_d_glucopyranoside_b_unifor…
→ Saving feature: FT09043
ℹ Producing chromatogram plots for: 'quercetin_7_o_b_d_glucopyranoside_b_unifor…
→ Saving feature: FT09311
ℹ Producing chromatogram plots for: 'quercetin_7_o_b_d_glucopyranoside_b_unifor…
→ Saving feature: FT09383
ℹ Producing chromatogram plots for: 'quercetin_7_o_b_d_glucopyranoside_b_unifor…
→ Saving feature: FT10970
ℹ Producing chromatogram plots for: 'quercetin_7_o_b_d_glucopyranoside_b_unifor…
→ Saving feature: FT12209
ℹ Producing chromatogram plots for: 'quercetin_7_o_b_d_glucopyranoside_b_unifor…
→ Saving feature: FT12843
ℹ Producing chromatogram plots for: 'quercetin_7_o_b_d_glucopyranoside_b_unifor…
→ Saving feature: FT14097
ℹ Producing chromatogram plots for: 'quercetin_7_o_b_d_glucopyranoside_b_unifor…
→ Saving feature: FT15090
ℹ Producing chromatogram plots for: 'quercetin_7_o_b_d_glucopyranoside_b_unifor…
→ Saving feature: FT16523
ℹ Producing chromatogram plots for: 'quercetin_7_o_b_d_glucopyranoside_b_unifor…
→ Saving feature: FT18273
ℹ Producing chromatogram plots for: 'quercetin_7_o_b_d_glucopyranoside_b_unifor…
✔ Saved plots to: '/Volumes/bluecub/aglycone_release_100um_24h/output/quercetin…

[11:36:31] non-ring atom 1 marked aromatic
[11:36:31] non-ring atom 1 marked aromatic
[11:36:31] non-ring atom 1 marked aromatic
[11:36:31] non-ring atom 1 marked aromatic
[11:36:31] non-ring atom 1 marked aromatic
ℹ Filtering hits in 'quercetin_7_o_b_d_glucopyranoside_p_copri_i_ak263' by Tani…
✔ Saved hits filtered by Tanimoto similarity: 0.2, fold_change: 5 to: 'report/r…

ℹ Producing chromatogram plots for: 'quercetin_7_o_b_d_glucopyranoside_p_copri_…
Processing chromatographic peaks for features
→ Saving feature: FT00551
ℹ Producing chromatogram plots for: 'quercetin_7_o_b_d_glucopyranoside_p_copri_…
→ Saving feature: FT02964
ℹ Producing chromatogram plots for: 'quercetin_7_o_b_d_glucopyranoside_p_copri_…
→ Saving feature: FT03476
ℹ Producing chromatogram plots for: 'quercetin_7_o_b_d_glucopyranoside_p_copri_…
→ Saving feature: FT03473
ℹ Producing chromatogram plots for: 'quercetin_7_o_b_d_glucopyranoside_p_copri_…
→ Saving feature: FT03607
ℹ Producing chromatogram plots for: 'quercetin_7_o_b_d_glucopyranoside_p_copri_…
→ Saving feature: FT04745
ℹ Producing chromatogram plots for: 'quercetin_7_o_b_d_glucopyranoside_p_copri_…
→ Saving feature: FT05584
ℹ Producing chromatogram plots for: 'quercetin_7_o_b_d_glucopyranoside_p_copri_…
→ Saving feature: FT05974
ℹ Producing chromatogram plots for: 'quercetin_7_o_b_d_glucopyranoside_p_copri_…
→ Saving feature: FT07360
ℹ Producing chromatogram plots for: 'quercetin_7_o_b_d_glucopyranoside_p_copri_…
→ Saving feature: FT07603
ℹ Producing chromatogram plots for: 'quercetin_7_o_b_d_glucopyranoside_p_copri_…
→ Saving feature: FT08891
ℹ Producing chromatogram plots for: 'quercetin_7_o_b_d_glucopyranoside_p_copri_…
→ Saving feature: FT08991
ℹ Producing chromatogram plots for: 'quercetin_7_o_b_d_glucopyranoside_p_copri_…
→ Saving feature: FT09525
ℹ Producing chromatogram plots for: 'quercetin_7_o_b_d_glucopyranoside_p_copri_…
→ Saving feature: FT09988
ℹ Producing chromatogram plots for: 'quercetin_7_o_b_d_glucopyranoside_p_copri_…
→ Saving feature: FT10074
ℹ Producing chromatogram plots for: 'quercetin_7_o_b_d_glucopyranoside_p_copri_…
→ Saving feature: FT10239
ℹ Producing chromatogram plots for: 'quercetin_7_o_b_d_glucopyranoside_p_copri_…
→ Saving feature: FT10428
ℹ Producing chromatogram plots for: 'quercetin_7_o_b_d_glucopyranoside_p_copri_…
→ Saving feature: FT11175
ℹ Producing chromatogram plots for: 'quercetin_7_o_b_d_glucopyranoside_p_copri_…
→ Saving feature: FT11243
ℹ Producing chromatogram plots for: 'quercetin_7_o_b_d_glucopyranoside_p_copri_…
✔ Saved plots to: '/Volumes/bluecub/aglycone_release_100um_24h/output/quercetin…

[11:36:51] non-ring atom 1 marked aromatic
[11:36:51] non-ring atom 1 marked aromatic
[11:36:51] non-ring atom 1 marked aromatic
[11:36:51] non-ring atom 3 marked aromatic
ℹ Filtering hits in 'quercitrin_b_ovatus_atcc_8483_and_b_ovatus_atcc_8483_d_ope…
✔ Saved hits filtered by Tanimoto similarity: 0.2, fold_change: 5 to: 'report/r…

ℹ Producing chromatogram plots for: 'quercitrin_b_ovatus_atcc_8483_and_b_ovatus…
Processing chromatographic peaks for features
→ Saving feature: FT00177
ℹ Producing chromatogram plots for: 'quercitrin_b_ovatus_atcc_8483_and_b_ovatus…
→ Saving feature: FT03863
ℹ Producing chromatogram plots for: 'quercitrin_b_ovatus_atcc_8483_and_b_ovatus…
→ Saving feature: FT04296
ℹ Producing chromatogram plots for: 'quercitrin_b_ovatus_atcc_8483_and_b_ovatus…
→ Saving feature: FT04717
ℹ Producing chromatogram plots for: 'quercitrin_b_ovatus_atcc_8483_and_b_ovatus…
→ Saving feature: FT05596
ℹ Producing chromatogram plots for: 'quercitrin_b_ovatus_atcc_8483_and_b_ovatus…
→ Saving feature: FT06122
ℹ Producing chromatogram plots for: 'quercitrin_b_ovatus_atcc_8483_and_b_ovatus…
→ Saving feature: FT06466
ℹ Producing chromatogram plots for: 'quercitrin_b_ovatus_atcc_8483_and_b_ovatus…
→ Saving feature: FT10076
ℹ Producing chromatogram plots for: 'quercitrin_b_ovatus_atcc_8483_and_b_ovatus…
→ Saving feature: FT10229
ℹ Producing chromatogram plots for: 'quercitrin_b_ovatus_atcc_8483_and_b_ovatus…
→ Saving feature: FT11281
ℹ Producing chromatogram plots for: 'quercitrin_b_ovatus_atcc_8483_and_b_ovatus…
→ Saving feature: FT11533
ℹ Producing chromatogram plots for: 'quercitrin_b_ovatus_atcc_8483_and_b_ovatus…
→ Saving feature: FT11658
ℹ Producing chromatogram plots for: 'quercitrin_b_ovatus_atcc_8483_and_b_ovatus…
→ Saving feature: FT11715
ℹ Producing chromatogram plots for: 'quercitrin_b_ovatus_atcc_8483_and_b_ovatus…
→ Saving feature: FT11762
ℹ Producing chromatogram plots for: 'quercitrin_b_ovatus_atcc_8483_and_b_ovatus…
→ Saving feature: FT12781
ℹ Producing chromatogram plots for: 'quercitrin_b_ovatus_atcc_8483_and_b_ovatus…
→ Saving feature: FT12987
ℹ Producing chromatogram plots for: 'quercitrin_b_ovatus_atcc_8483_and_b_ovatus…
→ Saving feature: FT13708
ℹ Producing chromatogram plots for: 'quercitrin_b_ovatus_atcc_8483_and_b_ovatus…
→ Saving feature: FT14759
ℹ Producing chromatogram plots for: 'quercitrin_b_ovatus_atcc_8483_and_b_ovatus…
→ Saving feature: FT15235
ℹ Producing chromatogram plots for: 'quercitrin_b_ovatus_atcc_8483_and_b_ovatus…
→ Saving feature: FT15809
ℹ Producing chromatogram plots for: 'quercitrin_b_ovatus_atcc_8483_and_b_ovatus…
→ Saving feature: FT16279
ℹ Producing chromatogram plots for: 'quercitrin_b_ovatus_atcc_8483_and_b_ovatus…
✔ Saved plots to: '/Volumes/bluecub/aglycone_release_100um_24h/output/quercitri…

ℹ Filtering hits in 'quercitrin_b_thetaiotaomicron_vpi_5482' by Tanimoto simila…
✔ Saved hits filtered by Tanimoto similarity: 0.2, fold_change: 5 to: 'report/r…

ℹ Producing chromatogram plots for: 'quercitrin_b_thetaiotaomicron_vpi_5482'
Processing chromatographic peaks for features
→ Saving feature: FT08345
ℹ Producing chromatogram plots for: 'quercitrin_b_thetaiotaomicron_vpi_5482'
→ Saving feature: FT08662
ℹ Producing chromatogram plots for: 'quercitrin_b_thetaiotaomicron_vpi_5482'
✔ Saved plots to: '/Volumes/bluecub/aglycone_release_100um_24h/output/quercitri…

ℹ Filtering hits in 'quercitrin_b_uniformis_atcc_8492_and_bu_gsh_d_ggh_c_gsh_g'…
✔ Saved hits filtered by Tanimoto similarity: 0.2, fold_change: 5 to: 'report/r…

ℹ Producing chromatogram plots for: 'quercitrin_b_uniformis_atcc_8492_and_bu_gs…
Processing chromatographic peaks for features
→ Saving feature: FT03666
ℹ Producing chromatogram plots for: 'quercitrin_b_uniformis_atcc_8492_and_bu_gs…
→ Saving feature: FT04131
ℹ Producing chromatogram plots for: 'quercitrin_b_uniformis_atcc_8492_and_bu_gs…
→ Saving feature: FT05315
ℹ Producing chromatogram plots for: 'quercitrin_b_uniformis_atcc_8492_and_bu_gs…
→ Saving feature: FT09016
ℹ Producing chromatogram plots for: 'quercitrin_b_uniformis_atcc_8492_and_bu_gs…
→ Saving feature: FT09054
ℹ Producing chromatogram plots for: 'quercitrin_b_uniformis_atcc_8492_and_bu_gs…
→ Saving feature: FT09153
ℹ Producing chromatogram plots for: 'quercitrin_b_uniformis_atcc_8492_and_bu_gs…
→ Saving feature: FT09444
ℹ Producing chromatogram plots for: 'quercitrin_b_uniformis_atcc_8492_and_bu_gs…
→ Saving feature: FT10016
ℹ Producing chromatogram plots for: 'quercitrin_b_uniformis_atcc_8492_and_bu_gs…
→ Saving feature: FT10246
ℹ Producing chromatogram plots for: 'quercitrin_b_uniformis_atcc_8492_and_bu_gs…
→ Saving feature: FT10394
ℹ Producing chromatogram plots for: 'quercitrin_b_uniformis_atcc_8492_and_bu_gs…
→ Saving feature: FT10466
ℹ Producing chromatogram plots for: 'quercitrin_b_uniformis_atcc_8492_and_bu_gs…
→ Saving feature: FT13667
ℹ Producing chromatogram plots for: 'quercitrin_b_uniformis_atcc_8492_and_bu_gs…
✔ Saved plots to: '/Volumes/bluecub/aglycone_release_100um_24h/output/quercitri…

ℹ Filtering hits in 'quercitrin_p_copri_i_ak263' by Tanimoto similarity: 0.2, f…
! No significant features found in '/Volumes/bluecub/aglycone_release_100um_24h/output/quercitrin_p_copri_i_ak263/tables/biotransformer_similarities.csv'
ℹ Filtering hits in 'quercitrin_p_copri_i_ak263' by Tanimoto similarity: 0.2, f…
! No significant features found in '/Volumes/bluecub/aglycone_release_100um_24h/output/quercitrin_p_copri_i_ak263/tables/norm_fill_imp_untransformed.csv'
ℹ Filtering hits in 'quercitrin_p_copri_i_ak263' by Tanimoto similarity: 0.2, f…
✔ Saved hits filtered by Tanimoto similarity: 0.2, fold_change: 5 to: 'report/r…

ℹ Producing chromatogram plots for: 'quercitrin_p_copri_i_ak263'
Processing chromatographic peaks for features
→ Saving feature: FT08042
ℹ Producing chromatogram plots for: 'quercitrin_p_copri_i_ak263'
→ Saving feature: FT08181
ℹ Producing chromatogram plots for: 'quercitrin_p_copri_i_ak263'
→ Saving feature: FT09344
ℹ Producing chromatogram plots for: 'quercitrin_p_copri_i_ak263'
✔ Saved plots to: '/Volumes/bluecub/aglycone_release_100um_24h/output/quercitri…

ℹ Filtering hits in 'rutin_b_ovatus_atcc_8483_and_b_ovatus_atcc_8483_d_operon' …
✔ Saved hits filtered by Tanimoto similarity: 0.2, fold_change: 5 to: 'report/r…

ℹ Producing chromatogram plots for: 'rutin_b_ovatus_atcc_8483_and_b_ovatus_atcc…
Processing chromatographic peaks for features
→ Saving feature: FT07220
ℹ Producing chromatogram plots for: 'rutin_b_ovatus_atcc_8483_and_b_ovatus_atcc…
→ Saving feature: FT07591
ℹ Producing chromatogram plots for: 'rutin_b_ovatus_atcc_8483_and_b_ovatus_atcc…
→ Saving feature: FT08267
ℹ Producing chromatogram plots for: 'rutin_b_ovatus_atcc_8483_and_b_ovatus_atcc…
→ Saving feature: FT08311
ℹ Producing chromatogram plots for: 'rutin_b_ovatus_atcc_8483_and_b_ovatus_atcc…
→ Saving feature: FT08625
ℹ Producing chromatogram plots for: 'rutin_b_ovatus_atcc_8483_and_b_ovatus_atcc…
→ Saving feature: FT09880
ℹ Producing chromatogram plots for: 'rutin_b_ovatus_atcc_8483_and_b_ovatus_atcc…
→ Saving feature: FT10903
ℹ Producing chromatogram plots for: 'rutin_b_ovatus_atcc_8483_and_b_ovatus_atcc…
→ Saving feature: FT13173
ℹ Producing chromatogram plots for: 'rutin_b_ovatus_atcc_8483_and_b_ovatus_atcc…
✔ Saved plots to: '/Volumes/bluecub/aglycone_release_100um_24h/output/rutin_b_o…

ℹ Filtering hits in 'rutin_b_thetaiotaomicron_vpi_5482' by Tanimoto similarity:…
✔ Saved hits filtered by Tanimoto similarity: 0.2, fold_change: 5 to: 'report/r…

ℹ Producing chromatogram plots for: 'rutin_b_thetaiotaomicron_vpi_5482'
Processing chromatographic peaks for features
→ Saving feature: FT06383
ℹ Producing chromatogram plots for: 'rutin_b_thetaiotaomicron_vpi_5482'
→ Saving feature: FT07521
ℹ Producing chromatogram plots for: 'rutin_b_thetaiotaomicron_vpi_5482'
→ Saving feature: FT08142
ℹ Producing chromatogram plots for: 'rutin_b_thetaiotaomicron_vpi_5482'
→ Saving feature: FT08286
ℹ Producing chromatogram plots for: 'rutin_b_thetaiotaomicron_vpi_5482'
✔ Saved plots to: '/Volumes/bluecub/aglycone_release_100um_24h/output/rutin_b_t…

[11:38:40] non-ring atom 1 marked aromatic
ℹ Filtering hits in 'rutin_b_uniformis_atcc_8492_and_bu_gsh_d_ggh_c_gsh_g' by T…
✔ Saved hits filtered by Tanimoto similarity: 0.2, fold_change: 5 to: 'report/r…

ℹ Producing chromatogram plots for: 'rutin_b_uniformis_atcc_8492_and_bu_gsh_d_g…
Processing chromatographic peaks for features
→ Saving feature: FT07504
ℹ Producing chromatogram plots for: 'rutin_b_uniformis_atcc_8492_and_bu_gsh_d_g…
→ Saving feature: FT07548
ℹ Producing chromatogram plots for: 'rutin_b_uniformis_atcc_8492_and_bu_gsh_d_g…
→ Saving feature: FT08133
ℹ Producing chromatogram plots for: 'rutin_b_uniformis_atcc_8492_and_bu_gsh_d_g…
→ Saving feature: FT08881
ℹ Producing chromatogram plots for: 'rutin_b_uniformis_atcc_8492_and_bu_gsh_d_g…
→ Saving feature: FT09686
ℹ Producing chromatogram plots for: 'rutin_b_uniformis_atcc_8492_and_bu_gsh_d_g…
→ Saving feature: FT10235
ℹ Producing chromatogram plots for: 'rutin_b_uniformis_atcc_8492_and_bu_gsh_d_g…
✔ Saved plots to: '/Volumes/bluecub/aglycone_release_100um_24h/output/rutin_b_u…

ℹ Filtering hits in 'rutin_p_copri_i_ak263' by Tanimoto similarity: 0.2, fold_c…
✔ Saved hits filtered by Tanimoto similarity: 0.2, fold_change: 5 to: 'report/r…

ℹ Producing chromatogram plots for: 'rutin_p_copri_i_ak263'
Processing chromatographic peaks for features
→ Saving feature: FT08114
ℹ Producing chromatogram plots for: 'rutin_p_copri_i_ak263'
✔ Saved plots to: '/Volumes/bluecub/aglycone_release_100um_24h/output/rutin_p_c…

ℹ Filtering hits in 'saponarin_b_ovatus_atcc_8483_and_b_ovatus_atcc_8483_d_oper…
✔ Saved hits filtered by Tanimoto similarity: 0.2, fold_change: 5 to: 'report/r…

ℹ Producing chromatogram plots for: 'saponarin_b_ovatus_atcc_8483_and_b_ovatus_…
Processing chromatographic peaks for features
→ Saving feature: FT01742
ℹ Producing chromatogram plots for: 'saponarin_b_ovatus_atcc_8483_and_b_ovatus_…
→ Saving feature: FT02284
ℹ Producing chromatogram plots for: 'saponarin_b_ovatus_atcc_8483_and_b_ovatus_…
→ Saving feature: FT04091
ℹ Producing chromatogram plots for: 'saponarin_b_ovatus_atcc_8483_and_b_ovatus_…
→ Saving feature: FT04620
ℹ Producing chromatogram plots for: 'saponarin_b_ovatus_atcc_8483_and_b_ovatus_…
→ Saving feature: FT04836
ℹ Producing chromatogram plots for: 'saponarin_b_ovatus_atcc_8483_and_b_ovatus_…
→ Saving feature: FT05035
ℹ Producing chromatogram plots for: 'saponarin_b_ovatus_atcc_8483_and_b_ovatus_…
→ Saving feature: FT05451
ℹ Producing chromatogram plots for: 'saponarin_b_ovatus_atcc_8483_and_b_ovatus_…
→ Saving feature: FT06702
ℹ Producing chromatogram plots for: 'saponarin_b_ovatus_atcc_8483_and_b_ovatus_…
→ Saving feature: FT06777
ℹ Producing chromatogram plots for: 'saponarin_b_ovatus_atcc_8483_and_b_ovatus_…
→ Saving feature: FT06940
ℹ Producing chromatogram plots for: 'saponarin_b_ovatus_atcc_8483_and_b_ovatus_…
→ Saving feature: FT07590
ℹ Producing chromatogram plots for: 'saponarin_b_ovatus_atcc_8483_and_b_ovatus_…
→ Saving feature: FT07719
ℹ Producing chromatogram plots for: 'saponarin_b_ovatus_atcc_8483_and_b_ovatus_…
→ Saving feature: FT08798
ℹ Producing chromatogram plots for: 'saponarin_b_ovatus_atcc_8483_and_b_ovatus_…
→ Saving feature: FT09083
ℹ Producing chromatogram plots for: 'saponarin_b_ovatus_atcc_8483_and_b_ovatus_…
→ Saving feature: FT10372
ℹ Producing chromatogram plots for: 'saponarin_b_ovatus_atcc_8483_and_b_ovatus_…
→ Saving feature: FT11467
ℹ Producing chromatogram plots for: 'saponarin_b_ovatus_atcc_8483_and_b_ovatus_…
→ Saving feature: FT11470
ℹ Producing chromatogram plots for: 'saponarin_b_ovatus_atcc_8483_and_b_ovatus_…
→ Saving feature: FT13399
ℹ Producing chromatogram plots for: 'saponarin_b_ovatus_atcc_8483_and_b_ovatus_…
→ Saving feature: FT15527
ℹ Producing chromatogram plots for: 'saponarin_b_ovatus_atcc_8483_and_b_ovatus_…
→ Saving feature: FT16770
ℹ Producing chromatogram plots for: 'saponarin_b_ovatus_atcc_8483_and_b_ovatus_…
✔ Saved plots to: '/Volumes/bluecub/aglycone_release_100um_24h/output/saponarin…

[11:39:41] non-ring atom 1 marked aromatic
[11:39:41] non-ring atom 1 marked aromatic
[11:39:41] non-ring atom 1 marked aromatic
[11:39:41] non-ring atom 1 marked aromatic
ℹ Filtering hits in 'saponarin_b_thetaiotaomicron_vpi_5482' by Tanimoto similar…
✔ Saved hits filtered by Tanimoto similarity: 0.2, fold_change: 5 to: 'report/r…

ℹ Producing chromatogram plots for: 'saponarin_b_thetaiotaomicron_vpi_5482'
Processing chromatographic peaks for features
→ Saving feature: FT00865
ℹ Producing chromatogram plots for: 'saponarin_b_thetaiotaomicron_vpi_5482'
→ Saving feature: FT01541
ℹ Producing chromatogram plots for: 'saponarin_b_thetaiotaomicron_vpi_5482'
→ Saving feature: FT03154
ℹ Producing chromatogram plots for: 'saponarin_b_thetaiotaomicron_vpi_5482'
→ Saving feature: FT03558
ℹ Producing chromatogram plots for: 'saponarin_b_thetaiotaomicron_vpi_5482'
→ Saving feature: FT03605
ℹ Producing chromatogram plots for: 'saponarin_b_thetaiotaomicron_vpi_5482'
→ Saving feature: FT03761
ℹ Producing chromatogram plots for: 'saponarin_b_thetaiotaomicron_vpi_5482'
→ Saving feature: FT04440
ℹ Producing chromatogram plots for: 'saponarin_b_thetaiotaomicron_vpi_5482'
→ Saving feature: FT05185
ℹ Producing chromatogram plots for: 'saponarin_b_thetaiotaomicron_vpi_5482'
→ Saving feature: FT05188
ℹ Producing chromatogram plots for: 'saponarin_b_thetaiotaomicron_vpi_5482'
→ Saving feature: FT05869
ℹ Producing chromatogram plots for: 'saponarin_b_thetaiotaomicron_vpi_5482'
→ Saving feature: FT06001
ℹ Producing chromatogram plots for: 'saponarin_b_thetaiotaomicron_vpi_5482'
→ Saving feature: FT06099
ℹ Producing chromatogram plots for: 'saponarin_b_thetaiotaomicron_vpi_5482'
→ Saving feature: FT06708
ℹ Producing chromatogram plots for: 'saponarin_b_thetaiotaomicron_vpi_5482'
→ Saving feature: FT06746
ℹ Producing chromatogram plots for: 'saponarin_b_thetaiotaomicron_vpi_5482'
→ Saving feature: FT06839
ℹ Producing chromatogram plots for: 'saponarin_b_thetaiotaomicron_vpi_5482'
→ Saving feature: FT06856
ℹ Producing chromatogram plots for: 'saponarin_b_thetaiotaomicron_vpi_5482'
→ Saving feature: FT07770
ℹ Producing chromatogram plots for: 'saponarin_b_thetaiotaomicron_vpi_5482'
→ Saving feature: FT07871
ℹ Producing chromatogram plots for: 'saponarin_b_thetaiotaomicron_vpi_5482'
→ Saving feature: FT08439
ℹ Producing chromatogram plots for: 'saponarin_b_thetaiotaomicron_vpi_5482'
→ Saving feature: FT08732
ℹ Producing chromatogram plots for: 'saponarin_b_thetaiotaomicron_vpi_5482'
→ Saving feature: FT08888
ℹ Producing chromatogram plots for: 'saponarin_b_thetaiotaomicron_vpi_5482'
→ Saving feature: FT09080
ℹ Producing chromatogram plots for: 'saponarin_b_thetaiotaomicron_vpi_5482'
→ Saving feature: FT09112
ℹ Producing chromatogram plots for: 'saponarin_b_thetaiotaomicron_vpi_5482'
→ Saving feature: FT09405
ℹ Producing chromatogram plots for: 'saponarin_b_thetaiotaomicron_vpi_5482'
→ Saving feature: FT10335
ℹ Producing chromatogram plots for: 'saponarin_b_thetaiotaomicron_vpi_5482'
→ Saving feature: FT10419
ℹ Producing chromatogram plots for: 'saponarin_b_thetaiotaomicron_vpi_5482'
→ Saving feature: FT10866
ℹ Producing chromatogram plots for: 'saponarin_b_thetaiotaomicron_vpi_5482'
→ Saving feature: FT11035
ℹ Producing chromatogram plots for: 'saponarin_b_thetaiotaomicron_vpi_5482'
→ Saving feature: FT14322
ℹ Producing chromatogram plots for: 'saponarin_b_thetaiotaomicron_vpi_5482'
✔ Saved plots to: '/Volumes/bluecub/aglycone_release_100um_24h/output/saponarin…

[11:40:04] non-ring atom 1 marked aromatic
[11:40:04] non-ring atom 1 marked aromatic
[11:40:04] non-ring atom 1 marked aromatic
[11:40:04] non-ring atom 1 marked aromatic
ℹ Filtering hits in 'saponarin_b_uniformis_atcc_8492_and_bu_gsh_d_ggh_c_gsh_g' …
✔ Saved hits filtered by Tanimoto similarity: 0.2, fold_change: 5 to: 'report/r…

ℹ Producing chromatogram plots for: 'saponarin_b_uniformis_atcc_8492_and_bu_gsh…
Processing chromatographic peaks for features
→ Saving feature: FT04044
ℹ Producing chromatogram plots for: 'saponarin_b_uniformis_atcc_8492_and_bu_gsh…
→ Saving feature: FT04171
ℹ Producing chromatogram plots for: 'saponarin_b_uniformis_atcc_8492_and_bu_gsh…
→ Saving feature: FT04636
ℹ Producing chromatogram plots for: 'saponarin_b_uniformis_atcc_8492_and_bu_gsh…
→ Saving feature: FT05529
ℹ Producing chromatogram plots for: 'saponarin_b_uniformis_atcc_8492_and_bu_gsh…
→ Saving feature: FT05946
ℹ Producing chromatogram plots for: 'saponarin_b_uniformis_atcc_8492_and_bu_gsh…
→ Saving feature: FT06205
ℹ Producing chromatogram plots for: 'saponarin_b_uniformis_atcc_8492_and_bu_gsh…
→ Saving feature: FT06563
ℹ Producing chromatogram plots for: 'saponarin_b_uniformis_atcc_8492_and_bu_gsh…
→ Saving feature: FT06862
ℹ Producing chromatogram plots for: 'saponarin_b_uniformis_atcc_8492_and_bu_gsh…
→ Saving feature: FT07182
ℹ Producing chromatogram plots for: 'saponarin_b_uniformis_atcc_8492_and_bu_gsh…
→ Saving feature: FT07693
ℹ Producing chromatogram plots for: 'saponarin_b_uniformis_atcc_8492_and_bu_gsh…
→ Saving feature: FT07790
ℹ Producing chromatogram plots for: 'saponarin_b_uniformis_atcc_8492_and_bu_gsh…
→ Saving feature: FT07903
ℹ Producing chromatogram plots for: 'saponarin_b_uniformis_atcc_8492_and_bu_gsh…
→ Saving feature: FT07924
ℹ Producing chromatogram plots for: 'saponarin_b_uniformis_atcc_8492_and_bu_gsh…
→ Saving feature: FT09551
ℹ Producing chromatogram plots for: 'saponarin_b_uniformis_atcc_8492_and_bu_gsh…
→ Saving feature: FT09710
ℹ Producing chromatogram plots for: 'saponarin_b_uniformis_atcc_8492_and_bu_gsh…
→ Saving feature: FT09777
ℹ Producing chromatogram plots for: 'saponarin_b_uniformis_atcc_8492_and_bu_gsh…
→ Saving feature: FT10075
ℹ Producing chromatogram plots for: 'saponarin_b_uniformis_atcc_8492_and_bu_gsh…
→ Saving feature: FT10077
ℹ Producing chromatogram plots for: 'saponarin_b_uniformis_atcc_8492_and_bu_gsh…
→ Saving feature: FT11245
ℹ Producing chromatogram plots for: 'saponarin_b_uniformis_atcc_8492_and_bu_gsh…
→ Saving feature: FT11247
ℹ Producing chromatogram plots for: 'saponarin_b_uniformis_atcc_8492_and_bu_gsh…
→ Saving feature: FT11516
ℹ Producing chromatogram plots for: 'saponarin_b_uniformis_atcc_8492_and_bu_gsh…
→ Saving feature: FT12364
ℹ Producing chromatogram plots for: 'saponarin_b_uniformis_atcc_8492_and_bu_gsh…
→ Saving feature: FT12814
ℹ Producing chromatogram plots for: 'saponarin_b_uniformis_atcc_8492_and_bu_gsh…
→ Saving feature: FT13332
ℹ Producing chromatogram plots for: 'saponarin_b_uniformis_atcc_8492_and_bu_gsh…
→ Saving feature: FT18096
ℹ Producing chromatogram plots for: 'saponarin_b_uniformis_atcc_8492_and_bu_gsh…
✔ Saved plots to: '/Volumes/bluecub/aglycone_release_100um_24h/output/saponarin…

[11:40:33] non-ring atom 1 marked aromatic
[11:40:33] non-ring atom 1 marked aromatic
[11:40:33] non-ring atom 1 marked aromatic
[11:40:33] non-ring atom 4 marked aromatic
[11:40:33] non-ring atom 5 marked aromatic
ℹ Filtering hits in 'saponarin_p_copri_i_ak263' by Tanimoto similarity: 0.2, fo…
✔ Saved hits filtered by Tanimoto similarity: 0.2, fold_change: 5 to: 'report/r…

ℹ Producing chromatogram plots for: 'saponarin_p_copri_i_ak263'
Processing chromatographic peaks for features
→ Saving feature: FT01197
ℹ Producing chromatogram plots for: 'saponarin_p_copri_i_ak263'
→ Saving feature: FT01361
ℹ Producing chromatogram plots for: 'saponarin_p_copri_i_ak263'
→ Saving feature: FT03273
ℹ Producing chromatogram plots for: 'saponarin_p_copri_i_ak263'
→ Saving feature: FT03687
ℹ Producing chromatogram plots for: 'saponarin_p_copri_i_ak263'
→ Saving feature: FT04384
ℹ Producing chromatogram plots for: 'saponarin_p_copri_i_ak263'
→ Saving feature: FT04577
ℹ Producing chromatogram plots for: 'saponarin_p_copri_i_ak263'
→ Saving feature: FT04828
ℹ Producing chromatogram plots for: 'saponarin_p_copri_i_ak263'
→ Saving feature: FT05437
ℹ Producing chromatogram plots for: 'saponarin_p_copri_i_ak263'
→ Saving feature: FT05702
ℹ Producing chromatogram plots for: 'saponarin_p_copri_i_ak263'
→ Saving feature: FT05834
ℹ Producing chromatogram plots for: 'saponarin_p_copri_i_ak263'
→ Saving feature: FT06894
ℹ Producing chromatogram plots for: 'saponarin_p_copri_i_ak263'
→ Saving feature: FT07168
ℹ Producing chromatogram plots for: 'saponarin_p_copri_i_ak263'
→ Saving feature: FT07220
ℹ Producing chromatogram plots for: 'saponarin_p_copri_i_ak263'
→ Saving feature: FT07437
ℹ Producing chromatogram plots for: 'saponarin_p_copri_i_ak263'
→ Saving feature: FT07438
ℹ Producing chromatogram plots for: 'saponarin_p_copri_i_ak263'
→ Saving feature: FT07851
ℹ Producing chromatogram plots for: 'saponarin_p_copri_i_ak263'
→ Saving feature: FT07912
ℹ Producing chromatogram plots for: 'saponarin_p_copri_i_ak263'
→ Saving feature: FT08098
ℹ Producing chromatogram plots for: 'saponarin_p_copri_i_ak263'
→ Saving feature: FT09814
ℹ Producing chromatogram plots for: 'saponarin_p_copri_i_ak263'
→ Saving feature: FT09975
ℹ Producing chromatogram plots for: 'saponarin_p_copri_i_ak263'
→ Saving feature: FT10069
ℹ Producing chromatogram plots for: 'saponarin_p_copri_i_ak263'
→ Saving feature: FT10375
ℹ Producing chromatogram plots for: 'saponarin_p_copri_i_ak263'
→ Saving feature: FT11184
ℹ Producing chromatogram plots for: 'saponarin_p_copri_i_ak263'
→ Saving feature: FT11459
ℹ Producing chromatogram plots for: 'saponarin_p_copri_i_ak263'
✔ Saved plots to: '/Volumes/bluecub/aglycone_release_100um_24h/output/saponarin…

[11:40:53] non-ring atom 1 marked aromatic
[11:40:53] non-ring atom 1 marked aromatic
ℹ Filtering hits in 'schaftoside_b_ovatus_atcc_8483_and_b_ovatus_atcc_8483_d_op…
✔ Saved hits filtered by Tanimoto similarity: 0.2, fold_change: 5 to: 'report/r…

ℹ Producing chromatogram plots for: 'schaftoside_b_ovatus_atcc_8483_and_b_ovatu…
Processing chromatographic peaks for features
→ Saving feature: FT01421
ℹ Producing chromatogram plots for: 'schaftoside_b_ovatus_atcc_8483_and_b_ovatu…
→ Saving feature: FT05188
ℹ Producing chromatogram plots for: 'schaftoside_b_ovatus_atcc_8483_and_b_ovatu…
→ Saving feature: FT05424
ℹ Producing chromatogram plots for: 'schaftoside_b_ovatus_atcc_8483_and_b_ovatu…
→ Saving feature: FT07455
ℹ Producing chromatogram plots for: 'schaftoside_b_ovatus_atcc_8483_and_b_ovatu…
→ Saving feature: FT11957
ℹ Producing chromatogram plots for: 'schaftoside_b_ovatus_atcc_8483_and_b_ovatu…
→ Saving feature: FT12857
ℹ Producing chromatogram plots for: 'schaftoside_b_ovatus_atcc_8483_and_b_ovatu…
→ Saving feature: FT14201
ℹ Producing chromatogram plots for: 'schaftoside_b_ovatus_atcc_8483_and_b_ovatu…
✔ Saved plots to: '/Volumes/bluecub/aglycone_release_100um_24h/output/schaftosi…

ℹ Filtering hits in 'schaftoside_b_thetaiotaomicron_vpi_5482' by Tanimoto simil…
✔ Saved hits filtered by Tanimoto similarity: 0.2, fold_change: 5 to: 'report/r…

ℹ Producing chromatogram plots for: 'schaftoside_b_thetaiotaomicron_vpi_5482'
Processing chromatographic peaks for features
→ Saving feature: FT00804
ℹ Producing chromatogram plots for: 'schaftoside_b_thetaiotaomicron_vpi_5482'
→ Saving feature: FT03323
ℹ Producing chromatogram plots for: 'schaftoside_b_thetaiotaomicron_vpi_5482'
→ Saving feature: FT03478
ℹ Producing chromatogram plots for: 'schaftoside_b_thetaiotaomicron_vpi_5482'
→ Saving feature: FT03533
ℹ Producing chromatogram plots for: 'schaftoside_b_thetaiotaomicron_vpi_5482'
→ Saving feature: FT04310
ℹ Producing chromatogram plots for: 'schaftoside_b_thetaiotaomicron_vpi_5482'
→ Saving feature: FT05061
ℹ Producing chromatogram plots for: 'schaftoside_b_thetaiotaomicron_vpi_5482'
→ Saving feature: FT05112
ℹ Producing chromatogram plots for: 'schaftoside_b_thetaiotaomicron_vpi_5482'
→ Saving feature: FT05139
ℹ Producing chromatogram plots for: 'schaftoside_b_thetaiotaomicron_vpi_5482'
→ Saving feature: FT06340
ℹ Producing chromatogram plots for: 'schaftoside_b_thetaiotaomicron_vpi_5482'
→ Saving feature: FT06367
ℹ Producing chromatogram plots for: 'schaftoside_b_thetaiotaomicron_vpi_5482'
→ Saving feature: FT06475
ℹ Producing chromatogram plots for: 'schaftoside_b_thetaiotaomicron_vpi_5482'
→ Saving feature: FT07404
ℹ Producing chromatogram plots for: 'schaftoside_b_thetaiotaomicron_vpi_5482'
→ Saving feature: FT08213
ℹ Producing chromatogram plots for: 'schaftoside_b_thetaiotaomicron_vpi_5482'
→ Saving feature: FT08352
ℹ Producing chromatogram plots for: 'schaftoside_b_thetaiotaomicron_vpi_5482'
→ Saving feature: FT08681
ℹ Producing chromatogram plots for: 'schaftoside_b_thetaiotaomicron_vpi_5482'
→ Saving feature: FT09231
ℹ Producing chromatogram plots for: 'schaftoside_b_thetaiotaomicron_vpi_5482'
→ Saving feature: FT10332
ℹ Producing chromatogram plots for: 'schaftoside_b_thetaiotaomicron_vpi_5482'
→ Saving feature: FT10639
ℹ Producing chromatogram plots for: 'schaftoside_b_thetaiotaomicron_vpi_5482'
→ Saving feature: FT11442
ℹ Producing chromatogram plots for: 'schaftoside_b_thetaiotaomicron_vpi_5482'
→ Saving feature: FT14700
ℹ Producing chromatogram plots for: 'schaftoside_b_thetaiotaomicron_vpi_5482'
✔ Saved plots to: '/Volumes/bluecub/aglycone_release_100um_24h/output/schaftosi…

[11:41:38] non-ring atom 1 marked aromatic
[11:41:38] non-ring atom 1 marked aromatic
[11:41:38] non-ring atom 1 marked aromatic
[11:41:38] non-ring atom 1 marked aromatic
[11:41:38] non-ring atom 1 marked aromatic
[11:41:38] non-ring atom 1 marked aromatic
[11:41:38] non-ring atom 1 marked aromatic
ℹ Filtering hits in 'schaftoside_b_uniformis_atcc_8492_and_bu_gsh_d_ggh_c_gsh_g…
Warning message:
One or more parsing issues, call `problems()` on your data frame for details,
e.g.:
  dat <- vroom(...)
  problems(dat) 
✔ Saved hits filtered by Tanimoto similarity: 0.2, fold_change: 5 to: 'report/r…

ℹ Producing chromatogram plots for: 'schaftoside_b_uniformis_atcc_8492_and_bu_g…
Processing chromatographic peaks for features
→ Saving feature: FT02018
ℹ Producing chromatogram plots for: 'schaftoside_b_uniformis_atcc_8492_and_bu_g…
→ Saving feature: FT03576
ℹ Producing chromatogram plots for: 'schaftoside_b_uniformis_atcc_8492_and_bu_g…
→ Saving feature: FT03942
ℹ Producing chromatogram plots for: 'schaftoside_b_uniformis_atcc_8492_and_bu_g…
→ Saving feature: FT04004
ℹ Producing chromatogram plots for: 'schaftoside_b_uniformis_atcc_8492_and_bu_g…
→ Saving feature: FT05648
ℹ Producing chromatogram plots for: 'schaftoside_b_uniformis_atcc_8492_and_bu_g…
→ Saving feature: FT05840
ℹ Producing chromatogram plots for: 'schaftoside_b_uniformis_atcc_8492_and_bu_g…
→ Saving feature: FT07380
ℹ Producing chromatogram plots for: 'schaftoside_b_uniformis_atcc_8492_and_bu_g…
→ Saving feature: FT08681
ℹ Producing chromatogram plots for: 'schaftoside_b_uniformis_atcc_8492_and_bu_g…
→ Saving feature: FT10748
ℹ Producing chromatogram plots for: 'schaftoside_b_uniformis_atcc_8492_and_bu_g…
→ Saving feature: FT12143
ℹ Producing chromatogram plots for: 'schaftoside_b_uniformis_atcc_8492_and_bu_g…
→ Saving feature: FT12333
ℹ Producing chromatogram plots for: 'schaftoside_b_uniformis_atcc_8492_and_bu_g…
→ Saving feature: FT16883
ℹ Producing chromatogram plots for: 'schaftoside_b_uniformis_atcc_8492_and_bu_g…
✔ Saved plots to: '/Volumes/bluecub/aglycone_release_100um_24h/output/schaftosi…

[11:42:01] non-ring atom 1 marked aromatic
ℹ Filtering hits in 'schaftoside_p_copri_i_ak263' by Tanimoto similarity: 0.2, …
✔ Saved hits filtered by Tanimoto similarity: 0.2, fold_change: 5 to: 'report/r…

ℹ Producing chromatogram plots for: 'schaftoside_p_copri_i_ak263'
Processing chromatographic peaks for features
→ Saving feature: FT1501
ℹ Producing chromatogram plots for: 'schaftoside_p_copri_i_ak263'
→ Saving feature: FT1713
ℹ Producing chromatogram plots for: 'schaftoside_p_copri_i_ak263'
→ Saving feature: FT1848
ℹ Producing chromatogram plots for: 'schaftoside_p_copri_i_ak263'
→ Saving feature: FT2026
ℹ Producing chromatogram plots for: 'schaftoside_p_copri_i_ak263'
→ Saving feature: FT3168
ℹ Producing chromatogram plots for: 'schaftoside_p_copri_i_ak263'
→ Saving feature: FT4764
ℹ Producing chromatogram plots for: 'schaftoside_p_copri_i_ak263'
→ Saving feature: FT5487
ℹ Producing chromatogram plots for: 'schaftoside_p_copri_i_ak263'
✔ Saved plots to: '/Volumes/bluecub/aglycone_release_100um_24h/output/schaftosi…

ℹ Filtering hits in 'sophoricoside_b_ovatus_atcc_8483_and_b_ovatus_atcc_8483_d_…
✔ Saved hits filtered by Tanimoto similarity: 0.2, fold_change: 5 to: 'report/r…

ℹ Producing chromatogram plots for: 'sophoricoside_b_ovatus_atcc_8483_and_b_ova…
Processing chromatographic peaks for features
→ Saving feature: FT07020
ℹ Producing chromatogram plots for: 'sophoricoside_b_ovatus_atcc_8483_and_b_ova…
→ Saving feature: FT10706
ℹ Producing chromatogram plots for: 'sophoricoside_b_ovatus_atcc_8483_and_b_ova…
→ Saving feature: FT12122
ℹ Producing chromatogram plots for: 'sophoricoside_b_ovatus_atcc_8483_and_b_ova…
→ Saving feature: FT12123
ℹ Producing chromatogram plots for: 'sophoricoside_b_ovatus_atcc_8483_and_b_ova…
→ Saving feature: FT14572
ℹ Producing chromatogram plots for: 'sophoricoside_b_ovatus_atcc_8483_and_b_ova…
✔ Saved plots to: '/Volumes/bluecub/aglycone_release_100um_24h/output/sophorico…

ℹ Filtering hits in 'sophoricoside_b_thetaiotaomicron_vpi_5482' by Tanimoto sim…
✔ Saved hits filtered by Tanimoto similarity: 0.2, fold_change: 5 to: 'report/r…

ℹ Producing chromatogram plots for: 'sophoricoside_b_thetaiotaomicron_vpi_5482'
Processing chromatographic peaks for features
→ Saving feature: FT00441
ℹ Producing chromatogram plots for: 'sophoricoside_b_thetaiotaomicron_vpi_5482'
→ Saving feature: FT02856
ℹ Producing chromatogram plots for: 'sophoricoside_b_thetaiotaomicron_vpi_5482'
→ Saving feature: FT04612
ℹ Producing chromatogram plots for: 'sophoricoside_b_thetaiotaomicron_vpi_5482'
→ Saving feature: FT06114
ℹ Producing chromatogram plots for: 'sophoricoside_b_thetaiotaomicron_vpi_5482'
→ Saving feature: FT07014
ℹ Producing chromatogram plots for: 'sophoricoside_b_thetaiotaomicron_vpi_5482'
→ Saving feature: FT07552
ℹ Producing chromatogram plots for: 'sophoricoside_b_thetaiotaomicron_vpi_5482'
→ Saving feature: FT07980
ℹ Producing chromatogram plots for: 'sophoricoside_b_thetaiotaomicron_vpi_5482'
→ Saving feature: FT08714
ℹ Producing chromatogram plots for: 'sophoricoside_b_thetaiotaomicron_vpi_5482'
→ Saving feature: FT08769
ℹ Producing chromatogram plots for: 'sophoricoside_b_thetaiotaomicron_vpi_5482'
→ Saving feature: FT09070
ℹ Producing chromatogram plots for: 'sophoricoside_b_thetaiotaomicron_vpi_5482'
→ Saving feature: FT11911
ℹ Producing chromatogram plots for: 'sophoricoside_b_thetaiotaomicron_vpi_5482'
→ Saving feature: FT12737
ℹ Producing chromatogram plots for: 'sophoricoside_b_thetaiotaomicron_vpi_5482'
✔ Saved plots to: '/Volumes/bluecub/aglycone_release_100um_24h/output/sophorico…

ℹ Filtering hits in 'sophoricoside_b_uniformis_atcc_8492_and_bu_gsh_d_ggh_c_gsh…
✔ Saved hits filtered by Tanimoto similarity: 0.2, fold_change: 5 to: 'report/r…

ℹ Producing chromatogram plots for: 'sophoricoside_b_uniformis_atcc_8492_and_bu…
Processing chromatographic peaks for features
→ Saving feature: FT03037
ℹ Producing chromatogram plots for: 'sophoricoside_b_uniformis_atcc_8492_and_bu…
→ Saving feature: FT03407
ℹ Producing chromatogram plots for: 'sophoricoside_b_uniformis_atcc_8492_and_bu…
→ Saving feature: FT03878
ℹ Producing chromatogram plots for: 'sophoricoside_b_uniformis_atcc_8492_and_bu…
→ Saving feature: FT05031
ℹ Producing chromatogram plots for: 'sophoricoside_b_uniformis_atcc_8492_and_bu…
→ Saving feature: FT08230
ℹ Producing chromatogram plots for: 'sophoricoside_b_uniformis_atcc_8492_and_bu…
→ Saving feature: FT09248
ℹ Producing chromatogram plots for: 'sophoricoside_b_uniformis_atcc_8492_and_bu…
→ Saving feature: FT10091
ℹ Producing chromatogram plots for: 'sophoricoside_b_uniformis_atcc_8492_and_bu…
→ Saving feature: FT14368
ℹ Producing chromatogram plots for: 'sophoricoside_b_uniformis_atcc_8492_and_bu…
✔ Saved plots to: '/Volumes/bluecub/aglycone_release_100um_24h/output/sophorico…

[11:43:22] non-ring atom 1 marked aromatic
[11:43:22] non-ring atom 1 marked aromatic
[11:43:22] non-ring atom 1 marked aromatic
[11:43:22] non-ring atom 1 marked aromatic
[11:43:22] non-ring atom 1 marked aromatic
[11:43:22] non-ring atom 1 marked aromatic
ℹ Filtering hits in 'sophoricoside_p_copri_i_ak263' by Tanimoto similarity: 0.2…
✔ Saved hits filtered by Tanimoto similarity: 0.2, fold_change: 5 to: 'report/r…

ℹ Producing chromatogram plots for: 'sophoricoside_p_copri_i_ak263'
Processing chromatographic peaks for features
→ Saving feature: FT00666
ℹ Producing chromatogram plots for: 'sophoricoside_p_copri_i_ak263'
→ Saving feature: FT01087
ℹ Producing chromatogram plots for: 'sophoricoside_p_copri_i_ak263'
→ Saving feature: FT01419
ℹ Producing chromatogram plots for: 'sophoricoside_p_copri_i_ak263'
→ Saving feature: FT02550
ℹ Producing chromatogram plots for: 'sophoricoside_p_copri_i_ak263'
→ Saving feature: FT02930
ℹ Producing chromatogram plots for: 'sophoricoside_p_copri_i_ak263'
→ Saving feature: FT03933
ℹ Producing chromatogram plots for: 'sophoricoside_p_copri_i_ak263'
→ Saving feature: FT04077
ℹ Producing chromatogram plots for: 'sophoricoside_p_copri_i_ak263'
→ Saving feature: FT04779
ℹ Producing chromatogram plots for: 'sophoricoside_p_copri_i_ak263'
→ Saving feature: FT06205
ℹ Producing chromatogram plots for: 'sophoricoside_p_copri_i_ak263'
→ Saving feature: FT10709
ℹ Producing chromatogram plots for: 'sophoricoside_p_copri_i_ak263'
→ Saving feature: FT11243
ℹ Producing chromatogram plots for: 'sophoricoside_p_copri_i_ak263'
✔ Saved plots to: '/Volumes/bluecub/aglycone_release_100um_24h/output/sophorico…

[11:43:40] non-ring atom 1 marked aromatic
[11:43:40] non-ring atom 1 marked aromatic
ℹ Filtering hits in 'typhaneoside_b_ovatus_atcc_8483_and_b_ovatus_atcc_8483_d_o…
✔ Saved hits filtered by Tanimoto similarity: 0.2, fold_change: 5 to: 'report/r…

ℹ Producing chromatogram plots for: 'typhaneoside_b_ovatus_atcc_8483_and_b_ovat…
Processing chromatographic peaks for features
→ Saving feature: FT01269
ℹ Producing chromatogram plots for: 'typhaneoside_b_ovatus_atcc_8483_and_b_ovat…
→ Saving feature: FT03086
ℹ Producing chromatogram plots for: 'typhaneoside_b_ovatus_atcc_8483_and_b_ovat…
→ Saving feature: FT03505
ℹ Producing chromatogram plots for: 'typhaneoside_b_ovatus_atcc_8483_and_b_ovat…
→ Saving feature: FT04032
ℹ Producing chromatogram plots for: 'typhaneoside_b_ovatus_atcc_8483_and_b_ovat…
→ Saving feature: FT04232
ℹ Producing chromatogram plots for: 'typhaneoside_b_ovatus_atcc_8483_and_b_ovat…
→ Saving feature: FT04494
ℹ Producing chromatogram plots for: 'typhaneoside_b_ovatus_atcc_8483_and_b_ovat…
→ Saving feature: FT05231
ℹ Producing chromatogram plots for: 'typhaneoside_b_ovatus_atcc_8483_and_b_ovat…
→ Saving feature: FT05706
ℹ Producing chromatogram plots for: 'typhaneoside_b_ovatus_atcc_8483_and_b_ovat…
→ Saving feature: FT05833
ℹ Producing chromatogram plots for: 'typhaneoside_b_ovatus_atcc_8483_and_b_ovat…
→ Saving feature: FT06539
ℹ Producing chromatogram plots for: 'typhaneoside_b_ovatus_atcc_8483_and_b_ovat…
→ Saving feature: FT06594
ℹ Producing chromatogram plots for: 'typhaneoside_b_ovatus_atcc_8483_and_b_ovat…
→ Saving feature: FT06786
ℹ Producing chromatogram plots for: 'typhaneoside_b_ovatus_atcc_8483_and_b_ovat…
→ Saving feature: FT06976
ℹ Producing chromatogram plots for: 'typhaneoside_b_ovatus_atcc_8483_and_b_ovat…
→ Saving feature: FT06989
ℹ Producing chromatogram plots for: 'typhaneoside_b_ovatus_atcc_8483_and_b_ovat…
→ Saving feature: FT07087
ℹ Producing chromatogram plots for: 'typhaneoside_b_ovatus_atcc_8483_and_b_ovat…
→ Saving feature: FT07408
ℹ Producing chromatogram plots for: 'typhaneoside_b_ovatus_atcc_8483_and_b_ovat…
→ Saving feature: FT07669
ℹ Producing chromatogram plots for: 'typhaneoside_b_ovatus_atcc_8483_and_b_ovat…
→ Saving feature: FT07710
ℹ Producing chromatogram plots for: 'typhaneoside_b_ovatus_atcc_8483_and_b_ovat…
→ Saving feature: FT07728
ℹ Producing chromatogram plots for: 'typhaneoside_b_ovatus_atcc_8483_and_b_ovat…
→ Saving feature: FT07913
ℹ Producing chromatogram plots for: 'typhaneoside_b_ovatus_atcc_8483_and_b_ovat…
→ Saving feature: FT09037
ℹ Producing chromatogram plots for: 'typhaneoside_b_ovatus_atcc_8483_and_b_ovat…
→ Saving feature: FT09058
ℹ Producing chromatogram plots for: 'typhaneoside_b_ovatus_atcc_8483_and_b_ovat…
→ Saving feature: FT09528
ℹ Producing chromatogram plots for: 'typhaneoside_b_ovatus_atcc_8483_and_b_ovat…
→ Saving feature: FT09572
ℹ Producing chromatogram plots for: 'typhaneoside_b_ovatus_atcc_8483_and_b_ovat…
→ Saving feature: FT10073
ℹ Producing chromatogram plots for: 'typhaneoside_b_ovatus_atcc_8483_and_b_ovat…
→ Saving feature: FT12469
ℹ Producing chromatogram plots for: 'typhaneoside_b_ovatus_atcc_8483_and_b_ovat…
→ Saving feature: FT13826
ℹ Producing chromatogram plots for: 'typhaneoside_b_ovatus_atcc_8483_and_b_ovat…
→ Saving feature: FT14121
ℹ Producing chromatogram plots for: 'typhaneoside_b_ovatus_atcc_8483_and_b_ovat…
→ Saving feature: FT14575
ℹ Producing chromatogram plots for: 'typhaneoside_b_ovatus_atcc_8483_and_b_ovat…
→ Saving feature: FT15827
ℹ Producing chromatogram plots for: 'typhaneoside_b_ovatus_atcc_8483_and_b_ovat…
→ Saving feature: FT15873
ℹ Producing chromatogram plots for: 'typhaneoside_b_ovatus_atcc_8483_and_b_ovat…
→ Saving feature: FT16746
ℹ Producing chromatogram plots for: 'typhaneoside_b_ovatus_atcc_8483_and_b_ovat…
✔ Saved plots to: '/Volumes/bluecub/aglycone_release_100um_24h/output/typhaneos…

[11:44:14] non-ring atom 1 marked aromatic
[11:44:14] non-ring atom 1 marked aromatic
ℹ Filtering hits in 'typhaneoside_b_thetaiotaomicron_vpi_5482' by Tanimoto simi…
✔ Saved hits filtered by Tanimoto similarity: 0.2, fold_change: 5 to: 'report/r…

ℹ Producing chromatogram plots for: 'typhaneoside_b_thetaiotaomicron_vpi_5482'
Processing chromatographic peaks for features
→ Saving feature: FT00451
ℹ Producing chromatogram plots for: 'typhaneoside_b_thetaiotaomicron_vpi_5482'
→ Saving feature: FT01009
ℹ Producing chromatogram plots for: 'typhaneoside_b_thetaiotaomicron_vpi_5482'
→ Saving feature: FT01276
ℹ Producing chromatogram plots for: 'typhaneoside_b_thetaiotaomicron_vpi_5482'
→ Saving feature: FT01645
ℹ Producing chromatogram plots for: 'typhaneoside_b_thetaiotaomicron_vpi_5482'
→ Saving feature: FT02212
ℹ Producing chromatogram plots for: 'typhaneoside_b_thetaiotaomicron_vpi_5482'
→ Saving feature: FT02262
ℹ Producing chromatogram plots for: 'typhaneoside_b_thetaiotaomicron_vpi_5482'
→ Saving feature: FT02593
ℹ Producing chromatogram plots for: 'typhaneoside_b_thetaiotaomicron_vpi_5482'
→ Saving feature: FT02977
ℹ Producing chromatogram plots for: 'typhaneoside_b_thetaiotaomicron_vpi_5482'
→ Saving feature: FT03203
ℹ Producing chromatogram plots for: 'typhaneoside_b_thetaiotaomicron_vpi_5482'
→ Saving feature: FT03337
ℹ Producing chromatogram plots for: 'typhaneoside_b_thetaiotaomicron_vpi_5482'
→ Saving feature: FT03576
ℹ Producing chromatogram plots for: 'typhaneoside_b_thetaiotaomicron_vpi_5482'
→ Saving feature: FT03644
ℹ Producing chromatogram plots for: 'typhaneoside_b_thetaiotaomicron_vpi_5482'
→ Saving feature: FT04143
ℹ Producing chromatogram plots for: 'typhaneoside_b_thetaiotaomicron_vpi_5482'
→ Saving feature: FT04223
ℹ Producing chromatogram plots for: 'typhaneoside_b_thetaiotaomicron_vpi_5482'
→ Saving feature: FT04251
ℹ Producing chromatogram plots for: 'typhaneoside_b_thetaiotaomicron_vpi_5482'
→ Saving feature: FT04465
ℹ Producing chromatogram plots for: 'typhaneoside_b_thetaiotaomicron_vpi_5482'
→ Saving feature: FT04762
ℹ Producing chromatogram plots for: 'typhaneoside_b_thetaiotaomicron_vpi_5482'
→ Saving feature: FT04895
ℹ Producing chromatogram plots for: 'typhaneoside_b_thetaiotaomicron_vpi_5482'
→ Saving feature: FT05071
ℹ Producing chromatogram plots for: 'typhaneoside_b_thetaiotaomicron_vpi_5482'
→ Saving feature: FT05083
ℹ Producing chromatogram plots for: 'typhaneoside_b_thetaiotaomicron_vpi_5482'
→ Saving feature: FT05173
ℹ Producing chromatogram plots for: 'typhaneoside_b_thetaiotaomicron_vpi_5482'
→ Saving feature: FT05332
ℹ Producing chromatogram plots for: 'typhaneoside_b_thetaiotaomicron_vpi_5482'
→ Saving feature: FT05631
ℹ Producing chromatogram plots for: 'typhaneoside_b_thetaiotaomicron_vpi_5482'
→ Saving feature: FT05801
ℹ Producing chromatogram plots for: 'typhaneoside_b_thetaiotaomicron_vpi_5482'
→ Saving feature: FT07172
ℹ Producing chromatogram plots for: 'typhaneoside_b_thetaiotaomicron_vpi_5482'
→ Saving feature: FT07251
ℹ Producing chromatogram plots for: 'typhaneoside_b_thetaiotaomicron_vpi_5482'
→ Saving feature: FT08947
ℹ Producing chromatogram plots for: 'typhaneoside_b_thetaiotaomicron_vpi_5482'
→ Saving feature: FT09071
ℹ Producing chromatogram plots for: 'typhaneoside_b_thetaiotaomicron_vpi_5482'
→ Saving feature: FT09913
ℹ Producing chromatogram plots for: 'typhaneoside_b_thetaiotaomicron_vpi_5482'
✔ Saved plots to: '/Volumes/bluecub/aglycone_release_100um_24h/output/typhaneos…

[11:44:37] non-ring atom 1 marked aromatic
[11:44:37] non-ring atom 1 marked aromatic
ℹ Filtering hits in 'typhaneoside_b_uniformis_atcc_8492_and_bu_gsh_d_ggh_c_gsh_…
✔ Saved hits filtered by Tanimoto similarity: 0.2, fold_change: 5 to: 'report/r…

ℹ Producing chromatogram plots for: 'typhaneoside_b_uniformis_atcc_8492_and_bu_…
Processing chromatographic peaks for features
→ Saving feature: FT01152
ℹ Producing chromatogram plots for: 'typhaneoside_b_uniformis_atcc_8492_and_bu_…
→ Saving feature: FT01719
ℹ Producing chromatogram plots for: 'typhaneoside_b_uniformis_atcc_8492_and_bu_…
→ Saving feature: FT01928
ℹ Producing chromatogram plots for: 'typhaneoside_b_uniformis_atcc_8492_and_bu_…
→ Saving feature: FT01941
ℹ Producing chromatogram plots for: 'typhaneoside_b_uniformis_atcc_8492_and_bu_…
→ Saving feature: FT02272
ℹ Producing chromatogram plots for: 'typhaneoside_b_uniformis_atcc_8492_and_bu_…
→ Saving feature: FT02611
ℹ Producing chromatogram plots for: 'typhaneoside_b_uniformis_atcc_8492_and_bu_…
→ Saving feature: FT02643
ℹ Producing chromatogram plots for: 'typhaneoside_b_uniformis_atcc_8492_and_bu_…
→ Saving feature: FT02732
ℹ Producing chromatogram plots for: 'typhaneoside_b_uniformis_atcc_8492_and_bu_…
→ Saving feature: FT02784
ℹ Producing chromatogram plots for: 'typhaneoside_b_uniformis_atcc_8492_and_bu_…
→ Saving feature: FT03165
ℹ Producing chromatogram plots for: 'typhaneoside_b_uniformis_atcc_8492_and_bu_…
→ Saving feature: FT03207
ℹ Producing chromatogram plots for: 'typhaneoside_b_uniformis_atcc_8492_and_bu_…
→ Saving feature: FT03345
ℹ Producing chromatogram plots for: 'typhaneoside_b_uniformis_atcc_8492_and_bu_…
→ Saving feature: FT03405
ℹ Producing chromatogram plots for: 'typhaneoside_b_uniformis_atcc_8492_and_bu_…
→ Saving feature: FT03594
ℹ Producing chromatogram plots for: 'typhaneoside_b_uniformis_atcc_8492_and_bu_…
→ Saving feature: FT03617
ℹ Producing chromatogram plots for: 'typhaneoside_b_uniformis_atcc_8492_and_bu_…
→ Saving feature: FT03947
ℹ Producing chromatogram plots for: 'typhaneoside_b_uniformis_atcc_8492_and_bu_…
→ Saving feature: FT04353
ℹ Producing chromatogram plots for: 'typhaneoside_b_uniformis_atcc_8492_and_bu_…
→ Saving feature: FT04532
ℹ Producing chromatogram plots for: 'typhaneoside_b_uniformis_atcc_8492_and_bu_…
→ Saving feature: FT04981
ℹ Producing chromatogram plots for: 'typhaneoside_b_uniformis_atcc_8492_and_bu_…
→ Saving feature: FT05090
ℹ Producing chromatogram plots for: 'typhaneoside_b_uniformis_atcc_8492_and_bu_…
→ Saving feature: FT05345
ℹ Producing chromatogram plots for: 'typhaneoside_b_uniformis_atcc_8492_and_bu_…
→ Saving feature: FT05570
ℹ Producing chromatogram plots for: 'typhaneoside_b_uniformis_atcc_8492_and_bu_…
→ Saving feature: FT05793
ℹ Producing chromatogram plots for: 'typhaneoside_b_uniformis_atcc_8492_and_bu_…
→ Saving feature: FT06594
ℹ Producing chromatogram plots for: 'typhaneoside_b_uniformis_atcc_8492_and_bu_…
→ Saving feature: FT06909
ℹ Producing chromatogram plots for: 'typhaneoside_b_uniformis_atcc_8492_and_bu_…
→ Saving feature: FT07080
ℹ Producing chromatogram plots for: 'typhaneoside_b_uniformis_atcc_8492_and_bu_…
→ Saving feature: FT07531
ℹ Producing chromatogram plots for: 'typhaneoside_b_uniformis_atcc_8492_and_bu_…
→ Saving feature: FT07591
ℹ Producing chromatogram plots for: 'typhaneoside_b_uniformis_atcc_8492_and_bu_…
→ Saving feature: FT08328
ℹ Producing chromatogram plots for: 'typhaneoside_b_uniformis_atcc_8492_and_bu_…
→ Saving feature: FT08365
ℹ Producing chromatogram plots for: 'typhaneoside_b_uniformis_atcc_8492_and_bu_…
→ Saving feature: FT10206
ℹ Producing chromatogram plots for: 'typhaneoside_b_uniformis_atcc_8492_and_bu_…
→ Saving feature: FT11745
ℹ Producing chromatogram plots for: 'typhaneoside_b_uniformis_atcc_8492_and_bu_…
→ Saving feature: FT13052
ℹ Producing chromatogram plots for: 'typhaneoside_b_uniformis_atcc_8492_and_bu_…
→ Saving feature: FT14094
ℹ Producing chromatogram plots for: 'typhaneoside_b_uniformis_atcc_8492_and_bu_…
→ Saving feature: FT15177
ℹ Producing chromatogram plots for: 'typhaneoside_b_uniformis_atcc_8492_and_bu_…
✔ Saved plots to: '/Volumes/bluecub/aglycone_release_100um_24h/output/typhaneos…

[11:45:08] non-ring atom 1 marked aromatic
[11:45:08] non-ring atom 1 marked aromatic
[11:45:08] non-ring atom 1 marked aromatic
ℹ Filtering hits in 'typhaneoside_p_copri_i_ak263' by Tanimoto similarity: 0.2,…
✔ Saved hits filtered by Tanimoto similarity: 0.2, fold_change: 5 to: 'report/r…

ℹ Producing chromatogram plots for: 'typhaneoside_p_copri_i_ak263'
Processing chromatographic peaks for features
→ Saving feature: FT00836
ℹ Producing chromatogram plots for: 'typhaneoside_p_copri_i_ak263'
→ Saving feature: FT01310
ℹ Producing chromatogram plots for: 'typhaneoside_p_copri_i_ak263'
→ Saving feature: FT01922
ℹ Producing chromatogram plots for: 'typhaneoside_p_copri_i_ak263'
→ Saving feature: FT02255
ℹ Producing chromatogram plots for: 'typhaneoside_p_copri_i_ak263'
→ Saving feature: FT02554
ℹ Producing chromatogram plots for: 'typhaneoside_p_copri_i_ak263'
→ Saving feature: FT03272
ℹ Producing chromatogram plots for: 'typhaneoside_p_copri_i_ak263'
→ Saving feature: FT03274
ℹ Producing chromatogram plots for: 'typhaneoside_p_copri_i_ak263'
→ Saving feature: FT03532
ℹ Producing chromatogram plots for: 'typhaneoside_p_copri_i_ak263'
→ Saving feature: FT03613
ℹ Producing chromatogram plots for: 'typhaneoside_p_copri_i_ak263'
→ Saving feature: FT03821
ℹ Producing chromatogram plots for: 'typhaneoside_p_copri_i_ak263'
→ Saving feature: FT04095
ℹ Producing chromatogram plots for: 'typhaneoside_p_copri_i_ak263'
→ Saving feature: FT04171
ℹ Producing chromatogram plots for: 'typhaneoside_p_copri_i_ak263'
→ Saving feature: FT04421
ℹ Producing chromatogram plots for: 'typhaneoside_p_copri_i_ak263'
→ Saving feature: FT04593
ℹ Producing chromatogram plots for: 'typhaneoside_p_copri_i_ak263'
→ Saving feature: FT04718
ℹ Producing chromatogram plots for: 'typhaneoside_p_copri_i_ak263'
→ Saving feature: FT06314
ℹ Producing chromatogram plots for: 'typhaneoside_p_copri_i_ak263'
→ Saving feature: FT07979
ℹ Producing chromatogram plots for: 'typhaneoside_p_copri_i_ak263'
→ Saving feature: FT10132
ℹ Producing chromatogram plots for: 'typhaneoside_p_copri_i_ak263'
✔ Saved plots to: '/Volumes/bluecub/aglycone_release_100um_24h/output/typhaneos…

[11:45:26] non-ring atom 1 marked aromatic
[11:45:26] non-ring atom 1 marked aromatic
[11:45:26] non-ring atom 1 marked aromatic
[11:45:26] non-ring atom 1 marked aromatic
ℹ Filtering hits in 'vitexin_2_o_rhamnoside_b_ovatus_atcc_8483_and_b_ovatus_atc…
✔ Saved hits filtered by Tanimoto similarity: 0.2, fold_change: 5 to: 'report/r…

ℹ Producing chromatogram plots for: 'vitexin_2_o_rhamnoside_b_ovatus_atcc_8483_…
Processing chromatographic peaks for features
→ Saving feature: FT10168
ℹ Producing chromatogram plots for: 'vitexin_2_o_rhamnoside_b_ovatus_atcc_8483_…
→ Saving feature: FT13910
ℹ Producing chromatogram plots for: 'vitexin_2_o_rhamnoside_b_ovatus_atcc_8483_…
✔ Saved plots to: '/Volumes/bluecub/aglycone_release_100um_24h/output/vitexin_2…

ℹ Filtering hits in 'vitexin_2_o_rhamnoside_b_thetaiotaomicron_vpi_5482' by Tan…
! No significant features found in '/Volumes/bluecub/aglycone_release_100um_24h/output/vitexin_2_o_rhamnoside_b_thetaiotaomicron_vpi_5482/tables/biotransformer_similarities.csv'
ℹ Filtering hits in 'vitexin_2_o_rhamnoside_b_thetaiotaomicron_vpi_5482' by Tan…
! No significant features found in '/Volumes/bluecub/aglycone_release_100um_24h/output/vitexin_2_o_rhamnoside_b_thetaiotaomicron_vpi_5482/tables/norm_fill_imp_untransformed.csv'
ℹ Filtering hits in 'vitexin_2_o_rhamnoside_b_thetaiotaomicron_vpi_5482' by Tan…
✔ Saved hits filtered by Tanimoto similarity: 0.2, fold_change: 5 to: 'report/r…

ℹ Producing chromatogram plots for: 'vitexin_2_o_rhamnoside_b_thetaiotaomicron_…
Processing chromatographic peaks for features
✔ Saved plots to: '/Volumes/bluecub/aglycone_release_100um_24h/output/vitexin_2…

ℹ Filtering hits in 'vitexin_2_o_rhamnoside_b_uniformis_atcc_8492_and_bu_gsh_d_…
✔ Saved hits filtered by Tanimoto similarity: 0.2, fold_change: 5 to: 'report/r…

ℹ Producing chromatogram plots for: 'vitexin_2_o_rhamnoside_b_uniformis_atcc_84…
Processing chromatographic peaks for features
→ Saving feature: FT09208
ℹ Producing chromatogram plots for: 'vitexin_2_o_rhamnoside_b_uniformis_atcc_84…
→ Saving feature: FT09242
ℹ Producing chromatogram plots for: 'vitexin_2_o_rhamnoside_b_uniformis_atcc_84…
✔ Saved plots to: '/Volumes/bluecub/aglycone_release_100um_24h/output/vitexin_2…

ℹ Filtering hits in 'vitexin_2_o_rhamnoside_p_copri_i_ak263' by Tanimoto simila…
✔ Saved hits filtered by Tanimoto similarity: 0.2, fold_change: 5 to: 'report/r…

ℹ Producing chromatogram plots for: 'vitexin_2_o_rhamnoside_p_copri_i_ak263'
Processing chromatographic peaks for features
→ Saving feature: FT02485
ℹ Producing chromatogram plots for: 'vitexin_2_o_rhamnoside_p_copri_i_ak263'
→ Saving feature: FT03979
ℹ Producing chromatogram plots for: 'vitexin_2_o_rhamnoside_p_copri_i_ak263'
→ Saving feature: FT04416
ℹ Producing chromatogram plots for: 'vitexin_2_o_rhamnoside_p_copri_i_ak263'
→ Saving feature: FT04658
ℹ Producing chromatogram plots for: 'vitexin_2_o_rhamnoside_p_copri_i_ak263'
→ Saving feature: FT05923
ℹ Producing chromatogram plots for: 'vitexin_2_o_rhamnoside_p_copri_i_ak263'
→ Saving feature: FT07187
ℹ Producing chromatogram plots for: 'vitexin_2_o_rhamnoside_p_copri_i_ak263'
✔ Saved plots to: '/Volumes/bluecub/aglycone_release_100um_24h/output/vitexin_2…

ℹ Filtering hits in 'vitexin_4_o_glucoside_b_ovatus_atcc_8483_and_b_ovatus_atcc…
✔ Saved hits filtered by Tanimoto similarity: 0.2, fold_change: 5 to: 'report/r…

ℹ Producing chromatogram plots for: 'vitexin_4_o_glucoside_b_ovatus_atcc_8483_a…
Processing chromatographic peaks for features
→ Saving feature: FT02819
ℹ Producing chromatogram plots for: 'vitexin_4_o_glucoside_b_ovatus_atcc_8483_a…
→ Saving feature: FT05042
ℹ Producing chromatogram plots for: 'vitexin_4_o_glucoside_b_ovatus_atcc_8483_a…
→ Saving feature: FT05409
ℹ Producing chromatogram plots for: 'vitexin_4_o_glucoside_b_ovatus_atcc_8483_a…
→ Saving feature: FT05490
ℹ Producing chromatogram plots for: 'vitexin_4_o_glucoside_b_ovatus_atcc_8483_a…
→ Saving feature: FT06037
ℹ Producing chromatogram plots for: 'vitexin_4_o_glucoside_b_ovatus_atcc_8483_a…
→ Saving feature: FT06277
ℹ Producing chromatogram plots for: 'vitexin_4_o_glucoside_b_ovatus_atcc_8483_a…
→ Saving feature: FT06714
ℹ Producing chromatogram plots for: 'vitexin_4_o_glucoside_b_ovatus_atcc_8483_a…
→ Saving feature: FT07432
ℹ Producing chromatogram plots for: 'vitexin_4_o_glucoside_b_ovatus_atcc_8483_a…
→ Saving feature: FT08297
ℹ Producing chromatogram plots for: 'vitexin_4_o_glucoside_b_ovatus_atcc_8483_a…
→ Saving feature: FT08978
ℹ Producing chromatogram plots for: 'vitexin_4_o_glucoside_b_ovatus_atcc_8483_a…
→ Saving feature: FT09047
ℹ Producing chromatogram plots for: 'vitexin_4_o_glucoside_b_ovatus_atcc_8483_a…
→ Saving feature: FT11137
ℹ Producing chromatogram plots for: 'vitexin_4_o_glucoside_b_ovatus_atcc_8483_a…
→ Saving feature: FT11185
ℹ Producing chromatogram plots for: 'vitexin_4_o_glucoside_b_ovatus_atcc_8483_a…
→ Saving feature: FT11751
ℹ Producing chromatogram plots for: 'vitexin_4_o_glucoside_b_ovatus_atcc_8483_a…
→ Saving feature: FT12631
ℹ Producing chromatogram plots for: 'vitexin_4_o_glucoside_b_ovatus_atcc_8483_a…
→ Saving feature: FT12959
ℹ Producing chromatogram plots for: 'vitexin_4_o_glucoside_b_ovatus_atcc_8483_a…
→ Saving feature: FT13003
ℹ Producing chromatogram plots for: 'vitexin_4_o_glucoside_b_ovatus_atcc_8483_a…
→ Saving feature: FT13301
ℹ Producing chromatogram plots for: 'vitexin_4_o_glucoside_b_ovatus_atcc_8483_a…
→ Saving feature: FT13629
ℹ Producing chromatogram plots for: 'vitexin_4_o_glucoside_b_ovatus_atcc_8483_a…
→ Saving feature: FT13683
ℹ Producing chromatogram plots for: 'vitexin_4_o_glucoside_b_ovatus_atcc_8483_a…
→ Saving feature: FT14305
ℹ Producing chromatogram plots for: 'vitexin_4_o_glucoside_b_ovatus_atcc_8483_a…
→ Saving feature: FT14928
ℹ Producing chromatogram plots for: 'vitexin_4_o_glucoside_b_ovatus_atcc_8483_a…
→ Saving feature: FT15808
ℹ Producing chromatogram plots for: 'vitexin_4_o_glucoside_b_ovatus_atcc_8483_a…
→ Saving feature: FT15841
ℹ Producing chromatogram plots for: 'vitexin_4_o_glucoside_b_ovatus_atcc_8483_a…
→ Saving feature: FT16019
ℹ Producing chromatogram plots for: 'vitexin_4_o_glucoside_b_ovatus_atcc_8483_a…
→ Saving feature: FT17584
ℹ Producing chromatogram plots for: 'vitexin_4_o_glucoside_b_ovatus_atcc_8483_a…
✔ Saved plots to: '/Volumes/bluecub/aglycone_release_100um_24h/output/vitexin_4…

[11:47:43] non-ring atom 1 marked aromatic
[11:47:43] non-ring atom 1 marked aromatic
[11:47:43] non-ring atom 1 marked aromatic
ℹ Filtering hits in 'vitexin_4_o_glucoside_b_thetaiotaomicron_vpi_5482' by Tani…
✔ Saved hits filtered by Tanimoto similarity: 0.2, fold_change: 5 to: 'report/r…

ℹ Producing chromatogram plots for: 'vitexin_4_o_glucoside_b_thetaiotaomicron_v…
Processing chromatographic peaks for features
→ Saving feature: FT00504
ℹ Producing chromatogram plots for: 'vitexin_4_o_glucoside_b_thetaiotaomicron_v…
→ Saving feature: FT00861
ℹ Producing chromatogram plots for: 'vitexin_4_o_glucoside_b_thetaiotaomicron_v…
→ Saving feature: FT01520
ℹ Producing chromatogram plots for: 'vitexin_4_o_glucoside_b_thetaiotaomicron_v…
→ Saving feature: FT03495
ℹ Producing chromatogram plots for: 'vitexin_4_o_glucoside_b_thetaiotaomicron_v…
→ Saving feature: FT04495
ℹ Producing chromatogram plots for: 'vitexin_4_o_glucoside_b_thetaiotaomicron_v…
→ Saving feature: FT04577
ℹ Producing chromatogram plots for: 'vitexin_4_o_glucoside_b_thetaiotaomicron_v…
→ Saving feature: FT04631
ℹ Producing chromatogram plots for: 'vitexin_4_o_glucoside_b_thetaiotaomicron_v…
→ Saving feature: FT05057
ℹ Producing chromatogram plots for: 'vitexin_4_o_glucoside_b_thetaiotaomicron_v…
→ Saving feature: FT05138
ℹ Producing chromatogram plots for: 'vitexin_4_o_glucoside_b_thetaiotaomicron_v…
→ Saving feature: FT05143
ℹ Producing chromatogram plots for: 'vitexin_4_o_glucoside_b_thetaiotaomicron_v…
→ Saving feature: FT06151
ℹ Producing chromatogram plots for: 'vitexin_4_o_glucoside_b_thetaiotaomicron_v…
→ Saving feature: FT06185
ℹ Producing chromatogram plots for: 'vitexin_4_o_glucoside_b_thetaiotaomicron_v…
→ Saving feature: FT06604
ℹ Producing chromatogram plots for: 'vitexin_4_o_glucoside_b_thetaiotaomicron_v…
→ Saving feature: FT06707
ℹ Producing chromatogram plots for: 'vitexin_4_o_glucoside_b_thetaiotaomicron_v…
→ Saving feature: FT07013
ℹ Producing chromatogram plots for: 'vitexin_4_o_glucoside_b_thetaiotaomicron_v…
→ Saving feature: FT07562
ℹ Producing chromatogram plots for: 'vitexin_4_o_glucoside_b_thetaiotaomicron_v…
→ Saving feature: FT08255
ℹ Producing chromatogram plots for: 'vitexin_4_o_glucoside_b_thetaiotaomicron_v…
→ Saving feature: FT08457
ℹ Producing chromatogram plots for: 'vitexin_4_o_glucoside_b_thetaiotaomicron_v…
→ Saving feature: FT08522
ℹ Producing chromatogram plots for: 'vitexin_4_o_glucoside_b_thetaiotaomicron_v…
→ Saving feature: FT08889
ℹ Producing chromatogram plots for: 'vitexin_4_o_glucoside_b_thetaiotaomicron_v…
→ Saving feature: FT09146
ℹ Producing chromatogram plots for: 'vitexin_4_o_glucoside_b_thetaiotaomicron_v…
→ Saving feature: FT09446
ℹ Producing chromatogram plots for: 'vitexin_4_o_glucoside_b_thetaiotaomicron_v…
→ Saving feature: FT09618
ℹ Producing chromatogram plots for: 'vitexin_4_o_glucoside_b_thetaiotaomicron_v…
→ Saving feature: FT10330
ℹ Producing chromatogram plots for: 'vitexin_4_o_glucoside_b_thetaiotaomicron_v…
→ Saving feature: FT10749
ℹ Producing chromatogram plots for: 'vitexin_4_o_glucoside_b_thetaiotaomicron_v…
→ Saving feature: FT11761
ℹ Producing chromatogram plots for: 'vitexin_4_o_glucoside_b_thetaiotaomicron_v…
→ Saving feature: FT11878
ℹ Producing chromatogram plots for: 'vitexin_4_o_glucoside_b_thetaiotaomicron_v…
→ Saving feature: FT12238
ℹ Producing chromatogram plots for: 'vitexin_4_o_glucoside_b_thetaiotaomicron_v…
✔ Saved plots to: '/Volumes/bluecub/aglycone_release_100um_24h/output/vitexin_4…

[11:48:06] non-ring atom 1 marked aromatic
[11:48:06] non-ring atom 1 marked aromatic
[11:48:06] non-ring atom 1 marked aromatic
[11:48:06] non-ring atom 1 marked aromatic
[11:48:06] non-ring atom 1 marked aromatic
[11:48:06] non-ring atom 1 marked aromatic
[11:48:06] non-ring atom 1 marked aromatic
[11:48:06] non-ring atom 1 marked aromatic
[11:48:06] non-ring atom 1 marked aromatic
[11:48:06] non-ring atom 1 marked aromatic
ℹ Filtering hits in 'vitexin_4_o_glucoside_b_uniformis_atcc_8492_and_bu_gsh_d_g…
✔ Saved hits filtered by Tanimoto similarity: 0.2, fold_change: 5 to: 'report/r…

ℹ Producing chromatogram plots for: 'vitexin_4_o_glucoside_b_uniformis_atcc_849…
Processing chromatographic peaks for features
→ Saving feature: FT02874
ℹ Producing chromatogram plots for: 'vitexin_4_o_glucoside_b_uniformis_atcc_849…
→ Saving feature: FT03654
ℹ Producing chromatogram plots for: 'vitexin_4_o_glucoside_b_uniformis_atcc_849…
→ Saving feature: FT03787
ℹ Producing chromatogram plots for: 'vitexin_4_o_glucoside_b_uniformis_atcc_849…
→ Saving feature: FT04399
ℹ Producing chromatogram plots for: 'vitexin_4_o_glucoside_b_uniformis_atcc_849…
→ Saving feature: FT04956
ℹ Producing chromatogram plots for: 'vitexin_4_o_glucoside_b_uniformis_atcc_849…
→ Saving feature: FT05626
ℹ Producing chromatogram plots for: 'vitexin_4_o_glucoside_b_uniformis_atcc_849…
→ Saving feature: FT05885
ℹ Producing chromatogram plots for: 'vitexin_4_o_glucoside_b_uniformis_atcc_849…
→ Saving feature: FT05959
ℹ Producing chromatogram plots for: 'vitexin_4_o_glucoside_b_uniformis_atcc_849…
→ Saving feature: FT06187
ℹ Producing chromatogram plots for: 'vitexin_4_o_glucoside_b_uniformis_atcc_849…
→ Saving feature: FT07139
ℹ Producing chromatogram plots for: 'vitexin_4_o_glucoside_b_uniformis_atcc_849…
→ Saving feature: FT07142
ℹ Producing chromatogram plots for: 'vitexin_4_o_glucoside_b_uniformis_atcc_849…
→ Saving feature: FT07353
ℹ Producing chromatogram plots for: 'vitexin_4_o_glucoside_b_uniformis_atcc_849…
→ Saving feature: FT07962
ℹ Producing chromatogram plots for: 'vitexin_4_o_glucoside_b_uniformis_atcc_849…
→ Saving feature: FT08203
ℹ Producing chromatogram plots for: 'vitexin_4_o_glucoside_b_uniformis_atcc_849…
→ Saving feature: FT08862
ℹ Producing chromatogram plots for: 'vitexin_4_o_glucoside_b_uniformis_atcc_849…
→ Saving feature: FT09629
ℹ Producing chromatogram plots for: 'vitexin_4_o_glucoside_b_uniformis_atcc_849…
→ Saving feature: FT09939
ℹ Producing chromatogram plots for: 'vitexin_4_o_glucoside_b_uniformis_atcc_849…
→ Saving feature: FT11431
ℹ Producing chromatogram plots for: 'vitexin_4_o_glucoside_b_uniformis_atcc_849…
→ Saving feature: FT11470
ℹ Producing chromatogram plots for: 'vitexin_4_o_glucoside_b_uniformis_atcc_849…
→ Saving feature: FT11914
ℹ Producing chromatogram plots for: 'vitexin_4_o_glucoside_b_uniformis_atcc_849…
→ Saving feature: FT12092
ℹ Producing chromatogram plots for: 'vitexin_4_o_glucoside_b_uniformis_atcc_849…
→ Saving feature: FT12400
ℹ Producing chromatogram plots for: 'vitexin_4_o_glucoside_b_uniformis_atcc_849…
→ Saving feature: FT12860
ℹ Producing chromatogram plots for: 'vitexin_4_o_glucoside_b_uniformis_atcc_849…
→ Saving feature: FT13123
ℹ Producing chromatogram plots for: 'vitexin_4_o_glucoside_b_uniformis_atcc_849…
→ Saving feature: FT13527
ℹ Producing chromatogram plots for: 'vitexin_4_o_glucoside_b_uniformis_atcc_849…
→ Saving feature: FT17089
ℹ Producing chromatogram plots for: 'vitexin_4_o_glucoside_b_uniformis_atcc_849…
→ Saving feature: FT18163
ℹ Producing chromatogram plots for: 'vitexin_4_o_glucoside_b_uniformis_atcc_849…
✔ Saved plots to: '/Volumes/bluecub/aglycone_release_100um_24h/output/vitexin_4…

[11:48:36] non-ring atom 1 marked aromatic
ℹ Filtering hits in 'vitexin_4_o_glucoside_p_copri_i_ak263' by Tanimoto similar…
✔ Saved hits filtered by Tanimoto similarity: 0.2, fold_change: 5 to: 'report/r…

ℹ Producing chromatogram plots for: 'vitexin_4_o_glucoside_p_copri_i_ak263'
Processing chromatographic peaks for features
→ Saving feature: FT01289
ℹ Producing chromatogram plots for: 'vitexin_4_o_glucoside_p_copri_i_ak263'
→ Saving feature: FT01292
ℹ Producing chromatogram plots for: 'vitexin_4_o_glucoside_p_copri_i_ak263'
→ Saving feature: FT01453
ℹ Producing chromatogram plots for: 'vitexin_4_o_glucoside_p_copri_i_ak263'
→ Saving feature: FT01671
ℹ Producing chromatogram plots for: 'vitexin_4_o_glucoside_p_copri_i_ak263'
→ Saving feature: FT01691
ℹ Producing chromatogram plots for: 'vitexin_4_o_glucoside_p_copri_i_ak263'
→ Saving feature: FT02651
ℹ Producing chromatogram plots for: 'vitexin_4_o_glucoside_p_copri_i_ak263'
→ Saving feature: FT03024
ℹ Producing chromatogram plots for: 'vitexin_4_o_glucoside_p_copri_i_ak263'
→ Saving feature: FT03177
ℹ Producing chromatogram plots for: 'vitexin_4_o_glucoside_p_copri_i_ak263'
→ Saving feature: FT03415
ℹ Producing chromatogram plots for: 'vitexin_4_o_glucoside_p_copri_i_ak263'
→ Saving feature: FT03622
ℹ Producing chromatogram plots for: 'vitexin_4_o_glucoside_p_copri_i_ak263'
→ Saving feature: FT04344
ℹ Producing chromatogram plots for: 'vitexin_4_o_glucoside_p_copri_i_ak263'
→ Saving feature: FT04816
ℹ Producing chromatogram plots for: 'vitexin_4_o_glucoside_p_copri_i_ak263'
→ Saving feature: FT05038
ℹ Producing chromatogram plots for: 'vitexin_4_o_glucoside_p_copri_i_ak263'
→ Saving feature: FT05281
ℹ Producing chromatogram plots for: 'vitexin_4_o_glucoside_p_copri_i_ak263'
→ Saving feature: FT05596
ℹ Producing chromatogram plots for: 'vitexin_4_o_glucoside_p_copri_i_ak263'
→ Saving feature: FT05678
ℹ Producing chromatogram plots for: 'vitexin_4_o_glucoside_p_copri_i_ak263'
→ Saving feature: FT05729
ℹ Producing chromatogram plots for: 'vitexin_4_o_glucoside_p_copri_i_ak263'
→ Saving feature: FT06650
ℹ Producing chromatogram plots for: 'vitexin_4_o_glucoside_p_copri_i_ak263'
→ Saving feature: FT07262
ℹ Producing chromatogram plots for: 'vitexin_4_o_glucoside_p_copri_i_ak263'
→ Saving feature: FT07366
ℹ Producing chromatogram plots for: 'vitexin_4_o_glucoside_p_copri_i_ak263'
→ Saving feature: FT07637
ℹ Producing chromatogram plots for: 'vitexin_4_o_glucoside_p_copri_i_ak263'
→ Saving feature: FT08637
ℹ Producing chromatogram plots for: 'vitexin_4_o_glucoside_p_copri_i_ak263'
→ Saving feature: FT09005
ℹ Producing chromatogram plots for: 'vitexin_4_o_glucoside_p_copri_i_ak263'
→ Saving feature: FT09530
ℹ Producing chromatogram plots for: 'vitexin_4_o_glucoside_p_copri_i_ak263'
→ Saving feature: FT09617
ℹ Producing chromatogram plots for: 'vitexin_4_o_glucoside_p_copri_i_ak263'
→ Saving feature: FT09693
ℹ Producing chromatogram plots for: 'vitexin_4_o_glucoside_p_copri_i_ak263'
→ Saving feature: FT10272
ℹ Producing chromatogram plots for: 'vitexin_4_o_glucoside_p_copri_i_ak263'
✔ Saved plots to: '/Volumes/bluecub/aglycone_release_100um_24h/output/vitexin_4…

[11:48:57] non-ring atom 1 marked aromatic
[11:48:57] non-ring atom 1 marked aromatic
[11:48:57] non-ring atom 1 marked aromatic
[11:48:57] non-ring atom 1 marked aromatic
ℹ Filtering hits in 'x2_o_b_l_galactopyranosylorientin_b_ovatus_atcc_8483_and_b…
✔ Saved hits filtered by Tanimoto similarity: 0.2, fold_change: 5 to: 'report/r…

ℹ Producing chromatogram plots for: 'x2_o_b_l_galactopyranosylorientin_b_ovatus…
Processing chromatographic peaks for features
→ Saving feature: FT01169
ℹ Producing chromatogram plots for: 'x2_o_b_l_galactopyranosylorientin_b_ovatus…
→ Saving feature: FT04482
ℹ Producing chromatogram plots for: 'x2_o_b_l_galactopyranosylorientin_b_ovatus…
→ Saving feature: FT05982
ℹ Producing chromatogram plots for: 'x2_o_b_l_galactopyranosylorientin_b_ovatus…
→ Saving feature: FT08855
ℹ Producing chromatogram plots for: 'x2_o_b_l_galactopyranosylorientin_b_ovatus…
→ Saving feature: FT09736
ℹ Producing chromatogram plots for: 'x2_o_b_l_galactopyranosylorientin_b_ovatus…
→ Saving feature: FT10513
ℹ Producing chromatogram plots for: 'x2_o_b_l_galactopyranosylorientin_b_ovatus…
→ Saving feature: FT11136
ℹ Producing chromatogram plots for: 'x2_o_b_l_galactopyranosylorientin_b_ovatus…
→ Saving feature: FT11978
ℹ Producing chromatogram plots for: 'x2_o_b_l_galactopyranosylorientin_b_ovatus…
→ Saving feature: FT12053
ℹ Producing chromatogram plots for: 'x2_o_b_l_galactopyranosylorientin_b_ovatus…
→ Saving feature: FT13576
ℹ Producing chromatogram plots for: 'x2_o_b_l_galactopyranosylorientin_b_ovatus…
→ Saving feature: FT16589
ℹ Producing chromatogram plots for: 'x2_o_b_l_galactopyranosylorientin_b_ovatus…
✔ Saved plots to: '/Volumes/bluecub/aglycone_release_100um_24h/output/x2_o_b_l_…

ℹ Filtering hits in 'x2_o_b_l_galactopyranosylorientin_b_thetaiotaomicron_vpi_5…
✔ Saved hits filtered by Tanimoto similarity: 0.2, fold_change: 5 to: 'report/r…

ℹ Producing chromatogram plots for: 'x2_o_b_l_galactopyranosylorientin_b_thetai…
Processing chromatographic peaks for features
→ Saving feature: FT03593
ℹ Producing chromatogram plots for: 'x2_o_b_l_galactopyranosylorientin_b_thetai…
→ Saving feature: FT04039
ℹ Producing chromatogram plots for: 'x2_o_b_l_galactopyranosylorientin_b_thetai…
→ Saving feature: FT04525
ℹ Producing chromatogram plots for: 'x2_o_b_l_galactopyranosylorientin_b_thetai…
→ Saving feature: FT04748
ℹ Producing chromatogram plots for: 'x2_o_b_l_galactopyranosylorientin_b_thetai…
→ Saving feature: FT04895
ℹ Producing chromatogram plots for: 'x2_o_b_l_galactopyranosylorientin_b_thetai…
→ Saving feature: FT06086
ℹ Producing chromatogram plots for: 'x2_o_b_l_galactopyranosylorientin_b_thetai…
→ Saving feature: FT06483
ℹ Producing chromatogram plots for: 'x2_o_b_l_galactopyranosylorientin_b_thetai…
→ Saving feature: FT07117
ℹ Producing chromatogram plots for: 'x2_o_b_l_galactopyranosylorientin_b_thetai…
→ Saving feature: FT07189
ℹ Producing chromatogram plots for: 'x2_o_b_l_galactopyranosylorientin_b_thetai…
→ Saving feature: FT07555
ℹ Producing chromatogram plots for: 'x2_o_b_l_galactopyranosylorientin_b_thetai…
→ Saving feature: FT07882
ℹ Producing chromatogram plots for: 'x2_o_b_l_galactopyranosylorientin_b_thetai…
→ Saving feature: FT08029
ℹ Producing chromatogram plots for: 'x2_o_b_l_galactopyranosylorientin_b_thetai…
→ Saving feature: FT08694
ℹ Producing chromatogram plots for: 'x2_o_b_l_galactopyranosylorientin_b_thetai…
→ Saving feature: FT09376
ℹ Producing chromatogram plots for: 'x2_o_b_l_galactopyranosylorientin_b_thetai…
→ Saving feature: FT10217
ℹ Producing chromatogram plots for: 'x2_o_b_l_galactopyranosylorientin_b_thetai…
→ Saving feature: FT14017
ℹ Producing chromatogram plots for: 'x2_o_b_l_galactopyranosylorientin_b_thetai…
✔ Saved plots to: '/Volumes/bluecub/aglycone_release_100um_24h/output/x2_o_b_l_…

ℹ Filtering hits in 'x2_o_b_l_galactopyranosylorientin_b_uniformis_atcc_8492_an…
✔ Saved hits filtered by Tanimoto similarity: 0.2, fold_change: 5 to: 'report/r…

ℹ Producing chromatogram plots for: 'x2_o_b_l_galactopyranosylorientin_b_unifor…
Processing chromatographic peaks for features
→ Saving feature: FT00873
ℹ Producing chromatogram plots for: 'x2_o_b_l_galactopyranosylorientin_b_unifor…
→ Saving feature: FT03776
ℹ Producing chromatogram plots for: 'x2_o_b_l_galactopyranosylorientin_b_unifor…
→ Saving feature: FT03837
ℹ Producing chromatogram plots for: 'x2_o_b_l_galactopyranosylorientin_b_unifor…
→ Saving feature: FT06223
ℹ Producing chromatogram plots for: 'x2_o_b_l_galactopyranosylorientin_b_unifor…
→ Saving feature: FT08006
ℹ Producing chromatogram plots for: 'x2_o_b_l_galactopyranosylorientin_b_unifor…
→ Saving feature: FT08837
ℹ Producing chromatogram plots for: 'x2_o_b_l_galactopyranosylorientin_b_unifor…
→ Saving feature: FT10559
ℹ Producing chromatogram plots for: 'x2_o_b_l_galactopyranosylorientin_b_unifor…
→ Saving feature: FT12576
ℹ Producing chromatogram plots for: 'x2_o_b_l_galactopyranosylorientin_b_unifor…
→ Saving feature: FT12695
ℹ Producing chromatogram plots for: 'x2_o_b_l_galactopyranosylorientin_b_unifor…
→ Saving feature: FT17040
ℹ Producing chromatogram plots for: 'x2_o_b_l_galactopyranosylorientin_b_unifor…
✔ Saved plots to: '/Volumes/bluecub/aglycone_release_100um_24h/output/x2_o_b_l_…

ℹ Filtering hits in 'x2_o_b_l_galactopyranosylorientin_p_copri_i_ak263' by Tani…
✔ Saved hits filtered by Tanimoto similarity: 0.2, fold_change: 5 to: 'report/r…

ℹ Producing chromatogram plots for: 'x2_o_b_l_galactopyranosylorientin_p_copri_…
Processing chromatographic peaks for features
→ Saving feature: FT00784
ℹ Producing chromatogram plots for: 'x2_o_b_l_galactopyranosylorientin_p_copri_…
→ Saving feature: FT01238
ℹ Producing chromatogram plots for: 'x2_o_b_l_galactopyranosylorientin_p_copri_…
→ Saving feature: FT03309
ℹ Producing chromatogram plots for: 'x2_o_b_l_galactopyranosylorientin_p_copri_…
→ Saving feature: FT03776
ℹ Producing chromatogram plots for: 'x2_o_b_l_galactopyranosylorientin_p_copri_…
→ Saving feature: FT04648
ℹ Producing chromatogram plots for: 'x2_o_b_l_galactopyranosylorientin_p_copri_…
→ Saving feature: FT07113
ℹ Producing chromatogram plots for: 'x2_o_b_l_galactopyranosylorientin_p_copri_…
→ Saving feature: FT07334
ℹ Producing chromatogram plots for: 'x2_o_b_l_galactopyranosylorientin_p_copri_…
→ Saving feature: FT07984
ℹ Producing chromatogram plots for: 'x2_o_b_l_galactopyranosylorientin_p_copri_…
→ Saving feature: FT08956
ℹ Producing chromatogram plots for: 'x2_o_b_l_galactopyranosylorientin_p_copri_…
→ Saving feature: FT11199
ℹ Producing chromatogram plots for: 'x2_o_b_l_galactopyranosylorientin_p_copri_…
→ Saving feature: FT11207
ℹ Producing chromatogram plots for: 'x2_o_b_l_galactopyranosylorientin_p_copri_…
✔ Saved plots to: '/Volumes/bluecub/aglycone_release_100um_24h/output/x2_o_b_l_…

[11:50:24] non-ring atom 1 marked aromatic
[11:50:24] non-ring atom 1 marked aromatic
